#include "clock_art.h"

const uint16_t clock_face_open[57600] = {
    0xFFFF,0xFFFF,0xFFFF,0xFFFF,0xFFFF,0xFFFF,0xFFFF,0xFFFF,0xFFFF,0xFFFF,0xFFFF,0xFFFF,
    0xFFFF,0xFFFF,0xFFFF,0xFFFF,0xFFFF,0xFFFF,0xFFFF,0xFFFF,0xFFFF,0xFFFF,0xFFFF,0xFFFF,
    0xFFFF,0xFFFF,0xFFFF,0xFFFF,0xFFFF,0xFFFF,0xFFFF,0xFFFF,0xFFFF,0xFFFF,0xFFFF,0xFFFF,
    0xFFFF,0xFFFF,0xFFFF,0xFFFF,0xFFFF,0xFFFF,0xFFFF,0xFFFF,0xFFFF,0xFFFF,0xFFFF,0xFFFF,
    0xFFFF,0xFFFF,0xFFFF,0xFFFF,0xFFFF,0xFFFF,0xFFFF,0xFFFF,0xFFFF,0xFFFF,0xFFFF,0xFFFF,
    0xFFFF,0xFFFF,0xFFFF,0xFFFF,0xFFFF,0xFFFF,0xFFFF,0xFFFF,0xFFFF,0xFFFF,0xFFFF,0xFFFF,
    0xFFFF,0xFFFF,0xFFFF,0xFFFF,0xFFFF,0xFFFF,0xFFFF,0xFFFF,0xFFFF,0xFFFF,0xFFFF,0xFFFF,
    0xFFFF,0xFFFF,0xFFFF,0xFFFF,0xFFFF,0xFFFF,0xFFFF,0xFFFF,0xFFFF,0xFFFF,0xFFFF,0xFFFF,
    0xFFFF,0xFFFF,0xFFFF,0xFFFF,0xFFFF,0xFFFF,0xFFFF,0xFFFF,0xFFFF,0xFFFF,0xFFFF,0xFFFF,
    0xDFFF,0xDFFF,0xFFFF,0xFFFF,0xFFFF,0xFFFF,0xFFFF,0xFFFF,0xFFFF,0xFFFF,0xFFFF,0xFFFF,
    0xFFFF,0xFFFF,0xFFFF,0xFFFF,0xFFFF,0xFFFF,0xFFFF,0xFFFF,0xFFFF,0xFFFF,0xDFFF,0xDFFF,
    0xDFFF,0xFFFF,0xFFFF,0xFFFF,0xFFFF,0xFFFF,0xFFFF,0xFFFF,0xFFFF,0xFFFF,0xFFFF,0xFFFF,
    0xFFFF,0xFFFF,0xFFFF,0xFFFF,0xFFFF,0xFFFF,0xFFFF,0xFFFF,0xFFFF,0xFFFF,0xFFFF,0xFFFF,
    0xFFFF,0xFFFF,0xFFFF,0xFFFF,0xFFFF,0xFFFF,0xFFFF,0xFFFF,0xFFFF,0xFFFF,0xFFFF,0xFFFF,
    0xFFFF,0xFFFF,0xFFFF,0xFFFF,0xFFFF,0xFFFF,0xFFFF,0xFFFF,0xFFFF,0xFFFF,0xFFFF,0xFFFF,
    0xFFFF,0xFFFF,0xFFFF,0xFFFF,0xFFFF,0xFFFF,0xFFFF,0xFFFF,0xFFFF,0xFFFF,0xFFFF,0xFFFF,
    0xFFFF,0xFFFF,0xFFFF,0xFFFF,0xFFFF,0xFFFF,0xFFFF,0xFFFF,0xFFFF,0xFFFF,0xFFFF,0xFFFF,
    0xFFFF,0xFFFF,0xFFFF,0xFFFF,0xFFFF,0xFFFF,0xFFFF,0xFFFF,0xFFFF,0xFFFF,0xFFFF,0xFFFF,
    0xFFFF,0xFFFF,0xFFFF,0xFFFF,0xFFFF,0xFFFF,0xFFFF,0xFFFF,0xFFFF,0xFFFF,0xFFFF,0xFFFF,
    0xFFFF,0xFFFF,0xFFFF,0xFFFF,0xFFFF,0xFFFF,0xFFFF,0xFFFF,0xFFFF,0xFFFF,0xFFFF,0xFFFF,
    0xFFFF,0xFFFF,0xFFFF,0xFFFF,0xFFFF,0xFFFF,0xFFFF,0xFFFF,0xFFFF,0xFFFF,0xFFFF,0xFFFF,
    0xFFFF,0xFFFF,0xFFFF,0xFFFF,0xFFFF,0xFFFF,0xFFFF,0xFFFF,0xFFFF,0xFFFF,0xFFFF,0xFFFF,
    0xFFFF,0xFFFF,0xFFFF,0xFFFF,0xFFFF,0xFFFF,0xFFFF,0xFFFF,0xFFFF,0xFFFF,0xFFFF,0xFFFF,
    0xFFFF,0xFFFF,0xFFFF,0xFFFF,0xFFFF,0xFFFF,0xFFFF,0xFFFF,0xFFFF,0xFFFF,0xFFFF,0xFFFF,
    0xFFFF,0xFFFF,0xFFFF,0xFFFF,0xFFFF,0xFFFF,0xFFFF,0xFFFF,0xFFFF,0xFFFF,0xFFFF,0xFFFF,
    0xFFFF,0xFFFF,0xFFFF,0xFFFF,0xFFFF,0xFFFF,0xFFFF,0xFFFF,0xFFFF,0xFFFF,0xFFFF,0xFFFF,
    0xFFFF,0xFFFF,0xFFFF,0xFFFF,0xFFFF,0xFFFF,0xFFFF,0xFFFF,0xFFFF,0xFFFF,0xFFFF,0xFFFF,
    0xFFFF,0xFFFF,0xFFFF,0xFFFF,0xFFFF,0xFFFF,0xFFFF,0xFFFF,0xFFFF,0xFFFF,0xFFFF,0xFFFF,
    0xFFFF,0xFFFF,0xFFFF,0xFFFF,0xFFFF,0xFFFF,0xFFFF,0xFFFF,0xFFFF,0xFFFF,0xFFFF,0xFFFF,
    0xFFFF,0xFFFF,0xFFFF,0xFFFF,0xFFFF,0xFFFF,0xFFFF,0xFFFF,0xDFFF,0xDEFF,0xBEF7,0xBEF7,
    0xBEF7,0xBEF7,0xBEFF,0xDFFF,0xFFFF,0xFFFF,0xFFFF,0xFFFF,0xFFFF,0xFFFF,0xFFFF,0xFFFF,
    0xFFFF,0xFFFF,0xFFFF,0xFFFF,0xFFFF,0xFFFF,0xDFFF,0xFFFF,0xFFFF,0xFFFF,0xFFFF,0xFFFF,
    0xFFFF,0xFFFF,0xFFFF,0xFFFF,0xFFFF,0xFFFF,0xFFFF,0xFFFF,0xFFFF,0xFFFF,0xFFFF,0xFFFF,
    0xFFFF,0xFFFF,0xFFFF,0xFFFF,0xFFFF,0xFFFF,0xFFFF,0xFFFF,0xFFFF,0xFFFF,0xFFFF,0xFFFF,
    0xFFFF,0xFFFF,0xFFFF,0xFFFF,0xFFFF,0xFFFF,0xFFFF,0xFFFF,0xFFFF,0xFFFF,0xFFFF,0xFFFF,
    0xFFFF,0xFFFF,0xFFFF,0xFFFF,0xFFFF,0xFFFF,0xFFFF,0xFFFF,0xFFFF,0xFFFF,0xFFFF,0xFFFF,
    0xFFFF,0xFFFF,0xFFFF,0xFFFF,0xFFFF,0xFFFF,0xFFFF,0xFFFF,0xFFFF,0xFFFF,0xFFFF,0xFFFF,
    0xFFFF,0xFFFF,0xFFFF,0xFFFF,0xFFFF,0xFFFF,0xFFFF,0xFFFF,0xFFFF,0xFFFF,0xFFFF,0xFFFF,
    0xFFFF,0xFFFF,0xFFFF,0xFFFF,0xFFFF,0xFFFF,0xFFFF,0xFFFF,0xFFFF,0xFFFF,0xFFFF,0xFFFF,
    0xFFFF,0xFFFF,0xFFFF,0xFFFF,0xFFFF,0xFFFF,0xFFFF,0xFFFF,0xFFFF,0xFFFF,0xFFFF,0xFFFF,
    0xFFFF,0xFFFF,0xFFFF,0xFFFF,0xFFFF,0xFFFF,0xFFFF,0xFFFF,0xFFFF,0xFFFF,0xFFFF,0xFFFF,
    0xFFFF,0xFFFF,0xFFFF,0xFFFF,0xFFFF,0xFFFF,0xFFFF,0xFFFF,0xFFFF,0xFFFF,0xFFFF,0xFFFF,
    0xFFFF,0xFFFF,0xFFFF,0xFFFF,0xFFFF,0xFFFF,0xFFFF,0xFFFF,0xFFFF,0xFFFF,0xFFFF,0xFFFF,
    0xFFFF,0xFFFF,0xFFFF,0xFFFF,0xFFFF,0xFFFF,0xFFFF,0xFFFF,0xFFFF,0xFFFF,0xFFFF,0xFFFF,
    0xFFFF,0xFFFF,0xFFFF,0xFFFF,0xFFFF,0xFFFF,0xFFFF,0xFFFF,0xFFFF,0xFFFF,0xFFFF,0xFFFF,
    0xFFFF,0xFFFF,0xFFFF,0xFFFF,0xFFFF,0xFFFF,0xFFFF,0xFFFF,0xFFFF,0xFFFF,0xFFFF,0xFFFF,
    0xFFFF,0xFFFF,0xFFFF,0xFFFF,0xFFFF,0xFFFF,0xFFFF,0xFFFF,0xFFFF,0xFFFF,0xFFFF,0xFFFF,
    0xFFFF,0xFFFF,0xFFFF,0xFFFF,0xFFFF,0xFFFF,0xFFFF,0xFFFF,0xFFFF,0xFFFF,0xDFFF,0xDFFF,
    0xFFFF,0xFFFF,0xFFFF,0xFFFF,0xFFFF,0xFFFF,0xFFFF,0xFFFF,0x7EF7,0xFBE6,0x59D6,0xB7C5,
    0x34B5,0x92A4,0xEF93,0x4D83,0xEB72,0x8A6A,0x4962,0x085A,0xC859,0xC759,0x8651,0xA751,
    0x8651,0xA659,0xA759,0xC759,0xE859,0x4962,0x8A6A,0xEC72,0x4D83,0xCF8B,0x519C,0xF3AC,
    0x96BD,0x38CE,0xDBDE,0x5DF7,0xDFFF,0xFFFF,0xFFFF,0xFFFF,0xFFFF,0xFFFF,0xFFFF,0xFFFF,
    0xDFFF,0xFFFF,0xFFFF,0xFFFF,0xFFFF,0xFFFF,0xFFFF,0xFFFF,0xFFFF,0xFFFF,0xFFFF,0xFFFF,
    0xFFFF,0xFFFF,0xFFFF,0xFFFF,0xFFFF,0xFFFF,0xFFFF,0xFFFF,0xFFFF,0xFFFF,0xFFFF,0xFFFF,
    0xFFFF,0xFFFF,0xFFFF,0xFFFF,0xFFFF,0xFFFF,0xFFFF,0xFFFF,0xFFFF,0xFFFF,0xFFFF,0xFFFF,
    0xFFFF,0xFFFF,0xFFFF,0xFFFF,0xFFFF,0xFFFF,0xFFFF,0xFFFF,0xFFFF,0xFFFF,0xFFFF,0xFFFF,
    0xFFFF,0xFFFF,0xFFFF,0xFFFF,0xFFFF,0xFFFF,0xFFFF,0xFFFF,0xFFFF,0xFFFF,0xFFFF,0xFFFF,
    0xFFFF,0xFFFF,0xFFFF,0xFFFF,0xFFFF,0xFFFF,0xFFFF,0xFFFF,0xFFFF,0xFFFF,0xFFFF,0xFFFF,
    0xFFFF,0xFFFF,0xFFFF,0xFFFF,0xFFFF,0xFFFF,0xFFFF,0xFFFF,0xFFFF,0xFFFF,0xFFFF,0xFFFF,
    0xFFFF,0xFFFF,0xFFFF,0xFFFF,0xFFFF,0xFFFF,0xFFFF,0xFFFF,0xFFFF,0xFFFF,0xFFFF,0xFFFF,
    0xFFFF,0xFFFF,0xFFFF,0xFFFF,0xFFFF,0xFFFF,0xFFFF,0xFFFF,0xFFFF,0xFFFF,0xFFFF,0xFFFF,
    0xFFFF,0xFFFF,0xFFFF,0xFFFF,0xFFFF,0xFFFF,0xFFFF,0xFFFF,0xFFFF,0xFFFF,0xFFFF,0xFFFF,
    0xFFFF,0xFFFF,0xFFFF,0xFFFF,0xFFFF,0xFFFF,0xFFFF,0xFFFF,0xFFFF,0xFFFF,0xFFFF,0xFFFF,
    0xFFFF,0xFFFF,0xFFFF,0xFFFF,0xFFFF,0xFFFF,0xFFFF,0xFFFF,0xFFFF,0xFFFF,0xFFFF,0xFFFF,
    0xFFFF,0xFFFF,0xFFFF,0xFFFF,0xFFFF,0xFFFF,0xFFFF,0xFFFF,0xFFFF,0xFFFF,0xFFFF,0xFFFF,
    0xFFFF,0xFFFF,0xFFFF,0xFFFF,0xFFFF,0xFFFF,0xFFFF,0xFFFF,0xFFFF,0xFFFF,0xFFFF,0xFFFF,
    0xFFFF,0xFFFF,0xFFFF,0xFFFF,0xFFFF,0xFFFF,0xFFFF,0xFFFF,0xFFFF,0xFFFF,0xFFFF,0xFFFF,
    0xFFFF,0xFFFF,0xFFFF,0xFFFF,0xFFFF,0xFFFF,0xDFFF,0xDFFF,0xFFFF,0xFFFF,0xFFFF,0xFFFF,
    0xFFFF,0xDFFF,0x1CE7,0x18CE,0xF3AC,0xCF8B,0xCB72,0x0862,0x4549,0xC340,0x8238,0x4130,
    0x2130,0x2130,0x2130,0x2130,0x4130,0x6238,0x6238,0x6238,0x8238,0x8240,0x8240,0x8240,
    0x8240,0x8240,0x8240,0x8240,0x8238,0x6238,0x6138,0x4130,0x4130,0x2130,0x2130,0x2028,
    0x2130,0x6230,0xA238,0x2449,0xC759,0xCB72,0xCF8B,0xF3AC,0x18CE,0x1CEF,0xFFFF,0xFFFF,
    0xFFFF,0xFFFF,0xFFFF,0xFFFF,0xDFFF,0xDFFF,0xFFFF,0xFFFF,0xFFFF,0xFFFF,0xFFFF,0xFFFF,
    0xFFFF,0xFFFF,0xFFFF,0xFFFF,0xFFFF,0xFFFF,0xFFFF,0xFFFF,0xFFFF,0xFFFF,0xFFFF,0xFFFF,
    0xFFFF,0xFFFF,0xFFFF,0xFFFF,0xFFFF,0xFFFF,0xFFFF,0xFFFF,0xFFFF,0xFFFF,0xFFFF,0xFFFF,
    0xFFFF,0xFFFF,0xFFFF,0xFFFF,0xFFFF,0xFFFF,0xFFFF,0xFFFF,0xFFFF,0xFFFF,0xFFFF,0xFFFF,
    0xFFFF,0xFFFF,0xFFFF,0xFFFF,0xFFFF,0xFFFF,0xFFFF,0xFFFF,0xFFFF,0xFFFF,0xFFFF,0xFFFF,
    0xFFFF,0xFFFF,0xFFFF,0xFFFF,0xFFFF,0xFFFF,0xFFFF,0xFFFF,0xFFFF,0xFFFF,0xFFFF,0xFFFF,
    0xFFFF,0xFFFF,0xFFFF,0xFFFF,0xFFFF,0xFFFF,0xFFFF,0xFFFF,0xFFFF,0xFFFF,0xFFFF,0xFFFF,
    0xFFFF,0xFFFF,0xFFFF,0xFFFF,0xFFFF,0xFFFF,0xFFFF,0xFFFF,0xFFFF,0xFFFF,0xFFFF,0xFFFF,
    0xFFFF,0xFFFF,0xFFFF,0xFFFF,0xFFFF,0xFFFF,0xFFFF,0xFFFF,0xFFFF,0xFFFF,0xFFFF,0xFFFF,
    0xFFFF,0xFFFF,0xFFFF,0xFFFF,0xFFFF,0xFFFF,0xFFFF,0xFFFF,0xFFFF,0xFFFF,0xFFFF,0xFFFF,
    0xFFFF,0xFFFF,0xFFFF,0xFFFF,0xFFFF,0xFFFF,0xFFFF,0xFFFF,0xFFFF,0xFFFF,0xFFFF,0xFFFF,
    0xFFFF,0xFFFF,0xFFFF,0xFFFF,0xFFFF,0xFFFF,0xFFFF,0xFFFF,0xFFFF,0xFFFF,0xFFFF,0xFFFF,
    0xFFFF,0xFFFF,0xFFFF,0xFFFF,0xFFFF,0xFFFF,0xFFFF,0xFFFF,0xFFFF,0xFFFF,0xFFFF,0xFFFF,
    0xFFFF,0xFFFF,0xFFFF,0xFFFF,0xFFFF,0xFFFF,0xFFFF,0xFFFF,0xFFFF,0xFFFF,0xFFFF,0xFFFF,
    0xFFFF,0xFFFF,0xFFFF,0xFFFF,0xFFFF,0xFFFF,0xFFFF,0xFFFF,0xFFFF,0xFFFF,0xFFFF,0xFFFF,
    0xFFFF,0xFFFF,0xDFFF,0xDFFF,0xFFFF,0xFFFF,0xFFFF,0xFFFF,0xDFFF,0xFBE6,0xB6C5,0x3094,
    0xCB72,0xA759,0x0449,0x8238,0x4138,0x4138,0x4138,0x8238,0x8240,0x8240,0x8340,0x8338,
    0x8338,0x8238,0x6238,0x6238,0x6230,0x6138,0x6138,0x6138,0x8238,0x8238,0xA140,0xA140,
    0xA140,0xA240,0x8240,0x8238,0x8238,0x6138,0x6138,0x6230,0x6230,0x6238,0x6238,0x8338,
    0x8238,0x8240,0x8238,0x8240,0x6238,0x4138,0x4130,0x4130,0x8238,0x0449,0xE759,0x0C7B,
    0x719C,0xD7C5,0x1CE7,0xFFFF,0xFFFF,0xFFFF,0xFFFF,0xFFFF,0xDFFF,0xFFFF,0xFFFF,0xFFFF,
    0xFFFF,0xFFFF,0xFFFF,0xFFFF,0xFFFF,0xFFFF,0xFFFF,0xFFFF,0xFFFF,0xFFFF,0xFFFF,0xFFFF,
    0xFFFF,0xFFFF,0xFFFF,0xFFFF,0xFFFF,0xFFFF,0xFFFF,0xFFFF,0xFFFF,0xFFFF,0xFFFF,0xFFFF,
    0xFFFF,0xFFFF,0xFFFF,0xFFFF,0xFFFF,0xFFFF,0xFFFF,0xFFFF,0xFFFF,0xFFFF,0xFFFF,0xFFFF,
    0xFFFF,0xFFFF,0xFFFF,0xFFFF,0xFFFF,0xFFFF,0xFFFF,0xFFFF,0xFFFF,0xFFFF,0xFFFF,0xFFFF,
    0xFFFF,0xFFFF,0xFFFF,0xFFFF,0xFFFF,0xFFFF,0xFFFF,0xFFFF,0xFFFF,0xFFFF,0xFFFF,0xFFFF,
    0xFFFF,0xFFFF,0xFFFF,0xFFFF,0xFFFF,0xFFFF,0xFFFF,0xFFFF,0xFFFF,0xFFFF,0xFFFF,0xFFFF,
    0xFFFF,0xFFFF,0xFFFF,0xFFFF,0xFFFF,0xFFFF,0xFFFF,0xFFFF,0xFFFF,0xFFFF,0xFFFF,0xFFFF,
    0xFFFF,0xFFFF,0xFFFF,0xFFFF,0xFFFF,0xFFFF,0xFFFF,0xFFFF,0xFFFF,0xFFFF,0xFFFF,0xFFFF,
    0xFFFF,0xFFFF,0xFFFF,0xFFFF,0xFFFF,0xFFFF,0xFFFF,0xFFFF,0xFFFF,0xFFFF,0xFFFF,0xFFFF,
    0xFFFF,0xFFFF,0xFFFF,0xFFFF,0xFFFF,0xFFFF,0xFFFF,0xFFFF,0xFFFF,0xFFFF,0xFFFF,0xFFFF,
    0xFFFF,0xFFFF,0xFFFF,0xFFFF,0xFFFF,0xFFFF,0xFFFF,0xFFFF,0xFFFF,0xFFFF,0xFFFF,0xFFFF,
    0xFFFF,0xFFFF,0xFFFF,0xFFFF,0xFFFF,0xFFFF,0xFFFF,0xFFFF,0xFFFF,0xFFFF,0xFFFF,0xFFFF,
    0xFFFF,0xFFFF,0xFFFF,0xFFFF,0xFFFF,0xFFFF,0xFFFF,0xFFFF,0xFFFF,0xFFFF,0xFFFF,0xFFFF,
    0xFFFF,0xFFFF,0xFFFF,0xFFFF,0xFFFF,0xFFFF,0xFFFF,0xFFFF,0xFFFF,0xFFFF,0xFFFF,0xFFFF,
    0xFFFF,0xFFFF,0xFFFF,0xFFFF,0xDFFF,0x9ADE,0xF3AC,0x6D83,0xE759,0xC340,0x4130,0x2138,
    0x6138,0x8240,0xA348,0xA340,0xA340,0x8240,0x6238,0x6238,0x8138,0xC140,0x0249,0x6259,
    0xC361,0x2472,0x857A,0xE58A,0x4693,0xA6A3,0xE7AB,0x28B4,0x68BC,0x89C4,0xA9C4,0xC9CC,
    0xC9CC,0xA9C4,0x89C4,0x69BC,0x28B4,0xE7AB,0xA7A3,0x469B,0xE58A,0x857A,0x2472,0xC361,
    0x4259,0xE248,0xA140,0x6138,0x6138,0x6238,0x8238,0x8240,0xA340,0xA240,0x6240,0x4138,
    0x4138,0x6238,0xE448,0x0862,0x8E83,0x34B5,0xBADE,0xDFFF,0xFFFF,0xFFFF,0xFFFF,0xFFFF,
    0xFFFF,0xFFFF,0xFFFF,0xFFFF,0xFFFF,0xFFFF,0xFFFF,0xFFFF,0xFFFF,0xFFFF,0xFFFF,0xFFFF,
    0xFFFF,0xFFFF,0xFFFF,0xFFFF,0xFFFF,0xFFFF,0xFFFF,0xFFFF,0xFFFF,0xFFFF,0xFFFF,0xFFFF,
    0xFFFF,0xFFFF,0xFFFF,0xFFFF,0xFFFF,0xFFFF,0xFFFF,0xFFFF,0xFFFF,0xFFFF,0xFFFF,0xFFFF,
    0xFFFF,0xFFFF,0xFFFF,0xFFFF,0xFFFF,0xFFFF,0xFFFF,0xFFFF,0xFFFF,0xFFFF,0xFFFF,0xFFFF,
    0xFFFF,0xFFFF,0xFFFF,0xFFFF,0xFFFF,0xFFFF,0xFFFF,0xFFFF,0xFFFF,0xFFFF,0xFFFF,0xFFFF,
    0xFFFF,0xFFFF,0xFFFF,0xFFFF,0xFFFF,0xFFFF,0xFFFF,0xFFFF,0xFFFF,0xFFFF,0xFFFF,0xFFFF,
    0xFFFF,0xFFFF,0xFFFF,0xFFFF,0xFFFF,0xFFFF,0xFFFF,0xFFFF,0xFFFF,0xFFFF,0xFFFF,0xFFFF,
    0xFFFF,0xFFFF,0xFFFF,0xFFFF,0xFFFF,0xFFFF,0xFFFF,0xFFFF,0xFFFF,0xFFFF,0xFFFF,0xFFFF,
    0xFFFF,0xFFFF,0xFFFF,0xFFFF,0xFFFF,0xFFFF,0xFFFF,0xFFFF,0xFFFF,0xFFFF,0xFFFF,0xFFFF,
    0xFFFF,0xFFFF,0xFFFF,0xFFFF,0xFFFF,0xFFFF,0xFFFF,0xFFFF,0xFFFF,0xFFFF,0xFFFF,0xFFFF,
    0xFFFF,0xFFFF,0xFFFF,0xFFFF,0xFFFF,0xFFFF,0xFFFF,0xFFFF,0xFFFF,0xFFFF,0xFFFF,0xFFFF,
    0xFFFF,0xFFFF,0xFFFF,0xFFFF,0xFFFF,0xFFFF,0xFFFF,0xFFFF,0xFFFF,0xFFFF,0xFFFF,0xFFFF,
    0xFFFF,0xFFFF,0xFFFF,0xFFFF,0xFFFF,0xFFFF,0xFFFF,0xFFFF,0xFFFF,0xFFFF,0xFFFF,0xFFFF,
    0xFFFF,0xFFFF,0xFFFF,0xFFFF,0xFFFF,0xFFFF,0xFFFF,0xFFFF,0xFFFF,0xFFFF,0xFFFF,0xFFFF,
    0xFFFF,0x7DEF,0x96C5,0x6D83,0xA751,0x8230,0x0028,0x2030,0x6238,0x8340,0x8340,0x6238,
    0x6238,0x6138,0x8240,0x0251,0xA461,0x8582,0x669B,0x28B4,0xC9CC,0x6ADD,0xCBED,0x2CF6,
    0x4CFE,0x6CFE,0x8CFE,0xACFE,0xACFE,0xABFE,0xABFE,0x8BFE,0x8BFE,0x8BFE,0x6BFE,0x6BFE,
    0x6BFE,0x6BFE,0x6BFE,0x6BFE,0x6BFE,0x8BFE,0x8BFE,0x8BFE,0x8BFE,0x8BFE,0x6CFE,0x4BFE,
    0x0BF6,0xABE5,0x2ADD,0xA9C4,0x08B4,0x2693,0x657A,0xA361,0x0251,0x8240,0x6138,0x6238,
    0x8240,0xA340,0xA348,0x6240,0x4130,0x2028,0xA238,0xC759,0x8E8B,0xB6C5,0x7DF7,0xFFFF,
    0xFFFF,0xFFFF,0xFFFF,0xDFFF,0xFFFF,0xFFFF,0xFFFF,0xFFFF,0xFFFF,0xFFFF,0xFFFF,0xFFFF,
    0xFFFF,0xFFFF,0xFFFF,0xFFFF,0xFFFF,0xFFFF,0xFFFF,0xFFFF,0xFFFF,0xFFFF,0xFFFF,0xFFFF,
    0xFFFF,0xFFFF,0xFFFF,0xFFFF,0xFFFF,0xFFFF,0xFFFF,0xFFFF,0xFFFF,0xFFFF,0xFFFF,0xFFFF,
    0xFFFF,0xFFFF,0xFFFF,0xFFFF,0xFFFF,0xFFFF,0xFFFF,0xFFFF,0xFFFF,0xFFFF,0xFFFF,0xFFFF,
    0xFFFF,0xFFFF,0xFFFF,0xFFFF,0xFFFF,0xFFFF,0xFFFF,0xFFFF,0xFFFF,0xFFFF,0xFFFF,0xFFFF,
    0xFFFF,0xFFFF,0xFFFF,0xFFFF,0xFFFF,0xFFFF,0xFFFF,0xFFFF,0xFFFF,0xFFFF,0xFFFF,0xFFFF,
    0xFFFF,0xFFFF,0xFFFF,0xFFFF,0xFFFF,0xFFFF,0xFFFF,0xFFFF,0xFFFF,0xFFFF,0xFFFF,0xFFFF,
    0xFFFF,0xFFFF,0xFFFF,0xFFFF,0xFFFF,0xFFFF,0xFFFF,0xFFFF,0xFFFF,0xFFFF,0xFFFF,0xFFFF,
    0xFFFF,0xFFFF,0xFFFF,0xFFFF,0xFFFF,0xFFFF,0xFFFF,0xFFFF,0xFFFF,0xFFFF,0xFFFF,0xFFFF,
    0xFFFF,0xFFFF,0xFFFF,0xFFFF,0xFFFF,0xFFFF,0xFFFF,0xFFFF,0xFFFF,0xFFFF,0xFFFF,0xFFFF,
    0xFFFF,0xFFFF,0xFFFF,0xFFFF,0xFFFF,0xFFFF,0xFFFF,0xFFFF,0xFFFF,0xFFFF,0xFFFF,0xFFFF,
    0xFFFF,0xFFFF,0xFFFF,0xFFFF,0xFFFF,0xFFFF,0xFFFF,0xFFFF,0xFFFF,0xFFFF,0xFFFF,0xFFFF,
    0xFFFF,0xFFFF,0xFFFF,0xFFFF,0xFFFF,0xFFFF,0xFFFF,0xFFFF,0xFFFF,0xFFFF,0xFFFF,0xFFFF,
    0xFFFF,0xFFFF,0xFFFF,0xFFFF,0xFFFF,0xFFFF,0xFFFF,0xFFFF,0xFFFF,0xFFFF,0x3CEF,0x34B5,
    0xEB72,0x2449,0x4130,0x2030,0x4230,0x8238,0x8338,0x6230,0x4130,0x6138,0x0249,0x046A,
    0x0693,0x28B4,0x2AD5,0xEBED,0x4CFE,0x8DFE,0xACFE,0x8BFE,0x8BFE,0x6AFE,0x4AFE,0x2AFE,
    0x0AF6,0x0AF6,0x0AF6,0x0AF6,0x0AF6,0x0AF6,0x0AF6,0x0AF6,0x0AF6,0x0AF6,0x0AF6,0x0AF6,
    0x0AF6,0x09F6,0x09F6,0x0AF6,0x0AF6,0xEAF5,0x0AF6,0x0AF6,0x09F6,0x0AF6,0x0AF6,0x0AF6,
    0x0AFE,0x2AFE,0x4AFE,0x6BFE,0x6BFE,0x8BFE,0x6CFE,0x2CF6,0xCBE5,0x0ACD,0x48B4,0x2693,
    0x0472,0x2251,0x8138,0x4130,0x6230,0x8338,0xA340,0x6138,0x2128,0x4130,0x2549,0xEB72,
    0x34B5,0x3CEF,0xFFFF,0xFFFF,0xFFFF,0xFFFF,0xFFFF,0xFFFF,0xFFFF,0xFFFF,0xFFFF,0xFFFF,
    0xFFFF,0xFFFF,0xFFFF,0xFFFF,0xFFFF,0xFFFF,0xFFFF,0xFFFF,0xFFFF,0xFFFF,0xFFFF,0xFFFF,
    0xFFFF,0xFFFF,0xFFFF,0xFFFF,0xFFFF,0xFFFF,0xFFFF,0xFFFF,0xFFFF,0xFFFF,0xFFFF,0xFFFF,
    0xFFFF,0xFFFF,0xFFFF,0xFFFF,0xFFFF,0xFFFF,0xFFFF,0xFFFF,0xFFFF,0xFFFF,0xFFFF,0xFFFF,
    0xFFFF,0xFFFF,0xFFFF,0xFFFF,0xFFFF,0xFFFF,0xFFFF,0xFFFF,0xFFFF,0xFFFF,0xFFFF,0xFFFF,
    0xFFFF,0xFFFF,0xFFFF,0xFFFF,0xFFFF,0xFFFF,0xFFFF,0xFFFF,0xFFFF,0xFFFF,0xFFFF,0xFFFF,
    0xFFFF,0xFFFF,0xFFFF,0xFFFF,0xFFFF,0xFFFF,0xFFFF,0xFFFF,0xFFFF,0xFFFF,0xFFFF,0xFFFF,
    0xFFFF,0xFFFF,0xFFFF,0xFFFF,0xFFFF,0xFFFF,0xFFFF,0xFFFF,0xFFFF,0xFFFF,0xFFFF,0xFFFF,
    0xFFFF,0xFFFF,0xFFFF,0xFFFF,0xFFFF,0xFFFF,0xFFFF,0xFFFF,0xFFFF,0xFFFF,0xFFFF,0xFFFF,
    0xFFFF,0xFFFF,0xFFFF,0xFFFF,0xFFFF,0xFFFF,0xFFFF,0xFFFF,0xFFFF,0xFFFF,0xFFFF,0xFFFF,
    0xFFFF,0xFFFF,0xFFFF,0xFFFF,0xFFFF,0xFFFF,0xFFFF,0xFFFF,0xFFFF,0xFFFF,0xFFFF,0xFFFF,
    0xFFFF,0xFFFF,0xFFFF,0xFFFF,0xFFFF,0xFFFF,0xFFFF,0xFFFF,0xFFFF,0xFFFF,0xFFFF,0xFFFF,
    0xFFFF,0xFFFF,0xFFFF,0xFFFF,0xFFFF,0xFFFF,0xFFFF,0xFFFF,0xFFFF,0xFFFF,0xFFFF,0xFFFF,
    0xFFFF,0xFFFF,0xFFFF,0xFFFF,0xFFFF,0xFFFF,0xFFFF,0x5DEF,0x55B5,0xEB7A,0x2449,0x4138,
    0x6238,0xA340,0xC348,0x8240,0x4130,0x6138,0x0249,0x2472,0x679B,0xA9C4,0xAAE5,0x4BFE,
    0x8BFE,0x6BFE,0x6BFE,0x4AFE,0x2AFE,0x0AF6,0x0AF6,0x09F6,0x09F6,0x0AF6,0x0AF6,0x0AF6,
    0x0AF6,0x0AF6,0x09F6,0x0AF6,0x0AF6,0x09F6,0x29F6,0x09FE,0x29FE,0x29FE,0x29F6,0x09FE,
    0x29FE,0x29FE,0x09FE,0x09FE,0x0AF6,0x0AFE,0x09FE,0x0AF6,0x2AF6,0x0AF6,0x0AF6,0x0AF6,
    0x0AF6,0x09F6,0x0AF6,0xEAF5,0xE9F5,0xE9F5,0xE9F5,0x29F6,0x2AFE,0x4AFE,0x6BFE,0x6BFE,
    0x4BFE,0xABE5,0xA9C4,0x4693,0x046A,0xE248,0x6130,0x4130,0x8230,0xA340,0x8240,0x6138,
    0x4138,0x2449,0x0C7B,0x55B5,0x5DEF,0xFFFF,0xFFFF,0xFFFF,0xFFFF,0xFFFF,0xFFFF,0xFFFF,
    0xFFFF,0xFFFF,0xFFFF,0xFFFF,0xFFFF,0xFFFF,0xFFFF,0xFFFF,0xFFFF,0xFFFF,0xFFFF,0xFFFF,
    0xFFFF,0xFFFF,0xFFFF,0xFFFF,0xFFFF,0xFFFF,0xFFFF,0xFFFF,0xFFFF,0xFFFF,0xFFFF,0xFFFF,
    0xFFFF,0xFFFF,0xFFFF,0xFFFF,0xFFFF,0xFFFF,0xFFFF,0xFFFF,0xFFFF,0xFFFF,0xFFFF,0xFFFF,
    0xFFFF,0xFFFF,0xFFFF,0xFFFF,0xFFFF,0xFFFF,0xFFFF,0xFFFF,0xFFFF,0xFFFF,0xFFFF,0xFFFF,
    0xFFFF,0xFFFF,0xFFFF,0xFFFF,0xFFFF,0xFFFF,0xFFFF,0xFFFF,0xFFFF,0xFFFF,0xFFFF,0xFFFF,
    0xFFFF,0xFFFF,0xFFFF,0xFFFF,0xFFFF,0xFFFF,0xFFFF,0xFFFF,0xFFFF,0xFFFF,0xFFFF,0xFFFF,
    0xFFFF,0xFFFF,0xFFFF,0xFFFF,0xFFFF,0xFFFF,0xFFFF,0xFFFF,0xFFFF,0xFFFF,0xFFFF,0xFFFF,
    0xFFFF,0xFFFF,0xFFFF,0xFFFF,0xFFFF,0xFFFF,0xFFFF,0xFFFF,0xFFFF,0xFFFF,0xFFFF,0xFFFF,
    0xFFFF,0xFFFF,0xFFFF,0xFFFF,0xFFFF,0xFFFF,0xFFFF,0xFFFF,0xFFFF,0xFFFF,0xFFFF,0xFFFF,
    0xFFFF,0xFFFF,0xFFFF,0xFFFF,0xFFFF,0xFFFF,0xFFFF,0xFFFF,0xFFFF,0xFFFF,0xFFFF,0xFFFF,
    0xFFFF,0xFFFF,0xFFFF,0xFFFF,0xFFFF,0xFFFF,0xFFFF,0xFFFF,0xFFFF,0xFFFF,0xFFFF,0xFFFF,
    0xFFFF,0xFFFF,0xFFFF,0xFFFF,0xFFFF,0xFFFF,0xFFFF,0xFFFF,0xFFFF,0xFFFF,0xFFFF,0xFFFF,
    0xFFFF,0xFFFF,0xFFFF,0xFFFF,0xDEFF,0xB6C5,0x0C7B,0x0441,0x4130,0x4138,0xA348,0xA348,
    0x8240,0x6138,0xE248,0x2472,0xA7A3,0xE9CC,0xCBED,0x4BFE,0x6AFE,0x4AFE,0x29FE,0x09F6,
    0xE9F5,0x09F6,0x0AF6,0x0AF6,0x0AF6,0x0AF6,0x2AF6,0x2AF6,0x2AF6,0x2AF6,0x2AFE,0x2AFE,
    0x2AFE,0x2AFE,0x2AFE,0x0AFE,0x09FE,0xE9F5,0xE8F5,0xC8F5,0xC8F5,0xA7F5,0x87F5,0x87F5,
    0x66F5,0x66F5,0x66F5,0x66F5,0x66F5,0x66F5,0x66F5,0x87F5,0x87F5,0xA7F5,0xA8F5,0xC8F5,
    0xE8F5,0xE9F5,0x09F6,0x0AF6,0x2AFE,0x2AFE,0x2AF6,0x2AF6,0x0AF6,0x09F6,0xE9F5,0xE9F5,
    0xE9F5,0x29FE,0x4AFE,0x6AFE,0x2BFE,0xAAE5,0xA9C4,0x4693,0xC461,0xC240,0x6138,0x8240,
    0xA348,0xA348,0x6140,0x6138,0x4549,0x4D83,0xD7C5,0xDFFF,0xFFFF,0xFFFF,0xFFFF,0xFFFF,
    0xFFFF,0xFFFF,0xFFFF,0xFFFF,0xFFFF,0xFFFF,0xFFFF,0xFFFF,0xFFFF,0xFFFF,0xFFFF,0xFFFF,
    0xFFFF,0xFFFF,0xFFFF,0xFFFF,0xFFFF,0xFFFF,0xFFFF,0xFFFF,0xFFFF,0xFFFF,0xFFFF,0xFFFF,
    0xFFFF,0xFFFF,0xFFFF,0xFFFF,0xFFFF,0xFFFF,0xFFFF,0xFFFF,0xFFFF,0xFFFF,0xFFFF,0xFFFF,
    0xFFFF,0xFFFF,0xFFFF,0xFFFF,0xFFFF,0xFFFF,0xFFFF,0xFFFF,0xFFFF,0xFFFF,0xFFFF,0xFFFF,
    0xFFFF,0xFFFF,0xFFFF,0xFFFF,0xFFFF,0xFFFF,0xFFFF,0xFFFF,0xFFFF,0xFFFF,0xFFFF,0xFFFF,
    0xFFFF,0xFFFF,0xFFFF,0xFFFF,0xFFFF,0xFFFF,0xFFFF,0xFFFF,0xFFFF,0xFFFF,0xFFFF,0xFFFF,
    0xFFFF,0xFFFF,0xFFFF,0xFFFF,0xFFFF,0xFFFF,0xFFFF,0xFFFF,0xFFFF,0xFFFF,0xFFFF,0xFFFF,
    0xFFFF,0xFFFF,0xFFFF,0xFFFF,0xFFFF,0xFFFF,0xFFFF,0xFFFF,0xFFFF,0xFFFF,0xFFFF,0xFFFF,
    0xFFFF,0xFFFF,0xFFFF,0xFFFF,0xFFFF,0xFFFF,0xFFFF,0xFFFF,0xFFFF,0xFFFF,0xFFFF,0xFFFF,
    0xFFFF,0xFFFF,0xFFFF,0xFFFF,0xFFFF,0xFFFF,0xFFFF,0xFFFF,0xFFFF,0xFFFF,0xFFFF,0xFFFF,
    0xFFFF,0xFFFF,0xFFFF,0xFFFF,0xFFFF,0xFFFF,0xFFFF,0xFFFF,0xFFFF,0xFFFF,0xFFFF,0xFFFF,
    0xFFFF,0xFFFF,0xFFFF,0xFFFF,0xFFFF,0xFFFF,0xFFFF,0xFFFF,0xFFFF,0xFFFF,0xDFFF,0xFFFF,
    0xFFFF,0xFFFF,0xFBE6,0x509C,0xA651,0x2130,0x2130,0x8340,0xA340,0x8238,0x6138,0x0251,
    0x8582,0x49B4,0x8BE5,0x6CFE,0x8CFE,0x6BFE,0x2AFE,0x09F6,0xE9F5,0xE9F5,0x09F6,0x09F6,
    0x09F6,0x09F6,0x0AF6,0x0AF6,0x2AF6,0x2AFE,0x2AFE,0x2AFE,0x0AFE,0xE9F5,0xC8F5,0xA7F5,
    0x67F5,0x46ED,0x25ED,0xE4EC,0xE4EC,0xC3EC,0xC3EC,0xC3EC,0xA3EC,0xA2EC,0xA2EC,0xA2EC,
    0xA2EC,0xA2EC,0xA2EC,0xA2EC,0xA2EC,0xA2EC,0xA2EC,0xA2EC,0xA2EC,0xA2EC,0xA3EC,0xA3EC,
    0xC3EC,0xC3EC,0xE4EC,0x04ED,0x25ED,0x46ED,0x87F5,0xA8F5,0xC8F5,0xE9F5,0x09FE,0x0AFE,
    0x0AF6,0x09F6,0xE9F5,0xE9F5,0xE9F5,0x09F6,0x4AFE,0x6BFE,0x2BFE,0x6ADD,0x08B4,0x857A,
    0x2251,0x6138,0x8240,0xC348,0xA348,0x4138,0x4130,0xA651,0x519C,0xFBE6,0xFFFF,0xFFFF,
    0xFFFF,0xFFFF,0xFFFF,0xFFFF,0xFFFF,0xFFFF,0xFFFF,0xFFFF,0xFFFF,0xFFFF,0xFFFF,0xFFFF,
    0xFFFF,0xFFFF,0xFFFF,0xFFFF,0xFFFF,0xFFFF,0xFFFF,0xFFFF,0xFFFF,0xFFFF,0xFFFF,0xFFFF,
    0xFFFF,0xFFFF,0xFFFF,0xFFFF,0xFFFF,0xFFFF,0xFFFF,0xFFFF,0xFFFF,0xFFFF,0xFFFF,0xFFFF,
    0xFFFF,0xFFFF,0xFFFF,0xFFFF,0xFFFF,0xFFFF,0xFFFF,0xFFFF,0xFFFF,0xFFFF,0xFFFF,0xFFFF,
    0xFFFF,0xFFFF,0xFFFF,0xFFFF,0xFFFF,0xFFFF,0xFFFF,0xFFFF,0xFFFF,0xFFFF,0xFFFF,0xFFFF,
    0xFFFF,0xFFFF,0xFFFF,0xFFFF,0xFFFF,0xFFFF,0xFFFF,0xFFFF,0xFFFF,0xFFFF,0xFFFF,0xFFFF,
    0xFFFF,0xFFFF,0xFFFF,0xFFFF,0xFFFF,0xFFFF,0xFFFF,0xFFFF,0xFFFF,0xFFFF,0xFFFF,0xFFFF,
    0xFFFF,0xFFFF,0xFFFF,0xFFFF,0xFFFF,0xFFFF,0xFFFF,0xFFFF,0xFFFF,0xFFFF,0xFFFF,0xFFFF,
    0xFFFF,0xFFFF,0xFFFF,0xFFFF,0xFFFF,0xFFFF,0xFFFF,0xFFFF,0xFFFF,0xFFFF,0xFFFF,0xFFFF,
    0xFFFF,0xFFFF,0xFFFF,0xFFFF,0xFFFF,0xFFFF,0xFFFF,0xFFFF,0xFFFF,0xFFFF,0xFFFF,0xFFFF,
    0xFFFF,0xFFFF,0xFFFF,0xFFFF,0xFFFF,0xFFFF,0xFFFF,0xFFFF,0xFFFF,0xFFFF,0xFFFF,0xFFFF,
    0xFFFF,0xFFFF,0xFFFF,0xFFFF,0xFFFF,0xFFFF,0xFFFF,0xFFFF,0xFFFF,0xFFFF,0xFFFF,0xFFFF,
    0xD7C5,0x0C7B,0xC340,0x2130,0x8240,0xC340,0x6238,0x4130,0xC248,0x4472,0x28B4,0xCBED,
    0x8CFE,0xACFE,0x4BFE,0x0AFE,0x0AF6,0x0AF6,0x0AF6,0x0AF6,0x09F6,0x09F6,0x09F6,0x09F6,
    0x2AFE,0x2AFE,0x09FE,0xE9F5,0xC8F5,0x87F5,0x46F5,0x25ED,0xE4EC,0xC3EC,0xA3EC,0xA2EC,
    0xA2EC,0xA2EC,0xA2EC,0xA2EC,0xA2EC,0xA2EC,0xA2EC,0xA2EC,0xA2EC,0xA2EC,0xA3EC,0xC2EC,
    0xA2EC,0xA3EC,0xA2EC,0xA2EC,0xA3EC,0xC3EC,0xC3F4,0xA3EC,0xC3EC,0xC2EC,0xA2EC,0xA3EC,
    0xA3EC,0xA2EC,0xA2EC,0xA2EC,0xA2EC,0x82EC,0x82EC,0xA3EC,0xA3EC,0xC3EC,0x04ED,0x25ED,
    0x46F5,0x87F5,0xC8F5,0xE9F5,0x09FE,0x09F6,0x09F6,0xE9F5,0x09F6,0x2AFE,0x6BFE,0x6CFE,
    0xCCED,0x49BC,0x657A,0xE248,0x4138,0x8238,0xC340,0x6238,0x2030,0xC340,0x2C7B,0xF7C5,
    0xFFFF,0xFFFF,0xFFFF,0xDFFF,0xFFFF,0xFFFF,0xFFFF,0xFFFF,0xFFFF,0xFFFF,0xFFFF,0xFFFF,
    0xFFFF,0xFFFF,0xFFFF,0xFFFF,0xFFFF,0xFFFF,0xFFFF,0xFFFF,0xFFFF,0xFFFF,0xFFFF,0xFFFF,
    0xFFFF,0xFFFF,0xFFFF,0xFFFF,0xFFFF,0xFFFF,0xFFFF,0xFFFF,0xFFFF,0xFFFF,0xFFFF,0xFFFF,
    0xFFFF,0xFFFF,0xFFFF,0xFFFF,0xFFFF,0xFFFF,0xFFFF,0xFFFF,0xFFFF,0xFFFF,0xFFFF,0xFFFF,
    0xFFFF,0xFFFF,0xFFFF,0xFFFF,0xFFFF,0xFFFF,0xFFFF,0xFFFF,0xFFFF,0xFFFF,0xFFFF,0xFFFF,
    0xFFFF,0xFFFF,0xFFFF,0xFFFF,0xFFFF,0xFFFF,0xFFFF,0xFFFF,0xFFFF,0xFFFF,0xFFFF,0xFFFF,
    0xFFFF,0xFFFF,0xFFFF,0xFFFF,0xFFFF,0xFFFF,0xFFFF,0xFFFF,0xFFFF,0xFFFF,0xFFFF,0xFFFF,
    0xFFFF,0xFFFF,0xFFFF,0xFFFF,0xFFFF,0xFFFF,0xFFFF,0xFFFF,0xFFFF,0xFFFF,0xFFFF,0xFFFF,
    0xFFFF,0xFFFF,0xFFFF,0xFFFF,0xFFFF,0xFFFF,0xFFFF,0xFFFF,0xFFFF,0xFFFF,0xFFFF,0xFFFF,
    0xFFFF,0xFFFF,0xFFFF,0xFFFF,0xFFFF,0xFFFF,0xFFFF,0xFFFF,0xFFFF,0xFFFF,0xFFFF,0xFFFF,
    0xFFFF,0xFFFF,0xFFFF,0xFFFF,0xFFFF,0xFFFF,0xFFFF,0xFFFF,0xFFFF,0xFFFF,0xFFFF,0xFFFF,
    0xFFFF,0xFFFF,0xFFFF,0xFFFF,0xFFFF,0xFFFF,0xFFFF,0xFFFF,0xFFFF,0xBEF7,0xF3AC,0xE759,
    0x4130,0x4138,0xA348,0xC340,0x4138,0x8140,0xE469,0xC7AB,0x8AE5,0x6CFE,0x6BFE,0x4AFE,
    0x0AF6,0x0AF6,0x2AF6,0x0AFE,0x2AFE,0x0AFE,0x0AF6,0x0AFE,0x2AFE,0x2AFE,0x09FE,0xE8F5,
    0xA7F5,0x46F5,0x04ED,0xC3EC,0xA2EC,0xA2EC,0x82EC,0xA2EC,0xA2EC,0xA2EC,0xC3EC,0xA3F4,
    0xC3F4,0xC3F4,0xC3EC,0xA2EC,0xA2EC,0xA2EC,0xA2EC,0xA2EC,0xA2EC,0xA2EC,0xA3EC,0xA3EC,
    0xA3EC,0xA3EC,0xC3EC,0xA3EC,0xC3EC,0xC3EC,0xC3EC,0xC3EC,0xC3EC,0xA3EC,0xA3EC,0xA3EC,
    0xC3EC,0xA3EC,0xA3EC,0xA3EC,0xA3EC,0xA3EC,0xA3EC,0xA3EC,0xA3EC,0xA2EC,0xA2EC,0x82EC,
    0x82EC,0x82EC,0xA3EC,0xC4EC,0x05ED,0x66F5,0xA7F5,0xE9FD,0x2AFE,0x2AFE,0x09F6,0x0AF6,
    0x2AFE,0x8BFE,0x6CFE,0x8BE5,0xC8A3,0xC461,0x6138,0x4130,0xA340,0xA340,0x4138,0x6130,
    0x2862,0x34B5,0xDFFF,0xFFFF,0xFFFF,0xFFFF,0xFFFF,0xFFFF,0xFFFF,0xFFFF,0xFFFF,0xFFFF,
    0xFFFF,0xFFFF,0xFFFF,0xFFFF,0xFFFF,0xFFFF,0xFFFF,0xFFFF,0xFFFF,0xFFFF,0xFFFF,0xFFFF,
    0xFFFF,0xFFFF,0xFFFF,0xFFFF,0xFFFF,0xFFFF,0xFFFF,0xFFFF,0xFFFF,0xFFFF,0xFFFF,0xFFFF,
    0xFFFF,0xFFFF,0xFFFF,0xFFFF,0xFFFF,0xFFFF,0xFFFF,0xFFFF,0xFFFF,0xFFFF,0xFFFF,0xFFFF,
    0xFFFF,0xFFFF,0xFFFF,0xFFFF,0xFFFF,0xFFFF,0xFFFF,0xFFFF,0xFFFF,0xFFFF,0xFFFF,0xFFFF,
    0xFFFF,0xFFFF,0xFFFF,0xFFFF,0xFFFF,0xFFFF,0xFFFF,0xFFFF,0xFFFF,0xFFFF,0xFFFF,0xFFFF,
    0xFFFF,0xFFFF,0xFFFF,0xFFFF,0xFFFF,0xFFFF,0xFFFF,0xFFFF,0xFFFF,0xFFFF,0xFFFF,0xFFFF,
    0xFFFF,0xFFFF,0xFFFF,0xFFFF,0xFFFF,0xFFFF,0xFFFF,0xFFFF,0xFFFF,0xFFFF,0xFFFF,0xFFFF,
    0xFFFF,0xFFFF,0xFFFF,0xFFFF,0xFFFF,0xFFFF,0xFFFF,0xFFFF,0xFFFF,0xFFFF,0xFFFF,0xFFFF,
    0xFFFF,0xFFFF,0xFFFF,0xFFFF,0xFFFF,0xFFFF,0xFFFF,0xFFFF,0xFFFF,0xFFFF,0xFFFF,0xFFFF,
    0xFFFF,0xFFFF,0xFFFF,0xFFFF,0xFFFF,0xFFFF,0xFFFF,0xFFFF,0xFFFF,0xFFFF,0xFFFF,0xFFFF,
    0xFFFF,0xFFFF,0xFFFF,0xFFFF,0xFFFF,0xFFFF,0xFFFF,0x9EF7,0xD2A4,0x8651,0x4130,0x6238,
    0xC348,0xA340,0x6140,0x0251,0x068B,0x2AD5,0x6CFE,0x8BFE,0x4AFE,0x09F6,0xE9F5,0x0AF6,
    0x0AF6,0x0AFE,0x0AFE,0x2AFE,0x2AFE,0x2AFE,0x2AFE,0x09FE,0xA8F5,0x46ED,0x04ED,0xA3EC,
    0x82EC,0x82EC,0x82EC,0xA2EC,0xA2EC,0xA3EC,0xA3EC,0xA3EC,0xC2EC,0xA3EC,0xA3EC,0xA2EC,
    0xA2EC,0xA2EC,0xA2EC,0xA2EC,0xA2EC,0xA2EC,0xA2EC,0xA2EC,0xA2EC,0xA2EC,0xA3EC,0xA3EC,
    0xC2EC,0xC3EC,0xC3EC,0xA3EC,0xA3EC,0xA3EC,0xA3EC,0xA3EC,0xA3EC,0xA3EC,0xA3EC,0xA3EC,
    0xA3EC,0xA3EC,0xA3EC,0xA3EC,0xA3EC,0xA3EC,0xA2EC,0xA3EC,0xA3EC,0xA3EC,0xA3EC,0xA3EC,
    0xA3EC,0xA3EC,0xA2EC,0x82EC,0x82EC,0x82EC,0xA3EC,0xC3EC,0x05ED,0x67F5,0xC8F5,0x09FE,
    0x2AFE,0x0AF6,0x09F6,0x2AFE,0x6BFE,0x2CF6,0xCACC,0xC682,0xE248,0x4130,0x8240,0xC348,
    0x6240,0x4130,0xC759,0xF3AC,0x9EF7,0xFFFF,0xFFFF,0xFFFF,0xFFFF,0xFFFF,0xFFFF,0xFFFF,
    0xFFFF,0xFFFF,0xFFFF,0xFFFF,0xFFFF,0xFFFF,0xFFFF,0xFFFF,0xFFFF,0xFFFF,0xFFFF,0xFFFF,
    0xFFFF,0xFFFF,0xFFFF,0xFFFF,0xFFFF,0xFFFF,0xFFFF,0xFFFF,0xFFFF,0xFFFF,0xFFFF,0xFFFF,
    0xFFFF,0xFFFF,0xFFFF,0xFFFF,0xFFFF,0xFFFF,0xFFFF,0xFFFF,0xFFFF,0xFFFF,0xFFFF,0xFFFF,
    0xFFFF,0xFFFF,0xFFFF,0xFFFF,0xFFFF,0xFFFF,0xFFFF,0xFFFF,0xFFFF,0xFFFF,0xFFFF,0xFFFF,
    0xFFFF,0xFFFF,0xFFFF,0xFFFF,0xFFFF,0xFFFF,0xFFFF,0xFFFF,0xFFFF,0xFFFF,0xFFFF,0xFFFF,
    0xFFFF,0xFFFF,0xFFFF,0xFFFF,0xFFFF,0xFFFF,0xFFFF,0xFFFF,0xFFFF,0xFFFF,0xFFFF,0xFFFF,
    0xFFFF,0xFFFF,0xFFFF,0xFFFF,0xFFFF,0xFFFF,0xFFFF,0xFFFF,0xFFFF,0xFFFF,0xFFFF,0xFFFF,
    0xFFFF,0xFFFF,0xFFFF,0xFFFF,0xFFFF,0xFFFF,0xFFFF,0xFFFF,0xFFFF,0xFFFF,0xFFFF,0xFFFF,
    0xFFFF,0xFFFF,0xFFFF,0xFFFF,0xFFFF,0xFFFF,0xFFFF,0xFFFF,0xFFFF,0xFFFF,0xFFFF,0xFFFF,
    0xFFFF,0xFFFF,0xFFFF,0xFFFF,0xFFFF,0xFFFF,0xFFFF,0xFFFF,0xFFFF,0xFFFF,0xFFFF,0xFFFF,
    0xFFFF,0xFFFF,0xFFFF,0xFFFF,0xFFFF,0xBEF7,0xD3AC,0x8651,0x2028,0x8238,0xC348,0x8240,
    0x6138,0xA361,0xE8AB,0xECED,0x8CFE,0x6BFE,0x0AF6,0x0AF6,0x0AF6,0x0AF6,0x0AF6,0x0AF6,
    0x0AF6,0x2AF6,0x2AFE,0x2AFE,0x09FE,0x87F5,0x25ED,0xE4EC,0xA3EC,0x82EC,0x82EC,0xA2EC,
    0xA2EC,0xA2EC,0xA2EC,0xA2EC,0xA2EC,0xA2EC,0xA3EC,0xA3EC,0xC3EC,0xA2EC,0xA2EC,0xA2EC,
    0xC2EC,0xA2EC,0xA2EC,0xA2EC,0xA2EC,0xA2EC,0xA2EC,0xA2EC,0xA2EC,0xA2EC,0xA2EC,0xA2EC,
    0xC2EC,0xA3EC,0xA3EC,0xA3EC,0xA3EC,0xA3EC,0xA3EC,0xA3EC,0xA3EC,0xA3EC,0xA3EC,0xA3EC,
    0xA3EC,0xA3EC,0xA3EC,0xA3EC,0xA3EC,0xA3EC,0xA3EC,0xA3EC,0xA3EC,0xA3EC,0xA3EC,0xA3EC,
    0xA3EC,0xA3EC,0xA3EC,0xA3EC,0xA3EC,0xA3EC,0xA3EC,0xA3EC,0xA2EC,0xA2EC,0xC3EC,0xE4EC,
    0x46ED,0xA8F5,0xE9F5,0x0AF6,0x09F6,0x09F6,0x4AFE,0x6CFE,0xABE5,0xA7A3,0x8361,0x6138,
    0x8240,0xE348,0x8240,0x2030,0x8651,0x14AD,0xDFFF,0xFFFF,0xFFFF,0xFFFF,0xFFFF,0xFFFF,
    0xFFFF,0xFFFF,0xFFFF,0xFFFF,0xFFFF,0xFFFF,0xFFFF,0xFFFF,0xFFFF,0xFFFF,0xFFFF,0xFFFF,
    0xFFFF,0xFFFF,0xFFFF,0xFFFF,0xFFFF,0xFFFF,0xFFFF,0xFFFF,0xFFFF,0xFFFF,0xFFFF,0xFFFF,
    0xFFFF,0xFFFF,0xFFFF,0xFFFF,0xFFFF,0xFFFF,0xFFFF,0xFFFF,0xFFFF,0xFFFF,0xFFFF,0xFFFF,
    0xFFFF,0xFFFF,0xFFFF,0xFFFF,0xFFFF,0xFFFF,0xFFFF,0xFFFF,0xFFFF,0xFFFF,0xFFFF,0xFFFF,
    0xFFFF,0xFFFF,0xFFFF,0xFFFF,0xFFFF,0xFFFF,0xFFFF,0xFFFF,0xFFFF,0xFFFF,0xFFFF,0xFFFF,
    0xFFFF,0xFFFF,0xFFFF,0xFFFF,0xFFFF,0xFFFF,0xFFFF,0xFFFF,0xFFFF,0xFFFF,0xFFFF,0xFFFF,
    0xFFFF,0xFFFF,0xFFFF,0xFFFF,0xFFFF,0xFFFF,0xFFFF,0xFFFF,0xFFFF,0xFFFF,0xFFFF,0xFFFF,
    0xFFFF,0xFFFF,0xFFFF,0xFFFF,0xFFFF,0xFFFF,0xFFFF,0xFFFF,0xFFFF,0xFFFF,0xFFFF,0xFFFF,
    0xFFFF,0xFFFF,0xFFFF,0xFFFF,0xFFFF,0xFFFF,0xFFFF,0xFFFF,0xFFFF,0xFFFF,0xFFFF,0xFFFF,
    0xFFFF,0xFFFF,0xFFFF,0xFFFF,0xFFFF,0xFFFF,0xFFFF,0xFFFF,0xFFFF,0xFFFF,0xFFFF,0xFFFF,
    0xFFFF,0xFFFF,0xFFFF,0xFFFF,0x14B5,0x8651,0x0028,0x6238,0xC340,0x6230,0x6138,0x2472,
    0x89C4,0x2CF6,0x8CFE,0x2AFE,0x0AF6,0x0AF6,0x2AF6,0x0AF6,0x0AF6,0x0AF6,0x0AF6,0x2AFE,
    0x2AFE,0xE9F5,0x87F5,0x05ED,0xC3EC,0xA2EC,0xA2EC,0xA2EC,0xC3EC,0xA3EC,0xA3EC,0xA3EC,
    0xA3EC,0xA3EC,0xA2EC,0xA3EC,0xA3EC,0xA3EC,0xA3EC,0xA3EC,0xA3EC,0xA2EC,0xA2EC,0xA2EC,
    0xC2EC,0xA2EC,0xA2EC,0xA2EC,0xA2EC,0xA2EC,0xA2EC,0xA2EC,0xA2EC,0xA2EC,0xC2EC,0xA3EC,
    0xA2EC,0xC2EC,0xA3EC,0xA3EC,0xC3EC,0xA3EC,0xA3EC,0xA3EC,0xA3EC,0xA3EC,0xA3EC,0xA3EC,
    0xA3EC,0xA3EC,0xA3EC,0xA3EC,0xA3EC,0xA3EC,0xA3EC,0xA2EC,0xA3EC,0xA2EC,0xA3EC,0xA2EC,
    0xA2EC,0xA3EC,0xA3EC,0xC3EC,0xA3EC,0xA3EC,0xA3EC,0xC3EC,0xA3EC,0xA3EC,0xA3EC,0xA2EC,
    0xA2EC,0xA2EC,0xC3EC,0x25ED,0x87F5,0xE9F5,0x09F6,0x09F6,0x2AFE,0x6BFE,0x0CF6,0xA9C4,
    0x2572,0x6138,0x6238,0xC340,0x8238,0x2028,0xC759,0x55B5,0xFFFF,0xFFFF,0xFFFF,0xFFFF,
    0xFFFF,0xFFFF,0xFFFF,0xFFFF,0xFFFF,0xFFFF,0xFFFF,0xFFFF,0xFFFF,0xFFFF,0xFFFF,0xFFFF,
    0xFFFF,0xFFFF,0xFFFF,0xFFFF,0xFFFF,0xFFFF,0xFFFF,0xFFFF,0xFFFF,0xFFFF,0xFFFF,0xFFFF,
    0xFFFF,0xFFFF,0xFFFF,0xFFFF,0xFFFF,0xFFFF,0xFFFF,0xFFFF,0xFFFF,0xFFFF,0xFFFF,0xFFFF,
    0xFFFF,0xFFFF,0xFFFF,0xFFFF,0xFFFF,0xFFFF,0xFFFF,0xFFFF,0xFFFF,0xFFFF,0xFFFF,0xFFFF,
    0xFFFF,0xFFFF,0xFFFF,0xFFFF,0xFFFF,0xFFFF,0xFFFF,0xFFFF,0xFFFF,0xFFFF,0xFFFF,0xFFFF,
    0xFFFF,0xFFFF,0xFFFF,0xFFFF,0xFFFF,0xFFFF,0xFFFF,0xFFFF,0xFFFF,0xFFFF,0xFFFF,0xFFFF,
    0xFFFF,0xFFFF,0xFFFF,0xFFFF,0xFFFF,0xFFFF,0xFFFF,0xFFFF,0xFFFF,0xFFFF,0xFFFF,0xFFFF,
    0xFFFF,0xFFFF,0xFFFF,0xFFFF,0xFFFF,0xFFFF,0xFFFF,0xFFFF,0xFFFF,0xFFFF,0xFFFF,0xFFFF,
    0xFFFF,0xFFFF,0xFFFF,0xFFFF,0xFFFF,0xFFFF,0xFFFF,0xFFFF,0xFFFF,0xFFFF,0xFFFF,0xFFFF,
    0xFFFF,0xFFFF,0xFFFF,0xFFFF,0xFFFF,0xFFFF,0xFFFF,0xFFFF,0xFFFF,0xFFFF,0xFFFF,0xDFFF,
    0xFFFF,0xFFFF,0xB6C5,0x085A,0x2130,0x6238,0xC340,0x4230,0x6138,0x2472,0xC9CC,0x4BFE,
    0x6AFE,0x09FE,0x09F6,0x0AFE,0x0AF6,0x2AFE,0x0AF6,0x0AF6,0x2AFE,0x2AFE,0xE9F5,0x87F5,
    0x25ED,0xC3EC,0x82EC,0xA2EC,0xA2EC,0xA3EC,0xA3EC,0xA3EC,0xA3EC,0xA3EC,0xA3EC,0xA3EC,
    0xA3EC,0xA3EC,0xA3EC,0xA3EC,0xA3EC,0xA3EC,0xA3EC,0xA3EC,0xA3EC,0xA3EC,0xA3EC,0xA3EC,
    0xA2EC,0xA2EC,0xA2EC,0xA2EC,0xA2EC,0xA2EC,0xA2EC,0xA2EC,0xA2EC,0xC2EC,0xA2EC,0xC3EC,
    0xC2EC,0xC2EC,0xC3EC,0xC3EC,0xC3EC,0xA3EC,0xA3EC,0xA3EC,0xA3EC,0xA3EC,0xA3EC,0xA3EC,
    0xA3EC,0xA3EC,0xA3EC,0xA3EC,0xA3EC,0xA3EC,0xA3EC,0xA3EC,0xA3EC,0xA3EC,0xA3EC,0xA3EC,
    0xA3EC,0xA3EC,0xC3EC,0xC2EC,0xC3EC,0xC3EC,0xC3EC,0xC3EC,0xC3EC,0xA3EC,0xA3EC,0xA3EC,
    0xA3EC,0xA2EC,0xA2EC,0x82EC,0xA3EC,0xC3EC,0x46F5,0xA8F5,0x09FE,0x09F6,0x09FE,0x6AFE,
    0x4CFE,0xCACC,0x4472,0x6138,0x6230,0xC340,0x6238,0x4028,0x085A,0xD6C5,0xFFFF,0xFFFF,
    0xDFFF,0xFFFF,0xFFFF,0xFFFF,0xFFFF,0xFFFF,0xFFFF,0xFFFF,0xFFFF,0xFFFF,0xFFFF,0xFFFF,
    0xFFFF,0xFFFF,0xFFFF,0xFFFF,0xFFFF,0xFFFF,0xFFFF,0xFFFF,0xFFFF,0xFFFF,0xFFFF,0xFFFF,
    0xFFFF,0xFFFF,0xFFFF,0xFFFF,0xFFFF,0xFFFF,0xFFFF,0xFFFF,0xFFFF,0xFFFF,0xFFFF,0xFFFF,
    0xFFFF,0xFFFF,0xFFFF,0xFFFF,0xFFFF,0xFFFF,0xFFFF,0xFFFF,0xFFFF,0xFFFF,0xFFFF,0xFFFF,
    0xFFFF,0xFFFF,0xFFFF,0xFFFF,0xFFFF,0xFFFF,0xFFFF,0xFFFF,0xFFFF,0xFFFF,0xFFFF,0xFFFF,
    0xFFFF,0xFFFF,0xFFFF,0xFFFF,0xFFFF,0xFFFF,0xFFFF,0xFFFF,0xFFFF,0xFFFF,0xFFFF,0xFFFF,
    0xFFFF,0xFFFF,0xFFFF,0xFFFF,0xFFFF,0xFFFF,0xFFFF,0xFFFF,0xFFFF,0xFFFF,0xFFFF,0xFFFF,
    0xFFFF,0xFFFF,0xFFFF,0xFFFF,0xFFFF,0xFFFF,0xFFFF,0xFFFF,0xFFFF,0xFFFF,0xFFFF,0xFFFF,
    0xFFFF,0xFFFF,0xFFFF,0xFFFF,0xFFFF,0xFFFF,0xFFFF,0xFFFF,0xFFFF,0xFFFF,0xFFFF,0xFFFF,
    0xFFFF,0xFFFF,0xFFFF,0xFFFF,0xFFFF,0xFFFF,0xFFFF,0xFFFF,0xFFFF,0xDFFF,0xFFFF,0xFFFF,
    0x79D6,0xAA72,0x6130,0x6238,0xC348,0x6238,0x6130,0x2472,0xC9CC,0x6BFE,0x4AFE,0x09F6,
    0xE9F5,0x09F6,0x09F6,0x2AF6,0x0AF6,0x2AF6,0x2AFE,0x2AFE,0xC8F5,0x46F5,0xC3EC,0x82EC,
    0x82EC,0xA2EC,0xA3EC,0xA3EC,0xC3EC,0xA3EC,0xA3EC,0xA3EC,0xA3EC,0xA3EC,0xA3EC,0xA3EC,
    0xA3EC,0xA3EC,0xA3EC,0xA3EC,0xA2EC,0xA3EC,0xA3EC,0xA3EC,0xA3EC,0xA3EC,0xA3EC,0xA3EC,
    0xA2EC,0xA2EC,0xA2EC,0xA2EC,0xA2EC,0xA2EC,0xC2EC,0xA2EC,0xA2EC,0xC2EC,0xA2EC,0xC2EC,
    0xA3EC,0xA3EC,0xA3EC,0xA3EC,0xA3EC,0xA3EC,0xA3EC,0xA3EC,0xA3EC,0xA3EC,0xA3EC,0xA3EC,
    0xA3EC,0xA3EC,0xA3EC,0xA3EC,0xA3EC,0xA3EC,0xA3EC,0xA3EC,0xA3EC,0xA3EC,0xA3EC,0xA3EC,
    0xA3EC,0xA3EC,0xA2EC,0xA3EC,0xA3EC,0xA3EC,0xC3EC,0xA3EC,0xA3EC,0xA3EC,0xA3EC,0xA3EC,
    0xA3EC,0xA3EC,0xA3EC,0xA3EC,0xA3EC,0xA2EC,0x82EC,0xA3EC,0xE4EC,0x67F5,0xE9F5,0x09FE,
    0x09F6,0x4AFE,0x4BFE,0xC9C4,0x046A,0x6130,0x6230,0xC340,0x6138,0x4130,0xCB72,0x79D6,
    0xFFFF,0xFFFF,0xFFFF,0xFFFF,0xFFFF,0xFFFF,0xFFFF,0xFFFF,0xFFFF,0xFFFF,0xFFFF,0xFFFF,
    0xFFFF,0xFFFF,0xFFFF,0xFFFF,0xFFFF,0xFFFF,0xFFFF,0xFFFF,0xFFFF,0xFFFF,0xFFFF,0xFFFF,
    0xFFFF,0xFFFF,0xFFFF,0xFFFF,0xFFFF,0xFFFF,0xFFFF,0xFFFF,0xFFFF,0xFFFF,0xFFFF,0xFFFF,
    0xFFFF,0xFFFF,0xFFFF,0xFFFF,0xFFFF,0xFFFF,0xFFFF,0xFFFF,0xFFFF,0xFFFF,0xFFFF,0xFFFF,
    0xFFFF,0xFFFF,0xFFFF,0xFFFF,0xFFFF,0xFFFF,0xFFFF,0xFFFF,0xFFFF,0xFFFF,0xFFFF,0xFFFF,
    0xFFFF,0xFFFF,0xFFFF,0xFFFF,0xFFFF,0xFFFF,0xFFFF,0xFFFF,0xFFFF,0xFFFF,0xFFFF,0xFFFF,
    0xFFFF,0xFFFF,0xFFFF,0xFFFF,0xFFFF,0xFFFF,0xFFFF,0xFFFF,0xFFFF,0xFFFF,0xFFFF,0xFFFF,
    0xFFFF,0xFFFF,0xFFFF,0xFFFF,0xFFFF,0xFFFF,0xFFFF,0xFFFF,0xFFFF,0xFFFF,0xFFFF,0xFFFF,
    0xFFFF,0xFFFF,0xFFFF,0xFFFF,0xFFFF,0xFFFF,0xFFFF,0xFFFF,0xFFFF,0xFFFF,0xFFFF,0xFFFF,
    0xFFFF,0xFFFF,0xFFFF,0xFFFF,0xFFFF,0xFFFF,0xFFFF,0xFFFF,0xDFFF,0xFFFF,0x7DF7,0xAE8B,
    0x8238,0x4138,0xC348,0x8240,0x4138,0x0472,0xC9CC,0x4BFE,0x4AFE,0x09F6,0x09F6,0x09F6,
    0x09F6,0x09F6,0x09F6,0x0AF6,0x2AFE,0x09FE,0x87F5,0x04ED,0xA3EC,0x82EC,0xA2EC,0xA3EC,
    0xA3EC,0xA3EC,0xA3EC,0xA3EC,0xA3EC,0xA3EC,0xA3EC,0xA3EC,0xA3EC,0xA3EC,0xA2EC,0xA3EC,
    0xA3EC,0xA3EC,0xA3EC,0xA3EC,0xA3EC,0xA3EC,0xA3EC,0xA3EC,0xA3EC,0xA2EC,0xA3EC,0xA2EC,
    0xA2EC,0xA2EC,0xA2EC,0xA2EC,0xA2EC,0xA2EC,0xA2EC,0xA2EC,0xA2EC,0xA2EC,0xA2EC,0xA2EC,
    0xA2EC,0xA2EC,0xA3EC,0xA3EC,0xA3EC,0xA3EC,0xA3EC,0xC3EC,0xA3EC,0xA3EC,0xC3EC,0xA3EC,
    0xA3EC,0xA3EC,0xA3EC,0xA3EC,0xA3EC,0xA3EC,0xA2EC,0xA3EC,0xA2EC,0xA3EC,0xA3EC,0xA3EC,
    0xA3EC,0xA3EC,0xA2EC,0xA3EC,0xA3EC,0xA3EC,0xA3EC,0xA3EC,0xA3EC,0xA3EC,0xA3EC,0xA3EC,
    0xA3EC,0xA2EC,0xA2EC,0xA2EC,0xA3EC,0xA3EC,0xA3EC,0xA3EC,0xA2EC,0xA2EC,0xC3EC,0x25ED,
    0xA7F5,0xE9FD,0x09F6,0x4AFE,0x4BFE,0xA9C4,0xE469,0x4130,0x8238,0xC340,0x4138,0xA238,
    0xCF8B,0x7DF7,0xFFFF,0xFFFF,0xFFFF,0xFFFF,0xFFFF,0xFFFF,0xFFFF,0xFFFF,0xFFFF,0xFFFF,
    0xFFFF,0xFFFF,0xFFFF,0xFFFF,0xFFFF,0xFFFF,0xFFFF,0xFFFF,0xFFFF,0xFFFF,0xFFFF,0xFFFF,
    0xFFFF,0xFFFF,0xFFFF,0xFFFF,0xFFFF,0xFFFF,0xFFFF,0xFFFF,0xFFFF,0xFFFF,0xFFFF,0xFFFF,
    0xFFFF,0xFFFF,0xFFFF,0xFFFF,0xFFFF,0xFFFF,0xFFFF,0xFFFF,0xFFFF,0xFFFF,0xFFFF,0xFFFF,
    0xFFFF,0xFFFF,0xFFFF,0xFFFF,0xFFFF,0xFFFF,0xFFFF,0xFFFF,0xFFFF,0xFFFF,0xFFFF,0xFFFF,
    0xFFFF,0xFFFF,0xFFFF,0xFFFF,0xFFFF,0xFFFF,0xFFFF,0xFFFF,0xFFFF,0xFFFF,0xFFFF,0xFFFF,
    0xFFFF,0xFFFF,0xFFFF,0xFFFF,0xFFFF,0xFFFF,0xFFFF,0xFFFF,0xFFFF,0xFFFF,0xFFFF,0xFFFF,
    0xFFFF,0xFFFF,0xFFFF,0xFFFF,0xFFFF,0xFFFF,0xFFFF,0xFFFF,0xFFFF,0xFFFF,0xFFFF,0xFFFF,
    0xFFFF,0xFFFF,0xFFFF,0xFFFF,0xFFFF,0xFFFF,0xFFFF,0xFFFF,0xFFFF,0xFFFF,0xFFFF,0xFFFF,
    0xFFFF,0xFFFF,0xFFFF,0xFFFF,0xFFFF,0xFFFF,0xDFFF,0xFFFF,0xFFFF,0x55B5,0x4549,0x2130,
    0xC348,0xC348,0x6138,0x8361,0x89C4,0x6CFE,0x6BFE,0x09F6,0x09F6,0x09F6,0x09F6,0x09F6,
    0x09F6,0x09F6,0x2AFE,0xE9FD,0x46F5,0xC3EC,0x82EC,0xA2EC,0xA2EC,0xA3EC,0xA3EC,0xA3EC,
    0xA3EC,0xA3EC,0xA3EC,0xA2EC,0xA2EC,0xA3EC,0xA3EC,0xC3EC,0xA3EC,0xA3EC,0xC3EC,0xC3EC,
    0xA3EC,0xC3EC,0xA3EC,0xA3EC,0xA3EC,0xA3EC,0xA3EC,0xA2EC,0xA3EC,0xA3EC,0xA3EC,0xA3EC,
    0xA2EC,0xA2EC,0xA2EC,0xA2EC,0xA2EC,0xA2EC,0xA2EC,0xA2EC,0xA2EC,0xA2EC,0xA2EC,0xA2EC,
    0xA2EC,0xA2EC,0xA2EC,0xA2EC,0xA2EC,0xA2EC,0xA2EC,0xA3EC,0xA3EC,0xA3EC,0xA3EC,0xA3EC,
    0xA3EC,0xA3EC,0xA3EC,0xA3EC,0xA3EC,0xA2EC,0xA2EC,0xA3EC,0xA3EC,0xA3EC,0xA3EC,0xA3EC,
    0xA3EC,0xA3EC,0xA3EC,0xC3EC,0xA3EC,0xC3EC,0xC3EC,0xC3EC,0xA3EC,0xA3EC,0xA3EC,0xA3EC,
    0xA3EC,0xA3EC,0xA3EC,0xA3EC,0xA3EC,0xA3EC,0xA3EC,0xA3EC,0xA3EC,0xA2EC,0xA3EC,0x82EC,
    0xA3EC,0x04ED,0x87F5,0xE9F5,0x09F6,0x4AFE,0x2BFE,0x48BC,0x6359,0x4130,0xC340,0xC348,
    0x4130,0x6551,0x55B5,0xFFFF,0xFFFF,0xDFFF,0xFFFF,0xFFFF,0xFFFF,0xFFFF,0xFFFF,0xFFFF,
    0xFFFF,0xFFFF,0xFFFF,0xFFFF,0xFFFF,0xFFFF,0xFFFF,0xFFFF,0xFFFF,0xFFFF,0xFFFF,0xFFFF,
    0xFFFF,0xFFFF,0xFFFF,0xFFFF,0xFFFF,0xFFFF,0xFFFF,0xFFFF,0xFFFF,0xFFFF,0xFFFF,0xFFFF,
    0xFFFF,0xFFFF,0xFFFF,0xFFFF,0xFFFF,0xFFFF,0xFFFF,0xFFFF,0xFFFF,0xFFFF,0xFFFF,0xFFFF,
    0xFFFF,0xFFFF,0xFFFF,0xFFFF,0xFFFF,0xFFFF,0xFFFF,0xFFFF,0xFFFF,0xFFFF,0xFFFF,0xFFFF,
    0xFFFF,0xFFFF,0xFFFF,0xFFFF,0xFFFF,0xFFFF,0xFFFF,0xFFFF,0xFFFF,0xFFFF,0xFFFF,0xFFFF,
    0xFFFF,0xFFFF,0xFFFF,0xFFFF,0xFFFF,0xFFFF,0xFFFF,0xFFFF,0xFFFF,0xFFFF,0xFFFF,0xFFFF,
    0xFFFF,0xFFFF,0xFFFF,0xFFFF,0xFFFF,0xFFFF,0xFFFF,0xFFFF,0xFFFF,0xFFFF,0xFFFF,0xFFFF,
    0xFFFF,0xFFFF,0xFFFF,0xFFFF,0xFFFF,0xFFFF,0xFFFF,0xFFFF,0xFFFF,0xFFFF,0xFFFF,0xFFFF,
    0xFFFF,0xFFFF,0xFFFF,0xFFFF,0xFFFF,0xFFFF,0xFFFF,0x3CEF,0x0C73,0x4130,0x8240,0xC348,
    0x4138,0xE248,0xC8A3,0x4DF6,0x8BFE,0x0AF6,0x0AF6,0x0AFE,0x0AF6,0x09F6,0x09F6,0x09F6,
    0x2AFE,0xE8F5,0x45ED,0xC3EC,0x82EC,0xA2EC,0xA2EC,0xA2EC,0xA3EC,0xA3EC,0xA3EC,0xA3EC,
    0xA3EC,0xA3EC,0xA3EC,0xA3EC,0xA3EC,0xA3EC,0xA3EC,0xA2EC,0xA3EC,0xA3EC,0xA3EC,0xA3EC,
    0xA3EC,0xA3EC,0xA3EC,0xA3EC,0xA3EC,0xA3EC,0xA3EC,0xA3EC,0xA2EC,0x82EC,0x82EC,0xA2EC,
    0xA2EC,0xC2EC,0xC2F4,0xE3F4,0xE3F4,0x03F5,0x03FD,0x03FD,0x03FD,0x04FD,0x04FD,0x04FD,
    0x04FD,0x04F5,0x04F5,0x03FD,0x04FD,0x04FD,0x03FD,0xE3F4,0xE3F4,0xC3F4,0xC2EC,0xA2EC,
    0xA2EC,0xA2EC,0x82EC,0x82EC,0xA2EC,0xA2EC,0xA2EC,0xA2EC,0xA2EC,0xA3EC,0xA3EC,0xA3EC,
    0xA3EC,0xA3EC,0xA3EC,0xA3EC,0xA3EC,0xA3EC,0xA3EC,0xA3EC,0xA3EC,0xA3EC,0xA3EC,0xA3EC,
    0xA3EC,0xA3EC,0xA3EC,0xA3EC,0xA3EC,0xA3EC,0xA3EC,0xA3EC,0xA3EC,0xA3EC,0xA3EC,0xA3EC,
    0xA3EC,0x82EC,0xA2E4,0xE4EC,0x67F5,0xE9F5,0x09FE,0x6AFE,0x0CF6,0x879B,0xE248,0x6238,
    0xE450,0x8240,0x6130,0xEB72,0xFBE6,0xFFFF,0xFFFF,0xFFFF,0xFFFF,0xFFFF,0xFFFF,0xFFFF,
    0xFFFF,0xFFFF,0xFFFF,0xFFFF,0xFFFF,0xFFFF,0xFFFF,0xFFFF,0xFFFF,0xFFFF,0xFFFF,0xFFFF,
    0xFFFF,0xFFFF,0xFFFF,0xFFFF,0xFFFF,0xFFFF,0xFFFF,0xFFFF,0xFFFF,0xFFFF,0xFFFF,0xFFFF,
    0xFFFF,0xFFFF,0xFFFF,0xFFFF,0xFFFF,0xFFFF,0xFFFF,0xFFFF,0xFFFF,0xFFFF,0xFFFF,0xFFFF,
    0xFFFF,0xFFFF,0xFFFF,0xFFFF,0xFFFF,0xFFFF,0xFFFF,0xFFFF,0xFFFF,0xFFFF,0xFFFF,0xFFFF,
    0xFFFF,0xFFFF,0xFFFF,0xFFFF,0xFFFF,0xFFFF,0xFFFF,0xFFFF,0xFFFF,0xFFFF,0xFFFF,0xFFFF,
    0xFFFF,0xFFFF,0xFFFF,0xFFFF,0xFFFF,0xFFFF,0xFFFF,0xFFFF,0xFFFF,0xFFFF,0xFFFF,0xFFFF,
    0xFFFF,0xFFFF,0xFFFF,0xFFFF,0xFFFF,0xFFFF,0xFFFF,0xFFFF,0xFFFF,0xFFFF,0xFFFF,0xFFFF,
    0xFFFF,0xFFFF,0xFFFF,0xFFFF,0xFFFF,0xFFFF,0xFFFF,0xFFFF,0xFFFF,0xFFFF,0xFFFF,0xFFFF,
    0xFFFF,0xFFFF,0xFFFF,0xDFFF,0xFFFF,0xFFFF,0xF3AC,0x0441,0x4130,0xE348,0xA240,0x8140,
    0xA582,0x8BE5,0x8CFE,0x2AF6,0x0AF6,0x2AF6,0x0AF6,0x0AF6,0x0AF6,0x0AF6,0x2AFE,0xC8F5,
    0x25ED,0xA3EC,0x82EC,0xA2EC,0xA2EC,0xA3EC,0xA3EC,0xA3EC,0xA3EC,0xA3EC,0xA3EC,0xA3EC,
    0xA3EC,0xA3EC,0xA3EC,0xA2EC,0xA2EC,0xA3EC,0xA2EC,0xA2EC,0xA3EC,0xA3EC,0xA3EC,0xA3EC,
    0xA3EC,0xA3EC,0xA3EC,0x82EC,0x82EC,0xA2EC,0xC2F4,0xE2F4,0x03F5,0xE3F4,0x03F5,0xE4F4,
    0xC4EC,0xA4E4,0x64DC,0x24D4,0xC4C3,0x84BB,0x43B3,0x23AB,0x03A3,0xE39A,0xC39A,0xA39A,
    0xA39A,0xA39A,0xC39A,0xE3A2,0x04AB,0x44B3,0x84BB,0xC4C3,0x04D4,0x44DC,0x84E4,0xC5EC,
    0xE4F4,0xE4F4,0xE3FC,0xE3F4,0xC2F4,0xA2EC,0xA2EC,0x82EC,0x82EC,0xA2EC,0xA3EC,0xA3EC,
    0xA3EC,0xC3EC,0xA2EC,0xA3EC,0xA3EC,0xA3EC,0xA3EC,0xA3EC,0xA3EC,0xA3EC,0xA3EC,0xA3EC,
    0xA3EC,0xA3EC,0xA3EC,0xA3EC,0xA3EC,0xA3EC,0xA3EC,0xA3EC,0xA3EC,0xA2EC,0xA3EC,0xA3EC,
    0xA3EC,0xA3EC,0xA3EC,0xA2EC,0x82EC,0xC4EC,0x67F5,0xE9F5,0x2AFE,0x8BFE,0x8BE5,0xA582,
    0x8138,0xA340,0xE348,0x2130,0x0441,0xF3AC,0xFFFF,0xFFFF,0xFFFF,0xFFFF,0xFFFF,0xFFFF,
    0xFFFF,0xFFFF,0xFFFF,0xFFFF,0xFFFF,0xFFFF,0xFFFF,0xFFFF,0xFFFF,0xFFFF,0xFFFF,0xFFFF,
    0xFFFF,0xFFFF,0xFFFF,0xFFFF,0xFFFF,0xFFFF,0xFFFF,0xFFFF,0xFFFF,0xFFFF,0xFFFF,0xFFFF,
    0xFFFF,0xFFFF,0xFFFF,0xFFFF,0xFFFF,0xFFFF,0xFFFF,0xFFFF,0xFFFF,0xFFFF,0xFFFF,0xFFFF,
    0xFFFF,0xFFFF,0xFFFF,0xFFFF,0xFFFF,0xFFFF,0xFFFF,0xFFFF,0xFFFF,0xFFFF,0xFFFF,0xFFFF,
    0xFFFF,0xFFFF,0xFFFF,0xFFFF,0xFFFF,0xFFFF,0xFFFF,0xFFFF,0xFFFF,0xFFFF,0xFFFF,0xFFFF,
    0xFFFF,0xFFFF,0xFFFF,0xFFFF,0xFFFF,0xFFFF,0xFFFF,0xFFFF,0xFFFF,0xFFFF,0xFFFF,0xFFFF,
    0xFFFF,0xFFFF,0xFFFF,0xFFFF,0xFFFF,0xFFFF,0xFFFF,0xFFFF,0xFFFF,0xFFFF,0xFFFF,0xFFFF,
    0xFFFF,0xFFFF,0xFFFF,0xFFFF,0xFFFF,0xFFFF,0xFFFF,0xFFFF,0xFFFF,0xFFFF,0xFFFF,0xFFFF,
    0xFFFF,0xFFFF,0xDFFF,0xFFFF,0x1CE7,0xAA6A,0x0028,0x8238,0xC340,0x4130,0x8361,0xC9C4,
    0x8CFE,0x4AFE,0x09F6,0x0AF6,0x2AFE,0x2AF6,0x0AF6,0x0AF6,0x2AFE,0xE9FD,0x46ED,0xA3EC,
    0x82EC,0xA2EC,0xA2EC,0xA2EC,0xA2EC,0xA3EC,0xA3EC,0xA3EC,0xA3EC,0xA3EC,0xA3EC,0xA3EC,
    0xA3EC,0xA3EC,0xA3EC,0xA2EC,0xA3EC,0xA3EC,0xA3EC,0xA3EC,0xA3EC,0xA3EC,0xA3EC,0xA2EC,
    0xA2EC,0xC3F4,0xE3F4,0x03FD,0x04F5,0xC5EC,0x65DC,0xE4C3,0x64B3,0xC39A,0x4382,0xC271,
    0x6261,0x0259,0xC148,0xA140,0x8140,0x8240,0x8240,0x6238,0x6138,0x8138,0x8238,0x6238,
    0x6238,0x6238,0x6238,0x6138,0x6138,0x6140,0x8240,0x8240,0xA148,0xC150,0x0259,0x4261,
    0xA269,0x2282,0xA39A,0x44AB,0xE5C3,0x64DC,0xC4EC,0xE3F4,0xE3F4,0xE3F4,0xC3F4,0xA2EC,
    0xA2EC,0xA2EC,0xC3EC,0xA3EC,0xA3EC,0xA2EC,0xA3EC,0xA2EC,0xA3EC,0xA3EC,0xA3EC,0xA3EC,
    0xA3EC,0xA3EC,0xA3EC,0xA3EC,0xA3EC,0xA3EC,0xA3EC,0xA3EC,0xA3EC,0xA3EC,0xA3EC,0xA3EC,
    0xA3EC,0xA3EC,0xA3EC,0xA3EC,0xA3EC,0xA2EC,0xA2EC,0xE4EC,0x87F5,0xE9F5,0x4AFE,0x6CFE,
    0x89C4,0x6359,0x4130,0xC340,0x8240,0x2028,0xCB72,0x1CEF,0xFFFF,0xDFFF,0xFFFF,0xFFFF,
    0xFFFF,0xFFFF,0xFFFF,0xFFFF,0xFFFF,0xFFFF,0xFFFF,0xFFFF,0xFFFF,0xFFFF,0xFFFF,0xFFFF,
    0xFFFF,0xFFFF,0xFFFF,0xFFFF,0xFFFF,0xFFFF,0xFFFF,0xFFFF,0xFFFF,0xFFFF,0xFFFF,0xFFFF,
    0xFFFF,0xFFFF,0xFFFF,0xFFFF,0xFFFF,0xFFFF,0xFFFF,0xFFFF,0xFFFF,0xFFFF,0xFFFF,0xFFFF,
    0xFFFF,0xFFFF,0xFFFF,0xFFFF,0xFFFF,0xFFFF,0xFFFF,0xFFFF,0xFFFF,0xFFFF,0xFFFF,0xFFFF,
    0xFFFF,0xFFFF,0xFFFF,0xFFFF,0xFFFF,0xFFFF,0xFFFF,0xFFFF,0xFFFF,0xFFFF,0xFFFF,0xFFFF,
    0xFFFF,0xFFFF,0xFFFF,0xFFFF,0xFFFF,0xFFFF,0xFFFF,0xFFFF,0xFFFF,0xFFFF,0xFFFF,0xFFFF,
    0xFFFF,0xFFFF,0xFFFF,0xFFFF,0xFFFF,0xFFFF,0xFFFF,0xFFFF,0xFFFF,0xFFFF,0xFFFF,0xFFFF,
    0xFFFF,0xFFFF,0xFFFF,0xFFFF,0xFFFF,0xFFFF,0xFFFF,0xFFFF,0xFFFF,0xFFFF,0xFFFF,0xFFFF,
    0xFFFF,0xFFFF,0xFFFF,0x55B5,0xE440,0x0028,0xC340,0x6238,0x8138,0x2693,0x0BF6,0x6BFE,
    0x0AF6,0x0AF6,0x2AFE,0x0AFE,0x2AFE,0x2AF6,0x2AFE,0x09FE,0x66F5,0xC3EC,0x82EC,0xA2EC,
    0xA2EC,0xA3EC,0xA3EC,0xA3EC,0xA3EC,0xA3EC,0xA3EC,0xA3EC,0xA3EC,0xA3EC,0xA3EC,0xA3EC,
    0xA3EC,0xA3EC,0xA3EC,0xA3EC,0xA3EC,0xA3EC,0xA3EC,0xA2EC,0xA2EC,0xC2EC,0xE3F4,0x04FD,
    0xE5F4,0x85E4,0x05CC,0x24AB,0x438A,0x8269,0xE150,0x8240,0x6138,0x4130,0x6230,0x6238,
    0x8238,0x8238,0x8238,0xA338,0xA238,0xA240,0xA340,0x8240,0x8240,0x8240,0x8240,0x8240,
    0x8238,0x8240,0x8240,0x8240,0x8240,0x8240,0x8340,0xA340,0xA340,0xA340,0x8240,0x8238,
    0x8238,0x6230,0x4130,0x6138,0x8138,0xE148,0x8269,0x438A,0x24AB,0x05CC,0x85E4,0xE5F4,
    0x04FD,0xE3F4,0xC3F4,0xA2EC,0xA2EC,0xA3EC,0xA3EC,0xA3EC,0xA3EC,0xA3EC,0xA3EC,0xA3EC,
    0xA3EC,0xA3EC,0xA3EC,0xA3EC,0xA3EC,0xA3EC,0xA3EC,0xA3EC,0xA3EC,0xA3EC,0xA3EC,0xA3EC,
    0xA3EC,0xA3EC,0xC3EC,0xA3EC,0xA3EC,0xA3EC,0xA3EC,0xA2EC,0xA2EC,0xE5EC,0xA8F5,0x09FE,
    0x6BFE,0xECF5,0x2693,0x8138,0x6238,0xE448,0x2130,0x2441,0x96BD,0xFFFF,0xFFFF,0xFFFF,
    0xFFFF,0xFFFF,0xFFFF,0xFFFF,0xFFFF,0xFFFF,0xFFFF,0xFFFF,0xFFFF,0xFFFF,0xFFFF,0xFFFF,
    0xFFFF,0xFFFF,0xFFFF,0xFFFF,0xFFFF,0xFFFF,0xFFFF,0xFFFF,0xFFFF,0xFFFF,0xFFFF,0xFFFF,
    0xFFFF,0xFFFF,0xFFFF,0xFFFF,0xFFFF,0xFFFF,0xFFFF,0xFFFF,0xFFFF,0xFFFF,0xFFFF,0xFFFF,
    0xFFFF,0xFFFF,0xFFFF,0xFFFF,0xFFFF,0xFFFF,0xFFFF,0xFFFF,0xFFFF,0xFFFF,0xFFFF,0xFFFF,
    0xFFFF,0xFFFF,0xFFFF,0xFFFF,0xFFFF,0xFFFF,0xFFFF,0xFFFF,0xFFFF,0xFFFF,0xFFFF,0xFFFF,
    0xFFFF,0xFFFF,0xFFFF,0xFFFF,0xFFFF,0xFFFF,0xFFFF,0xFFFF,0xFFFF,0xFFFF,0xFFFF,0xFFFF,
    0xFFFF,0xFFFF,0xFFFF,0xFFFF,0xFFFF,0xFFFF,0xFFFF,0xFFFF,0xFFFF,0xFFFF,0xFFFF,0xFFFF,
    0xFFFF,0xFFFF,0xFFFF,0xFFFF,0xFFFF,0xFFFF,0xFFFF,0xFFFF,0xFFFF,0xFFFF,0xFFFF,0xDFFF,
    0xFFFF,0xBEFF,0x4D83,0x2028,0x6238,0xA340,0x2128,0x8359,0xE9D4,0x8BFE,0x09F6,0xE9F5,
    0x0AF6,0x09FE,0x0AF6,0x0AF6,0x2AFE,0x0AFE,0x87F5,0xE4EC,0x82EC,0xA2EC,0xA3EC,0xA3EC,
    0xA3EC,0xA3EC,0xA3EC,0xA3EC,0xA3EC,0xA3EC,0xA3EC,0xA3EC,0xA3EC,0xA3EC,0xA3EC,0xA3EC,
    0xA3EC,0xA3EC,0xA3EC,0xA2EC,0xA2EC,0xA2EC,0xC3F4,0xE3F4,0xE4F4,0x85DC,0xA4BB,0x8392,
    0xA271,0x0251,0x8140,0x6138,0x6238,0x8240,0xA340,0xA340,0x8240,0x6238,0x6238,0x4138,
    0x4138,0x6138,0x8140,0xA140,0xE250,0x2259,0x6261,0x8269,0xA271,0xC379,0xE379,0x0382,
    0xE381,0xE379,0xC379,0xC271,0xA271,0x8269,0x4261,0x2259,0xE150,0xA140,0x8138,0x6138,
    0x4230,0x6230,0x6238,0x8238,0xA238,0xA338,0x8238,0x8238,0x8238,0xA140,0x0259,0xC271,
    0xA39A,0xA4C3,0x85E4,0xE4F4,0xE3F4,0xC3F4,0xA2EC,0x82EC,0xA3EC,0xA3EC,0xA3EC,0xA3EC,
    0xA3EC,0xA3EC,0xA3EC,0xA3EC,0xA3EC,0xA3EC,0xA3EC,0xA3EC,0xA3EC,0xA3EC,0xA3EC,0xA3EC,
    0xA3EC,0xA3EC,0xA3EC,0xA3EC,0xA3EC,0xA3EC,0xA3EC,0xA3EC,0xA3F4,0xA2EC,0xA3EC,0x05ED,
    0xA8F5,0x29FE,0x6BFE,0xCACC,0x6359,0x4130,0xC340,0x8238,0x4130,0x8E83,0xBFFF,0xFFFF,
    0xDFFF,0xFFFF,0xFFFF,0xFFFF,0xFFFF,0xFFFF,0xFFFF,0xFFFF,0xFFFF,0xFFFF,0xFFFF,0xFFFF,
    0xFFFF,0xFFFF,0xFFFF,0xFFFF,0xFFFF,0xFFFF,0xFFFF,0xFFFF,0xFFFF,0xFFFF,0xFFFF,0xFFFF,
    0xFFFF,0xFFFF,0xFFFF,0xFFFF,0xFFFF,0xFFFF,0xFFFF,0xFFFF,0xFFFF,0xFFFF,0xFFFF,0xFFFF,
    0xFFFF,0xFFFF,0xFFFF,0xFFFF,0xFFFF,0xFFFF,0xFFFF,0xFFFF,0xFFFF,0xFFFF,0xFFFF,0xFFFF,
    0xFFFF,0xFFFF,0xFFFF,0xFFFF,0xFFFF,0xFFFF,0xFFFF,0xFFFF,0xFFFF,0xFFFF,0xFFFF,0xFFFF,
    0xFFFF,0xFFFF,0xFFFF,0xFFFF,0xFFFF,0xFFFF,0xFFFF,0xFFFF,0xFFFF,0xFFFF,0xFFFF,0xFFFF,
    0xFFFF,0xFFFF,0xFFFF,0xFFFF,0xFFFF,0xFFFF,0xFFFF,0xFFFF,0xFFFF,0xFFFF,0xFFFF,0xFFFF,
    0xFFFF,0xFFFF,0xFFFF,0xFFFF,0xFFFF,0xFFFF,0xFFFF,0xFFFF,0xFFFF,0xFFFF,0xDFFF,0xFFFF,
    0x9ADE,0xC759,0x0028,0xC340,0x6230,0x6030,0x2693,0x0BF6,0x4AFE,0xE9F5,0x09F6,0x0AF6,
    0x0AF6,0x09F6,0x0AF6,0x2AFE,0xA8F5,0x04ED,0x82EC,0xA2EC,0xC3EC,0xA3EC,0xA3EC,0xA3EC,
    0xA3EC,0xA3EC,0xA3EC,0xA3EC,0xA3EC,0xA2EC,0xA3EC,0xA3EC,0xA3EC,0xA2EC,0xA3EC,0xA3EC,
    0xA3EC,0xA2EC,0xA2EC,0xC2F4,0x04F5,0xC4EC,0x25D4,0x23AB,0xE271,0xE248,0x6138,0x6238,
    0x8238,0xA340,0xA340,0xA240,0x6238,0x6238,0x8140,0xC250,0x2259,0xA269,0x037A,0xA392,
    0x04AB,0x65BB,0xC5C3,0x05CC,0x45DC,0x65E4,0x85E4,0xA5EC,0xC5EC,0xC5F4,0xE5F4,0xE5F4,
    0xE5F4,0xE5F4,0xC5EC,0xC5EC,0xC5EC,0xA5EC,0x85E4,0x65DC,0x25D4,0xE5CB,0x85BB,0x24AB,
    0xA392,0x237A,0x8269,0x0251,0xC240,0x8138,0x6238,0x8238,0xA340,0xA340,0xA340,0xA340,
    0x8240,0x8140,0x0151,0xE279,0x03A3,0x25D4,0xC4EC,0x03F5,0xC3F4,0xA2EC,0xA2EC,0xA3EC,
    0xA3EC,0xA3EC,0xA3EC,0xA2EC,0xA3EC,0xA3EC,0xA3EC,0xA3EC,0xA3EC,0xA3EC,0xA2EC,0xA3EC,
    0xA3EC,0xA3EC,0xA3EC,0xA3EC,0xA3EC,0xA3EC,0xA3EC,0xA3EC,0xA3EC,0xA3EC,0xA3EC,0x82EC,
    0xA3EC,0x26ED,0xC8F5,0x4AFE,0xEBF5,0x068B,0x4030,0x8238,0xC348,0x0028,0xE859,0xBADE,
    0xFFFF,0xDFFF,0xFFFF,0xFFFF,0xFFFF,0xFFFF,0xFFFF,0xFFFF,0xFFFF,0xFFFF,0xFFFF,0xFFFF,
    0xFFFF,0xFFFF,0xFFFF,0xFFFF,0xFFFF,0xFFFF,0xFFFF,0xFFFF,0xFFFF,0xFFFF,0xFFFF,0xFFFF,
    0xFFFF,0xFFFF,0xFFFF,0xFFFF,0xFFFF,0xFFFF,0xFFFF,0xFFFF,0xFFFF,0xFFFF,0xFFFF,0xFFFF,
    0xFFFF,0xFFFF,0xFFFF,0xFFFF,0xFFFF,0xFFFF,0xFFFF,0xFFFF,0xFFFF,0xFFFF,0xFFFF,0xFFFF,
    0xFFFF,0xFFFF,0xFFFF,0xFFFF,0xFFFF,0xFFFF,0xFFFF,0xFFFF,0xFFFF,0xFFFF,0xFFFF,0xFFFF,
    0xFFFF,0xFFFF,0xFFFF,0xFFFF,0xFFFF,0xFFFF,0xFFFF,0xFFFF,0xFFFF,0xFFFF,0xFFFF,0xFFFF,
    0xFFFF,0xFFFF,0xFFFF,0xFFFF,0xFFFF,0xFFFF,0xFFFF,0xFFFF,0xFFFF,0xFFFF,0xFFFF,0xFFFF,
    0xFFFF,0xFFFF,0xFFFF,0xFFFF,0xFFFF,0xFFFF,0xFFFF,0xFFFF,0xFFFF,0xFFFF,0xFFFF,0x14B5,
    0xA338,0x6238,0xE448,0x2130,0x4251,0xEACC,0x8BFE,0x09F6,0x09F6,0x0AF6,0x0AF6,0x0AF6,
    0x09F6,0x2AF6,0xE9FD,0x25ED,0xA2EC,0xA2EC,0xA2EC,0xA3EC,0xA3EC,0xA3EC,0xA3EC,0xA3EC,
    0xA3EC,0xA3EC,0xA3EC,0xA3EC,0xA3EC,0xA2EC,0xA2EC,0xA2EC,0xA2EC,0xA3EC,0xA2EC,0xA2EC,
    0xC2F4,0x04F5,0x05F5,0x45D4,0xE4A2,0x8269,0xA148,0x4138,0x6238,0x8338,0xA338,0x6238,
    0x4238,0x6138,0xC148,0x4261,0x0382,0xC39A,0x85BB,0x25D4,0x85E4,0xC5EC,0xE4F4,0xC4F4,
    0xC4F4,0xC3F4,0xA3EC,0xA3EC,0x83EC,0x83EC,0x62EC,0x82EC,0x82EC,0x63EC,0x83EC,0x83EC,
    0x83EC,0x83EC,0x83EC,0x83EC,0x83EC,0x83EC,0x83EC,0x83EC,0x83EC,0xA3EC,0xC3F4,0xC3F4,
    0xC4F4,0xC4F4,0xA5EC,0x65DC,0x05CC,0xA4BB,0xE4A2,0x2382,0x4261,0xC248,0x8138,0x6238,
    0xA340,0xA340,0xA340,0x6238,0x4130,0xA140,0xA269,0xE4A2,0x25D4,0xE5EC,0x04F5,0xC2F4,
    0xA2EC,0xA3EC,0xA3EC,0xA3EC,0xA3EC,0xA3EC,0xA3EC,0xA3EC,0xA3EC,0xA3EC,0xA3EC,0xA3EC,
    0xA3EC,0xC3EC,0xA3EC,0xA3EC,0xA3EC,0xA3EC,0xA3EC,0xA3EC,0xA3EC,0xA3EC,0xA3EC,0xA3EC,
    0xA2EC,0x82EC,0xC4EC,0x67F5,0x09FE,0x8CFE,0x89BC,0x0249,0x4130,0xE448,0x4138,0xC338,
    0x34B5,0xFFFF,0xFFFF,0xFFFF,0xFFFF,0xFFFF,0xFFFF,0xFFFF,0xFFFF,0xFFFF,0xFFFF,0xFFFF,
    0xFFFF,0xFFFF,0xFFFF,0xFFFF,0xFFFF,0xFFFF,0xFFFF,0xFFFF,0xFFFF,0xFFFF,0xFFFF,0xFFFF,
    0xFFFF,0xFFFF,0xFFFF,0xFFFF,0xFFFF,0xFFFF,0xFFFF,0xFFFF,0xFFFF,0xFFFF,0xFFFF,0xFFFF,
    0xFFFF,0xFFFF,0xFFFF,0xFFFF,0xFFFF,0xFFFF,0xFFFF,0xFFFF,0xFFFF,0xFFFF,0xFFFF,0xFFFF,
    0xFFFF,0xFFFF,0xFFFF,0xFFFF,0xFFFF,0xFFFF,0xFFFF,0xFFFF,0xFFFF,0xFFFF,0xFFFF,0xFFFF,
    0xFFFF,0xFFFF,0xFFFF,0xFFFF,0xFFFF,0xFFFF,0xFFFF,0xFFFF,0xFFFF,0xFFFF,0xFFFF,0xFFFF,
    0xFFFF,0xFFFF,0xFFFF,0xFFFF,0xFFFF,0xFFFF,0xFFFF,0xFFFF,0xFFFF,0xFFFF,0xFFFF,0xFFFF,
    0xFFFF,0xFFFF,0xFFFF,0xFFFF,0xFFFF,0xFFFF,0xFFFF,0xDFFF,0xFFFF,0xFFFF,0xCF93,0x2130,
    0xA240,0xC348,0x4138,0x857A,0xECED,0x6BFE,0xE9F5,0x0AF6,0x0AF6,0x0AF6,0x09F6,0x09F6,
    0x09FE,0x87F5,0xC3EC,0x82EC,0xA2EC,0xA2EC,0xA3EC,0xA3EC,0xA3EC,0xA3EC,0xA3EC,0xA3EC,
    0xA3F4,0xA3EC,0xA3EC,0xA3EC,0xA3EC,0xA3EC,0xA3EC,0xA3EC,0x82EC,0xA2EC,0xC2F4,0xE4F4,
    0x65DC,0x24AB,0xA371,0xC148,0x4138,0x8240,0xA340,0xA340,0x6238,0x4138,0xA140,0x4261,
    0x2382,0x44AB,0x04CC,0xA4E4,0xE5F4,0xE4F4,0xC4F4,0xA3F4,0x83EC,0x63EC,0x63EC,0x63E4,
    0x63E4,0x63E4,0x83E4,0x63E4,0x83E4,0x63E4,0x83EC,0x83EC,0x83EC,0x83EC,0x83EC,0x83EC,
    0x83EC,0x83EC,0x83EC,0x83EC,0x83EC,0x83EC,0x83EC,0x83EC,0x83E4,0x83E4,0x63E4,0x63E4,
    0x63E4,0x62E4,0x62EC,0x82EC,0xA3EC,0xC4F4,0xE4F4,0xE5F4,0xA5EC,0x45D4,0x64B3,0x638A,
    0x6261,0xA140,0x4130,0x6238,0xA340,0xA340,0x8238,0x6138,0xA148,0xA371,0x24AB,0x85DC,
    0x04F5,0xE3F4,0xA2EC,0x82EC,0xA3EC,0xA3EC,0xA3EC,0xA3EC,0xA2EC,0xA3EC,0xA3EC,0xA3EC,
    0xA3EC,0xA3EC,0xA3EC,0xC3EC,0xA3EC,0xA3EC,0xA3EC,0xA3EC,0xA3EC,0xA3EC,0xA2EC,0xA3EC,
    0xA3EC,0xA3EC,0xA2EC,0x83EC,0x05ED,0xA8F5,0x6BFE,0xABE5,0x2472,0x4130,0xC348,0xA340,
    0x4130,0xCE8B,0xDFFF,0xFFFF,0xFFFF,0xFFFF,0xFFFF,0xFFFF,0xFFFF,0xFFFF,0xFFFF,0xFFFF,
    0xFFFF,0xFFFF,0xFFFF,0xFFFF,0xFFFF,0xFFFF,0xFFFF,0xFFFF,0xFFFF,0xFFFF,0xFFFF,0xFFFF,
    0xFFFF,0xFFFF,0xFFFF,0xFFFF,0xFFFF,0xFFFF,0xFFFF,0xFFFF,0xFFFF,0xFFFF,0xFFFF,0xFFFF,
    0xFFFF,0xFFFF,0xFFFF,0xFFFF,0xFFFF,0xFFFF,0xFFFF,0xFFFF,0xFFFF,0xFFFF,0xFFFF,0xFFFF,
    0xFFFF,0xFFFF,0xFFFF,0xFFFF,0xFFFF,0xFFFF,0xFFFF,0xFFFF,0xFFFF,0xFFFF,0xFFFF,0xFFFF,
    0xFFFF,0xFFFF,0xFFFF,0xFFFF,0xFFFF,0xFFFF,0xFFFF,0xFFFF,0xFFFF,0xFFFF,0xFFFF,0xFFFF,
    0xFFFF,0xFFFF,0xFFFF,0xFFFF,0xFFFF,0xFFFF,0xFFFF,0xFFFF,0xFFFF,0xFFFF,0xFFFF,0xFFFF,
    0xFFFF,0xFFFF,0xFFFF,0xFFFF,0xFFFF,0xFFFF,0xDFFF,0xFFFF,0x5DEF,0x8A6A,0x2130,0xC348,
    0x6238,0x8140,0xE8AB,0x8DFE,0x2AFE,0x0AF6,0x0AF6,0x0AF6,0x0AF6,0x09F6,0x2AF6,0xE8F5,
    0x05ED,0x82EC,0xA2EC,0xA2EC,0xA3EC,0xA3EC,0xA3EC,0xA3EC,0xA2EC,0xA3EC,0xA3EC,0xA3EC,
    0xC3EC,0xC3EC,0xA3EC,0xA3EC,0xA2EC,0xA2EC,0xA2EC,0xA2EC,0xE3F4,0xA4EC,0xA4C3,0x037A,
    0xC248,0x4138,0x6238,0xA340,0xA340,0x6238,0x6140,0xE250,0xC379,0x04AB,0x05CC,0xA4E4,
    0xC4F4,0xA3F4,0x83EC,0x62EC,0x62EC,0x62EC,0x63EC,0x63EC,0x83EC,0x83EC,0x83EC,0x83EC,
    0x83EC,0x83EC,0x83E4,0x83E4,0x83EC,0x83EC,0x63EC,0x83EC,0x83EC,0x83EC,0x83EC,0x83EC,
    0x83EC,0xA3EC,0x83EC,0x83EC,0x83EC,0x83EC,0x83EC,0x83EC,0x83E4,0x83E4,0x83E4,0x83EC,
    0x83EC,0x83EC,0x83EC,0x83EC,0x83EC,0x83EC,0x63EC,0x62EC,0x83EC,0xA3EC,0xC3F4,0xC4F4,
    0xA4EC,0x05CC,0x04A3,0xC371,0xE250,0x6138,0x6238,0xA340,0xC348,0x8240,0x6240,0xE250,
    0x438A,0xC4C3,0xC4EC,0xE3F4,0xA2EC,0x82EC,0xA3EC,0xA3EC,0xA3EC,0xA3EC,0xA3EC,0xA3EC,
    0xA3EC,0xA3EC,0xC3EC,0xC3EC,0xC3EC,0xA3EC,0xA3EC,0xA3EC,0xA3EC,0xA3EC,0xA3EC,0xA3EC,
    0xA3EC,0xA3EC,0xA3EC,0xA3EC,0x82EC,0xA3EC,0x66ED,0x4AFE,0x6CFE,0xA7A3,0xA140,0x8240,
    0xE348,0x2030,0x6962,0x3CEF,0xFFFF,0xFFFF,0xFFFF,0xFFFF,0xFFFF,0xFFFF,0xFFFF,0xFFFF,
    0xFFFF,0xFFFF,0xFFFF,0xFFFF,0xFFFF,0xFFFF,0xFFFF,0xFFFF,0xFFFF,0xFFFF,0xFFFF,0xFFFF,
    0xFFFF,0xFFFF,0xFFFF,0xFFFF,0xFFFF,0xFFFF,0xFFFF,0xFFFF,0xFFFF,0xFFFF,0xFFFF,0xFFFF,
    0xFFFF,0xFFFF,0xFFFF,0xFFFF,0xFFFF,0xFFFF,0xFFFF,0xFFFF,0xFFFF,0xFFFF,0xFFFF,0xFFFF,
    0xFFFF,0xFFFF,0xFFFF,0xFFFF,0xFFFF,0xFFFF,0xFFFF,0xFFFF,0xFFFF,0xFFFF,0xFFFF,0xFFFF,
    0xFFFF,0xFFFF,0xFFFF,0xFFFF,0xFFFF,0xFFFF,0xFFFF,0xFFFF,0xFFFF,0xFFFF,0xFFFF,0xFFFF,
    0xFFFF,0xFFFF,0xFFFF,0xFFFF,0xFFFF,0xFFFF,0xFFFF,0xFFFF,0xFFFF,0xFFFF,0xFFFF,0xFFFF,
    0xFFFF,0xFFFF,0xFFFF,0xFFFF,0xFFFF,0xDFFF,0xFFFF,0x9ADE,0x8651,0x2130,0xE348,0x4138,
    0x2259,0x0AD5,0x8CFE,0x0AF6,0x0AF6,0x2AF6,0x0AF6,0x0AF6,0x0AF6,0x2AFE,0x87F5,0xA3EC,
    0x82EC,0xA2EC,0xA2EC,0xA2EC,0xA3EC,0xA3EC,0xA3EC,0xA2EC,0xA2EC,0xA2EC,0xA3EC,0xA3EC,
    0xC3EC,0xC3EC,0xA3EC,0xA2EC,0xA2EC,0xC2F4,0x04F5,0x84E4,0x04A3,0x6261,0x6138,0x4230,
    0x8240,0xA340,0x6238,0x6138,0x0251,0x2382,0x64BB,0x65DC,0xC5F4,0xC3F4,0xA3F4,0x83EC,
    0x62EC,0x62EC,0x63EC,0x63EC,0x63EC,0x63EC,0x63EC,0x63EC,0x83EC,0x83EC,0x83EC,0x83EC,
    0x83EC,0x83EC,0x83E4,0x63E4,0x62E4,0x63E4,0x62E4,0x63E4,0x63E4,0x63EC,0xA3EC,0xE5F4,
    0xE5F4,0xA3EC,0x83E4,0x83EC,0x63E4,0x63E4,0x63E4,0x63E4,0x63EC,0x63EC,0x63EC,0x83EC,
    0x83EC,0x83EC,0x83EC,0x83EC,0x83EC,0x83EC,0x83EC,0x83EC,0x83EC,0x63EC,0x62E4,0x62E4,
    0x62EC,0xA3EC,0xC3F4,0xC4EC,0x45DC,0x64B3,0x0382,0xE250,0x6140,0x6240,0xC340,0xA340,
    0x6238,0x8140,0x8261,0x24AB,0x84E4,0xE3F4,0xA2EC,0x82EC,0xA3EC,0xA3EC,0xA3EC,0xC3EC,
    0xC3EC,0xA3EC,0xA3EC,0xA3EC,0xA3EC,0xA3EC,0xA3EC,0xA3EC,0xA3EC,0xA3EC,0xA3EC,0xA3EC,
    0xA3EC,0xA3EC,0xA2EC,0xA3EC,0xA3EC,0xA2EC,0xA2EC,0x05ED,0xE8F5,0x8CFE,0xEACC,0x4359,
    0x6238,0xE448,0x4130,0x6549,0x79D6,0xFFFF,0xDFFF,0xFFFF,0xFFFF,0xFFFF,0xFFFF,0xFFFF,
    0xFFFF,0xFFFF,0xFFFF,0xFFFF,0xFFFF,0xFFFF,0xFFFF,0xFFFF,0xFFFF,0xFFFF,0xFFFF,0xFFFF,
    0xFFFF,0xFFFF,0xFFFF,0xFFFF,0xFFFF,0xFFFF,0xFFFF,0xFFFF,0xFFFF,0xFFFF,0xFFFF,0xFFFF,
    0xFFFF,0xFFFF,0xFFFF,0xFFFF,0xFFFF,0xFFFF,0xFFFF,0xFFFF,0xFFFF,0xFFFF,0xFFFF,0xFFFF,
    0xFFFF,0xFFFF,0xFFFF,0xFFFF,0xFFFF,0xFFFF,0xFFFF,0xFFFF,0xFFFF,0xFFFF,0xFFFF,0xFFFF,
    0xFFFF,0xFFFF,0xFFFF,0xFFFF,0xFFFF,0xFFFF,0xFFFF,0xFFFF,0xFFFF,0xFFFF,0xFFFF,0xFFFF,
    0xFFFF,0xFFFF,0xFFFF,0xFFFF,0xFFFF,0xFFFF,0xFFFF,0xFFFF,0xFFFF,0xFFFF,0xFFFF,0xFFFF,
    0xFFFF,0xFFFF,0xFFFF,0xFFFF,0xDFFF,0xFFFF,0xB6C5,0xC338,0x4138,0xE348,0x2130,0x0472,
    0xECED,0x6BFE,0x09F6,0x0AF6,0x2AFE,0x2AF6,0x0AF6,0x2AFE,0x09FE,0x25ED,0x82EC,0xA2EC,
    0xA2EC,0xA2EC,0xA3EC,0xA3EC,0xA2EC,0xA2EC,0xA2EC,0xA2EC,0xA2EC,0xA3EC,0xA3EC,0xC3EC,
    0xC3EC,0xA3EC,0xA2EC,0xE3F4,0x04F5,0x65DC,0xA39A,0x0251,0x2130,0x6238,0xA340,0x8238,
    0x4130,0xA140,0xC271,0x44B3,0x65DC,0xE4F4,0xC3F4,0x83EC,0x83EC,0x63EC,0x63EC,0x63EC,
    0x63EC,0x83EC,0x83EC,0x83EC,0x63EC,0x63EC,0x83EC,0x63EC,0x63EC,0x62EC,0x63E4,0x63E4,
    0x83E4,0x83EC,0xA4EC,0xA4EC,0xC5EC,0xC5EC,0xE5EC,0xE6EC,0x06F5,0x27F5,0x08ED,0x638A,
    0x638A,0xE8E4,0x47F5,0x27F5,0x06F5,0xE5EC,0xC5EC,0xC5EC,0xC4EC,0xA4EC,0x84EC,0x83EC,
    0x63E4,0x63E4,0x63E4,0x63EC,0x63EC,0x83EC,0x83EC,0x83EC,0x83EC,0x83EC,0x63EC,0x63EC,
    0x63EC,0x63EC,0x63EC,0x62EC,0x83EC,0xC3F4,0xC4F4,0x65DC,0x64B3,0x037A,0xE248,0x6138,
    0x8238,0xC340,0x8238,0x4130,0x0251,0xC39A,0x64DC,0x04F5,0xC2F4,0xA2EC,0xA3EC,0xC3EC,
    0xC3EC,0xA3EC,0xA3EC,0xA3EC,0xA3EC,0xA3EC,0xA3EC,0xA3EC,0xA3EC,0xA3EC,0xA3EC,0xA2EC,
    0xA2EC,0xA3EC,0xA3EC,0xA3EC,0xA3EC,0xA3EC,0xA3EC,0xA2EC,0xC4EC,0x67F5,0x6BFE,0xCCED,
    0x0472,0x4138,0xE348,0x6138,0xC338,0xB6C5,0xFFFF,0xFFFF,0xFFFF,0xFFFF,0xFFFF,0xFFFF,
    0xFFFF,0xFFFF,0xFFFF,0xFFFF,0xFFFF,0xFFFF,0xFFFF,0xFFFF,0xFFFF,0xFFFF,0xFFFF,0xFFFF,
    0xFFFF,0xFFFF,0xFFFF,0xFFFF,0xFFFF,0xFFFF,0xFFFF,0xFFFF,0xFFFF,0xFFFF,0xFFFF,0xFFFF,
    0xFFFF,0xFFFF,0xFFFF,0xFFFF,0xFFFF,0xFFFF,0xFFFF,0xFFFF,0xFFFF,0xFFFF,0xFFFF,0xFFFF,
    0xFFFF,0xFFFF,0xFFFF,0xFFFF,0xFFFF,0xFFFF,0xFFFF,0xFFFF,0xFFFF,0xFFFF,0xFFFF,0xFFFF,
    0xFFFF,0xFFFF,0xFFFF,0xFFFF,0xFFFF,0xFFFF,0xFFFF,0xFFFF,0xFFFF,0xFFFF,0xFFFF,0xFFFF,
    0xFFFF,0xFFFF,0xFFFF,0xFFFF,0xFFFF,0xFFFF,0xFFFF,0xFFFF,0xFFFF,0xFFFF,0xFFFF,0xFFFF,
    0xFFFF,0xFFFF,0xFFFF,0xFFFF,0xFFFF,0xF4AC,0x6130,0xA240,0xC340,0x4030,0xC68A,0x4CFE,
    0x2AFE,0x09F6,0x0AFE,0x2AF6,0x2AFE,0x0AFE,0x2AFE,0xC8F5,0xE4EC,0x82EC,0xA2EC,0xA2EC,
    0xA3EC,0xA2EC,0xA2EC,0xA2EC,0xA2EC,0xA2EC,0xA2EC,0xA2EC,0xA2EC,0xA3EC,0xA3EC,0xA3EC,
    0xA2EC,0xC3F4,0x25FD,0x85DC,0xA39A,0xE150,0x4238,0x8240,0xA340,0x6230,0x6138,0x2259,
    0xA392,0x05CC,0xA4EC,0xC3F4,0x82EC,0x62EC,0x63EC,0x83EC,0x83EC,0x83EC,0x83EC,0x83EC,
    0x83EC,0x83EC,0x83EC,0x63EC,0x63E4,0x63E4,0x63E4,0x83E4,0xA4EC,0xC5EC,0x06F5,0x27F5,
    0x67F5,0x68FD,0x89FD,0xA9FD,0xA9FD,0xA9FD,0xA9FD,0xA9FD,0x89FD,0x2BFE,0x46A3,0x0038,
    0x2138,0x46A3,0x0BFE,0x89FD,0xA9FD,0xA9FD,0xA9FD,0xA9FD,0xA9FD,0x89FD,0x88FD,0x68FD,
    0x47F5,0x06F5,0xE5EC,0xC4EC,0x84EC,0x83E4,0x63E4,0x62E4,0x62EC,0x83EC,0x83EC,0x83EC,
    0x83EC,0x83EC,0x83EC,0x83EC,0x83EC,0x82EC,0x82EC,0xA3EC,0xC3F4,0xC4EC,0x45D4,0xC49A,
    0x2259,0x6130,0x6230,0xA340,0x8238,0x4130,0xE150,0xA39A,0x65DC,0x24F5,0xC3F4,0xA2EC,
    0xC3EC,0xA3EC,0xC3EC,0xA3EC,0xA3EC,0xA3EC,0xA2EC,0xA3EC,0xA3EC,0xA3EC,0xA3EC,0xA2EC,
    0xC2EC,0xA3EC,0xA3EC,0xA3EC,0xA3EC,0xA3EC,0xA3EC,0xC3F4,0xA3EC,0xA3EC,0x05ED,0x0AFE,
    0x4CFE,0xC68A,0x2030,0xC340,0x8238,0x6230,0x14AD,0xFFFF,0xFFFF,0xFFFF,0xFFFF,0xFFFF,
    0xFFFF,0xFFFF,0xFFFF,0xFFFF,0xFFFF,0xFFFF,0xFFFF,0xFFFF,0xFFFF,0xFFFF,0xFFFF,0xFFFF,
    0xFFFF,0xFFFF,0xFFFF,0xFFFF,0xFFFF,0xFFFF,0xFFFF,0xFFFF,0xFFFF,0xFFFF,0xFFFF,0xFFFF,
    0xFFFF,0xFFFF,0xFFFF,0xFFFF,0xFFFF,0xFFFF,0xFFFF,0xFFFF,0xFFFF,0xFFFF,0xFFFF,0xFFFF,
    0xFFFF,0xFFFF,0xFFFF,0xFFFF,0xFFFF,0xFFFF,0xFFFF,0xFFFF,0xFFFF,0xFFFF,0xFFFF,0xFFFF,
    0xFFFF,0xFFFF,0xFFFF,0xFFFF,0xFFFF,0xFFFF,0xFFFF,0xFFFF,0xFFFF,0xFFFF,0xFFFF,0xFFFF,
    0xFFFF,0xFFFF,0xFFFF,0xFFFF,0xFFFF,0xFFFF,0xFFFF,0xFFFF,0xFFFF,0xFFFF,0xFFFF,0xFFFF,
    0xFFFF,0xFFFF,0xFFFF,0xFFFF,0x719C,0x4130,0xA340,0xC340,0x6138,0xA7A3,0x6CFE,0x0AF6,
    0x0AF6,0x0AFE,0x0AFE,0x2AF6,0x2AF6,0x2AFE,0x67F5,0xA3EC,0xA2EC,0xA2EC,0xA3EC,0xA3EC,
    0xA3EC,0xA2EC,0xA2EC,0xA2EC,0xA2EC,0xA2EC,0xA3EC,0xA3EC,0xA3EC,0xA3EC,0xA2EC,0xA2EC,
    0x04F5,0x85E4,0xC49A,0xC150,0x4140,0xA348,0xA348,0x6240,0xA140,0xC271,0x64B3,0x85E4,
    0xC4F4,0x82EC,0x62E4,0x62EC,0x63EC,0x83EC,0x83EC,0x83EC,0x83EC,0x83EC,0x83EC,0x83EC,
    0x63EC,0x63E4,0x83E4,0xA4EC,0xE5EC,0x26F5,0x48F5,0x88FD,0xA9FD,0xA9FD,0xAAFD,0xAAFD,
    0xA9FD,0xA9FD,0xA9FD,0xA9FD,0xA9FD,0x89FD,0x89FD,0x89FD,0x69FD,0x0BFE,0xA592,0x6238,
    0x6238,0xC592,0xEAFD,0x68FD,0x89FD,0x89FD,0x89FD,0xA9FD,0xA9FD,0xA9FD,0xA9FD,0xA9FD,
    0xAAFD,0xA9FD,0xA9FD,0xA9FD,0x88FD,0x47F5,0x27F5,0xE5EC,0xA4EC,0x63E4,0x62E4,0x62E4,
    0x62EC,0x83EC,0x83EC,0x83EC,0x83EC,0x83EC,0x83EC,0x83EC,0x63EC,0x62E4,0xA3EC,0xC4F4,
    0x85E4,0x64B3,0xA369,0x8138,0x6230,0xC340,0xC348,0x6240,0xE150,0xC49A,0xA5E4,0x24FD,
    0xC3EC,0xA2EC,0xA3EC,0xA3EC,0xA3EC,0xA3EC,0xA2EC,0xA3EC,0xA3EC,0xA3EC,0xA3EC,0xA3EC,
    0xA3EC,0xA3EC,0xA3EC,0xA3EC,0xA3EC,0xA3EC,0xA3EC,0xA3EC,0xA3EC,0xA3EC,0xA2EC,0xC4EC,
    0xC8F5,0x6CFE,0x679B,0x4030,0xA340,0xC348,0x4130,0x719C,0xFFFF,0xFFFF,0xFFFF,0xFFFF,
    0xFFFF,0xFFFF,0xFFFF,0xFFFF,0xFFFF,0xFFFF,0xFFFF,0xFFFF,0xFFFF,0xFFFF,0xFFFF,0xFFFF,
    0xFFFF,0xFFFF,0xFFFF,0xFFFF,0xFFFF,0xFFFF,0xFFFF,0xFFFF,0xFFFF,0xFFFF,0xFFFF,0xFFFF,
    0xFFFF,0xFFFF,0xFFFF,0xFFFF,0xFFFF,0xFFFF,0xFFFF,0xFFFF,0xFFFF,0xFFFF,0xFFFF,0xFFFF,
    0xFFFF,0xFFFF,0xFFFF,0xFFFF,0xFFFF,0xFFFF,0xFFFF,0xFFFF,0xFFFF,0xFFFF,0xFFFF,0xFFFF,
    0xFFFF,0xFFFF,0xFFFF,0xFFFF,0xFFFF,0xFFFF,0xFFFF,0xFFFF,0xFFFF,0xFFFF,0xFFFF,0xFFFF,
    0xFFFF,0xFFFF,0xFFFF,0xFFFF,0xFFFF,0xFFFF,0xFFFF,0xFFFF,0xFFFF,0xFFFF,0xFFFF,0xFFFF,
    0xFFFF,0xFFFF,0xFFFF,0xEF93,0x2030,0xC340,0x8238,0x8138,0x48B4,0x8BFE,0x09F6,0x0AF6,
    0x0AF6,0x0AFE,0x0AF6,0x2AF6,0x0AFE,0x25F5,0x82EC,0xA2EC,0xA2EC,0xA3EC,0xA3EC,0xA3EC,
    0xA3EC,0xA3EC,0xA3EC,0xA3EC,0xA2EC,0xA2EC,0xA3EC,0xA3EC,0x82EC,0x82EC,0xE3F4,0xA5E4,
    0xE4A2,0x0159,0x4138,0xA348,0xA348,0x6240,0xC150,0x438A,0xE5CB,0xC5EC,0xC3F4,0x82EC,
    0x62E4,0x82E4,0x82EC,0x62EC,0x83EC,0x63EC,0x63EC,0x83EC,0x62EC,0x63EC,0x63E4,0xA4EC,
    0xE5EC,0x27F5,0x68FD,0x89FD,0xA9FD,0xA9FD,0xA9FD,0x89FD,0xA9FD,0xA9FD,0xA9FD,0x89FD,
    0xA9FD,0xA9FD,0xA9FD,0xA9FD,0xA9FD,0x89FD,0x89FD,0x89FD,0x69FD,0xEBFD,0xC592,0x4138,
    0x6238,0xC592,0xEAFD,0x88FD,0x89FD,0x89FD,0xA9FD,0xA9FD,0xA9FD,0xA9FD,0xA9FD,0xA9FD,
    0xA9FD,0xA9FD,0xA9FD,0xA9FD,0xA9FD,0xA9FD,0xA9FD,0xA9FD,0xA9FD,0x68FD,0x27F5,0xE5EC,
    0xA4EC,0x83E4,0x62E4,0x62EC,0x83EC,0x83EC,0x83EC,0x83E4,0x83EC,0x83EC,0x63EC,0x62E4,
    0x82EC,0xC3F4,0xC4EC,0xC5C3,0x2382,0xC148,0x6240,0xC348,0xA348,0x6140,0x2259,0x24AB,
    0xC5EC,0x03F5,0xA2EC,0xA3EC,0xA3EC,0xA2EC,0xA2EC,0xA3EC,0xA3EC,0xA3EC,0xA3EC,0xA3EC,
    0xA3EC,0xA3EC,0xA3EC,0xA3EC,0xA3EC,0xA2EC,0xA3EC,0xA3EC,0xA3EC,0xA3EC,0xA3EC,0xA2EC,
    0xA3E4,0x67F5,0x8CFE,0x29B4,0x8138,0x8238,0xA340,0x2028,0xEF8B,0xFFFF,0xFFFF,0xFFFF,
    0xFFFF,0xFFFF,0xFFFF,0xFFFF,0xFFFF,0xFFFF,0xFFFF,0xFFFF,0xFFFF,0xFFFF,0xFFFF,0xFFFF,
    0xFFFF,0xFFFF,0xFFFF,0xFFFF,0xFFFF,0xFFFF,0xFFFF,0xFFFF,0xFFFF,0xFFFF,0xFFFF,0xFFFF,
    0xFFFF,0xFFFF,0xFFFF,0xFFFF,0xFFFF,0xFFFF,0xFFFF,0xFFFF,0xFFFF,0xFFFF,0xFFFF,0xFFFF,
    0xFFFF,0xFFFF,0xFFFF,0xFFFF,0xFFFF,0xFFFF,0xFFFF,0xFFFF,0xFFFF,0xFFFF,0xFFFF,0xFFFF,
    0xFFFF,0xFFFF,0xFFFF,0xFFFF,0xFFFF,0xFFFF,0xFFFF,0xFFFF,0xFFFF,0xFFFF,0xFFFF,0xFFFF,
    0xFFFF,0xFFFF,0xFFFF,0xFFFF,0xFFFF,0xFFFF,0xFFFF,0xFFFF,0xFFFF,0xFFFF,0xFFFF,0xFFFF,
    0xFFFF,0xFFFF,0x8E83,0x0028,0xE340,0x6238,0xA140,0xC9C4,0x6BFE,0xE9F5,0x0AF6,0x0AF6,
    0x0AF6,0x0AF6,0x2AFE,0xE9F5,0xE4EC,0x82EC,0xA2EC,0xC3EC,0xA3EC,0xA3EC,0xA3EC,0xA3EC,
    0xA3EC,0xA3EC,0xA3EC,0xA3EC,0xA2EC,0xA3EC,0xA3EC,0x82EC,0xC2F4,0xC4F4,0x64B3,0x2259,
    0x4130,0x8240,0xC348,0x6238,0xC148,0x438A,0x25D4,0xE5F4,0xA3F4,0x63EC,0x62EC,0x63EC,
    0x63EC,0x63EC,0x83EC,0x83EC,0x83EC,0x63EC,0x62EC,0x63EC,0xA4EC,0x06F5,0x68FD,0x89FD,
    0xA9FD,0xA9FD,0xA9FD,0xA9FD,0xA9FD,0x89FD,0x89FD,0xA9FD,0xA9FD,0x89FD,0xA9FD,0xA9FD,
    0xA9FD,0xA9FD,0xA9FD,0xA9FD,0xA9FD,0xA9FD,0x89FD,0x89FD,0x89FD,0xEBFD,0xA592,0x4130,
    0x6238,0xA58A,0xCAFD,0x89FD,0x89FD,0x89FD,0x89FD,0x89FD,0x89FD,0x89FD,0xA9FD,0x89FD,
    0x89FD,0xA9FD,0x89FD,0xA9FD,0x89FD,0x89FD,0xA9FD,0xA9FD,0x89FD,0xA9FD,0xAAFD,0xA9FD,
    0x89FD,0x68FD,0x06F5,0xC4EC,0x83EC,0x62EC,0x82EC,0x83EC,0x83EC,0x83EC,0x83EC,0x83EC,
    0x83EC,0x62E4,0x82EC,0xC3EC,0xE4F4,0x25D4,0x638A,0xC148,0x6240,0xC348,0xA348,0x6140,
    0x4261,0x64B3,0xE5EC,0xC3F4,0x82EC,0xA2EC,0xA3EC,0xA2EC,0xA3EC,0xA3EC,0xA3EC,0xA3EC,
    0xA3EC,0xA3EC,0xC3EC,0xA3EC,0xC3EC,0xC3EC,0xC3EC,0xA3EC,0xC3EC,0xA3EC,0xA3EC,0xA3EC,
    0xA2EC,0x82EC,0x05ED,0x6BFE,0xCAC4,0xC140,0x6238,0xC348,0x2028,0x6D83,0xFFFF,0xFFFF,
    0xFFFF,0xFFFF,0xFFFF,0xFFFF,0xFFFF,0xFFFF,0xFFFF,0xFFFF,0xFFFF,0xFFFF,0xFFFF,0xFFFF,
    0xFFFF,0xFFFF,0xFFFF,0xFFFF,0xFFFF,0xFFFF,0xFFFF,0xFFFF,0xFFFF,0xFFFF,0xFFFF,0xFFFF,
    0xFFFF,0xFFFF,0xFFFF,0xFFFF,0xFFFF,0xFFFF,0xFFFF,0xFFFF,0xFFFF,0xFFFF,0xFFFF,0xFFFF,
    0xFFFF,0xFFFF,0xFFFF,0xFFFF,0xFFFF,0xFFFF,0xFFFF,0xFFFF,0xFFFF,0xFFFF,0xFFFF,0xFFFF,
    0xFFFF,0xFFFF,0xFFFF,0xFFFF,0xFFFF,0xFFFF,0xFFFF,0xFFFF,0xFFFF,0xFFFF,0xFFFF,0xFFFF,
    0xFFFF,0xFFFF,0xFFFF,0xFFFF,0xFFFF,0xFFFF,0xFFFF,0xFFFF,0xFFFF,0xFFFF,0xFFFF,0xFFFF,
    0xFFFF,0x4D83,0x2030,0xE348,0x4130,0x0249,0x4AD5,0x6AFE,0xE9F5,0x0AF6,0x0AF6,0x0AF6,
    0x0AF6,0x2AFE,0xA8F5,0xA3EC,0x82EC,0xA2EC,0xA3EC,0xA3EC,0xA3EC,0xA3EC,0xA3EC,0xA3EC,
    0xC2EC,0xA3EC,0xA3EC,0xA3EC,0xA3EC,0xA2EC,0xA2EC,0xE4F4,0xE4CB,0xA271,0x4130,0x6238,
    0xA340,0x6238,0x8140,0x2382,0x25D4,0xE5F4,0xA3F4,0x62EC,0x63EC,0x63EC,0x63EC,0x63EC,
    0x83EC,0x63EC,0x63EC,0x62E4,0x63E4,0xA4EC,0x06F5,0x68FD,0x89FD,0xA9FD,0xA9FD,0xA9FD,
    0xA9FD,0x89FD,0x89FD,0x89FD,0x89FD,0xA9FD,0x89FD,0xA9FD,0xA9FD,0xA9FD,0xA9FD,0x89FD,
    0xA9FD,0xA9FD,0x89FD,0x89FD,0xA9FD,0x89FD,0x89FD,0x89FD,0x89FD,0xEAFD,0xA58A,0x4130,
    0x6230,0xA58A,0xCAFD,0x89FD,0xA9FD,0xA9FD,0xA9FD,0x89FD,0x89FD,0x89FD,0xA9FD,0x89FD,
    0x89FD,0x89FD,0x89FD,0x89FD,0x89FD,0x89FD,0x89FD,0xA9FD,0xA9FD,0xA9FD,0xA9FD,0xA9FD,
    0x89FD,0xAAFD,0xAAFD,0xA9FD,0x68FD,0x06F5,0xC4EC,0x83E4,0x62E4,0x83EC,0x83EC,0x83EC,
    0x83EC,0x83EC,0x83EC,0x83EC,0x82EC,0xA3EC,0xE5F4,0x25D4,0x438A,0xA148,0x6240,0xC348,
    0xA240,0x6138,0xA269,0xE4C3,0xE4F4,0xA2EC,0x82EC,0xA3EC,0xA3EC,0xA3EC,0xA3EC,0xA3EC,
    0xA2EC,0xA3EC,0xA3EC,0xA3EC,0xA3EC,0xC3EC,0xC3EC,0xA3EC,0xA3EC,0xA3EC,0xA3EC,0xA3EC,
    0xA3EC,0xA3EC,0x82EC,0xC4E4,0x2AFE,0x2AD5,0x0249,0x6238,0xE348,0x2030,0x0C7B,0xDFFF,
    0xFFFF,0xFFFF,0xFFFF,0xFFFF,0xFFFF,0xFFFF,0xFFFF,0xFFFF,0xFFFF,0xFFFF,0xFFFF,0xFFFF,
    0xFFFF,0xFFFF,0xFFFF,0xFFFF,0xFFFF,0xFFFF,0xFFFF,0xFFFF,0xFFFF,0xFFFF,0xFFFF,0xFFFF,
    0xFFFF,0xFFFF,0xFFFF,0xFFFF,0xFFFF,0xFFFF,0xFFFF,0xFFFF,0xFFFF,0xFFFF,0xFFFF,0xFFFF,
    0xFFFF,0xFFFF,0xFFFF,0xFFFF,0xFFFF,0xFFFF,0xFFFF,0xFFFF,0xFFFF,0xFFFF,0xFFFF,0xFFFF,
    0xFFFF,0xFFFF,0xFFFF,0xFFFF,0xFFFF,0xFFFF,0xFFFF,0xFFFF,0xFFFF,0xFFFF,0xFFFF,0xFFFF,
    0xFFFF,0xFFFF,0xFFFF,0xFFFF,0xFFFF,0xFFFF,0xFFFF,0xFFFF,0xFFFF,0xFFFF,0xFFFF,0xDFFF,
    0x0C7B,0x0028,0xE348,0x6138,0x4359,0xABE5,0x6AFE,0xE9F5,0x0AF6,0x09F6,0x0AF6,0x0AF6,
    0x2AFE,0x87F5,0xA2EC,0xA2EC,0xA2EC,0xA2EC,0xA3EC,0xA3EC,0xA3EC,0xA3EC,0xA3EC,0xC3EC,
    0xC3EC,0xC3EC,0xC3EC,0xA3EC,0xA2EC,0xE3F4,0xA5EC,0xA392,0x8140,0x4130,0xA338,0x6230,
    0x4138,0xA271,0xC4C3,0xC4F4,0xA3EC,0x62EC,0x63EC,0x63EC,0x83EC,0x83EC,0x83EC,0x83EC,
    0x62EC,0x62E4,0x84E4,0xE5EC,0x47F5,0x89FD,0xA9FD,0xA9FD,0x89FD,0x89FD,0x89FD,0x89FD,
    0xA9FD,0x89FD,0x89FD,0x89FD,0x89FD,0x89FD,0x89FD,0x89FD,0x89FD,0x89FD,0xA9FD,0x89FD,
    0x89FD,0x89FD,0x89FD,0x89FD,0x89FD,0x89FD,0x89FD,0xA9FD,0x89FD,0xEAFD,0xA58A,0x4130,
    0x6230,0xA58A,0xEAFD,0x89FD,0xA9FD,0xA9FD,0xA9FD,0xA9FD,0x89FD,0xA9FD,0xA9FD,0xA9FD,
    0xA9FD,0x89FD,0x89FD,0x89FD,0x89FD,0x89FD,0x89FD,0x89FD,0x89FD,0x89FD,0xA9FD,0x89FD,
    0x89FD,0x89FD,0x89FD,0xA9FD,0xA9FD,0xA9FD,0xA9FD,0x68F5,0x06ED,0xA4EC,0x63E4,0x63E4,
    0x83EC,0x83EC,0x83EC,0x83EC,0x83EC,0x83EC,0x82EC,0xA3F4,0xE5F4,0x05CC,0xE379,0x6138,
    0x8238,0xC340,0x6238,0x8140,0x8392,0xA4E4,0xC3F4,0x82EC,0xA2EC,0xA2EC,0xA3EC,0xA3EC,
    0xA3EC,0xA3EC,0xA3EC,0xC3EC,0xA3EC,0xA3EC,0xC3EC,0xA3EC,0xC3EC,0xA3EC,0xA3EC,0xA3EC,
    0xA3EC,0xA3EC,0xA3EC,0x82EC,0xA3E4,0x09FE,0x8BE5,0x4259,0x6238,0x0449,0x2030,0xCB72,
    0xDFFF,0xFFFF,0xFFFF,0xFFFF,0xFFFF,0xFFFF,0xFFFF,0xFFFF,0xFFFF,0xFFFF,0xFFFF,0xFFFF,
    0xFFFF,0xFFFF,0xFFFF,0xFFFF,0xFFFF,0xFFFF,0xFFFF,0xFFFF,0xFFFF,0xFFFF,0xFFFF,0xFFFF,
    0xFFFF,0xFFFF,0xFFFF,0xFFFF,0xFFFF,0xFFFF,0xFFFF,0xFFFF,0xFFFF,0xFFFF,0xFFFF,0xFFFF,
    0xFFFF,0xFFFF,0xFFFF,0xFFFF,0xFFFF,0xFFFF,0xFFFF,0xFFFF,0xFFFF,0xFFFF,0xFFFF,0xFFFF,
    0xFFFF,0xFFFF,0xFFFF,0xFFFF,0xFFFF,0xFFFF,0xFFFF,0xFFFF,0xFFFF,0xFFFF,0xFFFF,0xFFFF,
    0xFFFF,0xFFFF,0xFFFF,0xFFFF,0xFFFF,0xFFFF,0xFFFF,0xFFFF,0xFFFF,0xFFFF,0xFFFF,0x0C7B,
    0x0028,0x0451,0x6238,0x8361,0xCCED,0x4AFE,0xE9F5,0x0AF6,0x09F6,0x09F6,0x09F6,0x09FE,
    0x45F5,0x82EC,0xA2EC,0xA2EC,0xA2EC,0xA3EC,0xA3EC,0xA3EC,0xA3EC,0xA3EC,0xA3EC,0xC3EC,
    0xC3EC,0xC3EC,0xA3EC,0xA2EC,0x04F5,0xC5C3,0x4261,0x4130,0xA338,0xA238,0x2128,0x2251,
    0x64B3,0xA4EC,0xA2EC,0x62E4,0x63EC,0x63EC,0x63EC,0x63EC,0x83EC,0x83EC,0x63E4,0x63E4,
    0xA4EC,0x27F5,0x89FD,0xA9FD,0xA9FD,0xA9FD,0x89FD,0x89FD,0x89FD,0x89FD,0x89FD,0x89FD,
    0x89FD,0x89FD,0xA9FD,0xA9FD,0xA9FD,0xA9FD,0xA9FD,0xA9FD,0xA9FD,0xA9FD,0x89FD,0x89FD,
    0x89FD,0x89FD,0x89FD,0x89FD,0x89FD,0x89FD,0x89FD,0xA9FD,0x89FD,0xEAFD,0xA58A,0x4130,
    0x6230,0xA58A,0xEAFD,0x89FD,0xA9FD,0xA9FD,0xA9FD,0xA9FD,0xA9FD,0xA9FD,0xA9FD,0xA9FD,
    0xA9FD,0xA9FD,0x89FD,0x89FD,0x89FD,0x89FD,0x89FD,0x89FD,0x89FD,0x89FD,0x89FD,0x89FD,
    0x89FD,0x89FD,0x89FD,0x89FD,0x89FD,0x89FD,0xA9FD,0xA9FD,0xA9FD,0x89FD,0x27F5,0xC4EC,
    0x83E4,0x63EC,0x83EC,0x83EC,0x83EC,0x83EC,0x83EC,0x83EC,0x83EC,0xA3EC,0xC5EC,0x84BB,
    0x4261,0x4130,0xA340,0xA240,0x2130,0x4259,0xE5C3,0xE4F4,0xA2EC,0xA2EC,0xC3EC,0xC3EC,
    0xC3EC,0xC3EC,0xC3EC,0xC3EC,0xA3EC,0xA3EC,0xC3EC,0xA3EC,0xA3EC,0xA3EC,0xA3EC,0xA3EC,
    0xA3EC,0xA3EC,0xA3EC,0xA3EC,0xA2EC,0x83E4,0xC8FD,0xCCED,0x8359,0x4238,0xE448,0x4130,
    0xEB72,0xDFFF,0xFFFF,0xFFFF,0xFFFF,0xFFFF,0xFFFF,0xFFFF,0xFFFF,0xFFFF,0xFFFF,0xFFFF,
    0xFFFF,0xFFFF,0xFFFF,0xFFFF,0xFFFF,0xFFFF,0xFFFF,0xFFFF,0xFFFF,0xFFFF,0xFFFF,0xFFFF,
    0xFFFF,0xFFFF,0xFFFF,0xFFFF,0xFFFF,0xFFFF,0xFFFF,0xFFFF,0xFFFF,0xFFFF,0xFFFF,0xFFFF,
    0xFFFF,0xFFFF,0xFFFF,0xFFFF,0xFFFF,0xFFFF,0xFFFF,0xFFFF,0xFFFF,0xFFFF,0xFFFF,0xFFFF,
    0xFFFF,0xFFFF,0xFFFF,0xFFFF,0xFFFF,0xFFFF,0xFFFF,0xFFFF,0xFFFF,0xFFFF,0xFFFF,0xFFFF,
    0xFFFF,0xFFFF,0xFFFF,0xFFFF,0xFFFF,0xFFFF,0xFFFF,0xFFFF,0xFFFF,0xFFFF,0x4D83,0x0030,
    0xE348,0x8240,0xC369,0xECED,0x4AFE,0xEAF5,0x0AF6,0x0AF6,0x0AF6,0x09F6,0x09FE,0x25ED,
    0x82EC,0xA2EC,0xA2EC,0xA2EC,0xA3EC,0xA3EC,0xA3EC,0xA3EC,0xA3EC,0xA3EC,0xA3EC,0xC3EC,
    0xA3EC,0xA2EC,0xE3F4,0xE5EC,0x8492,0x6140,0x6238,0xC340,0x4130,0xA140,0xC492,0x84E4,
    0xA3EC,0x62E4,0x62E4,0x62EC,0x62EC,0x63EC,0x63EC,0x63EC,0x63E4,0x63E4,0xC5EC,0x48F5,
    0xA9FD,0xA9FD,0xA9FD,0x89FD,0x89FD,0x89FD,0x89FD,0x89FD,0x89FD,0x89FD,0x89FD,0x89FD,
    0x89FD,0x89FD,0x89FD,0x89FD,0x89FD,0xA9FD,0xA9FD,0xA9FD,0xA9FD,0xA9FD,0xA9FD,0xA9FD,
    0xA9FD,0x89FD,0x89FD,0x89FD,0x89FD,0x89FD,0x89FD,0x89FD,0x89FD,0xEBFD,0xA592,0x4130,
    0x6238,0xC592,0xEAFD,0x89FD,0x89FD,0x89FD,0xA9FD,0x89FD,0x89FD,0x89FD,0xA9FD,0xA9FD,
    0xA9FD,0xA9FD,0xA9FD,0x89FD,0x89FD,0x89FD,0x89FD,0x89FD,0x89FD,0x89FD,0x89FD,0x89FD,
    0x89FD,0x89FD,0x89FD,0x89FD,0x89FD,0x89FD,0x89FD,0x89FD,0xA9FD,0xA9FD,0xA9FD,0xA9FD,
    0x48F5,0xE5EC,0x83E4,0x62EC,0x83EC,0x83EC,0x83EC,0x83EC,0x83EC,0x63EC,0x62E4,0xC3F4,
    0x84E4,0xC49A,0xA140,0x6130,0xC340,0x6238,0x8140,0xA392,0xC5EC,0xE3F4,0xA2EC,0xC3EC,
    0xC2EC,0xC3EC,0xC3EC,0xC3EC,0xA3EC,0xA3EC,0xA3EC,0xA3EC,0xA3EC,0xA3EC,0xA3EC,0xA2EC,
    0xA3EC,0xA3EC,0xA3EC,0xA3EC,0xA3EC,0xA3EC,0x83E4,0xA7F5,0xECED,0xA361,0x6238,0x0451,
    0x4030,0x0B7B,0xFFFF,0xFFFF,0xFFFF,0xFFFF,0xFFFF,0xFFFF,0xFFFF,0xFFFF,0xFFFF,0xFFFF,
    0xFFFF,0xFFFF,0xFFFF,0xFFFF,0xFFFF,0xFFFF,0xFFFF,0xFFFF,0xFFFF,0xFFFF,0xFFFF,0xFFFF,
    0xFFFF,0xFFFF,0xFFFF,0xFFFF,0xFFFF,0xFFFF,0xFFFF,0xFFFF,0xFFFF,0xFFFF,0xFFFF,0xFFFF,
    0xFFFF,0xFFFF,0xFFFF,0xFFFF,0xFFFF,0xFFFF,0xFFFF,0xFFFF,0xFFFF,0xFFFF,0xFFFF,0xFFFF,
    0xFFFF,0xFFFF,0xFFFF,0xFFFF,0xFFFF,0xFFFF,0xFFFF,0xFFFF,0xFFFF,0xFFFF,0xFFFF,0xFFFF,
    0xFFFF,0xFFFF,0xFFFF,0xFFFF,0xFFFF,0xFFFF,0xFFFF,0xDFFF,0xFFFF,0xAE8B,0x2028,0x0449,
    0x6138,0xA361,0xECED,0x4AFE,0x0AF6,0x0AF6,0x0AFE,0x0AF6,0x2AF6,0x09FE,0x04ED,0x82EC,
    0xA2EC,0xA2EC,0xA2EC,0xA3EC,0xA3EC,0xA3EC,0xA3EC,0xA3EC,0xA3EC,0xA3EC,0xA3EC,0xA2EC,
    0xA2EC,0x24F5,0x25D4,0x6269,0x4138,0xA348,0xA240,0x6138,0xC271,0x24D4,0xC4F4,0x62E4,
    0x62E4,0x83E4,0x62EC,0x62EC,0x63EC,0x83EC,0x62E4,0x63E4,0xC5EC,0x68F5,0xA9FD,0xA9FD,
    0xA9FD,0xA9FD,0xA9FD,0xA9FD,0xA9FD,0x89FD,0x89FD,0x89FD,0x89FD,0x89FD,0xA9FD,0xA9FD,
    0xA9FD,0xA9FD,0xA9FD,0xA9FD,0xA9FD,0xA9FD,0xA9FD,0xA9FD,0xA9FD,0xA9FD,0xA9FD,0xA9FD,
    0x89FD,0x89FD,0x89FD,0x89FD,0x89FD,0x89FD,0x89FD,0x89FD,0x89FD,0x0BFE,0xC592,0x4138,
    0x6238,0xC592,0xEAFD,0x89FD,0xA9FD,0xA9FD,0xA9FD,0x89FD,0x89FD,0xA9FD,0xA9FD,0xA9FD,
    0xA9FD,0xA9FD,0xA9FD,0xA9FD,0x89FD,0x89FD,0x89FD,0x89FD,0x89FD,0x89FD,0x89FD,0x89FD,
    0x89FD,0xA9FD,0x89FD,0x89FD,0x89FD,0x89FD,0xA9FD,0x89FD,0xA9FD,0xA9FD,0xA9FD,0xA9FD,
    0xA9FD,0xA9FD,0x68FD,0xE5EC,0x83EC,0x62E4,0x83EC,0x83EC,0x83EC,0x83EC,0x63EC,0x62E4,
    0x62EC,0xC4F4,0x25D4,0xC371,0x4130,0x8240,0xC348,0x4138,0x8269,0x45D4,0x24FD,0xC2EC,
    0xC3EC,0xC3EC,0xC3EC,0xC3EC,0xC3EC,0xA3EC,0xA3EC,0xA3EC,0xA3EC,0xA3EC,0xA3EC,0xA3EC,
    0xA3EC,0xA3EC,0xA3EC,0xA3EC,0xA3EC,0xA3EC,0xA3EC,0x82E4,0x87F5,0xECED,0xA461,0x6138,
    0x0449,0x2030,0x6D83,0xFFFF,0xFFFF,0xFFFF,0xFFFF,0xFFFF,0xFFFF,0xFFFF,0xFFFF,0xFFFF,
    0xFFFF,0xFFFF,0xFFFF,0xFFFF,0xFFFF,0xFFFF,0xFFFF,0xFFFF,0xFFFF,0xFFFF,0xFFFF,0xFFFF,
    0xFFFF,0xFFFF,0xFFFF,0xFFFF,0xFFFF,0xFFFF,0xFFFF,0xFFFF,0xFFFF,0xFFFF,0xFFFF,0xFFFF,
    0xFFFF,0xFFFF,0xFFFF,0xFFFF,0xFFFF,0xFFFF,0xFFFF,0xFFFF,0xFFFF,0xFFFF,0xFFFF,0xFFFF,
    0xFFFF,0xFFFF,0xFFFF,0xFFFF,0xFFFF,0xFFFF,0xFFFF,0xFFFF,0xFFFF,0xFFFF,0xFFFF,0xFFFF,
    0xFFFF,0xFFFF,0xFFFF,0xFFFF,0xFFFF,0xFFFF,0xDFFF,0xFFFF,0x1094,0x0028,0xE348,0x6230,
    0x6359,0xCBED,0x4AFE,0x0AF6,0x0AFE,0x0AF6,0x0AF6,0x2AF6,0x09FE,0xE4EC,0x82EC,0xA2EC,
    0xA2EC,0xA3EC,0xA3EC,0xA3EC,0xA3EC,0xA3EC,0xA3EC,0xA3EC,0xA3EC,0xA3EC,0xA2EC,0xC3F4,
    0x05F5,0x24AB,0xA148,0x8240,0xC348,0x6238,0xE150,0x44AB,0xC5EC,0x82EC,0x62E4,0x62E4,
    0x63E4,0x62E4,0x62EC,0x82EC,0x62E4,0x63E4,0xC5EC,0x67FD,0xA9FD,0xA9FD,0x89FD,0x89FD,
    0x89FD,0xA9FD,0xA9FD,0x89FD,0x89FD,0x89FD,0x89FD,0x89FD,0x89FD,0xA9FD,0xA9FD,0xA9FD,
    0x89FD,0xA9FD,0xA9FD,0xA9FD,0xA9FD,0x89FD,0xA9FD,0xA9FD,0xA9FD,0xA9FD,0xA9FD,0x89FD,
    0xA9FD,0xA9FD,0xA9FD,0xA9FD,0x89FD,0x89FD,0x89FD,0x89FD,0x89FD,0x0BFE,0xC592,0x6138,
    0x6238,0xC592,0xEAFD,0x89FD,0x89FD,0x89FD,0x89FD,0x89FD,0x89FD,0x89FD,0x89FD,0x89FD,
    0xA9FD,0xA9FD,0xA9FD,0xA9FD,0xA9FD,0x89FD,0x89FD,0x89FD,0x89FD,0x89FD,0x89FD,0x89FD,
    0x89FD,0x89FD,0x89FD,0x89FD,0x89FD,0xA9FD,0x89FD,0xA9FD,0xA9FD,0x89FD,0x89FD,0xA9FD,
    0xA9FD,0xA9FD,0xA9FD,0xA9FD,0x68FD,0xE5EC,0x83E4,0x62E4,0x83EC,0x83EC,0x63EC,0x83EC,
    0x83EC,0x62E4,0x82EC,0xC4EC,0x44AB,0x0151,0x6238,0xE348,0x8240,0xC150,0x44AB,0x05F5,
    0xE3F4,0xA3EC,0xC3EC,0xC3EC,0xA3EC,0xA3EC,0xA3EC,0xA3EC,0xA3EC,0xA3EC,0xA2EC,0xA2EC,
    0xA3EC,0xA3EC,0xA3EC,0xA3EC,0xA3EC,0xA3EC,0xA3EC,0xA3EC,0x82E4,0x66F5,0xECED,0xA461,
    0x6138,0xE448,0x2028,0xCF8B,0xFFFF,0xFFFF,0xFFFF,0xFFFF,0xFFFF,0xFFFF,0xFFFF,0xFFFF,
    0xFFFF,0xFFFF,0xFFFF,0xFFFF,0xFFFF,0xFFFF,0xFFFF,0xFFFF,0xFFFF,0xFFFF,0xFFFF,0xFFFF,
    0xFFFF,0xFFFF,0xFFFF,0xFFFF,0xFFFF,0xFFFF,0xFFFF,0xFFFF,0xFFFF,0xFFFF,0xFFFF,0xFFFF,
    0xFFFF,0xFFFF,0xFFFF,0xFFFF,0xFFFF,0xFFFF,0xFFFF,0xFFFF,0xFFFF,0xFFFF,0xFFFF,0xFFFF,
    0xFFFF,0xFFFF,0xFFFF,0xFFFF,0xFFFF,0xFFFF,0xFFFF,0xFFFF,0xFFFF,0xFFFF,0xFFFF,0xFFFF,
    0xFFFF,0xFFFF,0xFFFF,0xFFFF,0xFFFF,0xDFFF,0xFFFF,0x92A4,0x2030,0xE340,0x6230,0x4251,
    0xABE5,0x4AFE,0x09F6,0x0AF6,0x0AFE,0x0AF6,0x2AF6,0x09FE,0xE4EC,0x82EC,0xA2EC,0xA2EC,
    0xA2EC,0xA3EC,0xA2EC,0xA3EC,0xA3EC,0xA3EC,0xA3EC,0xA3EC,0xA3EC,0x82EC,0xE3F4,0xC5E4,
    0x0382,0x6140,0xA348,0xA348,0x6140,0xE279,0x65DC,0xC3F4,0x62EC,0x63EC,0x63EC,0x63EC,
    0x63EC,0x63EC,0x62EC,0x62E4,0xC4EC,0x48F5,0xA9FD,0xA9FD,0xA9FD,0x89FD,0xA9FD,0x89FD,
    0x89FD,0xA9FD,0x89FD,0x89FD,0x89FD,0x89FD,0x89FD,0x89FD,0x89FD,0x89FD,0x89FD,0x89FD,
    0x89FD,0xA9FD,0xA9FD,0xA9FD,0xA9FD,0xA9FD,0xA9FD,0xA9FD,0xAAFD,0xAAFD,0xAAFD,0xAAFD,
    0xAAFD,0x89FD,0xA9FD,0xA9FD,0x89FD,0xA9FD,0xA9FD,0x89FD,0x89FD,0x0BFE,0xE592,0x6138,
    0x8238,0xC592,0xEBFD,0x89FD,0x89FD,0x89FD,0x89FD,0x89FD,0x89FD,0x89FD,0x89FD,0x89FD,
    0xA9FD,0xA9FD,0xA9FD,0xA9FD,0x89FD,0xA9FD,0x89FD,0x89FD,0x89FD,0xA9FD,0x89FD,0x89FD,
    0xA9FD,0xA9FD,0xA9FD,0x89FD,0xA9FD,0x89FD,0x89FD,0xA9FD,0x89FD,0x89FD,0x8AFD,0xA9FD,
    0xA9FD,0xA9FD,0xA9FD,0xA9FD,0xA9FD,0xA9FD,0x68FD,0xC5EC,0x62E4,0x63EC,0x83EC,0x63EC,
    0x63EC,0x83EC,0x63EC,0x62EC,0xC3F4,0x85DC,0x2382,0x6140,0xA348,0xC348,0x6140,0x2282,
    0xC5E4,0x03F5,0xA2EC,0xC3EC,0xA3EC,0xA3EC,0xC3EC,0xA3EC,0xA3EC,0xA3EC,0xA3EC,0xA3EC,
    0xA3EC,0xA3EC,0xA3EC,0xA3EC,0xA3EC,0xA3EC,0xA3EC,0xA3EC,0xA3EC,0x62E4,0x46F5,0xABED,
    0x6359,0x8238,0xE348,0x2028,0x519C,0xFFFF,0xDFFF,0xFFFF,0xFFFF,0xFFFF,0xFFFF,0xFFFF,
    0xFFFF,0xFFFF,0xFFFF,0xFFFF,0xFFFF,0xFFFF,0xFFFF,0xFFFF,0xFFFF,0xFFFF,0xFFFF,0xFFFF,
    0xFFFF,0xFFFF,0xFFFF,0xFFFF,0xFFFF,0xFFFF,0xFFFF,0xFFFF,0xFFFF,0xFFFF,0xFFFF,0xFFFF,
    0xFFFF,0xFFFF,0xFFFF,0xFFFF,0xFFFF,0xFFFF,0xFFFF,0xFFFF,0xFFFF,0xFFFF,0xFFFF,0xFFFF,
    0xFFFF,0xFFFF,0xFFFF,0xFFFF,0xFFFF,0xFFFF,0xFFFF,0xFFFF,0xFFFF,0xFFFF,0xFFFF,0xFFFF,
    0xFFFF,0xFFFF,0xFFFF,0xFFFF,0xDFFF,0xFFFF,0x14B5,0x4128,0xC340,0x6238,0x0249,0x8BE5,
    0x4AFE,0xE9F5,0x2AFE,0x0AFE,0x0AF6,0x2AFE,0xE9FD,0xE4EC,0xA2EC,0xC2EC,0xA2EC,0xA2EC,
    0xA3EC,0xA3EC,0xA2EC,0xA3EC,0xA3EC,0xA3EC,0xA2EC,0xA3EC,0x82EC,0xE3F4,0x25CC,0x4261,
    0x4138,0xC348,0x8240,0xA148,0x04AB,0xE5F4,0xA3EC,0x62EC,0x83EC,0x63EC,0x63EC,0x83EC,
    0x62EC,0x62E4,0xA4EC,0x47F5,0xA9FD,0xA9FD,0xA9FD,0xA9FD,0x89FD,0x89FD,0xA9FD,0xA9FD,
    0x89FD,0x89FD,0x89FD,0xA9FD,0xA9FD,0x89FD,0x89FD,0xA9FD,0xA9FD,0x89FD,0xA9FD,0xA9FD,
    0xA9FD,0xA9FD,0xA9FD,0xA9FD,0xA9FD,0xA9FD,0xA9FD,0xAAFD,0xAAFD,0xAAFD,0xAAFD,0xAAFD,
    0xAAFD,0xA9FD,0x89FD,0xA9FD,0x89FD,0x89FD,0x89FD,0xA9FD,0x89FD,0x0BFE,0xA592,0x6138,
    0x8238,0xA592,0xEBFD,0x89FD,0x89FD,0x89FD,0x89FD,0xA9FD,0x89FD,0x89FD,0x89FD,0x89FD,
    0x89FD,0x89FD,0xA9FD,0xA9FD,0x89FD,0xA9FD,0xA9FD,0x89FD,0xA9FD,0xA9FD,0xA9FD,0xA9FD,
    0xA9FD,0xA9FD,0xA9FD,0xA9FD,0x89FD,0x89FD,0x89FD,0xA9FD,0xA9FD,0xA9FD,0x89FD,0x89FD,
    0xA9FD,0xA9FD,0xA9FD,0xA9FD,0x89FD,0x89FD,0xA9FD,0xA9FD,0x27F5,0xA4EC,0x62E4,0x63EC,
    0x83EC,0x83EC,0x83EC,0x83EC,0x62EC,0xA3EC,0x05F5,0x44AB,0xA148,0x8240,0xE348,0x6240,
    0x4161,0x25CC,0x03F5,0xA2EC,0xA3EC,0xA3EC,0xA3EC,0xA3EC,0xA3EC,0xA3EC,0xA3EC,0xA3EC,
    0xA3EC,0xA3EC,0xA3EC,0xA3EC,0xA3EC,0xA3EC,0xA3EC,0xA2F4,0xA3EC,0xA3EC,0x82E4,0x46F5,
    0x6BE5,0x2249,0x8238,0xC340,0x4128,0x14AD,0xFFFF,0xDFFF,0xFFFF,0xFFFF,0xFFFF,0xFFFF,
    0xFFFF,0xFFFF,0xFFFF,0xFFFF,0xFFFF,0xFFFF,0xFFFF,0xFFFF,0xFFFF,0xFFFF,0xFFFF,0xFFFF,
    0xFFFF,0xFFFF,0xFFFF,0xFFFF,0xFFFF,0xFFFF,0xFFFF,0xFFFF,0xFFFF,0xFFFF,0xFFFF,0xFFFF,
    0xFFFF,0xFFFF,0xFFFF,0xFFFF,0xFFFF,0xFFFF,0xFFFF,0xFFFF,0xFFFF,0xFFFF,0xFFFF,0xFFFF,
    0xFFFF,0xFFFF,0xFFFF,0xFFFF,0xFFFF,0xFFFF,0xFFFF,0xFFFF,0xFFFF,0xFFFF,0xFFFF,0xFFFF,
    0xFFFF,0xFFFF,0xFFFF,0xDFFF,0xFFFF,0x18CE,0x6230,0xC340,0xA340,0xA140,0x2AD5,0x6AFE,
    0xE9F5,0x0AF6,0x0AF6,0x0AF6,0x2AF6,0xE9FD,0xE4EC,0xA2EC,0xC3EC,0xA3EC,0xA3EC,0xA3EC,
    0xA3EC,0xA3EC,0xA3EC,0xA3EC,0xA3EC,0xA2EC,0xA3EC,0x82EC,0x04F5,0x84B3,0xA148,0x6238,
    0xC348,0x6138,0x4261,0x05D4,0xE4F4,0x83EC,0x83EC,0x83EC,0x83EC,0x63EC,0x83EC,0x62E4,
    0x83E4,0x06F5,0xA9FD,0xA9FD,0x89FD,0x89FD,0xA9FD,0xA9FD,0x89FD,0x89FD,0x89FD,0xA9FD,
    0x89FD,0x89FD,0xA9FD,0xA9FD,0x89FD,0xA9FD,0x89FD,0x89FD,0x89FD,0xA9FD,0x89FD,0xA9FD,
    0xA9FD,0xA9FD,0xA9FD,0xA9FD,0xA9FD,0xAAFD,0xAAFD,0xAAFD,0xAAFD,0xAAFD,0xAAFD,0xAAFD,
    0xAAFD,0x8AFD,0xAAFD,0xA9FD,0x89FD,0x89FD,0xA9FD,0x89FD,0x89FD,0xEAFD,0x87AB,0x2030,
    0x2030,0x67AB,0x0AFE,0x89FD,0xA9FD,0x89FD,0x89FD,0xA9FD,0x89FD,0x89FD,0xA9FD,0x89FD,
    0x89FD,0x89FD,0x89FD,0x89FD,0xA9FD,0x89FD,0x89FD,0xA9FD,0xA9FD,0x89FD,0xA9FD,0xA9FD,
    0xA9FD,0xA9FD,0xA9FD,0xA9FD,0xA9FD,0xA9FD,0xA9FD,0x89FD,0xA9FD,0xA9FD,0xA9FD,0xA9FD,
    0x89FD,0x89FD,0x89FD,0x89FD,0x89FD,0x89FD,0x89FD,0x89FD,0xA9FD,0x88FD,0x06ED,0x83E4,
    0x62EC,0x83EC,0x83EC,0x83EC,0xA3EC,0x83EC,0x83EC,0x05F5,0x05CC,0x4261,0x6140,0xE350,
    0xA248,0xC148,0x84B3,0x04F5,0x82EC,0xA2EC,0xA3EC,0xA2EC,0xA3EC,0xA3EC,0xA3EC,0xA3EC,
    0xA3EC,0xA3EC,0xA3EC,0xA3EC,0xC3EC,0xA3EC,0xA3EC,0xA3EC,0xA3EC,0xA3EC,0xA3EC,0x82E4,
    0x45F5,0x09D5,0xC140,0x8238,0xA340,0x8230,0x17CE,0xFFFF,0xFFFF,0xFFFF,0xFFFF,0xFFFF,
    0xFFFF,0xFFFF,0xFFFF,0xFFFF,0xFFFF,0xFFFF,0xFFFF,0xFFFF,0xFFFF,0xFFFF,0xFFFF,0xFFFF,
    0xFFFF,0xFFFF,0xFFFF,0xFFFF,0xFFFF,0xFFFF,0xFFFF,0xFFFF,0xFFFF,0xFFFF,0xFFFF,0xFFFF,
    0xFFFF,0xFFFF,0xFFFF,0xFFFF,0xFFFF,0xFFFF,0xFFFF,0xFFFF,0xFFFF,0xFFFF,0xFFFF,0xFFFF,
    0xFFFF,0xFFFF,0xFFFF,0xFFFF,0xFFFF,0xFFFF,0xFFFF,0xFFFF,0xFFFF,0xFFFF,0xFFFF,0xFFFF,
    0xFFFF,0xFFFF,0xFFFF,0xFFFF,0xFBE6,0x0441,0x8238,0xC340,0x8138,0xA9C4,0x6AFE,0xE9F5,
    0x0AF6,0x0AF6,0x09F6,0x2AF6,0xE9FD,0xE4EC,0x82EC,0xA3EC,0xA3EC,0xA3EC,0xA3EC,0xA3EC,
    0xA3EC,0xA2EC,0xA3EC,0xA3EC,0xA3EC,0xA2EC,0xA2EC,0xE4F4,0xC49A,0x4138,0x8238,0xA340,
    0x4138,0x0382,0xA5E4,0xA3F4,0x62E4,0x63EC,0x83EC,0x83EC,0x83EC,0x83EC,0x63E4,0xC5EC,
    0x68FD,0xA9FD,0xA9FD,0x89FD,0x89FD,0x89FD,0xA9FD,0x89FD,0x89FD,0xA9FD,0xA9FD,0xA9FD,
    0x89FD,0xA9FD,0xA9FD,0xA9FD,0xA9FD,0x89FD,0x89FD,0x89FD,0xA9FD,0xA9FD,0xA9FD,0xA9FD,
    0xAAFD,0xA9FD,0xAAFD,0xAAFD,0xA9FD,0xA9FD,0xA9FD,0xAAFD,0x8AFD,0xAAFD,0xA9FD,0xA9FD,
    0xA9FD,0xA9FD,0xA9FD,0xA9FD,0xA9FD,0x89FD,0x89FD,0x89FD,0x89FD,0xA9FD,0xABFD,0xC8B3,
    0xA8AB,0xABF5,0xA9FD,0xA9FD,0x89FD,0xA9FD,0x89FD,0x89FD,0x89FD,0x89FD,0x89FD,0x89FD,
    0x89FD,0x89FD,0x89FD,0xA9FD,0xA9FD,0xA9FD,0xA9FD,0xA9FD,0xA9FD,0xA9FD,0xA9FD,0xA9FD,
    0xA9FD,0xA9FD,0xA9FD,0xA9FD,0xA9FD,0xA9FD,0x89FD,0xA9FD,0xA9FD,0x89FD,0x89FD,0x89FD,
    0x89FD,0x89FD,0x89FD,0x89FD,0x89FD,0x89FD,0x89FD,0x89FD,0x89FD,0x89FD,0xA9FD,0x68FD,
    0xC5EC,0x83EC,0x83EC,0x83EC,0x83EC,0xA3EC,0xA3EC,0x83EC,0xC4F4,0xA5E4,0x2382,0x6138,
    0xC348,0xA240,0x6138,0xC49A,0xE4F4,0xA2EC,0xA2EC,0xA2EC,0xA3EC,0xA3EC,0xA3EC,0xA3EC,
    0xA3EC,0xA3EC,0xA3EC,0xC3EC,0xC3EC,0xA3EC,0xA3EC,0xA3EC,0xA3EC,0xA3EC,0xA2EC,0xA3EC,
    0x62E4,0x46F5,0x89C4,0x8138,0xA340,0x8240,0x0441,0xDBDE,0xFFFF,0xFFFF,0xFFFF,0xFFFF,
    0xFFFF,0xFFFF,0xFFFF,0xFFFF,0xFFFF,0xFFFF,0xFFFF,0xFFFF,0xFFFF,0xFFFF,0xFFFF,0xFFFF,
    0xFFFF,0xFFFF,0xFFFF,0xFFFF,0xFFFF,0xFFFF,0xFFFF,0xFFFF,0xFFFF,0xFFFF,0xFFFF,0xFFFF,
    0xFFFF,0xFFFF,0xFFFF,0xFFFF,0xFFFF,0xFFFF,0xFFFF,0xFFFF,0xFFFF,0xFFFF,0xFFFF,0xFFFF,
    0xFFFF,0xFFFF,0xFFFF,0xFFFF,0xFFFF,0xFFFF,0xFFFF,0xFFFF,0xFFFF,0xFFFF,0xFFFF,0xFFFF,
    0xFFFF,0xFFFF,0xFFFF,0x9EF7,0xC759,0x4138,0xC340,0x4138,0x08B4,0x8BFE,0xE9F5,0x0AF6,
    0x0AF6,0x0AF6,0x0AF6,0x09FE,0xE4EC,0x82EC,0xA3EC,0xA3EC,0xA3EC,0xA3EC,0xA3EC,0xA3EC,
    0xA3EC,0xA2EC,0xA3EC,0xA3EC,0xA2EC,0xA2EC,0xC5EC,0x4382,0x4130,0xA240,0x8238,0x6138,
    0xA39A,0xA4EC,0x83EC,0x63EC,0x83EC,0x83EC,0x83EC,0x83EC,0x62E4,0x83E4,0x27F5,0xA9FD,
    0xA9FD,0x89FD,0x89FD,0x89FD,0xA9FD,0xA9FD,0xA9FD,0xA9FD,0xA9FD,0xA9FD,0xA9FD,0xA9FD,
    0xA9FD,0xA9FD,0xA9FD,0xA9FD,0xA9FD,0xA9FD,0x89FD,0x89FD,0xA9FD,0xA9FD,0x89FD,0xA9FD,
    0xAAFD,0xAAFD,0xAAFD,0xAAFD,0xA9FD,0xA9FD,0xA9FD,0xA9FD,0xA9FD,0xA9FD,0xA9FD,0xA9FD,
    0xA9FD,0xA9FD,0xA9FD,0xA9FD,0xA9FD,0x89FD,0x89FD,0x89FD,0xA9FD,0xA9FD,0xA9FD,0xEAFD,
    0x0BFE,0xA9FD,0x89FD,0xA9FD,0x89FD,0x89FD,0x89FD,0x89FD,0x89FD,0x89FD,0x89FD,0x89FD,
    0x89FD,0x89FD,0x89FD,0xA9FD,0xA9FD,0xA9FD,0xA9FD,0xA9FD,0xA9FD,0xA9FD,0xA9FD,0xA9FD,
    0xA9FD,0xA9FD,0xA9FD,0xA9FD,0xA9FD,0xA9FD,0xA9FD,0x89FD,0x89FD,0x89FD,0x89FD,0x89FD,
    0x89FD,0x89FD,0xA9FD,0x89FD,0x89FD,0x89FD,0x89FD,0x89FD,0x89FD,0x89FD,0x89FD,0xA9FD,
    0xA9FD,0x27F5,0x83EC,0x83EC,0x83EC,0x83EC,0x83EC,0x83EC,0x83EC,0xA3EC,0xE5EC,0xC49A,
    0x6138,0x8238,0xA340,0x4130,0x2382,0xC5EC,0xA2F4,0xA2EC,0xA3EC,0xA3EC,0xA3EC,0xA3EC,
    0xC3EC,0xC3EC,0xA3EC,0xC3EC,0xA3EC,0xA3EC,0xA3EC,0xA3EC,0xA3EC,0xA3EC,0xA3EC,0xA3EC,
    0xA3EC,0x62E4,0x86FD,0xE8B3,0x6130,0xE340,0x4130,0xC751,0x9EF7,0xFFFF,0xFFFF,0xFFFF,
    0xFFFF,0xFFFF,0xFFFF,0xFFFF,0xFFFF,0xFFFF,0xFFFF,0xFFFF,0xFFFF,0xFFFF,0xFFFF,0xFFFF,
    0xFFFF,0xFFFF,0xFFFF,0xFFFF,0xFFFF,0xFFFF,0xFFFF,0xFFFF,0xFFFF,0xFFFF,0xFFFF,0xFFFF,
    0xFFFF,0xFFFF,0xFFFF,0xFFFF,0xFFFF,0xFFFF,0xFFFF,0xFFFF,0xFFFF,0xFFFF,0xFFFF,0xFFFF,
    0xFFFF,0xFFFF,0xFFFF,0xFFFF,0xFFFF,0xFFFF,0xFFFF,0xFFFF,0xFFFF,0xFFFF,0xFFFF,0xFFFF,
    0xFFFF,0xDFFF,0xFFFF,0xEB72,0x2030,0xE348,0x2028,0x669B,0x8CFE,0xE9F5,0x0AF6,0x0AF6,
    0x0AF6,0x0AF6,0x09FE,0x04ED,0x82EC,0xA3EC,0xA3EC,0xA3EC,0xA3EC,0xA3EC,0xA3EC,0xA3EC,
    0xA3EC,0xC3EC,0xA3EC,0x82EC,0xC2EC,0xA5E4,0x8269,0x4130,0xA340,0x6238,0xA140,0x44B3,
    0xC4F4,0x62EC,0x63EC,0x83EC,0x83EC,0x83EC,0x83EC,0x63E4,0xC5EC,0x88FD,0xCAFD,0xA9FD,
    0xA9FD,0x89FD,0xA9FD,0xA9FD,0x89FD,0xA9FD,0xA9FD,0xA9FD,0x89FD,0x89FD,0xA9FD,0xA9FD,
    0xA9FD,0xA9FD,0xA9FD,0xA9FD,0xA9FD,0xA9FD,0xA9FD,0xA9FD,0xA9FD,0xA9FD,0xA9FD,0xA9FD,
    0xAAFD,0xAAFD,0xAAFD,0xA9FD,0xA9FD,0xA9FD,0xA9FD,0xA9FD,0xA9FD,0x89FD,0x89FD,0xA9FD,
    0xA9FD,0xA9FD,0xA9FD,0xA9FD,0xA9FD,0x89FD,0x89FD,0x89FD,0xA9FD,0xA9FD,0xA9FD,0x89FD,
    0x89FD,0xA9FD,0xA9FD,0xA9FD,0xA9FD,0x89FD,0x89FD,0x89FD,0x89FD,0x89FD,0x89FD,0x89FD,
    0x89FD,0x89FD,0x89FD,0x89FD,0xA9FD,0xA9FD,0xA9FD,0xA9FD,0xA9FD,0xA9FD,0xA9FD,0xA9FD,
    0xA9FD,0xA9FD,0xA9FD,0xA9FD,0xA9FD,0xA9FD,0xA9FD,0xA9FD,0xA9FD,0xA9FD,0x89FD,0x89FD,
    0x89FD,0x89FD,0x89FD,0x89FD,0x89FD,0x89FD,0x89FD,0x89FD,0xA9FD,0x89FD,0xA9FD,0xA9FD,
    0xA9FD,0xCAFD,0x88FD,0xC5EC,0x63EC,0x83EC,0xA3EC,0x83EC,0x83EC,0x83EC,0x62E4,0xC4F4,
    0x44B3,0x8140,0x6238,0xC340,0x4130,0xC269,0xA5E4,0xC2F4,0xA2EC,0xA3EC,0xA3EC,0xA3EC,
    0xC3EC,0xA3EC,0xA3EC,0xA3EC,0xC3EC,0xC3EC,0xC3EC,0xA3EC,0xA3EC,0xA3EC,0xA3EC,0xA3EC,
    0xA2EC,0xA3EC,0x82E4,0x87F5,0x269B,0x6138,0xE448,0x4130,0xEB72,0xFFFF,0xFFFF,0xFFFF,
    0xFFFF,0xFFFF,0xFFFF,0xFFFF,0xFFFF,0xFFFF,0xFFFF,0xFFFF,0xFFFF,0xFFFF,0xFFFF,0xFFFF,
    0xFFFF,0xFFFF,0xFFFF,0xFFFF,0xFFFF,0xFFFF,0xFFFF,0xFFFF,0xFFFF,0xFFFF,0xFFFF,0xFFFF,
    0xFFFF,0xFFFF,0xFFFF,0xFFFF,0xFFFF,0xFFFF,0xFFFF,0xFFFF,0xFFFF,0xFFFF,0xFFFF,0xFFFF,
    0xFFFF,0xFFFF,0xFFFF,0xFFFF,0xFFFF,0xFFFF,0xFFFF,0xFFFF,0xFFFF,0xFFFF,0xFFFF,0xFFFF,
    0xDFFF,0xFFFF,0x71A4,0x2030,0xE348,0x2130,0x657A,0x6CFE,0x09F6,0x0AF6,0x0AF6,0x0AF6,
    0x0AF6,0x09FE,0x05ED,0x82EC,0xA2EC,0xA2EC,0xA3EC,0xA3EC,0xA3EC,0xA3EC,0xA3EC,0xC3EC,
    0xC3EC,0xA3F4,0x82EC,0xC3F4,0x85E4,0x4261,0x2130,0xC340,0x4130,0xE150,0xE5C3,0xC3F4,
    0x42E4,0x63EC,0x63EC,0x63EC,0x83EC,0x62E4,0x63E4,0x06F5,0xA9FD,0xA9FD,0xA9FD,0xA9FD,
    0xA9FD,0xA9FD,0xA9FD,0xA9FD,0xA9FD,0xA9FD,0xA9FD,0xA9FD,0xA9FD,0xA9FD,0xA9FD,0xA9FD,
    0xA9FD,0x89FD,0xA9FD,0xA9FD,0xA9FD,0xA9FD,0xA9FD,0x89FD,0xA9FD,0xA9FD,0xA9FD,0xA9FD,
    0xAAFD,0xAAFD,0xAAFD,0x89FD,0xA9FD,0xA9FD,0xA9FD,0x89FD,0xA9FD,0xA9FD,0xA9FD,0xA9FD,
    0xA9FD,0xA9FD,0xA9FD,0xA9FD,0xA9FD,0x89FD,0x89FD,0xA9FD,0xA9FD,0xA9FD,0x89FD,0xA9FD,
    0x89FD,0x89FD,0x89FD,0x89FD,0xA9FD,0x89FD,0x89FD,0x89FD,0x89FD,0x89FD,0x89FD,0xA9FD,
    0x89FD,0x89FD,0xA9FD,0xA9FD,0xA9FD,0xA9FD,0xA9FD,0xA9FD,0xA9FD,0xA9FD,0xA9FD,0xA9FD,
    0xA9FD,0xA9FD,0xA9FD,0xA9FD,0xA9FD,0xA9FD,0xA9FD,0xA9FD,0xA9FD,0xA9FD,0x89FD,0x89FD,
    0xA9FD,0x89FD,0x89FD,0x89FD,0x89FD,0x89FD,0x89FD,0x89FD,0x89FD,0x89FD,0xA9FD,0xA9FD,
    0xA9FD,0xA9FD,0xAAFD,0xA9FD,0x26F5,0x83E4,0x83EC,0x83EC,0x83EC,0x83EC,0x63EC,0x62E4,
    0xA3F4,0xC5C3,0xE150,0x6130,0xC340,0x4130,0x6261,0x85DC,0xC3F4,0xA2EC,0xC3EC,0xC3F4,
    0xC3EC,0xA2EC,0xA3EC,0xA3EC,0xA3EC,0xC3EC,0xA3EC,0xA3EC,0xA2EC,0xA3EC,0xA3EC,0xA3EC,
    0xA2EC,0xA3EC,0xA3EC,0x82EC,0x67F5,0x4482,0x6238,0xE448,0x2028,0x719C,0xFFFF,0xDFFF,
    0xFFFF,0xFFFF,0xFFFF,0xFFFF,0xFFFF,0xFFFF,0xFFFF,0xFFFF,0xFFFF,0xFFFF,0xFFFF,0xFFFF,
    0xFFFF,0xFFFF,0xFFFF,0xFFFF,0xFFFF,0xFFFF,0xFFFF,0xFFFF,0xFFFF,0xFFFF,0xFFFF,0xFFFF,
    0xFFFF,0xFFFF,0xFFFF,0xFFFF,0xFFFF,0xFFFF,0xFFFF,0xFFFF,0xFFFF,0xFFFF,0xFFFF,0xFFFF,
    0xFFFF,0xFFFF,0xFFFF,0xFFFF,0xFFFF,0xFFFF,0xFFFF,0xFFFF,0xFFFF,0xFFFF,0xFFFF,0xFFFF,
    0xFFFF,0x18CE,0x6130,0xC340,0x6238,0x8361,0x2CF6,0x2AFE,0x0AF6,0x09F6,0x0AF6,0x09F6,
    0x2AFE,0x25ED,0x82EC,0xA2EC,0xA2EC,0xA2EC,0xA2EC,0xA3EC,0xA3EC,0xA3EC,0xA3EC,0xC3EC,
    0xA3F4,0xA2EC,0xE3F4,0x85E4,0x2261,0x4138,0xC340,0x4130,0x4259,0x25D4,0xA3F4,0x42E4,
    0x63EC,0x63E4,0x63EC,0x62EC,0x62E4,0x84E4,0x48F5,0xAAFD,0xA9FD,0xA9FD,0xA9FD,0xA9FD,
    0xA9FD,0xA9FD,0xA9FD,0xA9FD,0xA9FD,0xA9FD,0xA9FD,0xA9FD,0xA9FD,0xA9FD,0xA9FD,0xA9FD,
    0xA9FD,0xA9FD,0xA9FD,0xA9FD,0xA9FD,0xA9FD,0xA9FD,0xA9FD,0xA9FD,0xA9FD,0xA9FD,0xA9FD,
    0xA9FD,0xAAFD,0x8AFD,0x89FD,0xA9FD,0xA9FD,0xA9FD,0xA9FD,0xA9FD,0xA9FD,0xA9FD,0xA9FD,
    0xA9FD,0xA9FD,0xA9FD,0xA9FD,0xA9FD,0xA9FD,0x89FD,0x89FD,0x89FD,0x89FD,0x89FD,0x89FD,
    0x89FD,0x89FD,0x89FD,0x89FD,0x89FD,0x89FD,0x89FD,0x89FD,0x89FD,0x89FD,0xA9FD,0xA9FD,
    0xA9FD,0x89FD,0xA9FD,0xA9FD,0xA9FD,0xA9FD,0xA9FD,0xA9FD,0xA9FD,0xA9FD,0xA9FD,0xA9FD,
    0xA9FD,0xA9FD,0xA9FD,0xA9FD,0xA9FD,0xA9FD,0xA9FD,0xA9FD,0x89FD,0x89FD,0x89FD,0xA9FD,
    0xA9FD,0x89FD,0x89FD,0x89FD,0x89FD,0x89FD,0x89FD,0x89FD,0x89FD,0x89FD,0x89FD,0x89FD,
    0xA9FD,0xA9FD,0xA9FD,0xA9FD,0xCAFD,0x48F5,0xA4EC,0x63E4,0x83EC,0x83EC,0x63EC,0x63EC,
    0x62E4,0xA3F4,0x25D4,0x4261,0x4130,0xC348,0x6238,0x4261,0x85DC,0xE3F4,0xA3EC,0xC3F4,
    0xC3EC,0xC3EC,0xC3EC,0xC3EC,0xC3EC,0xA3EC,0xA2EC,0xA3EC,0xA3EC,0xA3EC,0xA3EC,0xA2EC,
    0xA2EC,0xA3EC,0xA3EC,0xA3EC,0xA3EC,0xE6EC,0x6261,0xA340,0xC348,0x6230,0xF8CD,0xFFFF,
    0xFFFF,0xFFFF,0xFFFF,0xFFFF,0xFFFF,0xFFFF,0xFFFF,0xFFFF,0xFFFF,0xFFFF,0xFFFF,0xFFFF,
    0xFFFF,0xFFFF,0xFFFF,0xFFFF,0xFFFF,0xFFFF,0xFFFF,0xFFFF,0xFFFF,0xFFFF,0xFFFF,0xFFFF,
    0xFFFF,0xFFFF,0xFFFF,0xFFFF,0xFFFF,0xFFFF,0xFFFF,0xFFFF,0xFFFF,0xFFFF,0xFFFF,0xFFFF,
    0xFFFF,0xFFFF,0xFFFF,0xFFFF,0xFFFF,0xFFFF,0xFFFF,0xFFFF,0xFFFF,0xFFFF,0xFFFF,0xFFFF,
    0x3CEF,0x4549,0xA240,0xA240,0xE148,0x8BE5,0x4BFE,0xE9F5,0x0AFE,0x0AF6,0x09F6,0x2AFE,
    0x46F5,0x82EC,0xA2EC,0xA2EC,0xA3EC,0xA3EC,0xA3EC,0xA3EC,0xA3EC,0xA3EC,0xA3EC,0xC3EC,
    0xA2EC,0xE3F4,0x86E4,0x4261,0x6238,0xC348,0x2138,0x8269,0x65E4,0x82EC,0x62E4,0x63EC,
    0x63EC,0x63EC,0x62EC,0x62E4,0xC4EC,0x89FD,0xA9FD,0xA9FD,0xA9FD,0xA9FD,0xA9FD,0xA9FD,
    0x89FD,0x89FD,0xA9FD,0xA9FD,0x89FD,0x89FD,0xA9FD,0xA9FD,0xA9FD,0xA9FD,0xA9FD,0xA9FD,
    0xA9FD,0xA9FD,0xA9FD,0xA9FD,0xA9FD,0xA9FD,0xA9FD,0xA9FD,0xA9FD,0xA9FD,0x89FD,0x89FD,
    0xA9FD,0xA9FD,0xA9FD,0xA9FD,0xA9FD,0xA9FD,0xA9FD,0x89FD,0x89FD,0xA9FD,0xA9FD,0xA9FD,
    0xA9FD,0xA9FD,0xA9FD,0xAAFD,0xAAFD,0xAAFD,0xA9FD,0x89FD,0x89FD,0xA9FD,0x89FD,0x89FD,
    0x89FD,0x89FD,0xA9FD,0x89FD,0x89FD,0x89FD,0x89FD,0x8AFD,0xAAFD,0x8AFD,0x89FD,0x89FD,
    0x89FD,0x89FD,0x89FD,0x89FD,0x89FD,0xA9FD,0xA9FD,0xA9FD,0xA9FD,0xA9FD,0xA9FD,0xA9FD,
    0xA9FD,0xA9FD,0xA9FD,0xA9FD,0xA9FD,0xA9FD,0xA9FD,0xA9FD,0xA9FD,0xA9FD,0x89FD,0xA9FD,
    0x89FD,0x89FD,0x89FD,0x89FD,0x89FD,0x89FD,0x89FD,0x89FD,0x89FD,0xA9FD,0xA9FD,0xA9FD,
    0x89FD,0xA9FD,0xA9FD,0xA9FD,0xA9FD,0xAAFD,0x89FD,0xC5EC,0x62E4,0x63EC,0x83EC,0x63EC,
    0x63EC,0x42E4,0x82EC,0x65E4,0x8269,0x4138,0xE348,0x8240,0x4261,0x85DC,0x04F5,0xA3EC,
    0xC3EC,0xC3EC,0xA3EC,0xC3EC,0xA3EC,0xA3EC,0xA2EC,0xA2EC,0xA3EC,0xA3EC,0xA3EC,0xA3EC,
    0xA3EC,0xA3EC,0xA3EC,0xA3EC,0xA3EC,0xC3F4,0x05CC,0xA148,0xC348,0x8240,0x2549,0x3CEF,
    0xFFFF,0xFFFF,0xFFFF,0xFFFF,0xFFFF,0xFFFF,0xFFFF,0xFFFF,0xFFFF,0xFFFF,0xFFFF,0xFFFF,
    0xFFFF,0xFFFF,0xFFFF,0xFFFF,0xFFFF,0xFFFF,0xFFFF,0xFFFF,0xFFFF,0xFFFF,0xFFFF,0xFFFF,
    0xFFFF,0xFFFF,0xFFFF,0xFFFF,0xFFFF,0xFFFF,0xFFFF,0xFFFF,0xFFFF,0xFFFF,0xFFFF,0xFFFF,
    0xFFFF,0xFFFF,0xFFFF,0xFFFF,0xFFFF,0xFFFF,0xFFFF,0xFFFF,0xFFFF,0xFFFF,0xFFFF,0xFFFF,
    0xAA6A,0x4138,0xE448,0x6138,0x89C4,0x8CFE,0x0AF6,0x0AF6,0x0AFE,0x0AF6,0x2AFE,0x87F5,
    0x82EC,0xA2EC,0xA2EC,0xA3EC,0xA3EC,0xA3EC,0xA3EC,0xA3EC,0xA3EC,0xA3EC,0xA3F4,0xA3EC,
    0xE3F4,0x86DC,0x2261,0x6240,0xC348,0x4138,0x0382,0xA5EC,0x82EC,0x62E4,0x63EC,0x62EC,
    0x63EC,0x62EC,0x62E4,0xE6EC,0xA9FD,0xA9FD,0x89FD,0xA9FD,0xA9FD,0xA9FD,0xA9FD,0xA9FD,
    0x89FD,0x89FD,0x89FD,0x89FD,0xA9FD,0xA9FD,0xA9FD,0xA9FD,0xA9FD,0xA9FD,0xA9FD,0xA9FD,
    0xA9FD,0xA9FD,0xA9FD,0xA9FD,0xA9FD,0xA9FD,0xA9FD,0xA9FD,0xA9FD,0xA9FD,0xA9FD,0xA9FD,
    0xA9FD,0xA9FD,0xA9FD,0xA9FD,0xA9FD,0xA9FD,0x89FD,0x89FD,0xA9FD,0xA9FD,0xA9FD,0xA9FD,
    0xAAFD,0xAAFD,0xAAFD,0xAAFD,0xAAFD,0xAAFD,0xAAFD,0x89FD,0xA9FD,0xA9FD,0xA9FD,0xA9FD,
    0xA9FD,0xA9FD,0xA9FD,0xA9FD,0xA9FD,0x89FD,0x8AFD,0xAAFD,0xAAFD,0xAAFD,0xA9FD,0xA9FD,
    0x89FD,0x89FD,0x89FD,0x89FD,0x89FD,0xA9FD,0xA9FD,0xA9FD,0xA9FD,0xA9FD,0xA9FD,0xA9FD,
    0xA9FD,0xA9FD,0xA9FD,0xA9FD,0xA9FD,0xA9FD,0xA9FD,0xA9FD,0xA9FD,0xA9FD,0xA9FD,0x89FD,
    0x89FD,0x89FD,0x89FD,0x89FD,0x89FD,0x89FD,0x89FD,0x89FD,0xA9FD,0xA9FD,0xA9FD,0xA9FD,
    0xA9FD,0xA9FD,0xA9FD,0xA9FD,0xA9FD,0xA9FD,0xA9FD,0xA9FD,0x05F5,0x62E4,0x62E4,0x63EC,
    0x63EC,0x63E4,0x62E4,0x62EC,0x85E4,0x0382,0x4140,0xC350,0x8240,0x2161,0x85DC,0x03F5,
    0xA3EC,0xC3EC,0xC3EC,0xA3EC,0xA2EC,0xA3EC,0xA3EC,0xA2EC,0xA2EC,0xA2EC,0xA3EC,0xA3EC,
    0xA3EC,0xA3EC,0xA3EC,0xA3EC,0xA3EC,0x83EC,0x04F5,0x24AB,0x6140,0xE448,0x2130,0x8A6A,
    0xFFFF,0xFFFF,0xFFFF,0xFFFF,0xFFFF,0xFFFF,0xFFFF,0xFFFF,0xFFFF,0xFFFF,0xFFFF,0xFFFF,
    0xFFFF,0xFFFF,0xFFFF,0xFFFF,0xFFFF,0xFFFF,0xFFFF,0xFFFF,0xFFFF,0xFFFF,0xFFFF,0xFFFF,
    0xFFFF,0xFFFF,0xFFFF,0xFFFF,0xFFFF,0xFFFF,0xFFFF,0xFFFF,0xFFFF,0xFFFF,0xFFFF,0xFFFF,
    0xFFFF,0xFFFF,0xFFFF,0xFFFF,0xFFFF,0xFFFF,0xFFFF,0xFFFF,0xFFFF,0xDFFF,0xFFFF,0x91A4,
    0x0028,0xE448,0x4138,0x0693,0x8DFE,0x0AF6,0x2AFE,0x0AF6,0x0AF6,0x2AFE,0xC8F5,0xA3EC,
    0xA2EC,0xA2EC,0xA2EC,0xA3EC,0xA3EC,0xA3EC,0xA3EC,0xA3EC,0xA3EC,0xA3EC,0xA2EC,0xE3F4,
    0x86DC,0x2261,0x6240,0xC348,0x4138,0x4392,0xC5F4,0x82EC,0x63EC,0x63EC,0x63EC,0x63EC,
    0x62E4,0x63E4,0x26F5,0xA9FD,0xA9FD,0x89FD,0x89FD,0x89FD,0xA9FD,0xA9FD,0xA9FD,0xA9FD,
    0xA9FD,0x89FD,0xA9FD,0x89FD,0xA9FD,0xA9FD,0x89FD,0xA9FD,0xA9FD,0xA9FD,0xA9FD,0xA9FD,
    0xA9FD,0xA9FD,0xA9FD,0xA9FD,0xA9FD,0xA9FD,0xA9FD,0xA9FD,0xA9FD,0xA9FD,0xA9FD,0xA9FD,
    0xA9FD,0xA9FD,0xA9FD,0xA9FD,0xA9FD,0xA9FD,0xA9FD,0xA9FD,0xA9FD,0xA9FD,0x89FD,0xA9FD,
    0xAAFD,0xAAFD,0xAAFD,0xAAFD,0xAAFD,0xAAFD,0xAAFD,0x89FD,0xA9FD,0xA9FD,0xA9FD,0xAAFD,
    0xAAFD,0xAAFD,0xAAFD,0xAAFD,0xAAFD,0xAAFD,0xAAFD,0xAAFD,0xAAFD,0xAAFD,0xAAFD,0x89FD,
    0x89FD,0x89FD,0xA9FD,0xA9FD,0x89FD,0x89FD,0xA9FD,0xA9FD,0xA9FD,0xA9FD,0xA9FD,0xA9FD,
    0xA9FD,0xA9FD,0xA9FD,0xA9FD,0xA9FD,0xA9FD,0xA9FD,0xA9FD,0x89FD,0xA9FD,0xA9FD,0xA9FD,
    0xA9FD,0xA9FD,0x89FD,0x89FD,0x89FD,0x89FD,0x89FD,0xA9FD,0xA9FD,0xA9FD,0xA9FD,0xA9FD,
    0xA9FD,0x89FD,0x89FD,0x89FD,0xA9FD,0xA9FD,0xA9FD,0x89FD,0xA9FD,0x26F5,0x63E4,0x62E4,
    0x63EC,0x63EC,0x63EC,0x63EC,0x82EC,0xC5EC,0x438A,0x6140,0xC348,0x8240,0x4161,0x86DC,
    0xE3F4,0xA3EC,0xC3EC,0xA3EC,0xA3EC,0xA3EC,0xA3EC,0xA3EC,0xA3EC,0xA3EC,0xA3EC,0xA3EC,
    0xA3EC,0xA3EC,0xA3EC,0xA3EC,0xA3EC,0xA3EC,0xA2EC,0xE5F4,0x2382,0x6138,0xE448,0x2128,
    0x719C,0xFFFF,0xFFFF,0xFFFF,0xFFFF,0xFFFF,0xFFFF,0xFFFF,0xFFFF,0xFFFF,0xFFFF,0xFFFF,
    0xFFFF,0xFFFF,0xFFFF,0xFFFF,0xFFFF,0xFFFF,0xFFFF,0xFFFF,0xFFFF,0xFFFF,0xFFFF,0xFFFF,
    0xFFFF,0xFFFF,0xFFFF,0xFFFF,0xFFFF,0xFFFF,0xFFFF,0xFFFF,0xFFFF,0xFFFF,0xFFFF,0xFFFF,
    0xFFFF,0xFFFF,0xFFFF,0xFFFF,0xFFFF,0xFFFF,0xFFFF,0xFFFF,0xFFFF,0xFFFF,0x59D6,0x6130,
    0xA340,0x6238,0xA361,0x4DF6,0x2AFE,0x2AF6,0x2AFE,0x0AF6,0x2AF6,0xE9FD,0xC3EC,0xA2EC,
    0xA2EC,0xA2EC,0xA3EC,0xA3EC,0xA3EC,0xA3EC,0xA3EC,0xA3EC,0xA3EC,0x82EC,0xC3F4,0xA5E4,
    0x4261,0x6240,0xC348,0x4138,0x6392,0xE5F4,0x83EC,0x83EC,0x83EC,0x63EC,0x63EC,0x62EC,
    0x83E4,0x47F5,0xA9FD,0x89FD,0xA9FD,0x89FD,0x89FD,0xA9FD,0xA9FD,0xA9FD,0xA9FD,0xA9FD,
    0x89FD,0xA9FD,0xA9FD,0xA9FD,0x89FD,0x89FD,0xA9FD,0xA9FD,0xA9FD,0xA9FD,0xA9FD,0xA9FD,
    0xA9FD,0xA9FD,0xA9FD,0xA9FD,0xA9FD,0xA9FD,0xA9FD,0xA9FD,0xA9FD,0xA9FD,0xA9FD,0xA9FD,
    0xA9FD,0xA9FD,0xA9FD,0xA9FD,0x89FD,0xA9FD,0xA9FD,0xA9FD,0xA9FD,0xA9FD,0xA9FD,0xAAFD,
    0xAAFD,0xAAFD,0xAAFD,0xAAFD,0xAAFD,0xAAFD,0xAAFD,0xAAFD,0xA9FD,0xAAFD,0xAAFD,0xAAFD,
    0xAAFD,0xAAFD,0xAAFD,0xAAFD,0xAAFD,0xAAFD,0x8AFD,0xAAFD,0xAAFD,0xAAFD,0xAAFD,0xAAFD,
    0x89FD,0x89FD,0x89FD,0xA9FD,0xA9FD,0xA9FD,0xA9FD,0xA9FD,0xA9FD,0xA9FD,0xAAFD,0xA9FD,
    0xA9FD,0xA9FD,0xA9FD,0xA9FD,0x89FD,0xAAFD,0xA9FD,0xA9FD,0xA9FD,0xA9FD,0x89FD,0xA9FD,
    0xA9FD,0x89FD,0xA9FD,0x89FD,0x89FD,0x89FD,0x89FD,0xA9FD,0xA9FD,0xA9FD,0x89FD,0x89FD,
    0xA9FD,0xA9FD,0x89FD,0x89FD,0x89FD,0x89FD,0x89FD,0x89FD,0x89FD,0xA9FD,0x47F5,0x83E4,
    0x62E4,0x63EC,0x63EC,0x83EC,0x83EC,0xA3EC,0xE5F4,0x638A,0x6138,0xC348,0x8240,0x6261,
    0xA5E4,0xE3F4,0xA2EC,0xA3EC,0xA3EC,0xA2EC,0xA3EC,0xA3EC,0xA2EC,0xA3EC,0xA3EC,0xA3EC,
    0xA3EC,0xA3EC,0xA3EC,0xA3EC,0xA3EC,0xA3EC,0xA3EC,0xA3EC,0x65E4,0x4261,0x8238,0xC340,
    0x8230,0x59D6,0xFFFF,0xFFFF,0xFFFF,0xFFFF,0xFFFF,0xFFFF,0xFFFF,0xFFFF,0xFFFF,0xFFFF,
    0xFFFF,0xFFFF,0xFFFF,0xFFFF,0xFFFF,0xFFFF,0xFFFF,0xFFFF,0xFFFF,0xFFFF,0xFFFF,0xFFFF,
    0xFFFF,0xFFFF,0xFFFF,0xFFFF,0xFFFF,0xFFFF,0xFFFF,0xFFFF,0xFFFF,0xFFFF,0xFFFF,0xFFFF,
    0xFFFF,0xFFFF,0xFFFF,0xFFFF,0xFFFF,0xFFFF,0xFFFF,0xFFFF,0xFFFF,0x9EF7,0xA651,0x4130,
    0x8238,0xA140,0x4BDD,0x4AFE,0x0AF6,0x2AF6,0x0AFE,0x2AF6,0x0AFE,0xE4EC,0x82EC,0xA2EC,
    0xA3EC,0xA3EC,0xA3EC,0xA3EC,0xA3EC,0xA2EC,0xA3EC,0xA2EC,0x82EC,0xA2EC,0xA5E4,0x6261,
    0x4238,0xC348,0x4138,0x6392,0xE5F4,0x83EC,0x83EC,0x83EC,0x83EC,0x63EC,0x62EC,0xA3EC,
    0x68FD,0xA9FD,0x89FD,0x89FD,0x89FD,0x89FD,0x89FD,0x89FD,0x89FD,0x89FD,0x89FD,0x89FD,
    0x89FD,0x89FD,0x89FD,0x89FD,0xA9FD,0x89FD,0xA9FD,0xA9FD,0xA9FD,0xA9FD,0xA9FD,0xA9FD,
    0xA9FD,0xA9FD,0xA9FD,0xA9FD,0xA9FD,0xA9FD,0xA9FD,0x89FD,0xA9FD,0xA9FD,0xA9FD,0x89FD,
    0x89FD,0x89FD,0xA9FD,0x89FD,0x89FD,0x89FD,0x89FD,0xA9FD,0xA9FD,0xA9FD,0xA9FD,0xA9FD,
    0xAAFD,0xAAFD,0xAAFD,0xAAFD,0xAAFD,0xAAFD,0xAAFD,0xAAFD,0xAAFD,0xAAFD,0xAAFD,0xAAFD,
    0x8AFD,0xAAFD,0x8AFD,0xAAFD,0x8AFD,0x8AFD,0x8AFD,0x8AFD,0x8AFD,0x8AFD,0xAAFD,0xAAFD,
    0xA9FD,0x89FD,0x89FD,0x89FD,0x89FD,0xA9FD,0xA9FD,0xA9FD,0xA9FD,0xAAFD,0xAAFD,0xA9FD,
    0xA9FD,0xA9FD,0xA9FD,0x89FD,0x89FD,0x89FD,0xA9FD,0x89FD,0x89FD,0x89FD,0x89FD,0x89FD,
    0x89FD,0x89FD,0x89FD,0xA9FD,0xA9FD,0xA9FD,0xA9FD,0xA9FD,0xA9FD,0xA9FD,0xA9FD,0x89FD,
    0xA9FD,0xA9FD,0xA9FD,0xA9FD,0x89FD,0x89FD,0x89FD,0x89FD,0x89FD,0x89FD,0xA9FD,0x68FD,
    0x84EC,0x62E4,0x83EC,0x83EC,0x83EC,0x83EC,0xA3EC,0xE5EC,0x438A,0x6138,0xC348,0x8240,
    0x8269,0xA5E4,0xC2EC,0xA3EC,0xA3EC,0xA3EC,0xA3EC,0xA3EC,0xA3EC,0xA3EC,0xA3EC,0xA3EC,
    0xA3EC,0xA3EC,0xA3EC,0xA3EC,0xA3EC,0xA3EC,0xA3EC,0xA3EC,0xC3F4,0x84C3,0xA140,0xC340,
    0x6138,0xC759,0xBEFF,0xFFFF,0xFFFF,0xFFFF,0xFFFF,0xFFFF,0xFFFF,0xFFFF,0xFFFF,0xFFFF,
    0xFFFF,0xFFFF,0xFFFF,0xFFFF,0xFFFF,0xFFFF,0xFFFF,0xFFFF,0xFFFF,0xFFFF,0xFFFF,0xFFFF,
    0xFFFF,0xFFFF,0xFFFF,0xFFFF,0xFFFF,0xFFFF,0xFFFF,0xFFFF,0xFFFF,0xFFFF,0xFFFF,0xFFFF,
    0xFFFF,0xFFFF,0xFFFF,0xFFFF,0xFFFF,0xFFFF,0xFFFF,0xFFFF,0xFFFF,0xCE8B,0x0028,0xC340,
    0x2028,0xE8AB,0x6BFE,0xE9F5,0x0AFE,0x0AFE,0x0AF6,0x2AFE,0x46ED,0x82EC,0xA2EC,0xA2EC,
    0xA2EC,0xA3EC,0xA3EC,0xA3EC,0xA3EC,0xA3EC,0xA3EC,0xA2EC,0xA2EC,0xC5EC,0xA269,0x2130,
    0xC340,0x4138,0x238A,0xE5F4,0x82EC,0x83EC,0x83EC,0x83EC,0x83EC,0x62E4,0xA4EC,0x88FD,
    0xA9FD,0x89FD,0x89FD,0xA9FD,0x89FD,0x89FD,0x89FD,0x89FD,0x89FD,0x89FD,0xA9FD,0x89FD,
    0xA9FD,0x89FD,0x89FD,0xA9FD,0xA9FD,0xA9FD,0xA9FD,0xA9FD,0xA9FD,0xA9FD,0xA9FD,0xA9FD,
    0xA9FD,0xA9FD,0xA9FD,0xA9FD,0xA9FD,0xA9FD,0xA9FD,0xA9FD,0xA9FD,0x89FD,0x89FD,0xA9FD,
    0x89FD,0xA9FD,0xA9FD,0xA9FD,0xA9FD,0xA9FD,0xA9FD,0xA9FD,0xA9FD,0xA9FD,0xA9FD,0xA9FD,
    0xAAFD,0xAAFD,0xAAFD,0xAAFD,0xAAFD,0xAAFD,0xAAFD,0xAAFD,0xAAFD,0xAAFD,0xAAFD,0xAAFD,
    0xAAFD,0xAAFD,0x8AFD,0xAAFD,0xAAFD,0x8AFD,0x8AFD,0xAAFD,0xAAFD,0xAAFD,0xAAFD,0xAAFD,
    0xA9FD,0xA9FD,0xA9FD,0xA9FD,0x89FD,0xA9FD,0xA9FD,0x89FD,0xA9FD,0xA9FD,0x89FD,0xAAFD,
    0xAAFD,0xA9FD,0xA9FD,0xAAFD,0xAAFD,0xAAFD,0x89FD,0x89FD,0xA9FD,0xA9FD,0xA9FD,0xAAFD,
    0xA9FD,0xA9FD,0xA9FD,0xA9FD,0xA9FD,0xA9FD,0xA9FD,0xA9FD,0xA9FD,0xA9FD,0xA9FD,0x89FD,
    0xA9FD,0xA9FD,0x89FD,0xA9FD,0xA9FD,0x89FD,0x89FD,0x89FD,0x89FD,0x89FD,0x89FD,0xA9FD,
    0x88FD,0xA4EC,0x63EC,0x83EC,0x83EC,0x83EC,0x83EC,0xA3EC,0xE6EC,0x0382,0x6238,0xE350,
    0x6238,0xA269,0xC5EC,0xA2EC,0x83EC,0xA3EC,0xA3EC,0xA3EC,0xA3EC,0xA3EC,0xA3EC,0xA3EC,
    0xA3EC,0xA3EC,0xA3EC,0xA3EC,0xA3EC,0xA2EC,0xA3EC,0xA3EC,0xA3EC,0xA4EC,0x839A,0x6138,
    0xE340,0x2130,0xEF93,0xFFFF,0xFFFF,0xFFFF,0xFFFF,0xFFFF,0xFFFF,0xFFFF,0xFFFF,0xFFFF,
    0xFFFF,0xFFFF,0xFFFF,0xFFFF,0xFFFF,0xFFFF,0xFFFF,0xFFFF,0xFFFF,0xFFFF,0xFFFF,0xFFFF,
    0xFFFF,0xFFFF,0xFFFF,0xFFFF,0xFFFF,0xFFFF,0xFFFF,0xFFFF,0xFFFF,0xFFFF,0xFFFF,0xFFFF,
    0xFFFF,0xFFFF,0xFFFF,0xFFFF,0xFFFF,0xFFFF,0xFFFF,0xFFFF,0x18CE,0x4130,0xA340,0x2128,
    0x4472,0x4CFE,0xE9F5,0x0AF6,0x0AF6,0x0AF6,0x2BFE,0x88F5,0x82EC,0xA2EC,0xA2EC,0xA3EC,
    0xA3EC,0xA3EC,0xA3EC,0xA3EC,0xA3EC,0xA3EC,0xA3EC,0x82EC,0xE4F4,0x2382,0x2130,0xC340,
    0x2130,0xE379,0xC5EC,0x82EC,0x83EC,0x83EC,0x83EC,0x83EC,0x62E4,0xC4EC,0x89FD,0xA9FD,
    0xA9FD,0x89FD,0x89FD,0xA9FD,0x89FD,0x89FD,0xA9FD,0x89FD,0xA9FD,0x89FD,0xA9FD,0x89FD,
    0xA9FD,0xA9FD,0xA9FD,0xA9FD,0xA9FD,0x89FD,0xA9FD,0xA9FD,0xA9FD,0xA9FD,0xA9FD,0xA9FD,
    0xA9FD,0xA9FD,0xAAFD,0xAAFD,0xAAFD,0xAAFD,0xAAFD,0xA9FD,0xA9FD,0xA9FD,0xA9FD,0xA9FD,
    0xA9FD,0xA9FD,0xA9FD,0xA9FD,0xA9FD,0xA9FD,0xA9FD,0xA9FD,0xA9FD,0xA9FD,0xA9FD,0xAAFD,
    0xAAFD,0xAAFD,0xAAFD,0xAAFD,0xAAFD,0xAAFD,0xAAFD,0xAAFD,0xAAFD,0xAAFD,0x8AFD,0xAAFD,
    0xAAFD,0xAAFD,0xAAFD,0xAAFD,0xAAFD,0xAAFD,0xAAFD,0x8AFD,0xAAFD,0xAAFD,0xAAFD,0xAAFD,
    0xAAFD,0xA9FD,0x8AFD,0x8AFD,0xAAFD,0xAAFD,0xAAFD,0xAAFD,0xAAFD,0xAAFD,0xAAFD,0xA9FD,
    0xA9FD,0xAAFD,0xAAFD,0xAAFD,0xAAFD,0x8AFD,0xAAFD,0xA9FD,0x8AFD,0x89FD,0xAAFD,0xAAFD,
    0xAAFD,0xAAFD,0xAAFD,0xAAFD,0xAAFD,0xAAFD,0xA9FD,0xA9FD,0xA9FD,0xA9FD,0xA9FD,0xA9FD,
    0xA9FD,0x89FD,0x89FD,0x89FD,0xA9FD,0x89FD,0x89FD,0x89FD,0x89FD,0x89FD,0x89FD,0x89FD,
    0xA9FD,0x89FD,0xC5EC,0x63EC,0x83EC,0x83EC,0x83EC,0x83EC,0xA3EC,0xC6EC,0xC271,0x4138,
    0xE348,0x4130,0x037A,0xE4EC,0x82EC,0xA3EC,0xA3EC,0xA3EC,0xA3EC,0xA3EC,0xA3EC,0xA3EC,
    0xA3EC,0xA3EC,0xA3EC,0xA3EC,0xA3EC,0xA2EC,0xA3EC,0xA3EC,0xA3EC,0xA3EC,0x44E4,0x8271,
    0x6238,0xC340,0x6230,0x38CE,0xFFFF,0xFFFF,0xFFFF,0xFFFF,0xFFFF,0xFFFF,0xFFFF,0xFFFF,
    0xFFFF,0xFFFF,0xFFFF,0xFFFF,0xFFFF,0xFFFF,0xFFFF,0xFFFF,0xFFFF,0xFFFF,0xFFFF,0xFFFF,
    0xFFFF,0xFFFF,0xFFFF,0xFFFF,0xFFFF,0xFFFF,0xFFFF,0xFFFF,0xFFFF,0xFFFF,0xFFFF,0xFFFF,
    0xFFFF,0xFFFF,0xFFFF,0xFFFF,0xFFFF,0xFFFF,0xFFFF,0xBEFF,0xC759,0x4138,0x8238,0xE240,
    0xABE5,0x2AFE,0x0AF6,0x0AF6,0x0AF6,0x2AFE,0xC8F5,0xA3EC,0xA2EC,0xA2EC,0xA2EC,0xA3EC,
    0xA3EC,0xA3EC,0xA3EC,0xA3EC,0xA3EC,0xA3EC,0x82EC,0xE4F4,0xA492,0x2130,0xC340,0x4230,
    0x6261,0x85E4,0x83EC,0x63EC,0x83EC,0x83EC,0x83EC,0x63E4,0xC4EC,0xA9FD,0xA9FD,0xA9FD,
    0xA9FD,0xA9FD,0x89FD,0x89FD,0x89FD,0x89FD,0x89FD,0xA9FD,0x89FD,0x89FD,0x89FD,0xA9FD,
    0x89FD,0x89FD,0xA9FD,0xA9FD,0xA9FD,0xA9FD,0xA9FD,0xA9FD,0xA9FD,0xA9FD,0xA9FD,0xA9FD,
    0x89FD,0xA9FD,0xAAFD,0xAAFD,0xAAFD,0xAAFD,0x8AFD,0xA9FD,0x89FD,0x89FD,0x89FD,0x89FD,
    0xA9FD,0x89FD,0x89FD,0x89FD,0xA9FD,0xA9FD,0xA9FD,0xA9FD,0xA9FD,0xA9FD,0xA9FD,0xAAFD,
    0xAAFD,0xAAFD,0xAAFD,0xAAFD,0xAAFD,0xAAFD,0xAAFD,0xAAFD,0xAAFD,0xAAFD,0x8AFD,0x8AFD,
    0x8AFD,0xAAFD,0x8AFD,0x8AFD,0x8AFD,0x8AFD,0x8AFD,0x8AFD,0x8AFD,0x8AFD,0xAAFD,0xAAFD,
    0xAAFD,0xAAFD,0x8AFD,0xAAFD,0xAAFD,0xAAFD,0xAAFD,0xAAFD,0xAAFD,0xAAFD,0xAAFD,0xA9FD,
    0xAAFD,0xAAFD,0x8AFD,0x8AFD,0x8AFD,0x8AFD,0x8AFD,0x8AFD,0x8AFD,0x8AFD,0x8AFD,0xAAFD,
    0xAAFD,0x8AFD,0xAAFD,0xAAFD,0xAAFD,0xA9FD,0xA9FD,0xA9FD,0xA9FD,0xA9FD,0xA9FD,0x89FD,
    0x89FD,0xA9FD,0x89FD,0x89FD,0xA9FD,0x89FD,0x89FD,0x89FD,0xA9FD,0x89FD,0x89FD,0xA9FD,
    0xA9FD,0xA9FD,0xA9FD,0xC5EC,0x83EC,0x83EC,0x83EC,0x83EC,0x83EC,0xA3EC,0x85E4,0x6269,
    0x6238,0xC340,0x4130,0x838A,0xE4F4,0x82EC,0xA3EC,0xA2EC,0xA3EC,0xA3EC,0xA3EC,0xA3EC,
    0xA3EC,0xA3EC,0xA3EC,0xA3EC,0xA3EC,0xA3EC,0xA3EC,0xA2EC,0xA3EC,0xA3EC,0x83EC,0xA5CB,
    0xC150,0xA340,0x6238,0xC751,0xBEFF,0xFFFF,0xFFFF,0xFFFF,0xFFFF,0xFFFF,0xFFFF,0xFFFF,
    0xFFFF,0xFFFF,0xFFFF,0xFFFF,0xFFFF,0xFFFF,0xFFFF,0xFFFF,0xFFFF,0xFFFF,0xFFFF,0xFFFF,
    0xFFFF,0xFFFF,0xFFFF,0xFFFF,0xFFFF,0xFFFF,0xFFFF,0xFFFF,0xFFFF,0xFFFF,0xFFFF,0xFFFF,
    0xFFFF,0xFFFF,0xFFFF,0xFFFF,0xFFFF,0xFFFF,0xFFFF,0x309C,0x0028,0xC340,0x4030,0x28B4,
    0x6BFE,0xE9F5,0x0AF6,0x0AF6,0x0AF6,0x09FE,0xE4EC,0xA2EC,0xC2EC,0xA3EC,0xA2EC,0xA3EC,
    0xA3EC,0xA3EC,0xA3EC,0xA3EC,0xA3EC,0x82EC,0xE4F4,0x44AB,0x4130,0xA340,0x6230,0x0259,
    0x45DC,0x82EC,0x62EC,0x83EC,0x83EC,0x83EC,0x62E4,0xA4EC,0xA9FD,0xA9FD,0xA9FD,0xA9FD,
    0xA9FD,0x89FD,0xA9FD,0xA9FD,0x89FD,0xA9FD,0x89FD,0x89FD,0x89FD,0xA9FD,0x89FD,0xA9FD,
    0xA9FD,0xA9FD,0xA9FD,0xA9FD,0xA9FD,0xA9FD,0xA9FD,0xA9FD,0xA9FD,0xA9FD,0xA9FD,0xA9FD,
    0xAAFD,0xAAFD,0xAAFD,0xAAFD,0xAAFD,0xAAFD,0xAAFD,0xA9FD,0x89FD,0x89FD,0xA9FD,0x89FD,
    0x89FD,0xA9FD,0xA9FD,0x89FD,0xA9FD,0x89FD,0xA9FD,0xA9FD,0xA9FD,0xA9FD,0xA9FD,0xA9FD,
    0xAAFD,0xA9FD,0xAAFD,0xAAFD,0xAAFD,0xAAFD,0xAAFD,0xAAFD,0xAAFD,0x8AFD,0xAAFD,0x8AFD,
    0x8AFD,0xAAFD,0xAAFD,0x8AFD,0x8AFD,0x8AFD,0xAAFD,0xAAFD,0xAAFD,0xAAFD,0xAAFD,0xAAFD,
    0xAAFD,0xAAFD,0xAAFD,0xAAFD,0xAAFD,0xAAFD,0xAAFD,0xAAFD,0xAAFD,0xAAFD,0xAAFD,0x8AFD,
    0xAAFD,0xAAFD,0x8AFD,0x8AFD,0x8AFD,0x8AFD,0xAAFD,0xAAFD,0xAAFD,0xAAFD,0xAAFD,0xAAFD,
    0xAAFD,0xAAFD,0xAAFD,0xAAFD,0xAAFD,0xAAFD,0xAAFD,0xA9FD,0x89FD,0xA9FD,0xA9FD,0xA9FD,
    0xA9FD,0xA9FD,0xA9FD,0xA9FD,0x89FD,0x89FD,0x89FD,0x89FD,0xA9FD,0x89FD,0xA9FD,0x89FD,
    0xA9FD,0xA9FD,0xA9FD,0xA9FD,0xC5EC,0x83EC,0x83EC,0x83EC,0x83EC,0x83EC,0x82EC,0x45DC,
    0x0251,0x6238,0xA340,0x4130,0x24AB,0xE4F4,0x82EC,0xA3EC,0xA3EC,0xA3EC,0xA3EC,0xA3EC,
    0xA3EC,0xA3EC,0xA3EC,0xA3EC,0xA3EC,0xA3EC,0xA3EC,0xA2EC,0xA3EC,0xA3EC,0xA2EC,0x63EC,
    0xC4A2,0x6138,0xC340,0x2028,0x1094,0xFFFF,0xFFFF,0xFFFF,0xFFFF,0xFFFF,0xFFFF,0xFFFF,
    0xFFFF,0xFFFF,0xFFFF,0xFFFF,0xFFFF,0xFFFF,0xFFFF,0xFFFF,0xFFFF,0xFFFF,0xFFFF,0xFFFF,
    0xFFFF,0xFFFF,0xFFFF,0xFFFF,0xFFFF,0xFFFF,0xFFFF,0xFFFF,0xFFFF,0xFFFF,0xFFFF,0xFFFF,
    0xFFFF,0xFFFF,0xFFFF,0xFFFF,0xFFFF,0xFFFF,0x9ADE,0x8238,0xA340,0x4130,0x4472,0x6BFE,
    0x09F6,0x0AF6,0x0AF6,0x0AF6,0x2AFE,0x25ED,0x82EC,0xA2EC,0xA2EC,0xA3EC,0xA3EC,0xA3EC,
    0xA3EC,0xA3EC,0xA3EC,0xA3EC,0xA3EC,0xE3F4,0xE5C3,0x8140,0xA238,0x8238,0xA148,0x05D4,
    0x82EC,0x62E4,0x62EC,0x62EC,0x83EC,0x62EC,0xA4EC,0x89FD,0xAAFD,0xA9FD,0xA9FD,0xA9FD,
    0xA9FD,0xA9FD,0xA9FD,0xA9FD,0xA9FD,0xA9FD,0xA9FD,0xA9FD,0xA9FD,0xA9FD,0xA9FD,0xA9FD,
    0xA9FD,0xA9FD,0xA9FD,0xA9FD,0xA9FD,0x89FD,0xA9FD,0xA9FD,0xA9FD,0xA9FD,0xA9FD,0xA9FD,
    0xA9FD,0xAAFD,0xAAFD,0xAAFD,0xAAFD,0xAAFD,0xAAFD,0xA9FD,0xA9FD,0xA9FD,0xA9FD,0xA9FD,
    0xA9FD,0x89FD,0xA9FD,0xA9FD,0xA9FD,0xA9FD,0xA9FD,0xA9FD,0xA9FD,0xA9FD,0xA9FD,0xA9FD,
    0xAAFD,0xAAFD,0xAAFD,0xAAFD,0xAAFD,0xAAFD,0xAAFD,0xAAFD,0xAAFD,0xAAFD,0xAAFD,0xAAFD,
    0xAAFD,0xAAFD,0xAAFD,0xAAFD,0xAAFD,0xAAFD,0xAAFD,0xAAFD,0xAAFD,0xAAFD,0x8AFD,0xAAFD,
    0xAAFD,0xAAFD,0x8AFD,0xAAFD,0x8AFD,0xAAFD,0xAAFD,0xAAFD,0xAAFD,0xAAFD,0xAAFD,0xAAFD,
    0xAAFD,0xAAFD,0xAAFD,0xAAFD,0xAAFD,0xAAFD,0xAAFD,0xAAFD,0xAAFD,0xAAFD,0xAAFD,0xAAFD,
    0xAAFD,0xAAFD,0xAAFD,0xA9FD,0xAAFD,0xAAFD,0xAAFD,0xAAFD,0xA9FD,0xA9FD,0xA9FD,0xA9FD,
    0xA9FD,0xA9FD,0xA9FD,0xA9FD,0xA9FD,0xA9FD,0xA9FD,0xA9FD,0xA9FD,0xA9FD,0xAAFD,0xA9FD,
    0xA9FD,0xA9FD,0xA9FD,0xAAFD,0xA9FD,0xC5EC,0x83EC,0x83EC,0x83EC,0x83EC,0x62E4,0xA3EC,
    0xE5CB,0xA140,0x8238,0x8238,0x8140,0xE5CB,0xE3F4,0xA3EC,0xA3EC,0xA3EC,0xA3EC,0xA3EC,
    0xA3EC,0xA3EC,0xA3EC,0xA3EC,0xA3EC,0xA3EC,0xA3EC,0xA3EC,0xA3EC,0xA3EC,0xA3EC,0x82E4,
    0x24DC,0xA271,0x8238,0xC340,0x8238,0x9ADE,0xFFFF,0xFFFF,0xFFFF,0xFFFF,0xFFFF,0xFFFF,
    0xFFFF,0xFFFF,0xFFFF,0xFFFF,0xFFFF,0xFFFF,0xFFFF,0xFFFF,0xFFFF,0xFFFF,0xFFFF,0xFFFF,
    0xFFFF,0xFFFF,0xFFFF,0xFFFF,0xFFFF,0xFFFF,0xFFFF,0xFFFF,0xFFFF,0xFFFF,0xFFFF,0xFFFF,
    0xFFFF,0xFFFF,0xFFFF,0xFFFF,0xFFFF,0xFFFF,0x8A6A,0x4138,0xC340,0xC140,0x6BDD,0x2AFE,
    0x0AF6,0x0AF6,0x0AF6,0x2AF6,0xA7F5,0x82EC,0xA2EC,0xA2EC,0xA2EC,0xA3EC,0xA3EC,0xA3EC,
    0xA3EC,0xA3EC,0xA3EC,0xA2EC,0xC2F4,0xA5E4,0x0251,0x6238,0xA238,0x6138,0x84BB,0xA3F4,
    0x62E4,0x62EC,0x62E4,0x83EC,0x62EC,0xA4EC,0x88FD,0xA9FD,0xA9FD,0xA9FD,0xA9FD,0xA9FD,
    0xA9FD,0xA9FD,0xA9FD,0xA9FD,0x89FD,0x89FD,0x89FD,0xA9FD,0xA9FD,0xA9FD,0xA9FD,0x89FD,
    0xA9FD,0xA9FD,0xA9FD,0xA9FD,0xA9FD,0xA9FD,0xA9FD,0xA9FD,0xA9FD,0xA9FD,0xA9FD,0xAAFD,
    0xAAFD,0xAAFD,0xAAFD,0x8AFD,0x8AFD,0x8AFD,0xAAFD,0xA9FD,0x89FD,0x89FD,0xA9FD,0xA9FD,
    0x89FD,0x89FD,0xA9FD,0xA9FD,0xA9FD,0xA9FD,0xA9FD,0xA9FD,0xA9FD,0xA9FD,0xA9FD,0xAAFD,
    0xAAFD,0xAAFD,0xAAFD,0xAAFD,0xAAFD,0xAAFD,0xAAFD,0xAAFD,0x8AFD,0x8AFD,0x8AFD,0x8AFD,
    0xAAFD,0x8AFD,0x8AFD,0xAAFD,0xAAFD,0xAAFD,0xAAFD,0xAAFD,0xAAFD,0xAAFD,0xAAFD,0xAAFD,
    0xAAFD,0xAAFD,0xAAFD,0xAAFD,0xAAFD,0xAAFD,0xAAFD,0xAAFD,0xAAFD,0xAAFD,0x8AFD,0xAAFD,
    0xAAFD,0xA9FD,0xAAFD,0x89FD,0xA9FD,0xA9FD,0xA9FD,0xAAFD,0xAAFD,0xAAFD,0xAAFD,0xAAFD,
    0xAAFD,0xAAFD,0xAAFD,0xAAFD,0xAAFD,0xAAFD,0xA9FD,0xAAFD,0xAAFD,0xA9FD,0xA9FD,0x89FD,
    0x89FD,0xA9FD,0x89FD,0x89FD,0x89FD,0xA9FD,0xA9FD,0xA9FD,0xA9FD,0xA9FD,0xA9FD,0xA9FD,
    0xA9FD,0xA9FD,0xA9FD,0xA9FD,0xAAFD,0x89FD,0xA4EC,0x82EC,0x83EC,0x62EC,0x63EC,0x62E4,
    0xA3EC,0x64BB,0x6138,0xA338,0x6238,0x2159,0xA5E4,0xC2F4,0xA3EC,0xA3EC,0xA3EC,0xA3EC,
    0xA3EC,0xA3EC,0xA3EC,0xA3EC,0xA3EC,0xA3EC,0xA3EC,0xA3EC,0xA2EC,0xA3EC,0xA2EC,0xA3EC,
    0x63E4,0x84C3,0xC148,0xC340,0x4138,0x8A6A,0xFFFF,0xFFFF,0xFFFF,0xFFFF,0xFFFF,0xFFFF,
    0xFFFF,0xFFFF,0xFFFF,0xFFFF,0xFFFF,0xFFFF,0xFFFF,0xFFFF,0xFFFF,0xFFFF,0xFFFF,0xFFFF,
    0xFFFF,0xFFFF,0xFFFF,0xFFFF,0xFFFF,0xFFFF,0xFFFF,0xFFFF,0xFFFF,0xFFFF,0xFFFF,0xFFFF,
    0xFFFF,0xFFFF,0xFFFF,0xDFFF,0xFFFF,0x75BD,0x4030,0xE348,0x4138,0xA7A3,0x8BFE,0xE9F5,
    0x0AF6,0x0AF6,0x0AF6,0xE9FD,0xC3EC,0x82EC,0xA2EC,0xA2EC,0xA3EC,0xA3EC,0xA2EC,0xA3EC,
    0xA3EC,0xA3EC,0xA3EC,0xA2EC,0xE5F4,0xE379,0x4130,0xC340,0x4130,0xE4A2,0xC3F4,0x42E4,
    0x62EC,0x62EC,0x63EC,0x62E4,0x83E4,0x88FD,0xA9FD,0x89FD,0xA9FD,0xA9FD,0xA9FD,0xA9FD,
    0x89FD,0xA9FD,0xA9FD,0xA9FD,0x89FD,0x89FD,0xA9FD,0x89FD,0x89FD,0xA9FD,0xA9FD,0xA9FD,
    0xA9FD,0xA9FD,0xA9FD,0xA9FD,0xA9FD,0xA9FD,0xA9FD,0xA9FD,0xA9FD,0xA9FD,0xA9FD,0x8AFD,
    0x8AFD,0x8AFD,0xAAFD,0xAAFD,0xAAFD,0xAAFD,0xAAFD,0xA9FD,0x89FD,0x89FD,0xA9FD,0xA9FD,
    0xA9FD,0xA9FD,0x89FD,0xA9FD,0xA9FD,0xA9FD,0x89FD,0xA9FD,0xAAFD,0xA9FD,0xAAFD,0xAAFD,
    0xAAFD,0xAAFD,0xAAFD,0xAAFD,0xAAFD,0xAAFD,0xAAFD,0xAAFD,0xAAFD,0xAAFD,0xAAFD,0xAAFD,
    0xAAFD,0xAAFD,0x8AFD,0xAAFD,0xAAFD,0xAAFD,0xAAFD,0xAAFD,0xAAFD,0xAAFD,0xAAFD,0xA9FD,
    0xAAFD,0xAAFD,0xAAFD,0xAAFD,0xAAFD,0xAAFD,0xAAFD,0xAAFD,0xAAFD,0xAAFD,0xAAFD,0xAAFD,
    0xAAFD,0x89FD,0x89FD,0xA9FD,0xA9FD,0xA9FD,0xA9FD,0xA9FD,0xAAFD,0xA9FD,0xAAFD,0xAAFD,
    0xAAFD,0xAAFD,0xAAFD,0xAAFD,0xAAFD,0xAAFD,0xAAFD,0xAAFD,0xA9FD,0xA9FD,0x89FD,0x89FD,
    0x89FD,0x89FD,0x89FD,0xA9FD,0xA9FD,0x89FD,0xA9FD,0xA9FD,0x89FD,0x89FD,0xA9FD,0xA9FD,
    0xA9FD,0xA9FD,0xA9FD,0xA9FD,0xA9FD,0xA9FD,0x88FD,0x83E4,0x62E4,0x62E4,0x63EC,0x63EC,
    0x42E4,0xC3F4,0xC49A,0x4130,0xC340,0x4238,0x037A,0x05F5,0xA3EC,0xA3EC,0xA3EC,0xA3EC,
    0xA3EC,0xA3EC,0xA3EC,0xA3EC,0xA3EC,0xA3EC,0xA3EC,0xA2EC,0xA3EC,0xA3EC,0xA2EC,0xA3EC,
    0x83EC,0x43E4,0x8392,0x6238,0xE348,0x4130,0x55B5,0xFFFF,0xFFFF,0xFFFF,0xFFFF,0xFFFF,
    0xFFFF,0xFFFF,0xFFFF,0xFFFF,0xFFFF,0xFFFF,0xFFFF,0xFFFF,0xFFFF,0xFFFF,0xFFFF,0xFFFF,
    0xFFFF,0xFFFF,0xFFFF,0xFFFF,0xFFFF,0xFFFF,0xFFFF,0xFFFF,0xFFFF,0xFFFF,0xFFFF,0xFFFF,
    0xFFFF,0xFFFF,0xFFFF,0xFFFF,0x9EF7,0x8651,0x8240,0xA240,0xA361,0x2CF6,0x2AFE,0x0AF6,
    0x0AF6,0x0AF6,0x2AFE,0x25ED,0x82EC,0xA2EC,0xA2EC,0xA3EC,0xA2EC,0xA3EC,0xA3EC,0xC3EC,
    0xA3EC,0xC3EC,0xA2EC,0x24FD,0xE4A2,0x4140,0xC348,0x4138,0x438A,0xC4F4,0x62E4,0x62EC,
    0x62EC,0x62EC,0x62EC,0x62E4,0x47F5,0xA9FD,0x89FD,0xA9FD,0xA9FD,0xA9FD,0xA9FD,0xA9FD,
    0xA9FD,0xA9FD,0xA9FD,0xA9FD,0xA9FD,0xA9FD,0xA9FD,0xA9FD,0x89FD,0xA9FD,0xA9FD,0xA9FD,
    0xA9FD,0xA9FD,0xA9FD,0xA9FD,0xA9FD,0xA9FD,0xA9FD,0xA9FD,0xA9FD,0xA9FD,0xA9FD,0xAAFD,
    0xA9FD,0xAAFD,0xAAFD,0xAAFD,0xAAFD,0xAAFD,0xAAFD,0xA9FD,0xA9FD,0xA9FD,0xA9FD,0xA9FD,
    0xA9FD,0xA9FD,0xA9FD,0xA9FD,0xA9FD,0xA9FD,0xAAFD,0x8AFD,0xAAFD,0xA9FD,0xA9FD,0xAAFD,
    0xAAFD,0xAAFD,0xAAFD,0xAAFD,0xAAFD,0xAAFD,0xAAFD,0xAAFD,0xAAFD,0xAAFD,0xAAFD,0xAAFD,
    0xAAFD,0xAAFD,0xAAFD,0xAAFD,0xAAFD,0xAAFD,0xAAFD,0xAAFD,0xAAFD,0xAAFD,0xAAFD,0xA9FD,
    0xAAFD,0xAAFD,0xAAFD,0xAAFD,0xAAFD,0xAAFD,0xAAFD,0xAAFD,0xAAFD,0xAAFD,0xAAFD,0xAAFD,
    0xAAFD,0xA9FD,0x89FD,0xA9FD,0xA9FD,0xA9FD,0xA9FD,0xA9FD,0xA9FD,0xA9FD,0xAAFD,0xAAFD,
    0xAAFD,0xAAFD,0xAAFD,0xA9FD,0xAAFD,0xAAFD,0xA9FD,0xA9FD,0xA9FD,0xA9FD,0xA9FD,0x89FD,
    0xA9FD,0xA9FD,0xA9FD,0x89FD,0x89FD,0xA9FD,0xA9FD,0xA9FD,0xA9FD,0xA9FD,0xA9FD,0xA9FD,
    0x89FD,0xA9FD,0xA9FD,0x89FD,0x89FD,0x89FD,0xA9FD,0x47FD,0x62E4,0x62E4,0x63E4,0x63EC,
    0x63EC,0x62E4,0xC4EC,0x0382,0x4130,0xC348,0x6140,0x04A3,0x25F5,0xA2EC,0xA3EC,0xA3EC,
    0xA3EC,0xA3EC,0xA2EC,0xA3EC,0xA2EC,0xA3EC,0xA3EC,0xA2EC,0xA3EC,0xA3EC,0xA3EC,0xA3EC,
    0xC3EC,0x42E4,0x05DC,0x4261,0xA340,0xA240,0x8651,0x9EF7,0xFFFF,0xFFFF,0xFFFF,0xFFFF,
    0xFFFF,0xFFFF,0xFFFF,0xFFFF,0xFFFF,0xFFFF,0xFFFF,0xFFFF,0xFFFF,0xFFFF,0xFFFF,0xFFFF,
    0xFFFF,0xFFFF,0xFFFF,0xFFFF,0xFFFF,0xFFFF,0xFFFF,0xFFFF,0xFFFF,0xFFFF,0xFFFF,0xFFFF,
    0xFFFF,0xFFFF,0xFFFF,0xFFFF,0x71A4,0x2030,0xE348,0x8140,0xA9C4,0x6BFE,0x0AF6,0x2AF6,
    0x0AF6,0x2AFE,0xA7F5,0x82EC,0xA2EC,0xA2EC,0xA2EC,0xA3EC,0xA3EC,0xA3EC,0xA2EC,0xA3EC,
    0xA3EC,0xA2EC,0x03F5,0x05CC,0xA148,0xA348,0x6240,0xA271,0xA5EC,0x62EC,0x63E4,0x63E4,
    0x63EC,0x62EC,0x42E4,0x26F5,0xA9FD,0x89FD,0x89FD,0xA9FD,0xA9FD,0xA9FD,0xA9FD,0xA9FD,
    0xA9FD,0xA9FD,0xA9FD,0xA9FD,0xA9FD,0xA9FD,0xA9FD,0xA9FD,0xA9FD,0xA9FD,0x89FD,0xA9FD,
    0xA9FD,0xA9FD,0xA9FD,0xA9FD,0xA9FD,0xA9FD,0xA9FD,0xA9FD,0xA9FD,0xA9FD,0xA9FD,0xA9FD,
    0xA9FD,0xA9FD,0x8AFD,0xAAFD,0xAAFD,0xAAFD,0xA9FD,0xA9FD,0xA9FD,0xA9FD,0xA9FD,0xA9FD,
    0xA9FD,0xA9FD,0xA9FD,0xA9FD,0x89FD,0xA9FD,0xAAFD,0xAAFD,0xAAFD,0xA9FD,0xA9FD,0xAAFD,
    0xAAFD,0xAAFD,0xAAFD,0xAAFD,0xAAFD,0xAAFD,0xAAFD,0xAAFD,0xAAFD,0xAAFD,0xAAFD,0xAAFD,
    0xAAFD,0x8AFD,0xAAFD,0xAAFD,0xAAFD,0xAAFD,0xAAFD,0xA9FD,0xA9FD,0xA9FD,0xA9FD,0xAAFD,
    0xAAFD,0xAAFD,0xAAFD,0xAAFD,0xAAFD,0xAAFD,0xAAFD,0xAAFD,0xAAFD,0xAAFD,0xAAFD,0x8AFD,
    0x8AFD,0xA9FD,0xA9FD,0xA9FD,0xA9FD,0xA9FD,0xA9FD,0xA9FD,0xA9FD,0xA9FD,0xAAFD,0xAAFD,
    0xA9FD,0xA9FD,0xA9FD,0xA9FD,0xA9FD,0xA9FD,0xA9FD,0xA9FD,0x89FD,0xA9FD,0xA9FD,0x89FD,
    0x89FD,0x89FD,0xA9FD,0xA9FD,0xA9FD,0xA9FD,0xA9FD,0xA9FD,0xA9FD,0xA9FD,0xA9FD,0xA9FD,
    0x89FD,0xA9FD,0x89FD,0x89FD,0xA9FD,0xA9FD,0x89FD,0xA9FD,0x26F5,0x42E4,0x62E4,0x63E4,
    0x63E4,0x63E4,0x62EC,0xA5E4,0x6269,0x6240,0xC348,0xA148,0x05CC,0x04F5,0xA3EC,0xA3F4,
    0xA3EC,0xA3EC,0xA3EC,0xA3EC,0xA2EC,0xA3EC,0xA2EC,0xA3EC,0xA3EC,0xA3EC,0xA3EC,0xA3EC,
    0xA3EC,0x83EC,0x43E4,0x24B3,0x8140,0xE448,0x2130,0x519C,0xFFFF,0xFFFF,0xFFFF,0xFFFF,
    0xFFFF,0xFFFF,0xFFFF,0xFFFF,0xFFFF,0xFFFF,0xFFFF,0xFFFF,0xFFFF,0xFFFF,0xFFFF,0xFFFF,
    0xFFFF,0xFFFF,0xFFFF,0xFFFF,0xFFFF,0xFFFF,0xFFFF,0xFFFF,0xFFFF,0xFFFF,0xFFFF,0xFFFF,
    0xFFFF,0xFFFF,0xFFFF,0x3CEF,0x0441,0xA240,0x6138,0x657A,0x8DFE,0x0AF6,0x2AF6,0x2AF6,
    0x2AF6,0x09FE,0xC3EC,0x82EC,0xA2EC,0xA2EC,0xA3EC,0xA2EC,0xA3EC,0xA3EC,0xA3EC,0xA3EC,
    0xA3EC,0xC3EC,0xC6E4,0x4261,0x8240,0xA348,0xC150,0x25D4,0xA3EC,0x62EC,0x62EC,0x63EC,
    0x63EC,0x42E4,0xE5EC,0xA9FD,0x89FD,0x89FD,0xA9FD,0x89FD,0x89FD,0xA9FD,0xA9FD,0xA9FD,
    0xA9FD,0xA9FD,0x89FD,0xA9FD,0xA9FD,0xA9FD,0xA9FD,0xA9FD,0xA9FD,0x89FD,0x89FD,0xA9FD,
    0xA9FD,0xA9FD,0xA9FD,0xA9FD,0x89FD,0xA9FD,0xA9FD,0xA9FD,0xA9FD,0xA9FD,0xA9FD,0xA9FD,
    0x89FD,0xA9FD,0xA9FD,0x8AFD,0xAAFD,0xAAFD,0x89FD,0xA9FD,0xA9FD,0xA9FD,0xA9FD,0xAAFD,
    0xA9FD,0x89FD,0xA9FD,0xA9FD,0xA9FD,0xA9FD,0xAAFD,0xAAFD,0xAAFD,0xA9FD,0xA9FD,0xAAFD,
    0xAAFD,0xAAFD,0xAAFD,0x8AFD,0xAAFD,0xAAFD,0xAAFD,0xAAFD,0xAAFD,0xAAFD,0xAAFD,0xAAFD,
    0xAAFD,0xAAFD,0xAAFD,0xAAFD,0xAAFD,0xAAFD,0xA9FD,0xA9FD,0xA9FD,0xA9FD,0xA9FD,0xAAFD,
    0xAAFD,0xAAFD,0x8AFD,0xAAFD,0xAAFD,0xAAFD,0xAAFD,0xAAFD,0xAAFD,0xAAFD,0x8AFD,0xAAFD,
    0xAAFD,0x89FD,0xA9FD,0xA9FD,0xA9FD,0xA9FD,0xA9FD,0xA9FD,0xA9FD,0xA9FD,0xA9FD,0xA9FD,
    0xA9FD,0xA9FD,0xA9FD,0xA9FD,0xA9FD,0xA9FD,0x89FD,0xA9FD,0x89FD,0x89FD,0x89FD,0x89FD,
    0x89FD,0x89FD,0xA9FD,0x89FD,0xA9FD,0xA9FD,0xA9FD,0xA9FD,0xA9FD,0xA9FD,0xA9FD,0xA9FD,
    0xA9FD,0xA9FD,0xA9FD,0xA9FD,0xA9FD,0xA9FD,0x89FD,0x89FD,0xA9FD,0xE5EC,0x42E4,0x63EC,
    0x63EC,0x63EC,0x63E4,0xC3EC,0x25D4,0xC150,0xA348,0x8240,0x4161,0xC5E4,0xC3EC,0xA3EC,
    0xA3EC,0xA3EC,0xA3EC,0xA3EC,0xA3EC,0xA2EC,0xA2EC,0xA2EC,0xA2EC,0xA3EC,0xA3EC,0xA3EC,
    0xA3EC,0xC3EC,0x42E4,0x24E4,0xC379,0x8238,0xA340,0x0441,0x1CE7,0xFFFF,0xFFFF,0xFFFF,
    0xFFFF,0xFFFF,0xFFFF,0xFFFF,0xFFFF,0xFFFF,0xFFFF,0xFFFF,0xFFFF,0xFFFF,0xFFFF,0xFFFF,
    0xFFFF,0xFFFF,0xFFFF,0xFFFF,0xFFFF,0xFFFF,0xFFFF,0xFFFF,0xFFFF,0xFFFF,0xFFFF,0xFFFF,
    0xFFFF,0xFFFF,0xFFFF,0xCF8B,0x2030,0xC340,0x8140,0x4BDD,0x6BFE,0x0AF6,0x2AFE,0x2AF6,
    0x2AFE,0x46F5,0x82EC,0xA2EC,0xA2EC,0xA2EC,0xA3EC,0xA3EC,0xA3EC,0xA3EC,0xA3EC,0xA3EC,
    0xA2EC,0x05F5,0x638A,0x4138,0xC348,0x6140,0x44B3,0xE4F4,0x63EC,0x83EC,0x63EC,0x63EC,
    0x62E4,0xC5EC,0xA9FD,0x89FD,0x89FD,0x89FD,0x89FD,0x89FD,0xA9FD,0xA9FD,0xA9FD,0xA9FD,
    0xA9FD,0xA9FD,0xA9FD,0x89FD,0xA9FD,0xA9FD,0xA9FD,0xA9FD,0xA9FD,0x89FD,0xA9FD,0xA9FD,
    0xA9FD,0xA9FD,0xA9FD,0xA9FD,0xA9FD,0xA9FD,0xA9FD,0x89FD,0xA9FD,0xA9FD,0xA9FD,0x89FD,
    0xA9FD,0x89FD,0xA9FD,0x89FD,0xAAFD,0xAAFD,0xAAFD,0xA9FD,0xAAFD,0xA9FD,0xA9FD,0xAAFD,
    0xA9FD,0xA9FD,0xA9FD,0xA9FD,0xA9FD,0xAAFD,0xAAFD,0xAAFD,0xAAFD,0xAAFD,0xAAFD,0xAAFD,
    0x8AFD,0xAAFD,0xAAFD,0x8AFD,0x8AFD,0xAAFD,0xAAFD,0xAAFD,0xAAFD,0xAAFD,0xAAFD,0xAAFD,
    0xAAFD,0xAAFD,0xAAFD,0xAAFD,0xAAFD,0xAAFD,0xA9FD,0xA9FD,0xA9FD,0xA9FD,0xA9FD,0x8AFD,
    0xAAFD,0xAAFD,0xAAFD,0xAAFD,0xAAFD,0xAAFD,0x8AFD,0xAAFD,0xAAFD,0x8AFD,0xAAFD,0xAAFD,
    0xAAFD,0xAAFD,0xA9FD,0xA9FD,0xA9FD,0xA9FD,0xA9FD,0xA9FD,0xA9FD,0xA9FD,0xA9FD,0xA9FD,
    0xA9FD,0xA9FD,0xA9FD,0xA9FD,0xA9FD,0xA9FD,0x89FD,0x89FD,0x89FD,0x89FD,0x89FD,0x89FD,
    0x89FD,0xA9FD,0xA9FD,0xA9FD,0xA9FD,0xAAFD,0xA9FD,0xA9FD,0xA9FD,0xA9FD,0xA9FD,0xA9FD,
    0xA9FD,0xA9FD,0xA9FD,0xA9FD,0xA9FD,0xA9FD,0xA9FD,0x89FD,0x89FD,0xA9FD,0xC5EC,0x42E4,
    0x83EC,0x63EC,0x83EC,0x83E4,0xE4F4,0x64B3,0x6140,0xC348,0x6138,0x638A,0x25F5,0xA2EC,
    0xA3EC,0xA3EC,0xA3EC,0xA3EC,0xA3EC,0xA2EC,0xC2EC,0xA2EC,0xA2EC,0xA3EC,0xA3EC,0xA3EC,
    0xA3EC,0xA3EC,0xA3EC,0x03E4,0x85C3,0xA148,0xC340,0x2130,0x6D83,0xFFFF,0xFFFF,0xFFFF,
    0xFFFF,0xFFFF,0xFFFF,0xFFFF,0xFFFF,0xFFFF,0xFFFF,0xFFFF,0xFFFF,0xFFFF,0xFFFF,0xFFFF,
    0xFFFF,0xFFFF,0xFFFF,0xFFFF,0xFFFF,0xFFFF,0xFFFF,0xFFFF,0xFFFF,0xFFFF,0xFFFF,0xFFFF,
    0xFFFF,0xFFFF,0xFBE6,0xC338,0xA340,0x2130,0xE68A,0x8CFE,0x09F6,0x2AFE,0x2AFE,0x2AFE,
    0xE9FD,0xA3EC,0xA2EC,0xA2EC,0xA2EC,0xA3EC,0xA2EC,0xA3EC,0xA3EC,0xA3EC,0xA3EC,0xA2EC,
    0x04F5,0xA5BB,0x6140,0xC348,0x4138,0x2382,0x05F5,0x82EC,0x83EC,0x83EC,0x83EC,0x63E4,
    0xA4E4,0x88FD,0xA9FD,0x89FD,0x89FD,0x89FD,0x89FD,0xA9FD,0xA9FD,0xA9FD,0xA9FD,0xA9FD,
    0xA9FD,0xA9FD,0xA9FD,0xA9FD,0x89FD,0xA9FD,0xA9FD,0x89FD,0x89FD,0x89FD,0x89FD,0x89FD,
    0x89FD,0x89FD,0x89FD,0x89FD,0x89FD,0x89FD,0xA9FD,0x89FD,0x89FD,0xA9FD,0xA9FD,0x89FD,
    0x89FD,0xA9FD,0xA9FD,0xA9FD,0xAAFD,0xAAFD,0xAAFD,0xAAFD,0xAAFD,0xA9FD,0xAAFD,0xAAFD,
    0xA9FD,0xAAFD,0xAAFD,0xA9FD,0xAAFD,0xAAFD,0xA9FD,0xAAFD,0xAAFD,0xAAFD,0xAAFD,0xAAFD,
    0xAAFD,0xAAFD,0xAAFD,0xAAFD,0xAAFD,0xAAFD,0xAAFD,0xAAFD,0xAAFD,0xAAFD,0xAAFD,0xAAFD,
    0xAAFD,0xA9FD,0xAAFD,0xAAFD,0xAAFD,0xA9FD,0xA9FD,0xA9FD,0xA9FD,0xA9FD,0xAAFD,0xAAFD,
    0xAAFD,0xAAFD,0xAAFD,0xAAFD,0xAAFD,0xAAFD,0xAAFD,0xAAFD,0xAAFD,0xAAFD,0xAAFD,0xAAFD,
    0xAAFD,0x8AFD,0xAAFD,0xA9FD,0xA9FD,0xA9FD,0xA9FD,0xA9FD,0xA9FD,0xA9FD,0xA9FD,0xA9FD,
    0xA9FD,0x89FD,0xA9FD,0xA9FD,0x89FD,0xA9FD,0x89FD,0x89FD,0x89FD,0x89FD,0x89FD,0x89FD,
    0xA9FD,0xA9FD,0xA9FD,0xA9FD,0xA9FD,0xAAFD,0xA9FD,0xA9FD,0xA9FD,0xA9FD,0xA9FD,0xA9FD,
    0xA9FD,0x89FD,0x89FD,0xA9FD,0x89FD,0xA9FD,0xA9FD,0x89FD,0x89FD,0xA9FD,0x88FD,0xA4EC,
    0x62EC,0x83EC,0x83EC,0x83EC,0x83E4,0x05F5,0x2382,0x6140,0xC348,0x6140,0xA4B3,0xE3F4,
    0x82EC,0xA2EC,0xA3EC,0xA3EC,0xA2EC,0xA2EC,0xA2EC,0xA2EC,0xA2EC,0xA3EC,0xA3EC,0xA3EC,
    0xA3EC,0xA2EC,0xC3EC,0x22E4,0x24E4,0x238A,0x6238,0xC340,0xA238,0xBADE,0xFFFF,0xFFFF,
    0xFFFF,0xFFFF,0xFFFF,0xFFFF,0xFFFF,0xFFFF,0xFFFF,0xFFFF,0xFFFF,0xFFFF,0xFFFF,0xFFFF,
    0xFFFF,0xFFFF,0xFFFF,0xFFFF,0xFFFF,0xFFFF,0xFFFF,0xFFFF,0xFFFF,0xFFFF,0xFFFF,0xFFFF,
    0xFFFF,0xFFFF,0x6D83,0x2028,0xA338,0xC140,0xABE5,0x4AFE,0x0AF6,0x2AFE,0x2AFE,0x2AFE,
    0x05ED,0x82EC,0xA2EC,0xA2EC,0xA3EC,0xA3EC,0xA3EC,0xA2EC,0xA3EC,0xA3EC,0xA3EC,0xA2EC,
    0xA5E4,0x0259,0x8240,0x8240,0x0159,0xA5E4,0xA3EC,0x83EC,0x83EC,0x83EC,0x83E4,0x83E4,
    0x68FD,0xA9FD,0x89FD,0x89FD,0xA9FD,0x89FD,0x89FD,0xA9FD,0xA9FD,0xA9FD,0x89FD,0x89FD,
    0xA9FD,0xA9FD,0xA9FD,0xA9FD,0xA9FD,0xA9FD,0xA9FD,0x89FD,0xA9FD,0xA9FD,0xA9FD,0x89FD,
    0x89FD,0x89FD,0x89FD,0x89FD,0x89FD,0x89FD,0x89FD,0x89FD,0x89FD,0x89FD,0x89FD,0x89FD,
    0x89FD,0x89FD,0x89FD,0x89FD,0xA9FD,0xAAFD,0xAAFD,0xAAFD,0xAAFD,0xAAFD,0xAAFD,0xAAFD,
    0xAAFD,0xAAFD,0xAAFD,0xAAFD,0xAAFD,0xAAFD,0xAAFD,0xAAFD,0xAAFD,0xAAFD,0xAAFD,0xAAFD,
    0xAAFD,0xAAFD,0xAAFD,0x8AFD,0x8AFD,0xAAFD,0xAAFD,0xAAFD,0xAAFD,0xAAFD,0xAAFD,0xAAFD,
    0xAAFD,0xAAFD,0xAAFD,0xAAFD,0xAAFD,0xAAFD,0xA9FD,0xA9FD,0xA9FD,0xAAFD,0xAAFD,0xAAFD,
    0xAAFD,0xAAFD,0xAAFD,0xAAFD,0xAAFD,0x8AFD,0xAAFD,0xAAFD,0xAAFD,0x8AFD,0xAAFD,0xAAFD,
    0xAAFD,0xAAFD,0xAAFD,0xAAFD,0xA9FD,0xA9FD,0xA9FD,0xA9FD,0xA9FD,0xA9FD,0xA9FD,0xA9FD,
    0xA9FD,0xA9FD,0xA9FD,0xA9FD,0xA9FD,0x89FD,0x89FD,0x89FD,0x89FD,0x89FD,0x89FD,0x89FD,
    0xA9FD,0xA9FD,0xA9FD,0xA9FD,0xA9FD,0xA9FD,0xA9FD,0xAAFD,0xAAFD,0xAAFD,0xA9FD,0xA9FD,
    0xA9FD,0xA9FD,0xA9FD,0xA9FD,0xA9FD,0xA9FD,0xA9FD,0x89FD,0x89FD,0x89FD,0xA9FD,0x68F5,
    0x83E4,0x83EC,0x83EC,0x83EC,0x83EC,0xA3EC,0x85DC,0x0159,0xA248,0x8240,0x2151,0x85DC,
    0xA2EC,0xA2EC,0xA2EC,0xA2EC,0xA3EC,0xC3EC,0xC3EC,0xA3EC,0xC2EC,0xA3EC,0xA3EC,0xA3EC,
    0xA3EC,0xA3EC,0xA2EC,0x83EC,0x02E4,0xA5CB,0xC148,0xC340,0x2130,0x0C7B,0xFFFF,0xFFFF,
    0xFFFF,0xFFFF,0xFFFF,0xFFFF,0xFFFF,0xFFFF,0xFFFF,0xFFFF,0xFFFF,0xFFFF,0xFFFF,0xFFFF,
    0xFFFF,0xFFFF,0xFFFF,0xFFFF,0xFFFF,0xFFFF,0xFFFF,0xFFFF,0xFFFF,0xFFFF,0xFFFF,0xFFFF,
    0xFFFF,0xDBE6,0xC338,0xA240,0x2128,0x2693,0x8BFE,0xE9F5,0x2AFE,0x2AF6,0x2AFE,0xA8F5,
    0x82EC,0xA2EC,0xA3EC,0xA3EC,0xA3EC,0xA3EC,0xA3EC,0xA3EC,0xA2EC,0xA2EC,0x82EC,0xE4F4,
    0x4382,0x2130,0xC340,0x4138,0x84BB,0xE4F4,0x62EC,0x83EC,0x83EC,0x83EC,0x63E4,0x27F5,
    0xCAFD,0x89FD,0x89FD,0xA9FD,0xA9FD,0x89FD,0x89FD,0x89FD,0xA9FD,0x89FD,0x89FD,0xA9FD,
    0xA9FD,0xA9FD,0xA9FD,0xA9FD,0xA9FD,0xA9FD,0xA9FD,0x89FD,0xA9FD,0xA9FD,0xA9FD,0xA9FD,
    0xA9FD,0x89FD,0x89FD,0x89FD,0x89FD,0x89FD,0x89FD,0x89FD,0x89FD,0x89FD,0x89FD,0x89FD,
    0x89FD,0x89FD,0x89FD,0x89FD,0xA9FD,0xAAFD,0xAAFD,0xAAFD,0xAAFD,0xAAFD,0xAAFD,0xA9FD,
    0xAAFD,0xAAFD,0x8AFD,0xAAFD,0xAAFD,0xAAFD,0xAAFD,0xAAFD,0xAAFD,0xAAFD,0xAAFD,0xAAFD,
    0xAAFD,0xAAFD,0xAAFD,0xAAFD,0x8AFD,0xAAFD,0xAAFD,0xAAFD,0xAAFD,0xAAFD,0xAAFD,0xAAFD,
    0xAAFD,0xAAFD,0xAAFD,0xAAFD,0xAAFD,0xAAFD,0xAAFD,0xAAFD,0xAAFD,0xAAFD,0xAAFD,0xAAFD,
    0xAAFD,0xAAFD,0xAAFD,0xAAFD,0xAAFD,0xAAFD,0xAAFD,0xAAFD,0xAAFD,0xAAFD,0xAAFD,0xAAFD,
    0xAAFD,0xAAFD,0xAAFD,0xAAFD,0xAAFD,0xA9FD,0xA9FD,0xA9FD,0xA9FD,0xA9FD,0xA9FD,0xA9FD,
    0xA9FD,0x89FD,0xA9FD,0x89FD,0x89FD,0x89FD,0x89FD,0x89FD,0x89FD,0x89FD,0x89FD,0xA9FD,
    0xA9FD,0xA9FD,0xA9FD,0xA9FD,0xA9FD,0xA9FD,0xA9FD,0xAAFD,0xAAFD,0xA9FD,0xA9FD,0xA9FD,
    0xA9FD,0xA9FD,0xA9FD,0x89FD,0x89FD,0xA9FD,0xA9FD,0x89FD,0x89FD,0x89FD,0x89FD,0xAAFD,
    0x27F5,0x83E4,0x83EC,0x83EC,0x83EC,0x83E4,0xE4F4,0x65B3,0x6140,0xC348,0x4130,0x4382,
    0xE4F4,0x82EC,0xA3EC,0xA2EC,0xA3EC,0xA3EC,0xC3EC,0xA3EC,0xA2EC,0xA2EC,0xC3EC,0xA3EC,
    0xA3EC,0xA3EC,0xA3EC,0xC3EC,0x22E4,0x04E4,0x438A,0x6138,0xC340,0x8230,0x99D6,0xFFFF,
    0xFFFF,0xFFFF,0xFFFF,0xFFFF,0xFFFF,0xFFFF,0xFFFF,0xFFFF,0xFFFF,0xFFFF,0xFFFF,0xFFFF,
    0xFFFF,0xFFFF,0xFFFF,0xFFFF,0xFFFF,0xFFFF,0xFFFF,0xFFFF,0xFFFF,0xFFFF,0xFFFF,0xFFFF,
    0xFFFF,0x6D83,0x4130,0xA338,0xE240,0xABE5,0x29FE,0x0AF6,0x2AF6,0x2AF6,0x2AFE,0xE4EC,
    0xA2EC,0xC2EC,0xA3EC,0xA3EC,0xA3EC,0xA3EC,0xA3EC,0xA3EC,0xA2EC,0x82EC,0xC2F4,0xA5BB,
    0x6138,0xA340,0x4130,0x0282,0xC4F4,0x62EC,0x83EC,0x83EC,0x83EC,0x62E4,0xE5EC,0xCAFD,
    0xA9FD,0xA9FD,0xA9FD,0xA9FD,0x89FD,0x89FD,0x89FD,0x89FD,0xA9FD,0xA9FD,0x89FD,0xA9FD,
    0xA9FD,0xA9FD,0xA9FD,0xA9FD,0xA9FD,0xA9FD,0xA9FD,0xA9FD,0xA9FD,0xA9FD,0xA9FD,0xA9FD,
    0xA9FD,0x89FD,0x89FD,0x89FD,0x89FD,0x89FD,0x89FD,0x89FD,0x89FD,0x89FD,0xAAFD,0x89FD,
    0x89FD,0x89FD,0x89FD,0x89FD,0x89FD,0xA9FD,0xAAFD,0xAAFD,0xAAFD,0xA9FD,0xAAFD,0xAAFD,
    0xAAFD,0xAAFD,0xAAFD,0xAAFD,0xAAFD,0xAAFD,0xAAFD,0xAAFD,0xAAFD,0xAAFD,0xAAFD,0xAAFD,
    0xAAFD,0xAAFD,0xAAFD,0xAAFD,0xAAFD,0xAAFD,0xAAFD,0xAAFD,0xAAFD,0xAAFD,0xA9FD,0xAAFD,
    0xAAFD,0xAAFD,0xAAFD,0xAAFD,0xAAFD,0xA9FD,0xAAFD,0xA9FD,0xAAFD,0xAAFD,0xAAFD,0xAAFD,
    0xAAFD,0xAAFD,0xAAFD,0xAAFD,0xAAFD,0xAAFD,0xAAFD,0xAAFD,0xAAFD,0xAAFD,0xAAFD,0xAAFD,
    0xAAFD,0xAAFD,0xAAFD,0xAAFD,0xAAFD,0xA9FD,0xA9FD,0x89FD,0xA9FD,0x89FD,0x89FD,0x89FD,
    0x89FD,0x89FD,0x89FD,0x89FD,0x89FD,0x89FD,0x69FD,0x89FD,0x89FD,0x89FD,0x89FD,0xAAFD,
    0xA9FD,0xA9FD,0xA9FD,0xA9FD,0xA9FD,0xA9FD,0xA9FD,0xA9FD,0xA9FD,0xA9FD,0xAAFD,0xA9FD,
    0xA9FD,0xA9FD,0x89FD,0xA9FD,0xA9FD,0xA9FD,0x89FD,0x89FD,0x89FD,0xA9FD,0xA9FD,0xA9FD,
    0xCAFD,0xE6EC,0x63EC,0x83EC,0x83EC,0x83EC,0x83EC,0xE5F4,0xE379,0x4130,0xA338,0x6138,
    0xA4BB,0xC2F4,0x82EC,0xA3EC,0xA3EC,0xA3EC,0xA3EC,0xA3EC,0xA2EC,0xA2EC,0xA3EC,0xA3EC,
    0xA3EC,0xA3EC,0xA3EC,0xA3EC,0x83EC,0xE2DB,0xA5CB,0xC148,0xA340,0x4130,0xEC72,0xFFFF,
    0xFFFF,0xFFFF,0xFFFF,0xFFFF,0xFFFF,0xFFFF,0xFFFF,0xFFFF,0xFFFF,0xFFFF,0xFFFF,0xFFFF,
    0xFFFF,0xFFFF,0xFFFF,0xFFFF,0xFFFF,0xFFFF,0xFFFF,0xFFFF,0xFFFF,0xFFFF,0xFFFF,0xFFFF,
    0xDBE6,0xA238,0xC340,0x4130,0x4793,0x6BFE,0xE9F5,0x0AF6,0x0AF6,0x2AFE,0x87F5,0x82EC,
    0xA2EC,0xC2EC,0xA3EC,0xA3EC,0xC3EC,0xA3EC,0xA3EC,0xA2EC,0xA3EC,0x82EC,0xA4E4,0x4259,
    0x4230,0x8238,0xC148,0x44DC,0x82EC,0x82EC,0x83EC,0x83EC,0x63EC,0xA4EC,0xA9FD,0xAAFD,
    0xA9FD,0xA9FD,0xA9FD,0xA9FD,0xA9FD,0x89FD,0x89FD,0x89FD,0x89FD,0xA9FD,0xA9FD,0xA9FD,
    0xA9FD,0xA9FD,0xA9FD,0xA9FD,0xA9FD,0x89FD,0xA9FD,0xA9FD,0xA9FD,0xA9FD,0xA9FD,0xA9FD,
    0x89FD,0x89FD,0x89FD,0x89FD,0xA9FD,0xA9FD,0xA9FD,0xA9FD,0xA9FD,0xA9FD,0x89FD,0x69FD,
    0x89FD,0x89FD,0x89FD,0x89FD,0xA9FD,0x89FD,0xAAFD,0xA9FD,0xAAFD,0xA9FD,0xAAFD,0xAAFD,
    0xAAFD,0xAAFD,0xAAFD,0xAAFD,0xAAFD,0xAAFD,0xAAFD,0xAAFD,0xAAFD,0xAAFD,0xAAFD,0xAAFD,
    0xAAFD,0xAAFD,0xAAFD,0xAAFD,0xAAFD,0xAAFD,0xAAFD,0xAAFD,0xAAFD,0xAAFD,0xAAFD,0xAAFD,
    0xAAFD,0xA9FD,0xAAFD,0xAAFD,0xAAFD,0xAAFD,0xAAFD,0xAAFD,0xAAFD,0xAAFD,0xAAFD,0xAAFD,
    0xAAFD,0xAAFD,0xAAFD,0xAAFD,0xAAFD,0xAAFD,0xAAFD,0xAAFD,0xAAFD,0x8AFD,0xAAFD,0xAAFD,
    0xAAFD,0xAAFD,0xAAFD,0xAAFD,0xAAFD,0xA9FD,0xA9FD,0x89FD,0x89FD,0x89FD,0x89FD,0x89FD,
    0x89F5,0x89FD,0xA9FD,0xA9FD,0xA9FD,0xA9FD,0xA9FD,0xA9FD,0xA9FD,0x89FD,0x89FD,0x89FD,
    0xAAFD,0xA9FD,0xA9FD,0xA9FD,0xA9FD,0xA9FD,0xA9FD,0xA9FD,0xA9FD,0xA9FD,0xA9FD,0xA9FD,
    0xA9FD,0xA9FD,0x89FD,0xA9FD,0xA9FD,0x89FD,0xA9FD,0xA9FD,0xA9FD,0xA9FD,0xA9FD,0xA9FD,
    0xAAFD,0xA9FD,0xA4EC,0x83EC,0x83EC,0x83EC,0x83EC,0xA2EC,0x25D4,0xA148,0x8238,0x8238,
    0x6261,0xA4E4,0xA2EC,0xA2EC,0xA3EC,0xA3EC,0xA3EC,0xA3EC,0xA2EC,0xA2EC,0xA2EC,0xC3EC,
    0xA3EC,0xA3EC,0xA3EC,0xA2EC,0xA3EC,0x02DC,0x03DC,0x438A,0x6238,0xA340,0x8230,0x9ADE,
    0xFFFF,0xFFFF,0xFFFF,0xFFFF,0xFFFF,0xFFFF,0xFFFF,0xFFFF,0xFFFF,0xFFFF,0xFFFF,0xFFFF,
    0xFFFF,0xFFFF,0xFFFF,0xFFFF,0xFFFF,0xFFFF,0xFFFF,0xFFFF,0xFFFF,0xFFFF,0xFFFF,0xFFFF,
    0x8E8B,0x2130,0xA340,0xE240,0xABE5,0x29FE,0x0AF6,0x0AF6,0x0AF6,0x09FE,0xC3EC,0xA2EC,
    0xA3EC,0xA3EC,0xA3EC,0xA3EC,0xC3EC,0xA3EC,0xA3EC,0xA3EC,0x82EC,0xE3F4,0xE49A,0x2130,
    0xA240,0x4130,0x04AB,0xA3F4,0x62E4,0x83EC,0x83EC,0x83EC,0x63E4,0x47F5,0xCAFD,0xA9FD,
    0xAAFD,0xA9FD,0xA9FD,0xA9FD,0xA9FD,0xA9FD,0x89FD,0x89FD,0x89FD,0xA9FD,0xA9FD,0x89FD,
    0xA9FD,0xA9FD,0xA9FD,0xA9FD,0xA9FD,0xA9FD,0xA9FD,0xA9FD,0xA9FD,0xA9FD,0xA9FD,0xCAFD,
    0x0AFE,0x2BFE,0xEBFD,0x8BF5,0x2AE5,0xEADC,0xE9DC,0x0ADD,0x4AED,0x8AF5,0xCAFD,0xEAFD,
    0xEAFD,0xA9FD,0x89FD,0xA9FD,0x89FD,0x89FD,0xA9FD,0xA9FD,0xA9FD,0xAAFD,0xAAFD,0xAAFD,
    0xAAFD,0xAAFD,0xAAFD,0xAAFD,0xAAFD,0xAAFD,0xAAFD,0xAAFD,0xAAFD,0xAAFD,0xAAFD,0xAAFD,
    0xAAFD,0xAAFD,0xAAFD,0xAAFD,0xAAFD,0xAAFD,0xAAFD,0xAAFD,0xAAFD,0xAAFD,0xAAFD,0xAAFD,
    0xAAFD,0xAAFD,0xAAFD,0xAAFD,0xAAFD,0xAAFD,0xAAFD,0xAAFD,0xAAFD,0xAAFD,0xAAFD,0xAAFD,
    0xAAFD,0xAAFD,0xAAFD,0xAAFD,0xAAFD,0x8AFD,0xAAFD,0xAAFD,0xAAFD,0xAAFD,0xAAFD,0xAAFD,
    0xA9FD,0xAAFD,0xAAFD,0xAAFD,0xAAFD,0xAAFD,0xA9FD,0x89FD,0x89FD,0x89FD,0x89FD,0xEAFD,
    0xEAFD,0xCBFD,0x8BF5,0x2AE5,0xEADC,0xE9DC,0xEADC,0x2AE5,0x8BF5,0xCBFD,0x2BFE,0x0BFE,
    0xCAFD,0xA9FD,0x89FD,0xA9FD,0xA9FD,0xA9FD,0xA9FD,0xA9FD,0xA9FD,0xA9FD,0xA9FD,0x89FD,
    0xA9FD,0xA9FD,0xA9FD,0xA9FD,0x89FD,0x89FD,0x89FD,0x89FD,0xA9FD,0xA9FD,0xA9FD,0xA9FD,
    0xA9FD,0xCAFD,0x67F5,0x83E4,0x83EC,0x83EC,0x83EC,0x62E4,0xC3F4,0xE4A2,0x4130,0xC340,
    0x4130,0xE39A,0xE3F4,0x82EC,0xA3EC,0xA3EC,0xA3EC,0xA2EC,0xC2EC,0xC2EC,0xC2EC,0xA2EC,
    0xA2EC,0xA2EC,0xC2EC,0xA2EC,0xA3EC,0x63E4,0xC2DB,0xA5CB,0xC248,0xA340,0x2130,0x6D83,
    0xFFFF,0xFFFF,0xFFFF,0xFFFF,0xFFFF,0xFFFF,0xFFFF,0xFFFF,0xFFFF,0xFFFF,0xFFFF,0xFFFF,
    0xFFFF,0xFFFF,0xFFFF,0xFFFF,0xFFFF,0xFFFF,0xFFFF,0xFFFF,0xFFFF,0xFFFF,0xFFFF,0x1CEF,
    0xE340,0xC340,0x4130,0x2693,0x6BFE,0xE9F5,0x0AF6,0x0AF6,0x2AFE,0x66F5,0x82EC,0xA2EC,
    0xA2EC,0xA3EC,0xA3EC,0xA3EC,0xA3EC,0xC3EC,0xA3EC,0xA3EC,0xA2EC,0x65DC,0xE148,0x8238,
    0x4130,0x8269,0xA4EC,0x62E4,0x62EC,0x82EC,0x83EC,0x62E4,0xE5EC,0xAAFD,0xA9FD,0xA9FD,
    0xA9FD,0xA9FD,0xA9FD,0xA9FD,0xA9FD,0xA9FD,0x89FD,0x89FD,0xA9FD,0xA9FD,0x89FD,0xA9FD,
    0x89FD,0x89FD,0x89FD,0x89FD,0x89FD,0xA9FD,0xA9FD,0x89FD,0xA9FD,0x0AFE,0x0BFE,0x4AED,
    0x28BC,0xE692,0xE371,0x4251,0xC248,0xA140,0x8138,0xA240,0xE248,0x4251,0xE471,0x0693,
    0x28BC,0x8AF5,0xA9FD,0x89FD,0x89FD,0x89FD,0xA9FD,0xA9FD,0xAAFD,0xAAFD,0xAAFD,0xAAFD,
    0xAAFD,0xAAFD,0xAAFD,0xAAFD,0xAAFD,0xAAFD,0xAAFD,0xAAFD,0xAAFD,0xAAFD,0xAAFD,0xAAFD,
    0xAAFD,0xAAFD,0xAAFD,0xAAFD,0xAAFD,0xAAFD,0xAAFD,0xAAFD,0xAAFD,0xAAFD,0xAAFD,0xAAFD,
    0xAAFD,0xAAFD,0xAAFD,0xAAFD,0xAAFD,0xAAFD,0xAAFD,0xAAFD,0xAAFD,0xAAFD,0xAAFD,0xAAFD,
    0xAAFD,0xAAFD,0xAAFD,0xAAFD,0xAAFD,0xAAFD,0xAAFD,0xAAFD,0xAAFD,0xAAFD,0xAAFD,0xAAFD,
    0xAAFD,0xAAFD,0xAAFD,0xAAFD,0xAAFD,0xA9FD,0xA9FD,0x89FD,0x89FD,0xA9FD,0xAAF5,0x28C4,
    0xE692,0xE369,0x2251,0xC240,0xA140,0x8138,0xA140,0xC240,0x2251,0xE371,0xE592,0x08BC,
    0x4AE5,0x0BFE,0x0BFE,0xA9FD,0x89FD,0xA9FD,0xA9FD,0xA9FD,0x89FD,0xA9FD,0x89FD,0x89FD,
    0x89FD,0x89FD,0x89FD,0x89FD,0x89FD,0x89FD,0x89FD,0x89FD,0xA9FD,0xA9FD,0xA9FD,0xA9FD,
    0xA9FD,0xA9FD,0xCAFD,0xE6EC,0x83E4,0x83EC,0x83EC,0x63EC,0x62E4,0xA4EC,0x6261,0x6230,
    0xA240,0xC148,0x44DC,0xC2EC,0xA3EC,0xC3EC,0xA3EC,0xA3EC,0xA2EC,0xA2EC,0xA2EC,0xA2EC,
    0xC2EC,0xA2EC,0xA2EC,0xA2EC,0xA2EC,0xA3EC,0xE2DB,0x04DC,0x238A,0x6238,0xC340,0xE340,
    0xFBE6,0xFFFF,0xFFFF,0xFFFF,0xFFFF,0xFFFF,0xFFFF,0xFFFF,0xFFFF,0xFFFF,0xFFFF,0xFFFF,
    0xFFFF,0xFFFF,0xFFFF,0xFFFF,0xFFFF,0xFFFF,0xFFFF,0xFFFF,0xFFFF,0xFFFF,0xFFFF,0x309C,
    0x2030,0xC348,0xE248,0x8BE5,0x2AFE,0x0AF6,0x0AF6,0x0AF6,0xE9FD,0xC3EC,0xA2EC,0xA2EC,
    0xA3EC,0xA3EC,0xA3EC,0xA3EC,0xC3EC,0xC3EC,0xA3EC,0xA2EC,0x04F5,0x638A,0x2130,0xA340,
    0x6138,0xA4C3,0x82EC,0x62E4,0x62E4,0x62EC,0x62EC,0x83E4,0x88FD,0xA9FD,0xA9FD,0xA9FD,
    0xA9FD,0xA9FD,0xA9FD,0xA9FD,0xA9FD,0xA9FD,0x89FD,0x89FD,0xA9FD,0x89FD,0x89FD,0x89FD,
    0x89FD,0x89FD,0x89FD,0x89FD,0x89FD,0x89FD,0x89FD,0xEAFD,0xABFD,0x48C4,0x6582,0x0251,
    0x8140,0x6238,0x8240,0xA340,0xA240,0xA238,0xA238,0x8238,0x8238,0x8238,0x6230,0x6130,
    0x2130,0x6482,0xCAFD,0x89FD,0x89FD,0xA9FD,0xA9FD,0xA9FD,0xAAFD,0xAAFD,0xAAFD,0x8AFD,
    0xAAFD,0xAAFD,0xAAFD,0xAAFD,0xAAFD,0xAAFD,0xAAFD,0xAAFD,0xAAFD,0xAAFD,0xAAFD,0xAAFD,
    0xAAFD,0xAAFD,0xAAFD,0xAAFD,0xAAFD,0xAAFD,0xAAFD,0xA9FD,0xA9FD,0xAAFD,0x8AFD,0xAAFD,
    0x8AFD,0xA9FD,0xA9FD,0xAAFD,0xAAFD,0xA9FD,0xAAFD,0xAAFD,0xAAFD,0xAAFD,0xAAFD,0xAAFD,
    0xAAFD,0xAAFD,0xAAFD,0xAAFD,0xAAFD,0xAAFD,0xAAFD,0xAAFD,0xAAFD,0xAAFD,0xAAFD,0xAAFD,
    0xA9FD,0xA9FD,0xAAFD,0xAAFD,0xAAFD,0xA9FD,0x89FD,0x89FD,0x89FD,0xCAFD,0x8582,0x2128,
    0x6130,0x6230,0x8238,0xA238,0xA238,0x8238,0xA238,0xA238,0xA238,0x8238,0x6238,0x6140,
    0xE250,0x447A,0x48C4,0xCBFD,0x0AFE,0xA9FD,0x89FD,0xA9FD,0x89FD,0x89FD,0x89FD,0x89FD,
    0x89FD,0x89FD,0x89FD,0x89FD,0x89FD,0x89FD,0x89FD,0x89FD,0xA9FD,0xA9FD,0xA9FD,0xA9FD,
    0x89FD,0xA9FD,0xA9FD,0x88FD,0x83E4,0x62EC,0x83E4,0x63EC,0x62E4,0xA3EC,0xA4C3,0x8138,
    0xC340,0x4130,0x638A,0x04F5,0xA2EC,0xC3EC,0xC3EC,0xA3EC,0xA3EC,0xA3EC,0xA2EC,0xA2EC,
    0xA2EC,0xA2EC,0xA3EC,0xA3EC,0xA2EC,0xC3EC,0x42E4,0xC2DB,0x85C3,0xC148,0xE348,0x4130,
    0x1094,0xFFFF,0xFFFF,0xFFFF,0xFFFF,0xFFFF,0xFFFF,0xFFFF,0xFFFF,0xFFFF,0xFFFF,0xFFFF,
    0xFFFF,0xFFFF,0xFFFF,0xFFFF,0xFFFF,0xFFFF,0xFFFF,0xFFFF,0xFFFF,0xFFFF,0x9EF7,0x6551,
    0x8240,0x6238,0xE68A,0x8CFE,0x09F6,0x0AF6,0x0AF6,0x2AFE,0x66F5,0x82EC,0xA2EC,0xA2EC,
    0xA3EC,0xA3EC,0xA3EC,0xA3EC,0xC3EC,0xC3EC,0xA3EC,0xC3F4,0x45D4,0xA148,0xA238,0x4130,
    0x037A,0xA4EC,0x42E4,0x62EC,0x63E4,0x82EC,0x62E4,0x27F5,0xC9FD,0x89FD,0xA9FD,0xA9FD,
    0xA9FD,0xA9FD,0xA9FD,0x89FD,0xA9FD,0xA9FD,0xA9FD,0xA9FD,0xA9FD,0xA9FD,0xA9FD,0xA9FD,
    0x89FD,0x89FD,0x89FD,0x89FD,0x89FD,0xC9FD,0xCBFD,0x08BC,0x8361,0x6138,0x8238,0xC340,
    0xC340,0x8240,0x6238,0x8140,0xA240,0xA140,0xC140,0xA140,0x8138,0x4130,0x4130,0x8238,
    0x6238,0x0151,0xAAF5,0xA9FD,0x89FD,0xA9FD,0xA9FD,0xA9FD,0xAAFD,0xAAFD,0xAAFD,0xAAFD,
    0xAAFD,0xAAFD,0xAAFD,0xAAFD,0xAAFD,0xAAFD,0xAAFD,0xAAFD,0xAAFD,0xAAFD,0xAAFD,0xAAFD,
    0xAAFD,0xAAFD,0xAAFD,0xAAFD,0xAAFD,0xAAFD,0xAAFD,0xAAFD,0xAAFD,0xAAFD,0xAAFD,0xAAFD,
    0xAAFD,0xAAFD,0xAAFD,0xAAFD,0xAAFD,0xAAFD,0xAAFD,0x8AFD,0xAAFD,0xAAFD,0xAAFD,0xAAFD,
    0xAAFD,0xAAFD,0xAAFD,0xAAFD,0xAAFD,0x8AFD,0x8AFD,0x8AFD,0xAAFD,0xAAFD,0xAAFD,0xAAFD,
    0xAAFD,0xAAFD,0xAAFD,0xAAFD,0xAAFD,0xAAFD,0xA9FD,0x89FD,0xA9FD,0xAAF5,0xE150,0x6230,
    0xA238,0x6130,0x4130,0x8138,0xA138,0xC140,0xC240,0xA140,0x6138,0x6138,0x6238,0xC340,
    0xC348,0x8240,0x8140,0x8361,0x08BC,0xEBFD,0xCAFD,0x89FD,0x89FD,0x89FD,0x89FD,0x89FD,
    0x89FD,0x89FD,0x89FD,0x89FD,0x89FD,0x89FD,0x89FD,0x89FD,0x89FD,0x89FD,0xA9FD,0x89FD,
    0x89FD,0xA9FD,0xA9FD,0xA9FD,0x26F5,0x62E4,0x82EC,0x83EC,0x83EC,0x62E4,0xC4F4,0x0382,
    0x4130,0xA340,0xA148,0x45D4,0xE3F4,0xC3EC,0xC3EC,0xC3EC,0xC3EC,0xA3EC,0xA3EC,0xA2EC,
    0xA2EC,0xA2EC,0xA3EC,0xA3EC,0xA2EC,0xA2EC,0x83EC,0xC2DB,0x04E4,0x037A,0x8238,0xC340,
    0x6549,0x7DF7,0xFFFF,0xFFFF,0xFFFF,0xFFFF,0xFFFF,0xFFFF,0xFFFF,0xFFFF,0xFFFF,0xFFFF,
    0xFFFF,0xFFFF,0xFFFF,0xFFFF,0xFFFF,0xFFFF,0xFFFF,0xFFFF,0xDFFF,0xFFFF,0x34B5,0x2030,
    0xC340,0xA140,0x2AD5,0x6BFE,0x0AF6,0x0AF6,0x0AF6,0xE9FD,0xC3EC,0xA2EC,0xA2EC,0xA2EC,
    0xA3EC,0xA3EC,0xA3EC,0xA3EC,0xA3EC,0xC3EC,0xA2EC,0x05F5,0x438A,0x6138,0xA240,0xA140,
    0x04D4,0x62EC,0x62E4,0x62E4,0x63EC,0x62E4,0xC4EC,0xA9FD,0x89FD,0x89FD,0xA9FD,0xA9FD,
    0xA9FD,0xA9FD,0xA9FD,0xA9FD,0xA9FD,0xA9FD,0xA9FD,0xA9FD,0x89FD,0xA9FD,0xA9FD,0x89FD,
    0x89FD,0x89FD,0x89FD,0x88FD,0xEAFD,0xA9D4,0xC469,0x4130,0x8230,0xC340,0x8238,0x6138,
    0x0251,0x457A,0x67A3,0x69C4,0xEBD4,0x2BDD,0x2BE5,0x0ADD,0xAAD4,0x08BC,0x269B,0xE471,
    0x4259,0xC8B3,0xEBFD,0x89FD,0xA9FD,0x89FD,0x89FD,0xA9FD,0xA9FD,0xAAFD,0xAAFD,0xAAFD,
    0xAAFD,0xAAFD,0xAAFD,0xAAFD,0xAAFD,0xAAFD,0xAAFD,0xAAFD,0xAAFD,0xAAFD,0xAAFD,0xAAFD,
    0xAAFD,0xAAFD,0xAAFD,0xAAFD,0xAAFD,0xAAFD,0x8AFD,0xAAFD,0xAAFD,0xAAFD,0xAAFD,0xAAFD,
    0xAAFD,0xAAFD,0xAAFD,0x8AFD,0xAAFD,0xAAFD,0xAAFD,0xAAFD,0xAAFD,0xAAFD,0xAAFD,0xAAFD,
    0x8AFD,0xAAFD,0xAAFD,0xAAFD,0xAAFD,0xAAFD,0xAAFD,0xAAFD,0xAAFD,0xAAFD,0xAAFD,0xAAFD,
    0xAAFD,0xAAFD,0xA9FD,0xA9FD,0xAAFD,0xA9FD,0x89FD,0x89FD,0x89FD,0xEBFD,0xA7AB,0x4359,
    0x0472,0x069B,0x08BC,0xAAD4,0x0ADD,0x2AE5,0x2BE5,0xEADC,0x69C4,0x67A3,0x447A,0x2251,
    0x8140,0x8240,0xC348,0xA240,0x6138,0xE369,0xA9D4,0xEAFD,0x89FD,0x89FD,0x89FD,0x89FD,
    0x89FD,0x89FD,0x89FD,0x89FD,0x89FD,0x89FD,0x89FD,0x89FD,0x89FD,0x89FD,0x89FD,0x89FD,
    0x89FD,0xA9FD,0xA9FD,0xA9FD,0xA9FD,0xA4EC,0x62E4,0x83EC,0x83EC,0x62EC,0x82EC,0x04D4,
    0xA148,0xA340,0x6238,0x4382,0x25F5,0xA2EC,0xC3EC,0xC3EC,0xC3EC,0xA3EC,0xA3EC,0xA2EC,
    0xA2EC,0xA3EC,0xA3EC,0xA3EC,0xA3EC,0xA3EC,0xA3EC,0x22E4,0xE3DB,0x64BB,0xC248,0xE448,
    0x4130,0x14B5,0xFFFF,0xFFFF,0xFFFF,0xFFFF,0xFFFF,0xFFFF,0xFFFF,0xFFFF,0xFFFF,0xFFFF,
    0xFFFF,0xFFFF,0xFFFF,0xFFFF,0xFFFF,0xFFFF,0xFFFF,0xFFFF,0xFFFF,0xFFFF,0x2962,0x4138,
    0x6238,0x2472,0x6CFE,0x09FE,0x2AFE,0x0AFE,0x2AFE,0x66F5,0x82EC,0xA2EC,0xA2EC,0xA3EC,
    0xA3EC,0xA3EC,0xA3EC,0xA3EC,0xC3EC,0xA2EC,0xE3F4,0x25CC,0xA148,0xC348,0x4138,0x8392,
    0xC3F4,0x62E4,0x82E4,0x63E4,0x62E4,0x63E4,0x68F5,0xA9FD,0x89FD,0xA9FD,0x89FD,0xA9FD,
    0xA9FD,0xA9FD,0xA9FD,0xA9FD,0xA9FD,0xA9FD,0xA9FD,0xA9FD,0xA9FD,0xA9FD,0xA9FD,0xA9FD,
    0xA9FD,0x89FD,0xA9FD,0xCBFD,0x269B,0x6138,0x4230,0xC338,0x6230,0x4130,0xA469,0xC8B3,
    0x4BED,0xECFD,0x0BFE,0xEBFD,0xEAFD,0xCAFD,0xA9FD,0xA9FD,0xC9FD,0xEAFD,0xEBFD,0xCBFD,
    0x8BF5,0xEBFD,0xA9FD,0x89FD,0xA9FD,0x89FD,0x89FD,0xA9FD,0xA9FD,0x8AFD,0xAAFD,0xAAFD,
    0x8AFD,0xAAFD,0xAAFD,0xAAFD,0xAAFD,0x8AFD,0xAAFD,0xAAFD,0xAAFD,0x8AFD,0xAAFD,0xAAFD,
    0xAAFD,0xAAFD,0xAAFD,0xAAFD,0xAAFD,0xAAFD,0xAAFD,0xAAFD,0xAAFD,0xAAFD,0xAAFD,0xAAFD,
    0xAAFD,0xAAFD,0xAAFD,0xAAFD,0xAAFD,0xAAFD,0xAAFD,0xAAFD,0x8AFD,0xAAFD,0x8AFD,0xAAFD,
    0xAAFD,0xAAFD,0xAAFD,0xAAFD,0xAAFD,0xAAFD,0xAAFD,0xAAFD,0xAAFD,0xAAFD,0xAAFD,0xAAFD,
    0xA9FD,0x8AFD,0xA9FD,0xAAFD,0xAAFD,0xA9FD,0x89FD,0x89FD,0x89FD,0x89FD,0xCBFD,0x8BF5,
    0xCBFD,0xEBFD,0xEAFD,0xC9FD,0xA9FD,0xA9FD,0xCAFD,0xEAFD,0x0BFE,0x0BFE,0xECFD,0x4BED,
    0x08BC,0x0472,0x8140,0x6238,0xC340,0x6230,0x8138,0x469B,0xCBFD,0x89FD,0x69FD,0x89FD,
    0x89FD,0x89FD,0x89FD,0x89FD,0x89FD,0x89FD,0xA9FD,0x89FD,0x89FD,0x89FD,0x89FD,0x89FD,
    0x89FD,0x89FD,0xA9FD,0xA9FD,0xA9FD,0x48F5,0x63E4,0x62EC,0x83EC,0x63EC,0x62E4,0xC4F4,
    0x8492,0x4138,0xC348,0x8148,0x05CC,0xE3F4,0xC3EC,0xC3EC,0xA3EC,0xA3EC,0xA3EC,0xA2EC,
    0xA2EC,0xA3EC,0xA3EC,0xA3EC,0xA3EC,0xA3EC,0xC3EC,0x63E4,0xC2DB,0x24DC,0xA271,0xA340,
    0x6238,0x2862,0xFFFF,0xFFFF,0xFFFF,0xFFFF,0xFFFF,0xFFFF,0xFFFF,0xFFFF,0xFFFF,0xFFFF,
    0xFFFF,0xFFFF,0xFFFF,0xFFFF,0xFFFF,0xFFFF,0xFFFF,0xFFFF,0xFFFF,0x59D6,0x6130,0xA340,
    0x4130,0x48BC,0x8BFE,0x09F6,0x2AF6,0x2AFE,0x09FE,0xC3EC,0xA2EC,0xA2EC,0xA2EC,0xA3EC,
    0xA3EC,0xA3EC,0xA3EC,0xA3EC,0xA3EC,0xA2EC,0x25F5,0x2382,0x6138,0xA340,0xE158,0x65DC,
    0x82EC,0x62E4,0x63EC,0x82EC,0x62E4,0xE5EC,0xA9FD,0x89FD,0x89FD,0xA9FD,0xA9FD,0xA9FD,
    0xA9FD,0xA9FD,0xA9FD,0xA9FD,0xA9FD,0xA9FD,0xA9FD,0xA9FD,0xA9FD,0xA9FD,0xA9FD,0xA9FD,
    0x89FD,0xC9FD,0x6BED,0xE471,0x2028,0xA338,0xA238,0x2130,0x8361,0x48C4,0xCBFD,0xEAFD,
    0xA9FD,0x89FD,0x89FD,0x89FD,0x89FD,0x89FD,0x89FD,0x89FD,0x89FD,0x89FD,0x89FD,0x89FD,
    0xA9FD,0x89FD,0xA9FD,0x89FD,0x89FD,0xA9FD,0xA9FD,0xA9FD,0xA9FD,0xAAFD,0xAAFD,0x8AFD,
    0xAAFD,0xAAFD,0xAAFD,0xAAFD,0xAAFD,0xAAFD,0xAAFD,0x8AFD,0xAAFD,0xAAFD,0xAAFD,0xAAFD,
    0xAAFD,0xAAFD,0xAAFD,0xAAFD,0xAAFD,0xAAFD,0xAAFD,0xAAFD,0xAAFD,0xAAFD,0xAAFD,0xAAFD,
    0xAAFD,0xAAFD,0xAAFD,0xAAFD,0xAAFD,0xAAFD,0xAAFD,0xAAFD,0xAAFD,0xAAFD,0x8AFD,0x8AFD,
    0xAAFD,0xAAFD,0x8AFD,0xAAFD,0xAAFD,0xAAFD,0xAAFD,0xAAFD,0xAAFD,0xAAFD,0xAAFD,0xAAFD,
    0xAAFD,0xA9FD,0xAAFD,0xA9FD,0xA9FD,0xA9FD,0x89FD,0x89FD,0x89FD,0x89FD,0x89FD,0x89FD,
    0x89FD,0x89FD,0x89FD,0x89FD,0x89FD,0x89FD,0x89FD,0x89FD,0x89FD,0x89FD,0x89FD,0xCAFD,
    0xEBFD,0xEBFD,0xAACC,0x0472,0x4130,0x8238,0xA338,0x2028,0x0472,0x8BED,0xA9FD,0x89FD,
    0x89FD,0x89FD,0x89FD,0x89FD,0x89FD,0x89FD,0xA9FD,0x89FD,0x89FD,0x89FD,0x89FD,0x89FD,
    0x89FD,0x89FD,0xA9FD,0xA9FD,0x89FD,0xA9FD,0xE5EC,0x62E4,0x62EC,0x63EC,0x63EC,0x83EC,
    0x65DC,0xE258,0xA340,0x6238,0x037A,0x05F5,0xA2EC,0xC2EC,0xA3EC,0xA3EC,0xA3EC,0xA3EC,
    0xA3EC,0xA3EC,0xA3EC,0xA3EC,0xA3EC,0xA3EC,0xA3EC,0xA3EC,0xE2DB,0x03E4,0x24B3,0xA240,
    0xC340,0x6130,0x18CE,0xFFFF,0xFFFF,0xFFFF,0xFFFF,0xFFFF,0xFFFF,0xFFFF,0xFFFF,0xFFFF,
    0xFFFF,0xFFFF,0xFFFF,0xFFFF,0xFFFF,0xFFFF,0xFFFF,0xDFFF,0xFFFF,0x6E83,0x2028,0x8238,
    0x4251,0x0BF6,0x29FE,0x0AF6,0x0AF6,0x2AFE,0x87F5,0x82EC,0xA2EC,0xA2EC,0xA2EC,0xA2EC,
    0xA3EC,0xA3EC,0xA2EC,0xA3EC,0xA2EC,0xE3F4,0x25CC,0xA148,0xC348,0x4138,0xE4A2,0xE4F4,
    0x62EC,0x83EC,0x83EC,0x62EC,0x83E4,0x68FD,0xA9FD,0x89FD,0x89FD,0x89FD,0x89FD,0xA9FD,
    0xA9FD,0xA9FD,0xA9FD,0xA9FD,0xA9FD,0xA9FD,0xA9FD,0xA9FD,0xA9FD,0xA9FD,0xA9FD,0xA9FD,
    0xC9FD,0x6AED,0x8361,0x2128,0xC340,0x6130,0xA140,0x67A3,0xAAFD,0xC9FD,0x89FD,0x69FD,
    0x89FD,0x89FD,0x89FD,0xA9FD,0x89FD,0xA9FD,0xA9FD,0x89FD,0x89FD,0x8AFD,0x89FD,0x89FD,
    0x89FD,0xA9FD,0x89FD,0x89FD,0xA9FD,0xA9FD,0x89FD,0xA9FD,0xA9FD,0xA9FD,0xAAFD,0xAAFD,
    0xAAFD,0xAAFD,0xAAFD,0xAAFD,0xAAFD,0xAAFD,0xAAFD,0xAAFD,0xAAFD,0xAAFD,0xAAFD,0xAAFD,
    0xAAFD,0xAAFD,0xAAFD,0xAAFD,0xAAFD,0xA9FD,0xAAFD,0xAAFD,0xAAFD,0xAAFD,0xAAFD,0xAAFD,
    0xAAFD,0xAAFD,0xAAFD,0xAAFD,0xAAFD,0xAAFD,0x8AFD,0xAAFD,0xAAFD,0x8AFD,0xAAFD,0x8AFD,
    0xAAFD,0xAAFD,0xAAFD,0xAAFD,0xAAFD,0xAAFD,0xAAFD,0xAAFD,0xAAFD,0xAAFD,0x8AFD,0xAAFD,
    0xAAFD,0xAAFD,0xAAFD,0xAAFD,0xAAFD,0xA9FD,0x89FD,0x89FD,0x89FD,0x89FD,0x89FD,0x89FD,
    0x89FD,0x89FD,0x89FD,0xA9FD,0xA9FD,0xA9FD,0xA9FD,0xA9FD,0xA9FD,0xA9FD,0xA9FD,0xA9FD,
    0x89FD,0x89FD,0xEAFD,0xEBFD,0xE8B3,0xE248,0x4130,0xE340,0x2130,0x8361,0x6BED,0xA9FD,
    0x89FD,0x89FD,0xA9FD,0x89FD,0x89FD,0x89FD,0x89FD,0x89FD,0x89FD,0x89FD,0x89FD,0x89FD,
    0x89FD,0x89FD,0x89FD,0x89FD,0x89FD,0xA9FD,0x68FD,0x83E4,0x62E4,0x63EC,0x83EC,0x63E4,
    0xE5F4,0xC49A,0x4138,0xA348,0xA148,0x25CC,0xE3F4,0xA2EC,0xA3EC,0xA3EC,0xA3EC,0xA2EC,
    0xA3EC,0xA3EC,0xA3EC,0xA3EC,0xA3EC,0xC3EC,0xA2EC,0xC3EC,0x22E4,0xC2DB,0x05DC,0x4261,
    0xA340,0x4130,0x4D83,0xFFFF,0xFFFF,0xFFFF,0xFFFF,0xFFFF,0xFFFF,0xFFFF,0xFFFF,0xFFFF,
    0xFFFF,0xFFFF,0xFFFF,0xFFFF,0xFFFF,0xFFFF,0xFFFF,0xFFFF,0x7DF7,0x2449,0x8238,0x2128,
    0x4793,0x8BFE,0xE9F5,0x0AF6,0x2AF6,0x0AFE,0xE4EC,0xA2EC,0xA2EC,0xA2EC,0xA3EC,0xA3EC,
    0xA3EC,0xA3EC,0xA3EC,0xA3EC,0xA2EC,0x04F5,0x2382,0x8240,0xA240,0x0159,0x85E4,0xA3EC,
    0x83EC,0x83EC,0x83EC,0x62E4,0xE6F4,0xA9FD,0x89FD,0x89FD,0x89FD,0x89FD,0x89FD,0xA9FD,
    0xA9FD,0xA9FD,0xA9FD,0xA9FD,0xA9FD,0xA9FD,0xA9FD,0xA9FD,0xA9FD,0xA9FD,0xA9FD,0x89FD,
    0x0BFE,0xE592,0x2130,0xE348,0x2130,0x6361,0xEADC,0xEAFD,0x88FD,0x69FD,0x89FD,0x89FD,
    0x89FD,0x89FD,0xA9FD,0xAAFD,0x89FD,0xAAFD,0xAAFD,0xA9FD,0x8AFD,0xAAFD,0x89FD,0x89FD,
    0x89FD,0x89FD,0x89FD,0x89FD,0x89FD,0x89FD,0x89FD,0xA9FD,0xA9FD,0xA9FD,0xAAFD,0xAAFD,
    0xAAFD,0xAAFD,0x8AFD,0x8AFD,0xAAFD,0xAAFD,0xAAFD,0x8AFD,0xAAFD,0x8AFD,0xAAFD,0xAAFD,
    0xAAFD,0xAAFD,0xAAFD,0xAAFD,0xAAFD,0xAAFD,0xAAFD,0xAAFD,0xAAFD,0xAAFD,0xAAFD,0xAAFD,
    0xAAFD,0xAAFD,0xAAFD,0xAAFD,0xAAFD,0x8AFD,0xAAFD,0x8AFD,0x8AFD,0xAAFD,0xAAFD,0xAAFD,
    0xAAFD,0xAAFD,0xAAFD,0xAAFD,0xAAFD,0xA9FD,0xAAFD,0xAAFD,0xAAFD,0xAAFD,0xAAFD,0xAAFD,
    0xAAFD,0xAAFD,0xAAFD,0xAAFD,0xAAFD,0xA9FD,0x89FD,0x89FD,0x89FD,0x89FD,0x89FD,0x89FD,
    0x89FD,0xA9FD,0xA9FD,0xA9FD,0xA9FD,0x89FD,0xA9FD,0xA9FD,0xA9FD,0xAAFD,0xA9FD,0xA9FD,
    0xA9FD,0x89FD,0x89FD,0x68FD,0xEAFD,0x4AED,0xC371,0x4130,0xE448,0x2130,0xA58A,0x0BFE,
    0x89FD,0x89FD,0xA9FD,0x89FD,0x89FD,0x89FD,0x89FD,0x89FD,0xA9FD,0x89FD,0x89FD,0x89FD,
    0x89FD,0x89FD,0x89FD,0x89FD,0xA9FD,0x89FD,0xA9FD,0xE5EC,0x62E4,0x83EC,0x83EC,0x83EC,
    0xA3EC,0x85DC,0x0259,0x8240,0x6238,0x4382,0x04F5,0xA2EC,0xA3EC,0xA3EC,0xA3EC,0xA3EC,
    0xC3EC,0xA3EC,0xA3EC,0xA3EC,0xA3EC,0xA3EC,0xC2EC,0xC3EC,0x63E4,0xC2DB,0x24E4,0x8492,
    0x6238,0xA340,0x0441,0x5DEF,0xFFFF,0xFFFF,0xFFFF,0xFFFF,0xFFFF,0xFFFF,0xFFFF,0xFFFF,
    0xFFFF,0xFFFF,0xFFFF,0xFFFF,0xFFFF,0xFFFF,0xFFFF,0xFFFF,0x75BD,0x2030,0xA338,0x8138,
    0x2AD5,0x4AFE,0x09F6,0x0AF6,0x2AFE,0xA8F5,0xA2EC,0xA2EC,0xA2EC,0xA3EC,0xA3EC,0xA3EC,
    0xA3EC,0xA3EC,0xA3EC,0xA3EC,0xC2F4,0x45D4,0xA148,0xC348,0x6138,0xE4A2,0xE4F4,0x82EC,
    0x83EC,0x83EC,0x83EC,0x83E4,0x88FD,0xA9FD,0x89FD,0x89FD,0x89FD,0x89FD,0x89FD,0xA9FD,
    0xA9FD,0xA9FD,0xA9FD,0xA9FD,0xA9FD,0xA9FD,0xA9FD,0xA9FD,0xA9FD,0xA9FD,0xA9FD,0x89FD,
    0x0BFE,0x66AB,0x0030,0x4130,0x247A,0x8BF5,0xC9FD,0x68F5,0x89FD,0x89FD,0x89FD,0x89FD,
    0x89FD,0x89FD,0x89FD,0x8AFD,0x8AFD,0x8AFD,0xAAFD,0xAAFD,0xAAFD,0xAAFD,0xAAFD,0xAAFD,
    0x89FD,0x89FD,0x89FD,0x89FD,0x89FD,0x89FD,0x89FD,0xA9FD,0xA9FD,0xA9FD,0xAAFD,0xAAFD,
    0xAAFD,0xAAFD,0xAAFD,0xAAFD,0xAAFD,0xAAFD,0xAAFD,0xAAFD,0xAAFD,0xAAFD,0xAAFD,0xAAFD,
    0xAAFD,0xAAFD,0xAAFD,0xAAFD,0xAAFD,0x8AFD,0xAAFD,0xAAFD,0xAAFD,0xAAFD,0xAAFD,0xAAFD,
    0xAAFD,0xAAFD,0xAAFD,0xAAFD,0xAAFD,0xAAFD,0xAAFD,0xAAFD,0xAAFD,0xAAFD,0xAAFD,0xAAFD,
    0xAAFD,0xAAFD,0xAAFD,0xAAFD,0xAAFD,0xA9FD,0xAAFD,0xAAFD,0xAAFD,0xAAFD,0xAAFD,0xAAFD,
    0xAAFD,0xAAFD,0xAAFD,0xAAFD,0x8AFD,0xAAFD,0xAAFD,0x8AFD,0x89FD,0xA9FD,0x89FD,0x89FD,
    0xA9FD,0xA9FD,0xA9FD,0xA9FD,0xA9FD,0xA9FD,0xA9FD,0xA9FD,0xA9FD,0xA9FD,0xA9FD,0xA9FD,
    0x89FD,0x89FD,0x89FD,0x89FD,0x69F5,0xA9FD,0xABFD,0x6582,0x4130,0x0030,0x069B,0x0BFE,
    0x89FD,0xAAFD,0xA9FD,0x89FD,0x89FD,0x89FD,0xA9FD,0xA9FD,0xA9FD,0x89FD,0x89FD,0x89FD,
    0x89FD,0x89FD,0x89FD,0x89FD,0x89FD,0x89FD,0x89FD,0x68FD,0x83E4,0x83EC,0x83EC,0x83EC,
    0x83EC,0xE4F4,0xC49A,0x4138,0xA340,0xA148,0x45D4,0xC2F4,0xA3EC,0xA2EC,0xA3EC,0xA3EC,
    0xA3EC,0xA3EC,0xA3EC,0xA3EC,0xA3EC,0xA3EC,0xA2EC,0xA3EC,0xA3EC,0xE2DB,0xE3DB,0xA5C3,
    0xC248,0xC340,0x2130,0x14B5,0xFFFF,0xFFFF,0xFFFF,0xFFFF,0xFFFF,0xFFFF,0xFFFF,0xFFFF,
    0xFFFF,0xFFFF,0xFFFF,0xFFFF,0xFFFF,0xFFFF,0xFFFF,0xFFFF,0x0C7B,0x2130,0x6230,0xE469,
    0x4BFE,0xE9F5,0x09F6,0x0AF6,0x0AFE,0x05ED,0x82EC,0xA3EC,0xA2EC,0xA3EC,0xA3EC,0xA3EC,
    0xA3EC,0xA3EC,0xA3EC,0x82EC,0x04F5,0x8392,0x4130,0xA340,0x0159,0x85E4,0xA3EC,0x83EC,
    0x83EC,0x83EC,0x62E4,0x06F5,0xA9FD,0x89FD,0x89FD,0x89FD,0x89FD,0x89FD,0x89FD,0xA9FD,
    0x89FD,0x89FD,0xA9FD,0x89FD,0xA9FD,0xA9FD,0xA9FD,0xA9FD,0xA9FD,0xA9FD,0xA9FD,0xAAFD,
    0xCAFD,0xCBFD,0x87B3,0xA7AB,0xECFD,0xA9FD,0x89FD,0x89FD,0x89FD,0x89FD,0x89FD,0x89FD,
    0x89FD,0x89FD,0x89FD,0x89FD,0x8AFD,0xAAFD,0x8AFD,0xAAFD,0xAAFD,0xAAFD,0xAAFD,0xAAFD,
    0xA9FD,0x89FD,0xA9FD,0xA9FD,0x89FD,0x89FD,0x89FD,0x89FD,0x89FD,0x89FD,0xA9FD,0x89FD,
    0x8AFD,0x8AFD,0x8AFD,0x8AFD,0x8AFD,0x8AFD,0x8AFD,0xAAFD,0xAAFD,0xAAFD,0xAAFD,0xAAFD,
    0xAAFD,0xAAFD,0xAAFD,0xAAFD,0xAAFD,0xAAFD,0xAAFD,0xAAFD,0xAAFD,0xAAFD,0xAAFD,0xAAFD,
    0xAAFD,0xAAFD,0x8AFD,0x8AFD,0x8AFD,0x8AFD,0xAAFD,0xAAFD,0xAAFD,0xAAFD,0xAAFD,0xAAFD,
    0xAAFD,0xAAFD,0xAAFD,0xA9FD,0xAAFD,0xAAFD,0xAAFD,0xAAFD,0xAAFD,0xAAFD,0xAAFD,0xAAFD,
    0xAAFD,0xAAFD,0xAAFD,0xAAFD,0x8AFD,0x8AFD,0x8AFD,0x8AFD,0xA9FD,0x89FD,0x89FD,0xA9FD,
    0x89FD,0xA9FD,0xA9FD,0xA9FD,0xA9FD,0xA9FD,0x89FD,0xA9FD,0xA9FD,0xA9FD,0xA9FD,0x89FD,
    0xA9FD,0x89FD,0x89FD,0x89FD,0x89FD,0x89FD,0xA9FD,0xEBFD,0xC8B3,0x87AB,0xABFD,0xAAFD,
    0x89FD,0xA9FD,0x89FD,0x89FD,0x89FD,0x89FD,0xA9FD,0xA9FD,0xA9FD,0xA9FD,0xA9FD,0x89FD,
    0x89FD,0x89FD,0x89FD,0xA9FD,0x89FD,0x89FD,0x89FD,0xA9FD,0x06ED,0x62E4,0x83EC,0x83EC,
    0x83EC,0xA3EC,0x45DC,0xC150,0x8340,0x6238,0x638A,0xE4F4,0x82EC,0xA3EC,0xA3EC,0xA3EC,
    0xA3EC,0xA3EC,0xA3EC,0xA3EC,0xA3EC,0xA3EC,0xA2EC,0xA2EC,0xC3EC,0x23E4,0xC2DB,0x04DC,
    0xA371,0x8338,0x4138,0x8A6A,0xFFFF,0xFFFF,0xFFFF,0xFFFF,0xFFFF,0xFFFF,0xFFFF,0xFFFF,
    0xFFFF,0xFFFF,0xFFFF,0xFFFF,0xFFFF,0xFFFF,0xFFFF,0x5CEF,0x0449,0x8240,0x4130,0xC8AB,
    0x6AFE,0xE9F5,0x09F6,0x0AF6,0xC9F5,0xA3EC,0xA2EC,0xA3EC,0xA3EC,0xA3EC,0xA3EC,0xA3EC,
    0xA3EC,0xA3EC,0xA3EC,0xC2F4,0x65DC,0xC148,0x8238,0x6138,0x8392,0xC4F4,0x82EC,0x83EC,
    0x83EC,0x83EC,0x84E4,0x89FD,0xA9FD,0x89FD,0xA9FD,0x89FD,0x89FD,0x89FD,0xA9FD,0xA9FD,
    0xA9FD,0xA9FD,0xA9FD,0xA9FD,0xA9FD,0xA9FD,0xA9FD,0xA9FD,0xA9FD,0xA9FD,0xA9FD,0xAAFD,
    0xAAFD,0xAAFD,0x0BFE,0x0BFE,0xA9FD,0x89FD,0x89FD,0x89FD,0x89FD,0x89FD,0x89FD,0x89FD,
    0xA9FD,0xA9FD,0x89FD,0x89FD,0xA9FD,0x8AFD,0x89FD,0xAAFD,0xAAFD,0xAAFD,0xAAFD,0xAAFD,
    0xA9FD,0xA9FD,0xA9FD,0x89FD,0x89FD,0x89FD,0xA9FD,0xA9FD,0xA9FD,0xA9FD,0xA9FD,0xA9FD,
    0xAAFD,0xAAFD,0xAAFD,0x8AFD,0xAAFD,0xAAFD,0x8AFD,0xAAFD,0x8AFD,0x8AFD,0xAAFD,0xAAFD,
    0xAAFD,0xAAFD,0xAAFD,0xAAFD,0xAAFD,0xAAFD,0xAAFD,0xAAFD,0xAAFD,0xAAFD,0xAAFD,0xAAFD,
    0xAAFD,0xAAFD,0xAAFD,0xAAFD,0xAAFD,0x8AFD,0x8AFD,0xAAFD,0xAAFD,0xAAFD,0xAAFD,0xAAFD,
    0xAAFD,0xAAFD,0xAAFD,0xAAFD,0xAAFD,0xAAFD,0xAAFD,0xAAFD,0xAAFD,0xAAFD,0xAAFD,0xAAFD,
    0xAAFD,0x8AFD,0x8AFD,0x8AFD,0xAAFD,0xAAFD,0xAAFD,0xAAFD,0x89FD,0xA9FD,0xA9FD,0xA9FD,
    0xA9FD,0xA9FD,0xA9FD,0xA9FD,0xA9FD,0x89FD,0x89FD,0xA9FD,0xA9FD,0xA9FD,0xA9FD,0xA9FD,
    0xA9FD,0x89FD,0x89FD,0x89FD,0x89FD,0x89FD,0x89FD,0xA9FD,0x0BFE,0x0BFE,0xAAFD,0xA9FD,
    0x89FD,0xA9FD,0xA9FD,0xA9FD,0xA9FD,0xA9FD,0xA9FD,0xA9FD,0xA9FD,0xA9FD,0xA9FD,0x89FD,
    0x89FD,0x89FD,0x89FD,0xA9FD,0x89FD,0x89FD,0x89FD,0xA9FD,0x89FD,0x83E4,0x83EC,0x83EC,
    0x83EC,0x83EC,0xE4F4,0x438A,0x4138,0xA340,0xE250,0x64DC,0xA2F4,0xA3EC,0xA3EC,0xA3EC,
    0xA3EC,0xA3EC,0xA3EC,0xA3EC,0xA3EC,0xA2EC,0xA3EC,0xA3EC,0xC3EC,0x63EC,0xC2DB,0x03E4,
    0xC4A2,0x8238,0xA340,0xC340,0xFBE6,0xFFFF,0xFFFF,0xFFFF,0xFFFF,0xFFFF,0xFFFF,0xFFFF,
    0xFFFF,0xFFFF,0xFFFF,0xFFFF,0xFFFF,0xFFFF,0xFFFF,0x14B5,0x4138,0xA348,0xE248,0x8BE5,
    0x29FE,0x09F6,0x09F6,0x2AFE,0x46ED,0x82EC,0xA2EC,0xA3EC,0xA3EC,0xA3EC,0xA3EC,0xA3EC,
    0xA3EC,0xA3EC,0x82EC,0xE3F4,0xE4A2,0x4130,0xA238,0xA148,0x25D4,0xA2EC,0x83EC,0x83EC,
    0x83EC,0x62EC,0x06ED,0xCAFD,0x89FD,0xA9FD,0xA9FD,0xA9FD,0x89FD,0xA9FD,0xA9FD,0xA9FD,
    0x89FD,0x89FD,0xA9FD,0x89FD,0xA9FD,0xA9FD,0xA9FD,0xA9FD,0xA9FD,0xA9FD,0xA9FD,0xA9FD,
    0xA9FD,0xA9FD,0x89FD,0x89F5,0xAAFD,0x89FD,0x89FD,0x89FD,0x89FD,0x89FD,0x89FD,0xA9FD,
    0xA9FD,0xA9FD,0x89FD,0xA9FD,0x89FD,0xAAFD,0xA9FD,0xAAFD,0xAAFD,0xAAFD,0xAAFD,0xAAFD,
    0xA9FD,0xA9FD,0x89FD,0x89FD,0x89FD,0x89FD,0xA9FD,0xA9FD,0xA9FD,0xA9FD,0xA9FD,0xA9FD,
    0xAAFD,0xAAFD,0xAAFD,0xAAFD,0xAAFD,0xAAFD,0xAAFD,0xAAFD,0x8AFD,0x8AFD,0xAAFD,0xAAFD,
    0xAAFD,0xAAFD,0xAAFD,0xAAFD,0xAAFD,0xAAFD,0xAAFD,0xAAFD,0xAAFD,0xAAFD,0xAAFD,0xAAFD,
    0xAAFD,0xAAFD,0xAAFD,0xAAFD,0xAAFD,0x8AFD,0xAAFD,0xAAFD,0xAAFD,0xAAFD,0xAAFD,0xAAFD,
    0xAAFD,0xAAFD,0xAAFD,0xAAFD,0xAAFD,0xAAFD,0xAAFD,0xAAFD,0xAAFD,0xAAFD,0xAAFD,0xAAFD,
    0xAAFD,0x8AFD,0x8AFD,0xAAFD,0xAAFD,0xAAFD,0xAAFD,0xAAFD,0xA9FD,0xA9FD,0xA9FD,0xA9FD,
    0xA9FD,0xA9FD,0xA9FD,0xA9FD,0xA9FD,0xA9FD,0x89FD,0xA9FD,0xA9FD,0xA9FD,0xA9FD,0xA9FD,
    0xA9FD,0x89FD,0x89FD,0x89FD,0x89FD,0x89FD,0x89FD,0xA9FD,0x89FD,0x89FD,0xA9FD,0xA9FD,
    0xA9FD,0xA9FD,0xA9FD,0xA9FD,0x89FD,0xA9FD,0xA9FD,0xA9FD,0xA9FD,0xA9FD,0xA9FD,0x89FD,
    0x89FD,0x89FD,0x89FD,0x89FD,0xA9FD,0xA9FD,0x89FD,0x89FD,0xAAFD,0x06ED,0x63E4,0x83EC,
    0x83EC,0x83EC,0xA3EC,0xE5CB,0x8140,0xA340,0x4138,0x03A3,0xE3F4,0xA2EC,0xA3EC,0xA3EC,
    0xA3EC,0xA3EC,0xA3EC,0xA3EC,0xA3EC,0xA3EC,0xA3EC,0xA3EC,0xA2EC,0xA3EC,0xC2DB,0xC2DB,
    0xA4CB,0xE250,0xC340,0x4138,0xB2AC,0xFFFF,0xDFFF,0xFFFF,0xFFFF,0xFFFF,0xFFFF,0xFFFF,
    0xFFFF,0xFFFF,0xFFFF,0xFFFF,0xFFFF,0xFFFF,0xFFFF,0xAA72,0x6140,0x6240,0x6582,0x6CFE,
    0x09F6,0x0AF6,0x09F6,0x09F6,0xC3EC,0x82EC,0xA2EC,0xA3EC,0xA3EC,0xA3EC,0xA3EC,0xA3F4,
    0xA3EC,0xA3EC,0xA2EC,0xC4EC,0x4261,0x8238,0x4130,0x037A,0xC4F4,0x62E4,0x82EC,0x83EC,
    0x83EC,0x83EC,0x89FD,0xAAFD,0xA9FD,0xA9FD,0x89FD,0x89FD,0x89FD,0x89FD,0x89FD,0x89FD,
    0xA9FD,0xA9FD,0xA9FD,0xA9FD,0xA9FD,0xA9FD,0xA9FD,0xA9FD,0xA9FD,0xA9FD,0xA9FD,0xA9FD,
    0xA9FD,0x89FD,0xAAFD,0xAAFD,0xA9FD,0xA9FD,0x89FD,0x89FD,0x89FD,0x89FD,0x89FD,0x89FD,
    0x89FD,0xA9FD,0x89FD,0xA9FD,0x89FD,0xA9FD,0x8AFD,0xAAFD,0xAAFD,0xAAFD,0xAAFD,0xAAFD,
    0xAAFD,0x89FD,0xA9FD,0xA9FD,0x89FD,0x89FD,0x89FD,0xA9FD,0xA9FD,0x89FD,0x89FD,0x89FD,
    0x8AFD,0x8AFD,0xAAFD,0x8AFD,0x8AFD,0xAAFD,0xAAFD,0xAAFD,0xAAFD,0xAAFD,0xAAFD,0xAAFD,
    0xAAFD,0xAAFD,0xAAFD,0xAAFD,0xAAFD,0xAAFD,0xAAFD,0xAAFD,0xAAFD,0xAAFD,0x8AFD,0x8AFD,
    0xAAFD,0xAAFD,0x8AFD,0x8AFD,0x8AFD,0x8AFD,0x8AFD,0xAAFD,0xAAFD,0xAAFD,0xAAFD,0xAAFD,
    0xAAFD,0xAAFD,0xAAFD,0xAAFD,0xAAFD,0xAAFD,0xAAFD,0xAAFD,0xAAFD,0xAAFD,0xAAFD,0xAAFD,
    0x8AFD,0x8AFD,0x8AFD,0xAAFD,0x8AFD,0xAAFD,0xAAFD,0xAAFD,0x89FD,0xA9FD,0xA9FD,0xA9FD,
    0xA9FD,0xA9FD,0xA9FD,0xA9FD,0xA9FD,0xA9FD,0xA9FD,0xA9FD,0xA9FD,0x89FD,0x89FD,0x89FD,
    0x89FD,0x89FD,0x89FD,0x89FD,0x89FD,0x89FD,0xA9FD,0xA9FD,0xA9FD,0xA9FD,0x89FD,0x89FD,
    0xA9FD,0x89FD,0x89FD,0x89FD,0x89FD,0xA9FD,0xA9FD,0xA9FD,0xA9FD,0xA9FD,0x89FD,0x89FD,
    0x89FD,0x89FD,0x89FD,0x89FD,0x89FD,0x89FD,0x89FD,0x89FD,0xAAFD,0x88FD,0x83E4,0x83EC,
    0x83EC,0x83EC,0x62E4,0xA4EC,0xA271,0x6238,0x8238,0x6261,0xC4EC,0xA2EC,0xA3EC,0xA3EC,
    0xA3EC,0xA3EC,0xA3EC,0xA3EC,0xA3EC,0xA3EC,0xA3EC,0xA3EC,0xA3EC,0xA3EC,0x02E4,0xA2DB,
    0x24E4,0xC379,0x8240,0x6140,0x696A,0xFFFF,0xFFFF,0xFFFF,0xFFFF,0xFFFF,0xFFFF,0xFFFF,
    0xFFFF,0xFFFF,0xFFFF,0xFFFF,0xFFFF,0xFFFF,0x3CEF,0x0441,0xC348,0x6138,0x49BC,0x8BFE,
    0x0AF6,0x0AF6,0x2AFE,0xA7F5,0x82EC,0xA2EC,0xA2EC,0xA3EC,0xA3EC,0xA3EC,0xA3EC,0xA3EC,
    0xA3EC,0xA3EC,0xE3F4,0xC4C3,0x6138,0xA338,0x6130,0x84BB,0xA3F4,0x62E4,0x63EC,0x83EC,
    0x62E4,0xE6EC,0xCAFD,0xA9FD,0xA9FD,0x89FD,0x89FD,0xA9FD,0x89FD,0x89FD,0xA9FD,0x89FD,
    0xA9FD,0xA9FD,0xA9FD,0xA9FD,0xA9FD,0xA9FD,0xA9FD,0xA9FD,0xA9FD,0xA9FD,0xA9FD,0xA9FD,
    0xCAFD,0xCAFD,0xAAFD,0xAAFD,0xAAFD,0xA9FD,0x89FD,0x89FD,0x89FD,0x89FD,0x89FD,0x89FD,
    0xA9FD,0x89FD,0xA9FD,0x89FD,0xA9FD,0xA9FD,0xAAFD,0xAAFD,0xAAFD,0xAAFD,0xAAFD,0x8AFD,
    0xAAFD,0xA9FD,0xA9FD,0xA9FD,0xA9FD,0x89FD,0xA9FD,0xA9FD,0x89FD,0xA9FD,0xA9FD,0x89FD,
    0xAAFD,0xAAFD,0xAAFD,0x8AFD,0xAAFD,0xAAFD,0xAAFD,0xAAFD,0xAAFD,0xAAFD,0xAAFD,0xAAFD,
    0xAAFD,0xAAFD,0xAAFD,0xAAFD,0xAAFD,0xAAFD,0xAAFD,0xAAFD,0xAAFD,0xAAFD,0xAAFD,0x8AFD,
    0xAAFD,0xAAFD,0x8AFD,0xAAFD,0xAAFD,0xAAFD,0x8AFD,0xAAFD,0xAAFD,0xAAFD,0xAAFD,0xAAFD,
    0xAAFD,0xAAFD,0xAAFD,0xAAFD,0xAAFD,0xAAFD,0xAAFD,0xAAFD,0xAAFD,0xAAFD,0xAAFD,0xAAFD,
    0x8AFD,0xAAFD,0x8AFD,0x8AFD,0x8AFD,0x8AFD,0x8AFD,0x8AFD,0xA9FD,0x89FD,0x89FD,0xA9FD,
    0x89FD,0xA9FD,0xA9FD,0xA9FD,0xA9FD,0xA9FD,0xA9FD,0xA9FD,0xA9FD,0x89FD,0x89FD,0x89FD,
    0x89FD,0x89FD,0x89FD,0x89FD,0x89FD,0xA9FD,0xA9FD,0xA9FD,0xAAFD,0x89FD,0xCAFD,0xAAFD,
    0x89FD,0x89FD,0x89FD,0x89FD,0x89FD,0x89FD,0xA9FD,0xA9FD,0x89FD,0x89FD,0x89FD,0x89FD,
    0x89FD,0x89FD,0x89FD,0x89FD,0x89FD,0xA9FD,0xA9FD,0xA9FD,0x89FD,0xAAFD,0xE5EC,0x63E4,
    0x83EC,0x83EC,0x62EC,0xA3EC,0x64B3,0x6138,0xA340,0x6138,0xE4C3,0xE3F4,0xA3EC,0xA3EC,
    0xA3EC,0xA3EC,0xA3EC,0xA3EC,0xA3EC,0xA3EC,0xA3EC,0xA2EC,0xA2EC,0xC3EC,0x43E4,0xA2DB,
    0x03E4,0xE4AA,0x8240,0xA340,0xE340,0x1CE7,0xFFFF,0xFFFF,0xFFFF,0xFFFF,0xFFFF,0xFFFF,
    0xFFFF,0xFFFF,0xFFFF,0xFFFF,0xDFFF,0xFFFF,0x55BD,0x6138,0xC348,0x0251,0xCCED,0x4AFE,
    0x0AFE,0x0AF6,0x2AFE,0x25ED,0x82EC,0xA2EC,0xA2EC,0xA3EC,0xA3EC,0xA3EC,0xA3EC,0xA2EC,
    0xA3EC,0xA2EC,0x04F5,0x4382,0x4130,0x6238,0x2259,0x84E4,0x82EC,0x63EC,0x63EC,0x63EC,
    0x63E4,0x68FD,0xAAFD,0xA9FD,0xA9FD,0x89FD,0x89FD,0xA9FD,0xA9FD,0x89FD,0xA9FD,0xA9FD,
    0x89FD,0xA9FD,0xA9FD,0xA9FD,0xA9FD,0x89FD,0xA9FD,0xA9FD,0xA9FD,0xA9FD,0x89FD,0xCAFD,
    0x8AF5,0x2AED,0xEBFD,0xAAFD,0xAAFD,0xA9FD,0xA9FD,0x89FD,0x89FD,0x89FD,0x89FD,0xA9FD,
    0xA9FD,0xA9FD,0x89FD,0x89FD,0xA9FD,0xA9FD,0x89FD,0xA9FD,0xA9FD,0xA9FD,0xA9FD,0x89FD,
    0x8AFD,0xA9FD,0xA9FD,0xA9FD,0x89FD,0xA9FD,0xA9FD,0xA9FD,0x89FD,0xA9FD,0xA9FD,0xA9FD,
    0xA9FD,0xAAFD,0x8AFD,0x8AFD,0xAAFD,0x8AFD,0xAAFD,0xAAFD,0xAAFD,0xAAFD,0xAAFD,0xAAFD,
    0xAAFD,0xAAFD,0xAAFD,0xAAFD,0xAAFD,0xAAFD,0xAAFD,0x8AFD,0xAAFD,0xAAFD,0xAAFD,0xAAFD,
    0x8AFD,0xAAFD,0xAAFD,0xAAFD,0xAAFD,0xAAFD,0xAAFD,0xAAFD,0xAAFD,0xAAFD,0xAAFD,0xAAFD,
    0xAAFD,0xAAFD,0xAAFD,0xAAFD,0xAAFD,0xAAFD,0xAAFD,0xAAFD,0xAAFD,0xAAFD,0xAAFD,0xAAFD,
    0xAAFD,0xAAFD,0x8AFD,0xAAFD,0x8AFD,0xAAFD,0xAAFD,0xAAFD,0x89FD,0x89FD,0x89FD,0x89FD,
    0x89FD,0x89FD,0x89FD,0x89FD,0x89FD,0x89FD,0x89FD,0xA9FD,0xA9FD,0x89FD,0xA9FD,0x89FD,
    0x89FD,0x89FD,0x89FD,0xA9FD,0xA9FD,0xA9FD,0xA9FD,0xA9FD,0xA9FD,0xEBFD,0x2AE5,0x6BED,
    0xCAFD,0x89FD,0x89FD,0x89FD,0x89FD,0x89FD,0x89FD,0x89FD,0x89FD,0x89FD,0x89FD,0x89FD,
    0x89FD,0x89FD,0x89FD,0x89FD,0x89FD,0x89FD,0xA9FD,0xA9FD,0x89FD,0xAAFD,0x68F5,0x63E4,
    0x83EC,0x83EC,0x63EC,0x62EC,0x84E4,0x2259,0x8238,0x4130,0x438A,0x04F5,0xA2EC,0xA3EC,
    0xA3EC,0xA3EC,0xA3EC,0xA3EC,0xA3EC,0xA3EC,0xA3EC,0xA2EC,0xA2EC,0xA2EC,0x83EC,0xC2DB,
    0xE3E3,0xC4D3,0x0259,0xA340,0x2130,0x34B5,0xFFFF,0xFFFF,0xFFFF,0xFFFF,0xFFFF,0xFFFF,
    0xFFFF,0xFFFF,0xFFFF,0xFFFF,0xFFFF,0xFFFF,0x0B7B,0x4138,0xA240,0x657A,0x8CFE,0x2AFE,
    0x2AFE,0x2AFE,0xE9FD,0xA3EC,0xA2EC,0xA2EC,0xA2EC,0xA3EC,0xA3EC,0xA3EC,0xA3EC,0xA3EC,
    0xA3EC,0xC2EC,0x85E4,0xE250,0x8240,0x4130,0xA39A,0xA3EC,0x62E4,0x63E4,0x63EC,0x62EC,
    0xA4EC,0xA9FD,0xA9FD,0xA9FD,0xA9FD,0x89FD,0x89FD,0xA9FD,0xA9FD,0xA9FD,0x89FD,0x89FD,
    0x89FD,0xA9FD,0x89FD,0x89FD,0x89FD,0xAAFD,0xAAFD,0xA9FD,0x89FD,0x89FD,0xA9FD,0x2AE5,
    0x6261,0x8148,0xE8BB,0xEAFD,0x89FD,0xA9FD,0xA9FD,0xA9FD,0xA9FD,0xA9FD,0x89FD,0x89FD,
    0x89FD,0xA9FD,0x89FD,0x89FD,0x89FD,0x89FD,0x89FD,0x89FD,0x89FD,0x89FD,0xA9FD,0x89FD,
    0x89FD,0xA9FD,0xA9FD,0xA9FD,0xA9FD,0xA9FD,0xA9FD,0xA9FD,0xA9FD,0xA9FD,0xA9FD,0x89FD,
    0xAAFD,0xAAFD,0xAAFD,0xAAFD,0xAAFD,0xAAFD,0xAAFD,0xAAFD,0xAAFD,0xAAFD,0xAAFD,0xAAFD,
    0xAAFD,0xAAFD,0xAAFD,0xAAFD,0xAAFD,0xAAFD,0xAAFD,0x8AFD,0xAAFD,0xAAFD,0xAAFD,0xAAFD,
    0xAAFD,0xAAFD,0xAAFD,0xAAFD,0xAAFD,0xAAFD,0xAAFD,0xAAFD,0xAAFD,0xAAFD,0xAAFD,0xAAFD,
    0xAAFD,0xAAFD,0x8AFD,0xAAFD,0xAAFD,0xAAFD,0xAAFD,0xAAFD,0xAAFD,0xAAFD,0xAAFD,0x8AFD,
    0xAAFD,0xAAFD,0xAAFD,0x8AFD,0x8AFD,0xAAFD,0x8AFD,0x8AFD,0x89FD,0xAAFD,0x8AFD,0xAAFD,
    0xA9FD,0xA9FD,0x89FD,0x89FD,0x89FD,0x89FD,0x89FD,0x89FD,0x89FD,0x89FD,0x89FD,0x89FD,
    0x89FD,0x89FD,0xA9FD,0xAAFD,0xA9FD,0xA9FD,0xA9FD,0x89FD,0xEBFD,0xE8BB,0x6140,0x2259,
    0x09E5,0xA9FD,0x89FD,0x89FD,0x89FD,0x89FD,0x89FD,0x89FD,0x89FD,0x89FD,0x89FD,0x89FD,
    0x89FD,0x89FD,0x89FD,0x89FD,0x89FD,0x89FD,0x89FD,0x89FD,0xA9FD,0xA9FD,0xA9FD,0xC5EC,
    0x62EC,0x63EC,0x63EC,0x62E4,0xA4EC,0x8392,0x6138,0xA240,0x0159,0xA5E4,0xC2F4,0xC3EC,
    0xA3EC,0xA3EC,0xA3EC,0xA3EC,0xA3EC,0xA3EC,0xA3EC,0xA2EC,0xA3EC,0xA2EC,0xA3EC,0xE2DB,
    0xC2DB,0x24E4,0xC279,0x8240,0x4138,0xEB7A,0xFFFF,0xFFFF,0xFFFF,0xFFFF,0xFFFF,0xFFFF,
    0xFFFF,0xFFFF,0xFFFF,0xFFFF,0xFFFF,0x7DF7,0x2449,0xA240,0x6140,0x08B4,0x8CFE,0x0AF6,
    0x2AFE,0x2BFE,0x88F5,0x82EC,0xA2EC,0xA2EC,0xA2EC,0xA3EC,0xA3EC,0xA3EC,0xA3EC,0xA3EC,
    0xA2EC,0xE3F4,0x44B3,0x6138,0xA340,0xA140,0x04CC,0x82EC,0x63E4,0x63E4,0x63EC,0x42E4,
    0x27F5,0xAAFD,0x89FD,0x89FD,0x89FD,0x89FD,0x89FD,0x89FD,0xA9FD,0xA9FD,0xA9FD,0xA9FD,
    0xAAFD,0xA9FD,0xAAFD,0xAAFD,0xAAFD,0xAAFD,0xA9FD,0xA9FD,0x8AFD,0x89FD,0xEAFD,0xE7BB,
    0x4130,0x6238,0x8361,0xCBFD,0x89FD,0x89FD,0x89FD,0xA9FD,0xA9FD,0xA9FD,0xA9FD,0x89FD,
    0xA9FD,0x89FD,0x89FD,0x89FD,0x89FD,0x89F5,0x89FD,0x89FD,0x89FD,0x89FD,0x89FD,0x89FD,
    0x89FD,0xA9FD,0xA9FD,0xA9FD,0xA9FD,0xA9FD,0x89FD,0x89FD,0xA9FD,0x89FD,0x8AFD,0x8AFD,
    0x8AFD,0x8AFD,0xAAFD,0xAAFD,0xAAFD,0xAAFD,0xAAFD,0xAAFD,0xAAFD,0xAAFD,0xAAFD,0xAAFD,
    0xAAFD,0xAAFD,0xAAFD,0xAAFD,0x8AFD,0x8AFD,0xAAFD,0xAAFD,0xAAFD,0xAAFD,0x8AFD,0x8AFD,
    0x8AFD,0x8AFD,0xAAFD,0x8AFD,0xAAFD,0xAAFD,0xAAFD,0xAAFD,0xAAFD,0xAAFD,0xAAFD,0xAAFD,
    0xAAFD,0xAAFD,0xAAFD,0xAAFD,0xAAFD,0xAAFD,0xAAFD,0xAAFD,0xAAFD,0xAAFD,0xAAFD,0x8AFD,
    0x8AFD,0x8AFD,0xAAFD,0x8AFD,0x8AFD,0x8AFD,0x89FD,0x8AFD,0xA9FD,0x89FD,0xAAFD,0xAAFD,
    0xAAFD,0x89FD,0x89FD,0x89FD,0x89FD,0x89FD,0x89FD,0x89FD,0x89FD,0x89FD,0x89FD,0x89FD,
    0xA9FD,0xA9FD,0xA9FD,0xAAFD,0xAAFD,0xA9FD,0x89FD,0x89FD,0xCBFD,0xA369,0x6230,0x2130,
    0xA7B3,0xEAFD,0x69FD,0x89FD,0x89FD,0x89FD,0x89FD,0x89FD,0x89FD,0x89FD,0x89FD,0x89FD,
    0x89FD,0x89FD,0x89FD,0x89FD,0x89FD,0x89FD,0x89FD,0x89FD,0x89FD,0x89FD,0xAAFD,0x27F5,
    0x62E4,0x63EC,0x62EC,0x62E4,0x82EC,0xE4CB,0xA148,0xC340,0x6140,0x84B3,0x03F5,0xA2EC,
    0xC3EC,0xC3EC,0xA3EC,0xA3EC,0xA3EC,0xA3EC,0xA3EC,0xA3EC,0xA3EC,0xA3EC,0xA3EC,0x22E4,
    0xC2DB,0x23E4,0xC4A2,0x6240,0x8240,0x2449,0x5DEF,0xFFFF,0xFFFF,0xFFFF,0xFFFF,0xFFFF,
    0xFFFF,0xFFFF,0xFFFF,0xFFFF,0xFFFF,0xB6C5,0x4130,0xC340,0xC248,0x6BDD,0x6BFE,0x2AFE,
    0x2AFE,0x2BFE,0x25ED,0x82EC,0xA2EC,0xA2EC,0xA3EC,0xA3EC,0xA3EC,0xA3EC,0xA3EC,0xA3EC,
    0xA2EC,0x04F5,0xE379,0x6238,0x6238,0xA271,0xA4EC,0x62E4,0x63EC,0x63EC,0x62EC,0x83E4,
    0x89FD,0xA9FD,0xA9FD,0x89FD,0xA9FD,0xA9FD,0xA9FD,0xA9FD,0xA9FD,0xA9FD,0x89FD,0xA9FD,
    0xAAFD,0xAAFD,0xAAFD,0xAAFD,0xAAFD,0x8AFD,0x89FD,0xA9FD,0xA9FD,0x69FD,0xA9FD,0xA9D4,
    0x8138,0xA240,0xA140,0xEADC,0xCAFD,0xA9FD,0xA9FD,0xA9FD,0xA9FD,0xAAFD,0xA9FD,0xA9FD,
    0x89FD,0x89FD,0x89FD,0x89FD,0xA9FD,0xC9FD,0xCAFD,0xCAFD,0xCAFD,0xCAFD,0xA9FD,0xA9FD,
    0xA9FD,0x89FD,0xA9FD,0xA9FD,0xAAFD,0xA9FD,0x89FD,0x89FD,0x89FD,0xA9FD,0x8AFD,0xAAFD,
    0xAAFD,0xAAFD,0x8AFD,0xAAFD,0xAAFD,0xAAFD,0xAAFD,0xAAFD,0xAAFD,0xAAFD,0xAAFD,0xAAFD,
    0xAAFD,0xAAFD,0xAAFD,0xAAFD,0xAAFD,0xAAFD,0xAAFD,0xAAFD,0xAAFD,0xAAFD,0xAAFD,0x8AFD,
    0xAAFD,0xAAFD,0xAAFD,0xAAFD,0xAAFD,0xAAFD,0xAAFD,0x8AFD,0xAAFD,0xAAFD,0xAAFD,0xAAFD,
    0xAAFD,0xAAFD,0xAAFD,0xA9FD,0xAAFD,0xAAFD,0xAAFD,0xAAFD,0xAAFD,0x8AFD,0x8AFD,0x8AFD,
    0xAAFD,0xAAFD,0xAAFD,0xAAFD,0xAAFD,0x8AFD,0x8AFD,0x89FD,0x89FD,0x89FD,0x89FD,0x89FD,
    0xA9FD,0xCAFD,0xEAFD,0xCAFD,0xCAFD,0xCAFD,0xC9FD,0xA9FD,0x89FD,0x69FD,0x69FD,0x89FD,
    0xA9FD,0xA9FD,0xA9FD,0xAAFD,0xAAFD,0xA9FD,0xA9FD,0xC9FD,0x2AE5,0xC240,0xA338,0x6138,
    0x89CC,0xCAFD,0x89FD,0x89FD,0x89FD,0x89FD,0x89FD,0x89FD,0x89FD,0x89FD,0x89FD,0x89FD,
    0x89FD,0x89FD,0x89FD,0x89FD,0x89FD,0x89FD,0x89FD,0x89FD,0x89FD,0xA9FD,0xA9FD,0x88FD,
    0x83E4,0x62EC,0x83EC,0x63EC,0x62E4,0xA4EC,0xA271,0x8240,0x8240,0x037A,0x04F5,0xA2EC,
    0xA3EC,0xA3EC,0xA3EC,0xA3EC,0xA3EC,0xA3EC,0xA3EC,0xA3EC,0xA3EC,0xA3EC,0xC3F4,0x43E4,
    0xC2DB,0x03E4,0xA4CB,0xA148,0xA340,0x4130,0xB6BD,0xFFFF,0xFFFF,0xFFFF,0xFFFF,0xFFFF,
    0xFFFF,0xFFFF,0xFFFF,0xFFFF,0xFFFF,0xCF93,0x0028,0x8238,0xC469,0x4CFE,0x2AFE,0x2AFE,
    0x2BFE,0x0AFE,0xC3EC,0xA2EC,0xA2EC,0xA2EC,0xA3EC,0xA3EC,0xA3EC,0xA3EC,0xA3EC,0xA3EC,
    0xC2EC,0x64DC,0xE250,0xA340,0x6138,0x04AB,0xC3F4,0x62E4,0x63EC,0x83EC,0x62E4,0xE5EC,
    0xA9FD,0x89FD,0xA9FD,0x89FD,0x89FD,0x89FD,0x89FD,0x89FD,0xA9FD,0xA9FD,0xA9FD,0xA9FD,
    0xAAFD,0xAAFD,0x8AFD,0xAAFD,0xA9FD,0x89FD,0x89FD,0xA9FD,0xA9FD,0x89FD,0x88FD,0x8AF5,
    0x4259,0x8238,0x4130,0xA58A,0x0BFE,0x89FD,0xAAFD,0xAAFD,0xAAFD,0xAAFD,0x89FD,0xA9FD,
    0xCAFD,0xEAFD,0xEBFD,0x8AF5,0xE9E4,0x68CC,0x27C4,0x07C4,0x07C4,0x47CC,0xC8DC,0x6AED,
    0xEBFD,0x0BFE,0xEAFD,0xCAFD,0x89FD,0x89FD,0x89FD,0x89FD,0x89FD,0x8AFD,0xAAFD,0x8AFD,
    0xAAFD,0xAAFD,0xAAFD,0xAAFD,0xAAFD,0xAAFD,0xAAFD,0xAAFD,0xAAFD,0xAAFD,0xAAFD,0xAAFD,
    0xAAFD,0xAAFD,0xAAFD,0xAAFD,0xAAFD,0xAAFD,0xAAFD,0xAAFD,0xAAFD,0xAAFD,0xAAFD,0xAAFD,
    0xAAFD,0xAAFD,0xAAFD,0xAAFD,0xAAFD,0xAAFD,0xAAFD,0xAAFD,0xA9FD,0xAAFD,0xAAFD,0xAAFD,
    0xAAFD,0xAAFD,0xAAFD,0xAAFD,0xAAFD,0xAAFD,0xAAFD,0xAAFD,0xAAFD,0x8AFD,0x8AFD,0xAAFD,
    0xAAFD,0xAAFD,0xAAFD,0xAAFD,0xAAFD,0x8AFD,0x89FD,0x89F5,0x89FD,0xC9FD,0xEAFD,0xEBFD,
    0xABF5,0x2AE5,0xA9D4,0x48C4,0x27C4,0x27C4,0x68CC,0xE9E4,0x89F5,0xEAFD,0xEAFD,0xCAFD,
    0xA9FD,0xA9FD,0xA9FD,0xAAFD,0xA9FD,0xAAFD,0x89F5,0x2BFE,0x269B,0x4130,0x8238,0x2251,
    0x8AF5,0x89FD,0x89FD,0xA9FD,0x89FD,0x89FD,0x89FD,0x89FD,0x89FD,0x89FD,0x89FD,0x89FD,
    0x89FD,0x89FD,0x89FD,0x89FD,0x89FD,0x89FD,0xA9FD,0x89FD,0xA9FD,0x89FD,0x89FD,0xA9FD,
    0xC5EC,0x62E4,0x63EC,0x83EC,0x62E4,0xC3F4,0x04A3,0x6140,0xA348,0xE150,0x85DC,0xC2F4,
    0xA3EC,0xA3EC,0xA3EC,0xA3EC,0xA3EC,0xA3EC,0xA3EC,0xA3EC,0xA3EC,0xA3EC,0xC3EC,0x83EC,
    0xC2DB,0xE2DB,0x04DC,0x4261,0x8238,0x2028,0xCF8B,0xFFFF,0xFFFF,0xFFFF,0xFFFF,0xFFFF,
    0xFFFF,0xFFFF,0xFFFF,0xFFFF,0xFFFF,0x0862,0x4130,0x4130,0x0693,0x8CFE,0x0AF6,0x2AFE,
    0x4BFE,0xA8F5,0xA2EC,0xC2EC,0xA2EC,0xA3EC,0xA3EC,0xA3EC,0xA3EC,0xA3EC,0xA3EC,0xA2EC,
    0x03F5,0x44AB,0x6138,0xA240,0xC148,0x25D4,0x82EC,0x82EC,0x83EC,0x82EC,0x62E4,0x47F5,
    0xA9FD,0x89FD,0x89FD,0xA9FD,0xA9FD,0x89FD,0xA9FD,0x89FD,0xA9FD,0xA9FD,0xA9FD,0xAAFD,
    0xAAFD,0xAAFD,0xA9FD,0xAAFD,0xA9FD,0xEAFD,0xCAFD,0xA9FD,0xA9FD,0x89FD,0x89FD,0xEAFD,
    0x47A3,0x4130,0xC340,0x6140,0x69CC,0x2BFE,0x89F5,0xAAFD,0x89FD,0xA9FD,0xEAFD,0x0CFE,
    0x4BE5,0xC8B3,0x657A,0x4359,0xC240,0x8238,0x6138,0x6130,0x6130,0x8138,0xC240,0x2251,
    0xE471,0x269B,0x89CC,0xACF5,0x0BFE,0xA9FD,0x89FD,0x89FD,0x89FD,0x89FD,0xAAFD,0xA9FD,
    0xAAFD,0xA9FD,0xAAFD,0xAAFD,0xAAFD,0xAAFD,0xAAFD,0xAAFD,0xAAFD,0xAAFD,0xAAFD,0xAAFD,
    0xAAFD,0xAAFD,0xAAFD,0xAAFD,0x8AFD,0x8AFD,0xAAFD,0x8AFD,0xAAFD,0xAAFD,0xAAFD,0xAAFD,
    0xAAFD,0xAAFD,0xAAFD,0xAAFD,0xAAFD,0xAAFD,0xAAFD,0xAAFD,0xAAFD,0xAAFD,0xAAFD,0xAAFD,
    0xAAFD,0xAAFD,0xAAFD,0xAAFD,0xAAFD,0xAAFD,0xAAFD,0xAAFD,0xAAFD,0xAAFD,0x8AFD,0x8AFD,
    0xAAFD,0x8AFD,0x8AFD,0xAAFD,0xAAFD,0x89FD,0xA9FD,0xEAFD,0xABF5,0xA9D4,0x46A3,0x0472,
    0x6359,0xE248,0xA240,0xA140,0x8138,0x8138,0xA238,0xC240,0x6359,0x6582,0xC7B3,0x4BE5,
    0x0CFE,0xEAFD,0xA9FD,0x89FD,0x89FD,0x69F5,0x0AFE,0xEADC,0xA140,0xA340,0x2130,0x069B,
    0xEAFD,0x88F5,0x89FD,0xA9FD,0x89FD,0xA9FD,0xCAFD,0x89FD,0x89FD,0xA9FD,0x89FD,0xA9FD,
    0x89FD,0x89FD,0x89FD,0x89FD,0x89FD,0x89FD,0x89FD,0x89FD,0x89FD,0x89FD,0x89FD,0xA9FD,
    0x47F5,0x62E4,0x83EC,0x83EC,0x63EC,0xA3EC,0x25D4,0xC148,0xA340,0x6138,0x64B3,0x04F5,
    0xA3EC,0xA3EC,0xA3EC,0xA3EC,0xA3EC,0xA3EC,0xA3EC,0xA3EC,0xA3EC,0xA2EC,0xC3EC,0xA3EC,
    0xE2DB,0xC2DB,0x23E4,0x0382,0x6230,0x6130,0x0862,0xFFFF,0xFFFF,0xFFFF,0xFFFF,0xFFFF,
    0xFFFF,0xFFFF,0xFFFF,0xFFFF,0xFBE6,0xC340,0x8238,0x6130,0x69BC,0x6AFE,0x09F6,0x0AF6,
    0x2AFE,0x46F5,0xA2EC,0xC2EC,0xA3EC,0xA3EC,0xC3EC,0xA3EC,0xA2EC,0xA3EC,0xA3EC,0xA2EC,
    0xE4F4,0x037A,0x6238,0x6238,0xA271,0xC4F4,0x62EC,0x82EC,0x83EC,0x62EC,0x83EC,0x89FD,
    0xA9FD,0x89FD,0x89FD,0x89FD,0x89FD,0x89FD,0xA9FD,0xA9FD,0xA9FD,0xA9FD,0xA9FD,0xAAFD,
    0xAAFD,0xAAFD,0xA9FD,0xA9FD,0xEBFD,0x0ADD,0x6AED,0xEAFD,0x89FD,0x89FD,0x89FD,0x89FD,
    0x8AF5,0x4259,0x6238,0xA240,0x0251,0xEAD4,0x0BFE,0x88F5,0xCAFD,0xEBFD,0x89CC,0x6582,
    0xE248,0x6138,0x6238,0x8238,0x8238,0x8238,0x6230,0x6230,0x6230,0x8238,0xA240,0xA340,
    0xA340,0x8240,0x8240,0x6361,0x269B,0x2AE5,0xEAFD,0xA9FD,0x89FD,0x8AFD,0xAAFD,0xA9FD,
    0xAAFD,0xAAFD,0xAAFD,0xAAFD,0xAAFD,0xAAFD,0xAAFD,0xAAFD,0xAAFD,0xAAFD,0xAAFD,0xAAFD,
    0xAAFD,0xAAFD,0xAAFD,0xAAFD,0xAAFD,0xAAFD,0xAAFD,0xAAFD,0xAAFD,0xAAFD,0xAAFD,0xAAFD,
    0xAAFD,0xAAFD,0xAAFD,0xAAFD,0xAAFD,0xA9FD,0xAAFD,0xAAFD,0xAAFD,0xAAFD,0xAAFD,0xAAFD,
    0xAAFD,0xAAFD,0xAAFD,0xAAFD,0xAAFD,0xAAFD,0xAAFD,0xAAFD,0x8AFD,0x8AFD,0x8AFD,0x8AFD,
    0xAAFD,0xA9FD,0xAAFD,0x89FD,0xA9FD,0x0BFE,0xACF5,0xC8B3,0xA361,0x8138,0x6230,0x6238,
    0xA240,0xA240,0x8240,0x8238,0x8238,0x8238,0x8238,0xA238,0xA338,0x8238,0x6138,0xE248,
    0x4582,0x69C4,0xEBFD,0xCAFD,0x68F5,0xEAFD,0x6BED,0x6261,0x8240,0x8238,0x2251,0x6AED,
    0x88FD,0x89FD,0x89FD,0x89FD,0xCAFD,0xABF5,0x0AE5,0xCBFD,0xA9FD,0x89FD,0xA9FD,0xA9FD,
    0xA9FD,0x89FD,0x89FD,0x89FD,0x89FD,0x89FD,0x89FD,0x89FD,0x89FD,0x89FD,0x89FD,0xA9FD,
    0x89FD,0x83EC,0x62EC,0x83EC,0x83EC,0x82EC,0xE5EC,0xC371,0x8240,0x6238,0x2382,0x04F5,
    0x82EC,0xA3EC,0xA3EC,0xA3EC,0xA3EC,0xA3EC,0xA3EC,0xA3EC,0xA3EC,0xA3EC,0xA3EC,0xC3EC,
    0x02DC,0xC2DB,0x03DC,0xE4AA,0x6238,0xA340,0xE340,0x1BEF,0xFFFF,0xFFFF,0xFFFF,0xFFFF,
    0xFFFF,0xFFFF,0xFFFF,0xFFFF,0x75BD,0x2130,0x8338,0xC240,0x8AE5,0x29FE,0x09F6,0x0AFE,
    0x0AFE,0xE4EC,0xA2EC,0xC2EC,0xC2EC,0xA2EC,0xA2EC,0xA2EC,0xA2EC,0xA2EC,0xA3EC,0xA2EC,
    0x84E4,0x0251,0xA340,0x6138,0xE4A2,0xC3F4,0x62EC,0x83EC,0x83EC,0x62E4,0xE5EC,0xA9FD,
    0xA9FD,0x89FD,0x89FD,0x89FD,0x89FD,0x89FD,0xA9FD,0xA9FD,0xA9FD,0xA9FD,0xA9FD,0xA9FD,
    0xAAFD,0xAAFD,0xA9FD,0x0BFE,0xC8B3,0x6140,0x2259,0x2AE5,0xC9FD,0x89FD,0x89FD,0x89FD,
    0xC9FD,0x89CC,0x8140,0xC348,0xA240,0xC148,0xE8BB,0xEBFD,0xA9D4,0x0472,0x8140,0x8238,
    0xC340,0xA240,0x6138,0x4130,0x8238,0x2441,0x8651,0xC759,0xA651,0x6549,0x0341,0x8238,
    0x4138,0x8240,0xC348,0xA340,0x4130,0xC240,0xE692,0x6AED,0xEAFD,0x89FD,0xAAFD,0xA9FD,
    0xAAFD,0xAAFD,0xAAFD,0xAAFD,0xAAFD,0x8AFD,0xAAFD,0xAAFD,0xAAFD,0xAAFD,0xAAFD,0xAAFD,
    0xAAFD,0xAAFD,0xAAFD,0xAAFD,0xAAFD,0xAAFD,0xAAFD,0xAAFD,0xAAFD,0xAAFD,0xAAFD,0xAAFD,
    0xAAFD,0xAAFD,0xAAFD,0xAAFD,0xAAFD,0xAAFD,0xAAFD,0xAAFD,0xAAFD,0xAAFD,0xAAFD,0xAAFD,
    0xAAFD,0xAAFD,0xAAFD,0xAAFD,0xAAFD,0xAAFD,0xAAFD,0xAAFD,0x8AFD,0x8AFD,0xAAFD,0x8AFD,
    0x89FD,0x89FD,0x89FD,0xEAFD,0xCCFD,0xA8AB,0x6359,0x6138,0x8240,0xA340,0x6238,0x2130,
    0x4130,0xC340,0x6551,0xA659,0xA651,0x6651,0x0441,0x8238,0x4130,0x4138,0xA248,0xC348,
    0x8240,0x8138,0xC469,0x69CC,0xCBFD,0x69CC,0x2259,0x8240,0xA348,0x6040,0x69CC,0xC9FD,
    0x68FD,0x89FD,0x89FD,0xC9FD,0x2AE5,0x8369,0x8140,0x67AB,0xEBFD,0x89FD,0xA9FD,0xA9FD,
    0xA9FD,0x89FD,0x89FD,0x89FD,0xA9FD,0xA9FD,0x89FD,0x89FD,0x89FD,0x89FD,0x89FD,0x89FD,
    0xA9FD,0xE5EC,0x62E4,0x83EC,0x83EC,0x62E4,0xE4F4,0xE4A2,0x6138,0xA238,0x0151,0xA5E4,
    0xA2EC,0xA3EC,0xA3EC,0xA2EC,0xA3EC,0xA3EC,0xA3EC,0xA3EC,0xA3EC,0xA3EC,0xA3EC,0xC3EC,
    0x22E4,0xC2DB,0xE2DB,0x84C3,0xC248,0xA340,0x4130,0x95BD,0xFFFF,0xFFFF,0xFFFF,0xFFFF,
    0xFFFF,0xFFFF,0xFFFF,0xFFFF,0xAE8B,0x2028,0x6230,0xC361,0x2BFE,0x09F6,0x0AF6,0x2AFE,
    0xE8FD,0xA3EC,0xC2EC,0xC2EC,0xC2EC,0xC2EC,0xC3EC,0xA3EC,0xA3EC,0xA3EC,0xA2EC,0xC2F4,
    0xA4BB,0x6138,0xA340,0x8140,0xE4CB,0xA2EC,0x62EC,0x83EC,0x83EC,0x63E4,0x47F5,0xA9FD,
    0xA9FD,0x89FD,0x89FD,0xA9FD,0xA9FD,0xA9FD,0xA9FD,0xA9FD,0xA9FD,0x89FD,0xA9FD,0xA9FD,
    0xA9FD,0xAAFD,0xA9FD,0x2CFE,0x247A,0x4238,0x6238,0xA369,0xABFD,0x88FD,0x89FD,0xA9FD,
    0x89FD,0x0BFE,0xE8B3,0x6038,0xA240,0x8238,0x6138,0xE469,0xA140,0x6230,0xC340,0x8238,
    0x4130,0x4549,0x2C7B,0x34B5,0x79D6,0x5CEF,0xBEFF,0xDEFF,0xDEFF,0x9EF7,0x1BE7,0x17CE,
    0x519C,0x4962,0x8238,0x2130,0xA340,0xA340,0x2130,0x4251,0x89CC,0x0CFE,0xAAFD,0xAAFD,
    0xAAFD,0xAAFD,0xAAFD,0xAAFD,0xAAFD,0xAAFD,0xAAFD,0xAAFD,0xAAFD,0xAAFD,0xAAFD,0xAAFD,
    0xAAFD,0xAAFD,0xAAFD,0xAAFD,0xAAFD,0xAAFD,0xAAFD,0xAAFD,0xAAFD,0xAAFD,0xAAFD,0xAAFD,
    0xAAFD,0xAAFD,0xAAFD,0xAAFD,0xAAFD,0xAAFD,0xAAFD,0xAAFD,0xAAFD,0xAAFD,0xAAFD,0xAAFD,
    0xAAFD,0xAAFD,0xAAFD,0xAAFD,0xAAFD,0xAAFD,0xAAFD,0x8AFD,0xAAFD,0xA9FD,0xAAFD,0x89FD,
    0x89FD,0x68F5,0xEAFD,0xCAD4,0xA369,0x4138,0xA340,0xC348,0x6138,0x8238,0xE759,0xEF93,
    0x96BD,0xDADE,0x9DF7,0xDEFF,0xDEFF,0xBEFF,0x5CEF,0x79D6,0x14B5,0x4D83,0x6551,0x6138,
    0x6240,0xC340,0x4230,0x8138,0xC469,0x6138,0x6238,0xA340,0x4038,0xC8B3,0x0BFE,0x89FD,
    0xA9FD,0x89FD,0x68FD,0xCBFD,0xE471,0x4138,0x6240,0xC371,0x0BFE,0x89FD,0xA9FD,0xA9FD,
    0xA9FD,0x89FD,0x89FD,0x89FD,0xA9FD,0x89FD,0xA9FD,0x89FD,0x89FD,0x89FD,0x89FD,0x89FD,
    0xA9FD,0x47F5,0x62E4,0x83EC,0x83EC,0x83EC,0xA3EC,0xE5CB,0x8140,0xA340,0x6138,0xC4C3,
    0xE3F4,0xA3EC,0xA3EC,0xA3EC,0xA3EC,0xA3EC,0xA3EC,0xA3EC,0xA3EC,0xA3EC,0xA2EC,0xA3EC,
    0x42E4,0xC2D3,0xC2DB,0xE4D3,0x6261,0xA338,0x4130,0xEF8B,0xFFFF,0xFFFF,0xFFFF,0xFFFF,
    0xFFFF,0xFFFF,0xFFFF,0xFFFF,0x2862,0x4130,0x4130,0x0693,0x4AFE,0xE9F5,0x09F6,0x2AFE,
    0x86F5,0xA2EC,0xC2EC,0xC3EC,0xA2EC,0xC2EC,0xC3EC,0xC3EC,0xC3EC,0xA3EC,0xA2EC,0xE3F4,
    0x8392,0x4230,0x8238,0x4261,0x84E4,0x62EC,0x82EC,0x83EC,0x82EC,0x83EC,0xA9FD,0xA9FD,
    0x89FD,0x89FD,0x89FD,0x89FD,0xA9FD,0xA9FD,0xA9FD,0xA9FD,0xA9FD,0xA9FD,0xA9FD,0xA9FD,
    0xA9FD,0xAAFD,0x89FD,0x0BFE,0x28C4,0x4138,0xE340,0x4130,0x8582,0xEBFD,0xA9FD,0x89FD,
    0xA9FD,0xA9FD,0x2BFE,0x08BC,0xC148,0x8238,0xA338,0x6230,0xA340,0x8238,0x2028,0x285A,
    0x34B5,0x7DEF,0xFFFF,0xFFFF,0xFFFF,0xFFFF,0xFFFF,0xFFFF,0xFFFF,0xFFFF,0xFFFF,0xFFFF,
    0xFFFF,0xFFFF,0x59D6,0x4D7B,0xA338,0x2130,0xE348,0x8238,0x8138,0x67A3,0x0CFE,0xAAFD,
    0xA9FD,0xAAFD,0xAAFD,0xAAFD,0xAAFD,0xAAFD,0xAAFD,0xAAFD,0xAAFD,0xAAFD,0xAAFD,0xAAFD,
    0xAAFD,0xAAFD,0x8AFD,0x8AFD,0xAAFD,0xAAFD,0xAAFD,0xAAFD,0xAAFD,0x8AFD,0xAAFD,0xAAFD,
    0xAAFD,0xAAFD,0xAAFD,0xAAFD,0xAAFD,0xAAFD,0xAAFD,0xA9FD,0xAAFD,0xAAFD,0xAAFD,0xAAFD,
    0xAAFD,0xAAFD,0xAAFD,0xAAFD,0xAAFD,0xAAFD,0xAAFD,0xAAFD,0xAAFD,0xAAFD,0x89FD,0x89FD,
    0x89FD,0xEBFD,0xA8AB,0x8138,0x6138,0xC348,0x4138,0xA240,0x6D83,0x58D6,0xFFFF,0xFFFF,
    0xFFFF,0xFFFF,0xFFFF,0xFFFF,0xFFFF,0xFFFF,0xFFFF,0xFFFF,0xFFFF,0xFFFF,0x9EF7,0x75BD,
    0x4962,0x2028,0x6238,0xC340,0x6230,0xA340,0xA340,0x8138,0x87AB,0x2CFE,0xA9FD,0xA9FD,
    0x89FD,0x88FD,0xEBFD,0xA58A,0x2128,0xC340,0x4038,0xC8B3,0x0BFE,0x89FD,0xA9FD,0xA9FD,
    0xA9FD,0xA9FD,0x89FD,0xA9FD,0x89FD,0x89FD,0xA9FD,0xA9FD,0xA9FD,0x89FD,0x89FD,0x89FD,
    0xA9FD,0x89FD,0x83E4,0x82EC,0x83EC,0x83EC,0x82EC,0x85E4,0x2259,0x8238,0x4130,0xA39A,
    0x04F5,0xA2EC,0xC2EC,0xA3EC,0xC3EC,0xA3EC,0xA3EC,0xC3EC,0xA3EC,0xA3EC,0xA2EC,0xC3EC,
    0x63E4,0xC2D3,0xC2DB,0x03DC,0x238A,0x8238,0x6238,0x696A,0xFFFF,0xFFFF,0xFFFF,0xFFFF,
    0xFFFF,0xFFFF,0xFFFF,0x5DEF,0x0441,0x8238,0x4130,0x48BC,0x4AFE,0xE9F5,0x09F6,0x09FE,
    0x04ED,0x81EC,0xC2EC,0xA2EC,0xA3EC,0xA3EC,0xA3EC,0xC3EC,0xC3EC,0xA3EC,0xA2EC,0xC4EC,
    0x8261,0x6230,0x6230,0x438A,0xA4F4,0x62E4,0x63EC,0x83EC,0x62E4,0xE5EC,0xA9FD,0x89FD,
    0x89FD,0xA9FD,0xA9FD,0x89FD,0xA9FD,0xA9FD,0xA9FD,0x89FD,0x89FD,0xA9FD,0xA9FD,0xA9FD,
    0xA9FD,0xAAFD,0xAAFD,0xA9FD,0x0CFE,0x6582,0x2130,0xC340,0x2030,0x6582,0xCBFD,0x0AFE,
    0xA9FD,0xA9FD,0x89F5,0x6CFE,0x09BC,0x6130,0xA240,0xC340,0x2130,0x4549,0x34B5,0xFFFF,
    0xFFFF,0xFFFF,0xFFFF,0xFFFF,0xFFFF,0xFFFF,0xFFFF,0xFFFF,0xFFFF,0xFFFF,0xFFFF,0xFFFF,
    0xFFFF,0xFFFF,0xFFFF,0xFFFF,0xBADE,0x0C7B,0x4130,0xA240,0xE348,0x4138,0xC58A,0xECFD,
    0x89FD,0x89FD,0xAAFD,0xAAFD,0xAAFD,0xAAFD,0xAAFD,0xA9FD,0x8AFD,0x8AFD,0xAAFD,0xAAFD,
    0xAAFD,0xAAFD,0xAAFD,0xAAFD,0xAAFD,0xAAFD,0xAAFD,0xAAFD,0xAAFD,0xAAFD,0xAAFD,0xAAFD,
    0xAAFD,0xAAFD,0xAAFD,0xAAFD,0xA9FD,0xAAFD,0xAAFD,0xA9FD,0xAAFD,0xAAFD,0xAAFD,0xAAFD,
    0xAAFD,0xAAFD,0xAAFD,0x8AFD,0xAAFD,0xAAFD,0x8AFD,0xAAFD,0xAAFD,0xAAFD,0xA9FD,0x89FD,
    0x0BFE,0x269B,0x0028,0x8238,0x8238,0x2028,0xAA72,0x9AD6,0xFFFF,0xFFFF,0xFFFF,0xFFFF,
    0xFFFF,0xFFFF,0xFFFF,0xFFFF,0xFFFF,0xFFFF,0xFFFF,0xFFFF,0xFFFF,0xFFFF,0xFFFF,0xFFFF,
    0xFFFF,0x75BD,0x6549,0x0028,0xA340,0xA340,0x4130,0x48A3,0x6CFE,0x89F5,0xA9FD,0xA9FD,
    0xEAFD,0xCBFD,0x8582,0x2028,0xA338,0x2130,0x047A,0xEBFD,0xA9FD,0xAAFD,0xA9FD,0xA9FD,
    0x89FD,0x89FD,0x89FD,0x89FD,0x89FD,0x89FD,0xA9FD,0x89FD,0x89FD,0xA9FD,0x89FD,0x89FD,
    0x89FD,0xA9FD,0xE5EC,0x62E4,0x83EC,0x63EC,0x62E4,0xC4F4,0x2382,0x6238,0x6238,0xC271,
    0xE4F4,0xA2EC,0xC3EC,0xA3EC,0xA3EC,0xA3EC,0xA3EC,0xA3EC,0xA3EC,0xA3EC,0xA3EC,0xA2EC,
    0x83EC,0xC2DB,0xC2D3,0x03DC,0x04AB,0x8240,0xA340,0x4549,0x7DF7,0xFFFF,0xFFFF,0xFFFF,
    0xFFFF,0xFFFF,0xFFFF,0x38D6,0x6130,0x8240,0xA138,0x4ADD,0x29FE,0x09F6,0x09F6,0xE8FD,
    0xC3EC,0xA2EC,0xA2EC,0xA3EC,0xA3EC,0xA3EC,0xA3EC,0xC3EC,0xC3EC,0xA3EC,0xC2F4,0x65DC,
    0xC148,0xA338,0x6138,0x44B3,0xA3F4,0x62E4,0x83EC,0x63EC,0x62E4,0x27F5,0xAAFD,0x89FD,
    0xA9FD,0x89FD,0xA9FD,0xA9FD,0xA9FD,0xA9FD,0xA9FD,0x89FD,0x89FD,0x89FD,0x89FD,0xA9FD,
    0xA9FD,0xA9FD,0xA9FD,0xA9FD,0xA9FD,0x8BF5,0x8361,0x2128,0xC340,0x4130,0xA369,0x89CC,
    0x0BFE,0x0BFE,0x2BFE,0x0ADD,0x2259,0x8238,0xC340,0x2028,0x0C7B,0x7DF7,0xFFFF,0xFFFF,
    0xFFFF,0xFFFF,0xFFFF,0xFFFF,0xFFFF,0xFFFF,0xFFFF,0xFFFF,0xFFFF,0xFFFF,0xFFFF,0xFFFF,
    0xFFFF,0xFFFF,0xFFFF,0xDFFF,0xFFFF,0xFFFF,0x96BD,0x2449,0x8240,0x0349,0x2030,0x8582,
    0xEBFD,0x89FD,0xA9FD,0xAAFD,0xAAFD,0xAAFD,0xAAFD,0xAAFD,0xAAFD,0x8AFD,0xAAFD,0xAAFD,
    0xAAFD,0xAAFD,0xAAFD,0xAAFD,0xAAFD,0xAAFD,0xAAFD,0xAAFD,0xAAFD,0xAAFD,0xAAFD,0xAAFD,
    0xA9FD,0xAAFD,0xAAFD,0xAAFD,0xAAFD,0xAAFD,0xAAFD,0xAAFD,0xAAFD,0xAAFD,0xAAFD,0xAAFD,
    0xAAFD,0xAAFD,0x8AFD,0xAAFD,0xAAFD,0xAAFD,0x8AFD,0xAAFD,0xA9FD,0xAAFD,0xA9FD,0x2CFE,
    0x279B,0x2030,0xA340,0x4130,0x8230,0xF3AC,0xFFFF,0xFFFF,0xFFFF,0xFFFF,0xFFFF,0xFFFF,
    0xFFFF,0xFFFF,0xFFFF,0xFFFF,0xFFFF,0xFFFF,0xFFFF,0xFFFF,0xFFFF,0xFFFF,0xFFFF,0xDFFF,
    0xFFFF,0xFFFF,0x7DF7,0x0C7B,0x0028,0xA340,0xC348,0x2259,0xCAD4,0x2BFE,0x0BFE,0x0CFE,
    0xAACC,0xA369,0x4130,0xC340,0x2128,0x4259,0x6AED,0xA9FD,0x89FD,0xAAFD,0xAAFD,0xA9FD,
    0x89FD,0x89FD,0x89FD,0x89FD,0x89FD,0x89FD,0x89FD,0x89FD,0x89FD,0xA9FD,0x89FD,0x89FD,
    0xA9FD,0xC9FD,0x27F5,0x63E4,0x83EC,0x63EC,0x62E4,0xA3F4,0x24AB,0x6138,0xA240,0x0259,
    0x85E4,0xC2F4,0xA3EC,0xA3EC,0xA3EC,0xA3EC,0xA3EC,0xA3EC,0xA3EC,0xA3EC,0xA3EC,0xA3EC,
    0xA3EC,0xE2DB,0xC2D3,0xE2DB,0xC5CB,0xC248,0xC348,0xA238,0x59D6,0xFFFF,0xFFFF,0xFFFF,
    0xFFFF,0xFFFF,0xFFFF,0x14B5,0x2030,0x8238,0x4251,0xEBF5,0x09F6,0x09F6,0x09F6,0xA8F5,
    0xA2EC,0xA2EC,0xA2EC,0xA3EC,0xA3EC,0xA3EC,0xA3EC,0xA3EC,0xC3EC,0xA2EC,0xE3F4,0xC4C3,
    0x6140,0xC340,0xC148,0x25D4,0x82EC,0x62EC,0x63EC,0x62EC,0x63E4,0x68FD,0xA9FD,0xA9FD,
    0xA9FD,0xA9FD,0xA9FD,0xA9FD,0xA9FD,0xA9FD,0xA9FD,0xA9FD,0x89FD,0xA9FD,0xA9FD,0x89FD,
    0x89FD,0xA9FD,0xA9FD,0x8AFD,0x89FD,0xA9FD,0x4AED,0xA361,0x2130,0xE348,0x8240,0x8140,
    0x0472,0xE8B3,0xCAD4,0x4261,0x6238,0xC348,0x4130,0x309C,0xFFFF,0xFFFF,0xFFFF,0xFFFF,
    0xFFFF,0xFFFF,0xFFFF,0xFFFF,0xFFFF,0xFFFF,0xFFFF,0xFFFF,0xFFFF,0xFFFF,0xFFFF,0xFFFF,
    0xDFFF,0xDFFF,0xFFFF,0xFFFF,0xFFFF,0xFFFF,0xFFFF,0xFBE6,0xA651,0x6138,0xE340,0x2028,
    0x0693,0x0BFE,0x89FD,0xAAFD,0xAAFD,0xAAFD,0xAAFD,0xAAFD,0xAAFD,0xAAFD,0xAAFD,0xAAFD,
    0xAAFD,0xAAFD,0xAAFD,0xAAFD,0xAAFD,0xAAFD,0xAAFD,0xAAFD,0xAAFD,0xAAFD,0xA9FD,0xA9FD,
    0xAAFD,0xAAFD,0xAAFD,0xAAFD,0xAAFD,0xAAFD,0xAAFD,0xAAFD,0xAAFD,0xAAFD,0xAAFD,0xAAFD,
    0xAAFD,0xAAFD,0xAAFD,0xAAFD,0x8AFD,0xA9FD,0x8AFD,0x8AFD,0xA9FD,0x89FD,0x0CFE,0xA8AB,
    0x4138,0xE348,0x4130,0x2441,0x59D6,0xFFFF,0xFFFF,0xFFFF,0xFFFF,0xFFFF,0xFFFF,0xDFFF,
    0xFFFF,0xFFFF,0xFFFF,0xFFFF,0xFFFF,0xFFFF,0xDFFF,0xFFFF,0xFFFF,0xFFFF,0xFFFF,0xFFFF,
    0xFFFF,0xDFFF,0xFFFF,0xFFFF,0x719C,0x6138,0xC348,0x8240,0x2259,0x8AC4,0xC8AB,0x0472,
    0xA140,0x8240,0xC340,0x2128,0x8361,0x2AE5,0xA9FD,0x89FD,0x89FD,0x89FD,0x89FD,0x89FD,
    0x89FD,0x89FD,0x89FD,0x89FD,0x89FD,0xA9FD,0x89FD,0xA9FD,0xA9FD,0xA9FD,0xA9FD,0x89FD,
    0xA9FD,0xA9FD,0x68FD,0x83E4,0x63EC,0x63EC,0x63E4,0x82EC,0x05CC,0xA148,0xA340,0x8148,
    0xE5CB,0xE3F4,0xA2EC,0xA3EC,0xA3EC,0xA3EC,0xA3EC,0xA3EC,0xA3EC,0xA3EC,0xA3EC,0xA3EC,
    0xA3EC,0x02DC,0xC2DB,0xE2DB,0x24DC,0x4261,0xC340,0x6138,0x14B5,0xFFFF,0xFFFF,0xFFFF,
    0xFFFF,0xFFFF,0xFFFF,0xCE8B,0x4130,0x6238,0x2472,0x6BFE,0x09F6,0x09F6,0x2AF6,0x66F5,
    0x82E4,0xA2EC,0xA3EC,0xA3EC,0xA3EC,0xA3EC,0xA3EC,0xA3EC,0xA3F4,0xA2EC,0x04FD,0xE4A2,
    0x6238,0xA340,0x6269,0x84E4,0x62E4,0x63EC,0x62E4,0x62E4,0xA4EC,0xA9FD,0xA9FD,0xA9FD,
    0xA9FD,0xA9FD,0xA9FD,0xA9FD,0xA9FD,0xA9FD,0xA9FD,0xA9FD,0xA9FD,0xA9FD,0x89FD,0x89FD,
    0x89FD,0xA9FD,0xA9FD,0x89F5,0x89FD,0x89FD,0xA9FD,0x8AF5,0x8582,0x6038,0x8240,0xC348,
    0x8240,0x8140,0xA140,0xA240,0xC348,0x6138,0xD2AC,0xFFFF,0xFFFF,0xFFFF,0xFFFF,0xFFFF,
    0xFFFF,0xFFFF,0xFFFF,0xFFFF,0xFFFF,0xFFFF,0xFFFF,0xBEF7,0x7DEF,0x5DEF,0x9EF7,0xFFFF,
    0xFFFF,0xFFFF,0xFFFF,0xFFFF,0xFFFF,0xFFFF,0xDFFF,0xFFFF,0x3CEF,0x8649,0x4130,0xA338,
    0x4130,0x28BC,0x0BFE,0x8AFD,0xAAFD,0xAAFD,0xAAFD,0x8AFD,0x8AFD,0x8AFD,0xAAFD,0xAAFD,
    0xAAFD,0xAAFD,0xAAFD,0xAAFD,0xAAFD,0xAAFD,0xAAFD,0xA9FD,0xAAFD,0xAAFD,0xAAFD,0xAAFD,
    0xAAFD,0xAAFD,0xAAFD,0xAAFD,0xAAFD,0xAAFD,0xAAFD,0xAAFD,0xAAFD,0xAAFD,0xAAFD,0xAAFD,
    0xAAFD,0xAAFD,0xAAFD,0xAAFD,0xAAFD,0x8AFD,0x8AFD,0x89FD,0x89FD,0xEAFD,0x69CC,0x8140,
    0xE348,0x6138,0x4549,0xFBE6,0xFFFF,0xDEFF,0xFFFF,0xFFFF,0xFFFF,0xFFFF,0xFFFF,0xFFFF,
    0xFFFF,0xDEFF,0x5DEF,0x5DEF,0xBEF7,0xFFFF,0xFFFF,0xFFFF,0xFFFF,0xFFFF,0xFFFF,0xFFFF,
    0xFFFF,0xFFFF,0xFFFF,0xDFFF,0xFFFF,0x34B5,0x6130,0xC240,0xA240,0x8140,0x6140,0x8240,
    0xC340,0x8238,0x4130,0x6582,0x8AF5,0xA9FD,0x69F5,0x89FD,0x89FD,0xA9FD,0xA9FD,0x89FD,
    0xA9FD,0x89FD,0xA9FD,0x89FD,0x89FD,0xA9FD,0xA9FD,0xA9FD,0xA9FD,0xA9FD,0xA9FD,0xA9FD,
    0xA9FD,0xA9FD,0xA9FD,0xA4E4,0x62E4,0x83EC,0x83E4,0x62EC,0xA5E4,0x4261,0x8240,0x6140,
    0x04A3,0x04FD,0xA2EC,0xA3EC,0xA3EC,0xA3EC,0xA3EC,0xA3EC,0xA3EC,0xA3EC,0xA3EC,0xA3EC,
    0xC3EC,0x22E4,0xC2DB,0xC2DB,0x44E4,0xE279,0xA340,0x6138,0xCE8B,0xFFFF,0xDFFF,0xFFFF,
    0xFFFF,0xFFFF,0xFFFF,0x896A,0x6138,0x6238,0x0693,0x8BFE,0x09F6,0x09F6,0x0AFE,0x25ED,
    0x81EC,0xA2EC,0xA3EC,0xA2EC,0xA2EC,0xA3EC,0xA3EC,0xA3EC,0xA3EC,0xA2EC,0x05F5,0x0382,
    0x8238,0x8240,0x438A,0xC4F4,0x62E4,0x62EC,0x62EC,0x62E4,0xE5EC,0xA9FD,0xA9FD,0xA9FD,
    0xA9FD,0x89FD,0x89FD,0xA9FD,0xA9FD,0xA9FD,0xA9FD,0xA9FD,0xA9FD,0x89FD,0x89FD,0x89FD,
    0xCAFD,0x6AED,0x6AED,0xCAFD,0x88FD,0x89FD,0x89FD,0xA9FD,0xEBFD,0x49C4,0xA369,0x8140,
    0x8240,0xE348,0xC348,0xE348,0x4130,0x719C,0xFFFF,0xDFFF,0xFFFF,0xFFFF,0xFFFF,0xFFFF,
    0xFFFF,0xDFFF,0xFFFF,0xFFFF,0x79D6,0x3094,0x696A,0x8651,0x2549,0x2449,0x6549,0x4962,
    0x1094,0x59D6,0xFFFF,0xFFFF,0xFFFF,0xFFFF,0xFFFF,0xFFFF,0xFFFF,0xFBE6,0x0441,0x6138,
    0xA240,0x0251,0x6BED,0xCAFD,0x8AFD,0xAAFD,0xAAFD,0xAAFD,0xAAFD,0xAAFD,0xAAFD,0xAAFD,
    0xAAFD,0xAAFD,0xAAFD,0xAAFD,0xA9FD,0xAAFD,0xAAFD,0xAAFD,0xAAFD,0xAAFD,0xAAFD,0xAAFD,
    0xAAFD,0xAAFD,0xAAFD,0xAAFD,0xAAFD,0xAAFD,0xAAFD,0xAAFD,0xAAFD,0xAAFD,0xAAFD,0xAAFD,
    0xAAFD,0xAAFD,0xAAFD,0xAAFD,0xAAFD,0xAAFD,0x89FD,0x89FD,0xA9FD,0x6AED,0x0251,0x8238,
    0x8240,0x0441,0xDBDE,0xFFFF,0xDFFF,0xFFFF,0xFFFF,0xFEFF,0xFFFF,0xFFFF,0x79D6,0x519C,
    0xCA72,0xA759,0x2549,0x0449,0x8651,0x696A,0x519C,0x9ADE,0xFFFF,0xFFFF,0xFFFF,0xFFFF,
    0xFFFF,0xFFFF,0xFFFF,0xFFFF,0xDFFF,0xFFFF,0xD3AC,0x4130,0xC348,0xA340,0xC348,0x8238,
    0x4130,0x6361,0x28C4,0xCAFD,0x88FD,0x88FD,0x89FD,0x68F5,0xC9FD,0x4AED,0x4AED,0xCAFD,
    0x89FD,0x89FD,0x89FD,0x89FD,0x89FD,0xA9FD,0xA9FD,0xA9FD,0x89FD,0x89FD,0xA9FD,0xA9FD,
    0x89FD,0x89FD,0xA9FD,0xE5EC,0x62E4,0x83EC,0x83EC,0x63E4,0xC4F4,0x2382,0x6238,0x8240,
    0x2382,0x04F5,0xA2EC,0xA3EC,0xA3EC,0xA3EC,0xA3EC,0xA3EC,0xA3EC,0xA3EC,0xA3EC,0xA3EC,
    0xA3EC,0x43E4,0xC2DB,0xE2DB,0x43E4,0x839A,0xA240,0x8240,0x696A,0xFFFF,0xFFFF,0xFFFF,
    0xFFFF,0xFFFF,0x9EF7,0x8651,0x8240,0x6138,0x08B4,0x8BFE,0x09F6,0x2AF6,0x09FE,0xE3EC,
    0xA2EC,0xA3EC,0xA3EC,0xA2EC,0xA3EC,0xA3EC,0xA3EC,0xA3EC,0xA3EC,0xC2EC,0xA5EC,0x4261,
    0xA238,0x8140,0x24B3,0xC3F4,0x62E4,0x62EC,0x62EC,0x62E4,0x27F5,0xA9FD,0xA9FD,0xA9FD,
    0xA9FD,0xA9FD,0xA9FD,0xA9FD,0xA9FD,0xA9FD,0xA9FD,0xA9FD,0x89FD,0xA9FD,0x89FD,0xCAFD,
    0x89D4,0x0251,0x0249,0x28C4,0x0AFE,0x88FD,0x89FD,0x89FD,0x89FD,0x0AFE,0xCBFD,0x89CC,
    0x457A,0xA240,0xE348,0x4138,0x0C7B,0xFFFF,0xDFFF,0xFFFF,0xFFFF,0xFFFF,0xFFFF,0xFFFF,
    0xFFFF,0xFFFF,0xB6BD,0xA751,0x2130,0x2138,0x4138,0x6240,0x8240,0x8238,0x6138,0x4130,
    0x0028,0x8230,0x8A6A,0x38CE,0xFFFF,0xFFFF,0xFFFF,0xFFFF,0xDFFF,0xFFFF,0x18CE,0x8130,
    0xC348,0x6138,0x858A,0x0CFE,0x89FD,0x8AFD,0x8AFD,0x8AFD,0xAAFD,0xAAFD,0xAAFD,0xAAFD,
    0xAAFD,0xAAFD,0xAAFD,0xAAFD,0xAAFD,0xAAFD,0xAAFD,0xAAFD,0xAAFD,0xAAFD,0xAAFD,0xAAFD,
    0xAAFD,0xAAFD,0xAAFD,0xAAFD,0xAAFD,0xAAFD,0xAAFD,0xAAFD,0xAAFD,0xAAFD,0xAAFD,0x8AFD,
    0x8AFD,0xAAFD,0xAAFD,0xAAFD,0xAAFD,0xAAFD,0x89FD,0x69FD,0xEAFD,0x858A,0x2128,0xC340,
    0x6130,0xF7C5,0xFFFF,0xDFFF,0xFFFF,0xFFFF,0xFFFF,0xFFFF,0xF7C5,0x4962,0x6230,0x0030,
    0x4138,0x6238,0x8240,0x8240,0x8240,0x4138,0x2130,0x6130,0xE751,0xB6BD,0xFFFF,0xFFFF,
    0xFFFF,0xFFFF,0xFFFF,0xFFFF,0xFFFF,0xDFFF,0xFFFF,0x6D83,0x4130,0xC348,0x8238,0x0572,
    0x69C4,0xAAFD,0xC9FD,0x68FD,0x89FD,0x89FD,0x68FD,0xEAFD,0x69CC,0x0251,0xE148,0x68CC,
    0xCAFD,0x89FD,0x89FD,0x89FD,0x89FD,0xA9FD,0xA9FD,0xA9FD,0xA9FD,0xA9FD,0xA9FD,0xA9FD,
    0xA9FD,0xA9FD,0xA9FD,0x26F5,0x63E4,0x83EC,0x63EC,0x63E4,0xE4F4,0x04AB,0x6140,0xA340,
    0x6269,0xC4EC,0xA2EC,0xA3EC,0xA3EC,0xA3EC,0xA3EC,0xA3EC,0xA3EC,0xA3EC,0xA3EC,0xA3EC,
    0xC3EC,0x63EC,0xE2DB,0xE2DB,0x43E4,0x24B3,0xA240,0xA340,0x6551,0x9DF7,0xFFFF,0xFFFF,
    0xFFFF,0xFFFF,0xDBE6,0xC340,0xA240,0xA140,0x0AD5,0x6AFE,0x0AF6,0x2AF6,0xE8F5,0xA2EC,
    0xA2EC,0xA2EC,0xA2EC,0xA3EC,0xA3EC,0xA3EC,0xA3EC,0xA3EC,0xA3EC,0xC3F4,0x45D4,0xC248,
    0xA340,0xA148,0xE4CB,0xC3F4,0x82EC,0x62EC,0x62EC,0x63E4,0x68FD,0xA9FD,0x89FD,0x89FD,
    0xA9FD,0xA9FD,0xA9FD,0xA9FD,0xA9FD,0xA9FD,0xA9FD,0xA9FD,0xA9FD,0x89FD,0x89FD,0xEBFD,
    0xC592,0x2128,0xA338,0x6138,0x469B,0xABF5,0xEAFD,0xC9FD,0xA9FD,0x69F5,0x68F5,0x2BFE,
    0xC68A,0x6138,0xA240,0x2449,0x5DEF,0xFFFF,0xFFFF,0xFFFF,0xFFFF,0xFFFF,0xFFFF,0xFFFF,
    0xFFFF,0xDFFF,0xF7C5,0x309C,0xA759,0x4130,0xC340,0xA340,0xA340,0xA340,0xA340,0xA340,
    0xC340,0xA340,0x6138,0x8238,0xCF8B,0xFFFF,0xFFFF,0xFFFF,0xFFFF,0xDFFF,0xFFFF,0x519C,
    0x4030,0xC348,0x8140,0xA9D4,0xCAFD,0x89FD,0x8AFD,0x8AFD,0xAAFD,0xAAFD,0xAAFD,0xAAFD,
    0xAAFD,0xAAFD,0xAAFD,0xA9FD,0xAAFD,0xAAFD,0xAAFD,0xAAFD,0xAAFD,0xA9FD,0xAAFD,0xAAFD,
    0xAAFD,0xAAFD,0xAAFD,0xAAFD,0xAAFD,0xAAFD,0xAAFD,0xAAFD,0xAAFD,0xAAFD,0xAAFD,0xAAFD,
    0x8AFD,0xAAFD,0xAAFD,0xAAFD,0xAAFD,0xAAFD,0x89FD,0xCAFD,0xA9D4,0x6138,0xA338,0x2028,
    0xAE8B,0xFFFF,0xDFFF,0xFFFF,0xFFFF,0xFFFF,0xFFFF,0xAE8B,0x2028,0x2030,0x8240,0xC340,
    0xA340,0xA340,0xA340,0xA340,0xA340,0xC348,0x6130,0x6549,0xEF8B,0xF7C5,0xFFFF,0xFFFF,
    0xFFFF,0xFFFF,0xFFFF,0xFFFF,0xFFFF,0xFFFF,0xFFFF,0x7DF7,0x4549,0x8240,0x6238,0x0572,
    0x0BFE,0x68F5,0x68F5,0x89FD,0x89FD,0xC9FD,0xCBFD,0x87AB,0x8138,0x8238,0x2130,0x447A,
    0x0BFE,0x89FD,0x89FD,0x89FD,0x89FD,0xA9FD,0xA9FD,0xA9FD,0xA9FD,0xA9FD,0xA9FD,0xA9FD,
    0x89FD,0xA9FD,0xA9FD,0x68FD,0x63E4,0x83EC,0x83EC,0x63EC,0xC3F4,0xC5C3,0xA148,0xA348,
    0xE250,0x44D4,0xC3F4,0xA3EC,0xA3EC,0xA3EC,0xA3EC,0xA3EC,0xA2EC,0xC2EC,0xA3EC,0xA3EC,
    0xC2EC,0x83EC,0xE2DB,0xE3DB,0x23E4,0xA4C3,0xC148,0xC348,0xC340,0xBADE,0xFFFF,0xFFFF,
    0xFFFF,0xFFFF,0xF7CD,0x6138,0xA340,0x0251,0xCBED,0x4AFE,0x0AF6,0x2AF6,0xA7F5,0x82EC,
    0xA2EC,0xA3EC,0xA2EC,0xA3EC,0xA3EC,0xA3EC,0xA3EC,0xA3EC,0x82EC,0xE3F4,0x84BB,0x8140,
    0xA340,0x0259,0x65DC,0xA2EC,0x83EC,0x83EC,0x62EC,0x83EC,0x89FD,0xA9FD,0xA9FD,0xA9FD,
    0xA9FD,0xA9FD,0x89FD,0xA9FD,0xA9FD,0xA9FD,0xA9FD,0xA9FD,0xA9FD,0x89FD,0x89FD,0xAAFD,
    0xA9D4,0xC140,0x8238,0xC340,0x4130,0x6361,0xC8B3,0x6BED,0xEBFD,0x0BFE,0x2BFE,0xC9DC,
    0x6138,0xC340,0x2028,0xD3AC,0xFFFF,0xFFFF,0xFFFF,0xFFFF,0xFFFF,0xFFFF,0xFFFF,0xFFFF,
    0xFFFF,0xFFFF,0xFFFF,0xFFFF,0xBEFF,0x0C7B,0x2128,0xA340,0xA340,0xA240,0xA340,0xA240,
    0xA240,0xA240,0xC348,0xC340,0x0028,0x8A62,0x9DF7,0xFFFF,0xFFFF,0xFFFF,0xFFFF,0xDFFF,
    0xC759,0x8240,0x6238,0x247A,0xEBFD,0x89FD,0xAAFD,0x8AFD,0xAAFD,0xAAFD,0xAAFD,0xAAFD,
    0xAAFD,0xAAFD,0xAAFD,0xAAFD,0xAAFD,0xAAFD,0xAAFD,0xAAFD,0xAAFD,0xAAFD,0xAAFD,0xAAFD,
    0xAAFD,0xAAFD,0xAAFD,0xAAFD,0xAAFD,0xAAFD,0x8AFD,0xAAFD,0xAAFD,0xAAFD,0xAAFD,0x8AFD,
    0x8AFD,0xAAFD,0xAAFD,0xAAFD,0xAAFD,0xAAFD,0xA9FD,0x0BFE,0x6582,0x4130,0x6238,0x2441,
    0x7DF7,0xFFFF,0xFFFF,0xFFFF,0xFFFF,0xDFFF,0xEB72,0x0028,0xA340,0xA340,0xA240,0xA240,
    0xA240,0xA240,0xA240,0xA240,0xC340,0x4130,0x6A62,0x5DEF,0xFFFF,0xFFFF,0xFFFF,0xFFFF,
    0xFFFF,0xFFFF,0xFFFF,0xFFFF,0xFFFF,0xFFFF,0xFFFF,0xFFFF,0x14B5,0x2028,0xC340,0x4030,
    0x49CC,0x4BFE,0xEAFD,0xCAFD,0x6AF5,0x28C4,0xC469,0x4130,0xC340,0xA240,0x8140,0x69CC,
    0xCAFD,0x89FD,0x89FD,0x89FD,0xA9FD,0xA9FD,0xA9FD,0xA9FD,0xA9FD,0x89FD,0xA9FD,0xA9FD,
    0x89FD,0x89FD,0xA9FD,0x88FD,0x84EC,0x83EC,0x83EC,0x83EC,0xA3EC,0x65DC,0xE250,0xA348,
    0x8140,0x84BB,0xE3F4,0xA2EC,0xA3EC,0xA2EC,0xA3EC,0xA3EC,0xA3EC,0xA3EC,0xA3EC,0xA3EC,
    0xC2EC,0x83EC,0xE2DB,0xE3DB,0x02E4,0xE4D3,0x0259,0xC348,0x4138,0xB6BD,0xFFFF,0xDFFF,
    0xDFFF,0xFFFF,0x14B5,0x4138,0x8240,0xA361,0x2CFE,0x29F6,0x0AF6,0x2AFE,0x66F5,0x82EC,
    0xA3EC,0xA3EC,0xA3EC,0xA3EC,0xA3EC,0xA3EC,0xA3EC,0xA3EC,0x82EC,0xE4F4,0xC49A,0x6138,
    0x8238,0xA271,0xC5EC,0x82EC,0x83EC,0x83EC,0x62EC,0xC4EC,0xA9FD,0x89FD,0xA9FD,0xA9FD,
    0xA9FD,0xA9FD,0xA9FD,0xA9FD,0xA9FD,0xA9FD,0xA9FD,0xA9FD,0xA9FD,0xA9FD,0x89FD,0x89FD,
    0xEAFD,0xA9D4,0x0249,0x4130,0xC340,0xA240,0x6140,0x0251,0xE471,0x8582,0xE692,0xA361,
    0x8238,0x6238,0x8651,0xBEFF,0xFFFF,0xFFFF,0xFFFF,0xFFFF,0xFFFF,0xFFFF,0xFFFF,0xFFFF,
    0xFFFF,0xFFFF,0xFFFF,0xDFFF,0xFFFF,0xDFFF,0xC751,0x4230,0xA340,0xA340,0xA240,0xA240,
    0xA240,0xA340,0xA340,0xA340,0xC340,0x0020,0x8962,0xDFFF,0xFFFF,0xFFFF,0xFFFF,0xFFFF,
    0x55B5,0x2130,0xA340,0x8138,0xC9D4,0xCAFD,0x89FD,0xAAFD,0xAAFD,0xAAFD,0x8AFD,0xAAFD,
    0xAAFD,0xAAFD,0xAAFD,0xAAFD,0xAAFD,0xAAFD,0xAAFD,0xAAFD,0xAAFD,0xAAFD,0xAAFD,0xAAFD,
    0xAAFD,0xAAFD,0xAAFD,0xAAFD,0xAAFD,0xAAFD,0xAAFD,0xAAFD,0xAAFD,0xAAFD,0xAAFD,0xAAFD,
    0xAAFD,0xAAFD,0x8AFD,0xAAFD,0xAAFD,0x8AFD,0xEAFD,0x2BE5,0xC248,0xA340,0x0028,0xB2A4,
    0xFFFF,0xDFFF,0xFFFF,0xFFFF,0xFFFF,0x2C7B,0x0030,0xC340,0xA340,0xA340,0xA340,0xA340,
    0xA240,0xA240,0xA240,0xA340,0x8240,0x6649,0x9EF7,0xFFFF,0xDEFF,0xFFFF,0xFFFF,0xFFFF,
    0xFFFF,0xFFFF,0xFFFF,0xFFFF,0xFFFF,0xFFFF,0xFFFF,0xFFFF,0xBEFF,0xA651,0x4130,0x8238,
    0xA461,0x269B,0xA58A,0x247A,0x2259,0x6138,0x8238,0xC340,0x4130,0xE248,0x69C4,0x0BFE,
    0x89FD,0xA9FD,0xA9FD,0x89FD,0x89FD,0xA9FD,0xA9FD,0xA9FD,0xA9FD,0x89FD,0xA9FD,0xA9FD,
    0xA9FD,0x89FD,0x89FD,0x89FD,0xC4EC,0x63EC,0x83EC,0x83EC,0x83EC,0xA5EC,0x6269,0xA340,
    0x6138,0xC49A,0xE3F4,0x82EC,0xA3EC,0xA3EC,0xA3EC,0xC3EC,0xA3EC,0xA3EC,0xA3EC,0xC2EC,
    0xA2EC,0xA3EC,0xE2DB,0xE3DB,0xE2DB,0x24E4,0x4269,0xA348,0x4138,0xB2A4,0xFFFF,0xDFFF,
    0xDFFF,0xFFFF,0x1094,0x4138,0x8238,0x657A,0x6CFE,0x09F6,0x09F6,0x2AFE,0x25ED,0x82EC,
    0xA3EC,0xA3EC,0xA3EC,0xA3EC,0xA3EC,0xA3EC,0xA3EC,0xA3EC,0x82EC,0xE4F4,0x037A,0x6238,
    0x6238,0x6392,0xE4F4,0x82EC,0x83EC,0x83EC,0x62E4,0x05F5,0xA9FD,0x89FD,0xA9FD,0xA9FD,
    0xA9FD,0xA9FD,0xA9FD,0xA9FD,0xA9FD,0xA9FD,0xA9FD,0xA9FD,0xA9FD,0xA9FD,0x89FD,0xA9FD,
    0x89FD,0xCAFD,0x2AE5,0x247A,0x6138,0x6238,0xC348,0xC348,0x8240,0x8240,0x6138,0x8238,
    0xC340,0x0028,0xB2A4,0xFFFF,0xFEFF,0xFFFF,0xFFFF,0xFFFF,0xFFFF,0xFFFF,0xFFFF,0xFFFF,
    0xFFFF,0xFFFF,0xFFFF,0xFFFF,0xDFFF,0xFFFF,0x14B5,0x2130,0xA340,0xA240,0xA240,0xA240,
    0xA240,0xA340,0xA340,0xA340,0xA338,0xC340,0x0028,0x3094,0xFFFF,0xFFFF,0xFFFF,0xFFFF,
    0xBEF7,0x6649,0x6238,0x4130,0x0693,0x0BFE,0x89FD,0xAAFD,0xAAFD,0xAAFD,0xAAFD,0xAAFD,
    0xAAFD,0x8AFD,0xAAFD,0xAAFD,0xAAFD,0xAAFD,0xAAFD,0xAAFD,0xAAFD,0xAAFD,0xAAFD,0xAAFD,
    0xAAFD,0xAAFD,0xAAFD,0xAAFD,0xAAFD,0xAAFD,0xAAFD,0x8AFD,0x8AFD,0x8AFD,0xAAFD,0x8AFD,
    0xAAFD,0xAAFD,0x89FD,0x8AFD,0x8AFD,0x89FD,0x0BFE,0x87AB,0x4138,0x8240,0x2449,0x7DF7,
    0xFFFF,0xFFFF,0xFFFF,0xFFFF,0x719C,0x0028,0xC348,0xA340,0xA340,0xA340,0xA340,0xA240,
    0xA340,0xA240,0xA240,0xC348,0x2130,0x92A4,0xFFFF,0xDFFF,0xFFFF,0xFFFF,0xFFFF,0xFFFF,
    0xFFFF,0xFFFF,0xFFFF,0xFFFF,0xFFFF,0xFFFF,0xFFFF,0xDFFF,0xFFFF,0xB2A4,0x0028,0xC340,
    0x8238,0x4130,0x6238,0x6238,0xA340,0xA340,0x8238,0x6138,0x247A,0x2AE5,0xEAFD,0x89FD,
    0xA9FD,0xA9FD,0xA9FD,0x89FD,0xA9FD,0xA9FD,0xA9FD,0xA9FD,0xA9FD,0xA9FD,0x89FD,0xA9FD,
    0xA9FD,0x89FD,0x89FD,0xA9FD,0xE6F4,0x63E4,0x83EC,0x83EC,0x83EC,0xE5F4,0x0382,0x6238,
    0x6238,0x0382,0xE4F4,0xA2EC,0xA3EC,0xA3EC,0xA3EC,0xA3EC,0xC3EC,0xA3EC,0xA3EC,0xA3EC,
    0xA2EC,0xA3EC,0x02E4,0xE3DB,0xE2DB,0x24E4,0xC371,0xA340,0x4138,0x8E8B,0xFFFF,0xDFFF,
    0xFFFF,0xFFFF,0x0C7B,0x4138,0x6138,0x068B,0x8CFE,0x09F6,0x2AF6,0x2AFE,0xE4EC,0x82EC,
    0xA3EC,0xA3EC,0xA3EC,0xA3EC,0xA3EC,0xA3EC,0xA3EC,0xA3EC,0x82EC,0xC4EC,0x6261,0x8238,
    0x6138,0xE3A2,0xC4F4,0x82EC,0x83EC,0x83EC,0x62E4,0x27F5,0xA9FD,0xA9FD,0x89FD,0xA9FD,
    0xA9FD,0xA9FD,0xA9FD,0xA9FD,0xA9FD,0x89FD,0xA9FD,0xA9FD,0xA9FD,0x89FD,0x89FD,0xA9FD,
    0x89FD,0x69FD,0xA9FD,0xEBFD,0x89CC,0x6482,0x0251,0x8140,0x6238,0x6138,0xA240,0xC348,
    0x8238,0xC338,0x1BE7,0xFFFF,0xFFFF,0xFFFF,0xFFFF,0xFFFF,0xFFFF,0xFFFF,0xFFFF,0xFFFF,
    0xFFFF,0xFFFF,0xFFFF,0xFFFF,0xFFFF,0xFFFF,0x9ADE,0x8238,0xA240,0xA340,0xA240,0xA340,
    0xA340,0xA340,0xA340,0xA340,0xA340,0xA340,0xA340,0xA238,0xDBDE,0xFFFF,0xFFFF,0xFFFF,
    0xFFFF,0xAE8B,0x2030,0x8238,0x8361,0xCBFD,0xA9FD,0xAAFD,0xAAFD,0xAAFD,0xAAFD,0xAAFD,
    0xAAFD,0xAAFD,0xAAFD,0xAAFD,0xAAFD,0xAAFD,0xAAFD,0xAAFD,0xAAFD,0xAAFD,0xAAFD,0xAAFD,
    0xAAFD,0xAAFD,0xAAFD,0xAAFD,0xAAFD,0xAAFD,0xAAFD,0xAAFD,0x8AFD,0xAAFD,0xAAFD,0xAAFD,
    0xAAFD,0xAAFD,0xAAFD,0x8AFD,0x89FD,0x89FD,0xEBFD,0xE471,0x8240,0x2030,0xAE83,0xFFFF,
    0xFFFF,0xFFFF,0xFFFF,0xDADE,0x8238,0x8240,0xA340,0xA340,0xA340,0xA340,0xA240,0xA340,
    0xA340,0xA240,0xA240,0xA340,0x6230,0x17CE,0xFFFF,0xDFFF,0xFFFF,0xFFFF,0xFFFF,0xFFFF,
    0xFFFF,0xFFFF,0xFFFF,0xFFFF,0xFFFF,0xFFFF,0xFFFF,0xFFFF,0xFFFF,0x3CEF,0xE440,0x8238,
    0xC340,0xA340,0x6238,0x6238,0x8140,0x0251,0x4482,0x89CC,0xEBFD,0xA9FD,0x89FD,0x89FD,
    0xA9FD,0x89FD,0xA9FD,0x89FD,0x89FD,0xA9FD,0xA9FD,0xA9FD,0xA9FD,0xA9FD,0xA9FD,0xA9FD,
    0xA9FD,0x89FD,0x89FD,0xA9FD,0x27F5,0x63E4,0x83EC,0x83EC,0x83EC,0xE4F4,0xA39A,0x4138,
    0x8238,0x8269,0xC4EC,0xA2EC,0xA3EC,0xA3EC,0xA3EC,0xA3EC,0xC3EC,0xA3EC,0xA3EC,0xA2EC,
    0xA2EC,0xA3F4,0x02E4,0xE3DB,0xE2DB,0x44E4,0x238A,0x8240,0x4138,0xAB72,0xFFFF,0xFFFF,
    0xFFFF,0xFFFF,0x496A,0x6140,0x6138,0xA7A3,0x8BFE,0x09F6,0x2AF6,0xE9FD,0xC3EC,0xA2EC,
    0xA2EC,0xA3EC,0xA3EC,0xA3EC,0xA3EC,0xA3EC,0xA3EC,0xA3EC,0xA2F4,0x84E4,0xE250,0x8238,
    0x6138,0x64BB,0xA3F4,0x62EC,0x83EC,0x83EC,0x62E4,0x67F5,0xA9FD,0x89FD,0x89FD,0xA9FD,
    0xA9FD,0xA9FD,0xA9FD,0xA9FD,0xA9FD,0x89FD,0x89FD,0xA9FD,0xA9FD,0xA9FD,0xA9FD,0xA9FD,
    0x89FD,0x89FD,0x89FD,0x89FD,0xEAFD,0x0CFE,0x6BED,0x69CC,0x87AB,0x279B,0xA461,0xA240,
    0x4138,0x6A6A,0xFFFF,0xFFFF,0xFFFF,0xFFFF,0xFFFF,0xFFFF,0xFFFF,0xDFFF,0xFFFF,0xFFFF,
    0xFFFF,0xFFFF,0xFFFF,0xFFFF,0xFFFF,0xFFFF,0x9ADE,0xA238,0xA240,0xA240,0xA240,0xA340,
    0xA340,0xA340,0xA340,0xA340,0xA340,0xA340,0xC348,0x2030,0x8E83,0xFFFF,0xFFFF,0xDFFF,
    0xFFFF,0xD7C5,0x4130,0xA240,0xC140,0x2BE5,0xEAFD,0x8AFD,0x8AFD,0xAAFD,0xAAFD,0xAAFD,
    0x8AFD,0xAAFD,0xAAFD,0xAAFD,0xAAFD,0xAAFD,0xAAFD,0xAAFD,0xAAFD,0xAAFD,0xAAFD,0xAAFD,
    0xAAFD,0xAAFD,0xAAFD,0xAAFD,0xAAFD,0xAAFD,0xAAFD,0xAAFD,0xAAFD,0xAAFD,0xAAFD,0xAAFD,
    0xAAFD,0xAAFD,0x8AFD,0xAAFD,0x89FD,0xA9FD,0x2AE5,0xE248,0xA340,0x4130,0xF7C5,0xFFFF,
    0xFFFF,0xDFFF,0xFFFF,0x4D83,0x0028,0xC340,0xA340,0xA340,0xA340,0xA340,0xA240,0xA340,
    0xA340,0xA340,0xA340,0xA340,0x6130,0xF7CD,0xFFFF,0xDFFF,0xFFFF,0xFFFF,0xFFFF,0xFFFF,
    0xFFFF,0xFFFF,0xFFFF,0xFFFF,0xFFFF,0xFFFF,0xFFFF,0xFFFF,0xFFFF,0xFFFF,0xAA72,0x4138,
    0xA240,0x8461,0x269B,0x87AB,0x69CC,0x6BED,0x0BFE,0xEAFD,0x89FD,0x89FD,0x89FD,0x89FD,
    0x89FD,0x89FD,0xA9FD,0xA9FD,0xA9FD,0xA9FD,0xA9FD,0xA9FD,0xA9FD,0xA9FD,0xA9FD,0xA9FD,
    0x89FD,0x89FD,0x89FD,0xA9FD,0x68FD,0x63E4,0x83EC,0x83EC,0x83EC,0xC3F4,0x44B3,0x6138,
    0xA240,0x0251,0x84E4,0xA2EC,0xA3EC,0xA3EC,0xA3EC,0xA3EC,0xA3EC,0xA3EC,0xA3EC,0xA3EC,
    0xA2EC,0xC3F4,0x22E4,0xE2DB,0xE2DB,0x44E4,0x839A,0x8238,0x6238,0x0862,0xFFFF,0xFFFF,
    0xFFFF,0xDFFF,0xC659,0x8240,0x6138,0x49BC,0x8BFE,0x09F6,0x2AFE,0xC8F5,0xA3EC,0xA2EC,
    0xA3EC,0xA3EC,0xA3EC,0xA3EC,0xA3EC,0xA3EC,0xA3EC,0xA3EC,0xC2F4,0x04CC,0x8140,0xA338,
    0x8140,0xC4CB,0x82EC,0x83EC,0x83EC,0x83EC,0x83E4,0x88FD,0xA9FD,0x89FD,0xA9FD,0xA9FD,
    0xA9FD,0xA9FD,0x89FD,0x89FD,0x89FD,0x89FD,0x89FD,0xA9FD,0x89FD,0x89FD,0x89FD,0x89FD,
    0x89FD,0x89FD,0x89FD,0xA9FD,0x89FD,0xA9FD,0xCAFD,0x0BFE,0x0BFE,0x4EFE,0x247A,0x8240,
    0x2030,0x509C,0xFFFF,0xDFFF,0xFFFF,0xFFFF,0xDFFF,0xFFFF,0x79D6,0xB2A4,0xFFFF,0xDFFF,
    0xFFFF,0xFFFF,0xFFFF,0xFFFF,0xDFFF,0xFFFF,0x14B5,0x2130,0xA340,0xA240,0xA340,0xA340,
    0xA340,0xA340,0xA340,0xA340,0xA340,0xA340,0xC340,0x8240,0x2441,0x5DEF,0xFFFF,0xDFFF,
    0xFFFF,0x3CEF,0x0441,0x8240,0x6138,0x49C4,0xEAFD,0x89FD,0x8AFD,0x8AFD,0xAAFD,0xAAFD,
    0xAAFD,0xAAFD,0xAAFD,0xAAFD,0xAAFD,0xAAFD,0xAAFD,0xAAFD,0xAAFD,0xAAFD,0xAAFD,0xAAFD,
    0xAAFD,0xAAFD,0x8AFD,0x8AFD,0x8AFD,0x8AFD,0x8AFD,0x8AFD,0x8AFD,0x8AFD,0x8AFD,0xAAFD,
    0xAAFD,0x8AFD,0xAAFD,0xAAFD,0x89FD,0xC9FD,0x69C4,0x6138,0x8238,0x0441,0x5DEF,0xFFFF,
    0xFFFF,0xFFFF,0x5DEF,0xE438,0x6238,0xA240,0xA340,0xA340,0xA340,0xA240,0xA340,0xA240,
    0xA240,0xA240,0xA340,0xA340,0x0028,0x519C,0xFFFF,0xDFFF,0xFFFF,0xFFFF,0xFFFF,0xFFFF,
    0xDFFF,0xFFFF,0x55B5,0x38CE,0xFFFF,0xDFFF,0xFFFF,0xFFFF,0xBFFF,0xFFFF,0x92A4,0x2138,
    0x8240,0x047A,0x6DFE,0x0BFE,0xEBFD,0xCAFD,0x89FD,0x89FD,0xA9FD,0x89FD,0x89FD,0x89FD,
    0xA9FD,0xA9FD,0xA9FD,0xA9FD,0xA9FD,0xA9FD,0xA9FD,0xA9FD,0xA9FD,0xA9FD,0xA9FD,0x89FD,
    0x89FD,0x89FD,0x89FD,0xA9FD,0x88FD,0x83EC,0x83EC,0x83EC,0x83EC,0xA3F4,0xC4C3,0x8140,
    0xA340,0xA148,0x44D4,0xC2F4,0xA2EC,0xA3EC,0xA3EC,0xA3EC,0xC3EC,0xA3EC,0xA3EC,0xA3EC,
    0xA2EC,0xC3EC,0x23E4,0xC2DB,0xE2DB,0x23E4,0xE4AA,0x6238,0x6240,0x6651,0x9EF7,0xFFFF,
    0xFFFF,0x7DF7,0x4551,0x8240,0x8140,0xCACC,0x6BFE,0x09F6,0x2AFE,0xA8F5,0xA2EC,0xA2EC,
    0xA3EC,0xA3EC,0xA3EC,0xA3EC,0xA3F4,0xA3EC,0xA3EC,0xA2EC,0xC2F4,0xA5C3,0x6138,0xA238,
    0xC148,0x24DC,0x82EC,0x82EC,0x83EC,0x83EC,0xA4EC,0x89FD,0xA9FD,0x89FD,0xA9FD,0x89FD,
    0xA9FD,0xA9FD,0x89FD,0x89FD,0x89FD,0x89FD,0xA9FD,0xA9FD,0x89FD,0x89FD,0x89FD,0x89FD,
    0xA9FD,0xA9FD,0x89FD,0xA9FD,0xA9FD,0xA9FD,0xA9FD,0x89FD,0xA9FD,0x6BED,0x2251,0xA340,
    0x4130,0x75BD,0xFFFF,0xDFFF,0xFFFF,0xFFFF,0xDFFF,0xFFFF,0xF3AC,0xC338,0x7DEF,0xFFFF,
    0xDFFF,0xFFFF,0xFFFF,0xDFFF,0xFFFF,0xDFFF,0xE759,0x4138,0xC340,0xA240,0xA340,0xA340,
    0xA340,0xA340,0xA340,0xA340,0xA340,0xA340,0xA340,0xC348,0x4130,0x75BD,0xFFFF,0xDFFF,
    0xFFFF,0xFFFF,0x0862,0x6240,0x6138,0x87AB,0x0BFE,0x69FD,0xAAFD,0xAAFD,0x8AFD,0xAAFD,
    0xAAFD,0xAAFD,0xAAFD,0xAAFD,0xAAFD,0xAAFD,0xAAFD,0xAAFD,0xAAFD,0xAAFD,0xAAFD,0xAAFD,
    0xAAFD,0x8AFD,0x8AFD,0xAAFD,0xAAFD,0xAAFD,0xAAFD,0x8AFD,0x8AFD,0xAAFD,0xAAFD,0x8AFD,
    0xAAFD,0xAAFD,0xAAFD,0xAAFD,0x89FD,0xEAFD,0x87AB,0x2130,0x6238,0xE859,0xFFFF,0xFFFF,
    0xDFFF,0xFFFF,0xB6BD,0x2128,0xA340,0x8238,0xA340,0xA340,0xA340,0xA240,0xA340,0xA240,
    0xA340,0xA340,0xA340,0xA340,0x6238,0x4549,0x7DF7,0xFFFF,0xDFFF,0xFFFF,0xFFFF,0xDFFF,
    0xFFFF,0xFFFF,0x6549,0x519C,0xFFFF,0xDFFF,0xFFFF,0xFFFF,0xDFFF,0xFFFF,0xF8CD,0x6238,
    0xA248,0x2259,0x6BED,0xA9FD,0x89FD,0xAAFD,0xAAFD,0xA9FD,0xA9FD,0xA9FD,0xA9FD,0xA9FD,
    0xA9FD,0xA9FD,0xA9FD,0xA9FD,0xA9FD,0xA9FD,0x89FD,0xA9FD,0xA9FD,0xA9FD,0x89FD,0x89FD,
    0x89FD,0x89FD,0x89FD,0xA9FD,0x89FD,0xA4EC,0x63EC,0x83EC,0x63EC,0x82EC,0x25D4,0xC248,
    0xA240,0x8140,0xC4C3,0xE2F4,0xA2EC,0xA3EC,0xA3EC,0xA3EC,0xA3EC,0xA3EC,0xA3EC,0xA3EC,
    0xA3EC,0xC3EC,0x23E4,0xC2DB,0xE2DB,0x23E4,0x24BB,0x8240,0x8240,0xE440,0x3CEF,0xFFFF,
    0xFFFF,0x1CEF,0xE348,0xA240,0xC148,0x4ADD,0x6AFE,0x09F6,0x2AFE,0x87F5,0x82EC,0xA2EC,
    0xA3EC,0xA3EC,0xA3EC,0xA3EC,0xA3EC,0xA3EC,0xA3EC,0xA2EC,0xE3F4,0x44AB,0x6138,0x8238,
    0x0259,0x64E4,0x82EC,0x62EC,0x83EC,0x62EC,0xC4EC,0xA9FD,0xA9FD,0xA9FD,0xA9FD,0x89FD,
    0x89FD,0xA9FD,0xA9FD,0x89FD,0xA9FD,0xA9FD,0xA9FD,0xA9FD,0x89FD,0xA9FD,0x89FD,0x89FD,
    0x89FD,0xA9FD,0xA9FD,0xA9FD,0xA9FD,0xA9FD,0xA9FD,0xA9FD,0xCAFD,0x0AE5,0xC248,0xA240,
    0x8238,0x79D6,0xFFFF,0xDFFF,0xFFFF,0xFFFF,0xFFFF,0xFFFF,0x8E8B,0x0028,0x2962,0x3CE7,
    0xFFFF,0xFFFF,0xFFFF,0xFFFF,0x9EF7,0x0C7B,0x2030,0xC340,0xA340,0xA340,0xA340,0xA340,
    0xA340,0xA340,0xA340,0xA340,0xA340,0xA340,0xA340,0xC348,0x2130,0xCF8B,0xFFFF,0xDFFF,
    0xFFFF,0xFFFF,0x0C7B,0x6138,0x6238,0xE692,0x0BFE,0x89FD,0x89FD,0x8AFD,0xAAFD,0xAAFD,
    0xAAFD,0xAAFD,0xAAFD,0xAAFD,0xAAFD,0xAAFD,0xAAFD,0xAAFD,0xAAFD,0xAAFD,0x8AFD,0xAAFD,
    0xAAFD,0xAAFD,0xAAFD,0xAAFD,0xAAFD,0xAAFD,0xAAFD,0xAAFD,0x8AFD,0xAAFD,0xAAFD,0xAAFD,
    0xAAFD,0xAAFD,0xAAFD,0xAAFD,0x89FD,0xEBFD,0x069B,0x4130,0x4130,0xAA6A,0xFFFF,0xFFFF,
    0xDFFF,0xFFFF,0x319C,0x0030,0xC340,0x8240,0xA340,0xA340,0xA340,0xA340,0xA340,0xA340,
    0xA240,0xA340,0xA240,0xA340,0xA340,0x2130,0x696A,0x7DEF,0xFFFF,0xFFFF,0xFFFF,0xFFFF,
    0x9EF7,0x2C7B,0x0028,0x2C7B,0xFFFF,0xDFFF,0xFFFF,0xFFFF,0xFFFF,0xFFFF,0xFBE6,0xE340,
    0x8248,0xE248,0x0AE5,0xEAFD,0xA9FD,0xAAFD,0xAAFD,0xAAFD,0xA9FD,0xA9FD,0xA9FD,0xA9FD,
    0xA9FD,0xA9FD,0xA9FD,0xA9FD,0xA9FD,0xA9FD,0x89FD,0x89FD,0x89FD,0x89FD,0xA9FD,0xA9FD,
    0x89FD,0xA9FD,0xA9FD,0xA9FD,0xA9FD,0xC5EC,0x63EC,0x63EC,0x63EC,0x82EC,0x65E4,0x0259,
    0x8238,0x6138,0x64B3,0xE3F4,0xA2EC,0xA2EC,0xA3EC,0xA3EC,0xA3EC,0xA3EC,0xC3EC,0xA3EC,
    0xA2EC,0xC3EC,0x42E4,0xC2DB,0xE2DB,0x03E4,0x64C3,0xA248,0xA340,0xA238,0xDBE6,0xFFFF,
    0xFFFF,0x9ADE,0xA240,0xA240,0xE250,0x8BE5,0x4AFE,0x09F6,0x2AFE,0x46F5,0x82EC,0xA2EC,
    0xA3EC,0xA3EC,0xA3EC,0xA3EC,0xA3EC,0xA3EC,0xA3EC,0xA2EC,0xE3FC,0xC39A,0x4130,0x8238,
    0x6261,0x84EC,0x62EC,0x63EC,0x63EC,0x62EC,0xE5EC,0xA9FD,0xA9FD,0xA9FD,0xA9FD,0x89FD,
    0x89FD,0x89FD,0x89FD,0x89FD,0x89FD,0x89FD,0x89FD,0xA9FD,0x89FD,0x89FD,0x89FD,0x89FD,
    0xA9FD,0xA9FD,0xA9FD,0xA9FD,0xA9FD,0xA9FD,0xA9FD,0x89FD,0xEAFD,0xA9D4,0x8140,0xA240,
    0xE340,0x1BE7,0xFFFF,0xFFFF,0xFFFF,0xFFFF,0xFFFF,0xFFFF,0x496A,0x6240,0x6238,0x4449,
    0x519C,0xF7CD,0xF7CD,0xB2A4,0xA651,0x2130,0xA340,0xA340,0xA340,0xA340,0xA340,0xA340,
    0xA340,0xA340,0xA340,0xA340,0xA340,0xA340,0xA340,0xC340,0x2130,0xCB72,0xFFFF,0xDFFF,
    0xDFFF,0xFFFF,0xAE8B,0x4138,0x6238,0x8582,0xEBFD,0x69FD,0x8AFD,0xAAFD,0xAAFD,0xAAFD,
    0xAAFD,0xAAFD,0xAAFD,0xAAFD,0xAAFD,0xAAFD,0xAAFD,0xAAFD,0x8AFD,0xAAFD,0xAAFD,0xAAFD,
    0x8AFD,0x8AFD,0x8AFD,0x8AFD,0x8AFD,0x8AFD,0x8AFD,0x8AFD,0xAAFD,0xAAFD,0xAAFD,0xAAFD,
    0xAAFD,0x8AFD,0xAAFD,0xAAFD,0x89FD,0x0BFE,0xC692,0x4238,0x4130,0x2C7B,0xFFFF,0xDFFF,
    0xDFFF,0xFFFF,0x2D7B,0x2030,0xC340,0xA240,0xA340,0x8340,0xA340,0xA340,0xA340,0xA340,
    0xA340,0xA240,0xA340,0xA240,0xA340,0xC340,0x2130,0x4549,0x519C,0xF7CD,0x18CE,0x92A4,
    0xA651,0x4138,0x8240,0x2862,0xFFFF,0xFFFF,0xFFFF,0xFFFF,0xFFFF,0xFFFF,0x5CEF,0x2449,
    0x8240,0x8140,0x89D4,0xEAFD,0x8AFD,0xAAFD,0xAAFD,0xAAFD,0xA9FD,0x89FD,0xA9FD,0xA9FD,
    0xA9FD,0xA9FD,0x89FD,0xA9FD,0xA9FD,0xA9FD,0x89FD,0xA9FD,0xA9FD,0x89FD,0x89FD,0x89FD,
    0x89FD,0xA9FD,0x89FD,0x89FD,0xA9FD,0xE5EC,0x62EC,0x63EC,0x62EC,0x62EC,0x84EC,0x6261,
    0x8238,0x6138,0xE3A2,0x03F5,0xA2EC,0xA2EC,0xA3EC,0xA3EC,0xA3EC,0xA3EC,0xA3EC,0xA2EC,
    0xA2EC,0xA3EC,0x43E4,0xE2DB,0xE3DB,0x03E4,0xA4CB,0xC248,0xA340,0x6130,0x38D6,0xFFFF,
    0xFFFF,0x17CE,0x6138,0xA240,0x2351,0xCBED,0x49FE,0x09FE,0x2AFE,0x25ED,0x82EC,0xA2EC,
    0xA2EC,0xA3EC,0xA3EC,0xA3EC,0xA3EC,0xA3EC,0xA3EC,0xA2EC,0xE4F4,0x638A,0x6130,0x6238,
    0xA271,0xA4EC,0x62EC,0x63EC,0x63EC,0x62EC,0x06F5,0xA9FD,0x89FD,0xA9FD,0xA9FD,0xA9FD,
    0x89FD,0x89FD,0x89FD,0x89FD,0x89FD,0x89FD,0x89FD,0xA9FD,0x89FD,0x89FD,0x89FD,0xA9FD,
    0x89FD,0xA9FD,0xA9FD,0xA9FD,0xA9FD,0xA9FD,0xA9FD,0x89FD,0xEAFD,0x68CC,0x8138,0x8238,
    0x0441,0x3CEF,0xFFFF,0xFFFF,0xFFFF,0xFFFF,0xFFFF,0xFFFF,0x0862,0x6138,0xE348,0x8240,
    0x2130,0x4130,0x4130,0x2030,0x4130,0xA340,0xA340,0xA340,0xA340,0xA340,0xA340,0xA340,
    0xA340,0xA340,0xA340,0xA340,0xA340,0xA340,0xA340,0xC340,0x2130,0x8A6A,0xFFFF,0xFFFF,
    0xDFFF,0xFFFF,0xCF93,0x4138,0x8238,0x6582,0xEBFD,0x69FD,0x8AFD,0xAAFD,0xAAFD,0xAAFD,
    0xAAFD,0xAAFD,0xAAFD,0xAAFD,0xAAFD,0xAAFD,0xAAFD,0xAAFD,0xAAFD,0xAAFD,0xAAFD,0xAAFD,
    0x8AFD,0x8AFD,0x8AFD,0x8AFD,0x8AFD,0xAAFD,0xAAFD,0xAAFD,0xAAFD,0xAAFD,0xA9FD,0xAAFD,
    0xAAFD,0xAAFD,0xAAFD,0xAAFD,0x89FD,0x0BFE,0xC692,0x6238,0x4138,0x6D83,0xFFFF,0xDFFF,
    0xDFFF,0xFFFF,0xEB72,0x2130,0xC340,0xA240,0xA240,0xA240,0xA240,0xA340,0xA340,0xA340,
    0xA340,0xA340,0xA240,0xA240,0xA240,0xA340,0xA340,0x6238,0x2128,0x4130,0x4130,0x2130,
    0x8240,0xC348,0x8240,0xC759,0xDFFF,0xFFFF,0xFFFF,0xFFFF,0xFFFF,0xFFFF,0x5DEF,0x4549,
    0x8240,0x6140,0x48CC,0xEAFD,0x89FD,0xAAFD,0xAAFD,0xA9FD,0xA9FD,0xA9FD,0xA9FD,0xA9FD,
    0x89FD,0xA9FD,0xA9FD,0x89FD,0x89FD,0xA9FD,0xA9FD,0x89FD,0x89FD,0xA9FD,0xA9FD,0x89FD,
    0x89FD,0xA9FD,0xA9FD,0xA9FD,0xA9FD,0x06F5,0x62E4,0x62EC,0x63EC,0x62E4,0xA4EC,0xC271,
    0x8238,0x6138,0x839A,0x04FD,0xA2EC,0xA3EC,0xA3EC,0xA3EC,0xA3EC,0xA3EC,0xA2EC,0xA2EC,
    0xA2EC,0xC2EC,0x43E4,0xC2DB,0xE3DB,0xE2DB,0xC4D3,0xE250,0xA340,0x4130,0xB6C5,0xFFFF,
    0xFFFF,0x75BD,0x4138,0x8240,0x6359,0x0BF6,0x29FE,0x09FE,0x0AFE,0x04ED,0xA2EC,0xA2EC,
    0xA3EC,0xA3EC,0xA3EC,0xA3EC,0xA3EC,0xA3EC,0xA3EC,0xA2EC,0xE4F4,0x2382,0x6238,0x6238,
    0x0382,0xA4EC,0x62EC,0x63EC,0x62EC,0x62E4,0x06F5,0xA9FD,0xA9FD,0xA9FD,0xA9FD,0xA9FD,
    0x89FD,0xA9FD,0x89FD,0x89FD,0xA9FD,0xA9FD,0x89FD,0x89FD,0xA9FD,0x89FD,0xA9FD,0xA9FD,
    0x89FD,0xA9FD,0x89FD,0x89FD,0xA9FD,0xA9FD,0xA9FD,0x89FD,0xC9FD,0x88CC,0x8138,0x8238,
    0xE340,0x1CEF,0xFFFF,0xFFFF,0xFFFF,0xFFFF,0xFFFF,0xFFFF,0x2862,0x6138,0xC340,0xA340,
    0xC348,0xC340,0xA340,0xC340,0xA340,0xA340,0xA340,0xA340,0xA340,0xA340,0xA340,0xA340,
    0xA340,0xA340,0xA340,0xA340,0xA340,0xA340,0xC340,0xC348,0x4130,0xAA6A,0xFFFF,0xFFFF,
    0xDFFF,0xFFFF,0xAE8B,0x4138,0x6238,0x8582,0xEBFD,0x89FD,0xAAFD,0xAAFD,0xAAFD,0xAAFD,
    0xAAFD,0xAAFD,0xAAFD,0xAAFD,0xAAFD,0xAAFD,0xAAFD,0xAAFD,0xAAFD,0xAAFD,0xAAFD,0xAAFD,
    0x8AFD,0xAAFD,0xAAFD,0x8AFD,0xAAFD,0xAAFD,0xAAFD,0xAAFD,0x8AFD,0xAAFD,0xAAFD,0xAAFD,
    0x8AFD,0x8AFD,0x8AFD,0x8AFD,0x89FD,0x0BFE,0xE692,0x6240,0x4138,0x4D7B,0xFFFF,0xDFFF,
    0xDFFF,0xFFFF,0xEB72,0x2130,0xC348,0xA240,0xA240,0xA240,0xA240,0xA340,0xA340,0xA340,
    0xA340,0xA240,0xA340,0xA340,0xA340,0xA340,0xA340,0xA340,0xC340,0xC340,0xC340,0xC348,
    0xC340,0xC340,0x6240,0xE759,0xFFFF,0xFFFF,0xFFFF,0xFFFF,0xFFFF,0xFFFF,0x5CEF,0x2449,
    0x8238,0x6138,0x48C4,0xEAFD,0x89FD,0xAAFD,0xAAFD,0xA9FD,0xA9FD,0xA9FD,0xA9FD,0xA9FD,
    0x89FD,0xA9FD,0xA9FD,0xA9FD,0xA9FD,0xA9FD,0xA9FD,0xA9FD,0x89FD,0xA9FD,0xA9FD,0x89FD,
    0x89FD,0xA9FD,0xA9FD,0x89FD,0xA9FD,0x06F5,0x62E4,0x62EC,0x63EC,0x62E4,0xC4EC,0x2382,
    0x8238,0x6238,0x438A,0xE4F4,0xA2EC,0xA3EC,0xA3EC,0xA3EC,0xA3EC,0xA3EC,0xA3EC,0xA3EC,
    0xA2EC,0xC2F4,0x43E4,0xC2DB,0xE3DB,0xE2DB,0xE4D3,0x2259,0xA340,0x2130,0x55B5,0xFFFF,
    0xFFFF,0xF3B4,0x2130,0x8240,0xA369,0x2BFE,0x29FE,0x09F6,0x09FE,0xC4EC,0xA2EC,0xA2EC,
    0xA3EC,0xA3EC,0xA3EC,0xA3EC,0xA3EC,0xA3EC,0xA3EC,0xA2EC,0xE4F4,0xE279,0x8238,0x6238,
    0x6392,0xA4EC,0x62E4,0x63EC,0x83EC,0x62E4,0x27F5,0xA9FD,0xA9FD,0xA9FD,0xA9FD,0xA9FD,
    0xA9FD,0x89FD,0x89FD,0x89FD,0x89FD,0xA9FD,0xA9FD,0xA9FD,0xA9FD,0xA9FD,0xA9FD,0xA9FD,
    0xA9FD,0xA9FD,0xA9FD,0xA9FD,0xA9FD,0x89FD,0x89FD,0x89FD,0xC9FD,0xC9D4,0x8138,0x8238,
    0x8238,0x9ADE,0xFFFF,0xFFFF,0xFFFF,0xFFFF,0xFFFF,0xFFFF,0xCB72,0x4138,0xC340,0xA240,
    0xA340,0xA340,0xA340,0xA340,0xA340,0xA340,0xA340,0xA340,0xA340,0xA340,0xA340,0xA340,
    0xA340,0xA340,0xA340,0xA340,0xA340,0xC340,0xC340,0xC348,0x2130,0x4D83,0xFFFF,0xDFFF,
    0xDFFF,0xFFFF,0xEB72,0x4138,0x6238,0xE692,0x0BFE,0x89FD,0xAAFD,0xAAFD,0xAAFD,0xAAFD,
    0xAAFD,0xAAFD,0x8AFD,0xAAFD,0xAAFD,0xAAFD,0xAAFD,0x8AFD,0xAAFD,0xAAFD,0xAAFD,0x8AFD,
    0xAAFD,0x8AFD,0xAAFD,0xAAFD,0xAAFD,0xAAFD,0xAAFD,0xAAFD,0xAAFD,0xAAFD,0x8AFD,0xAAFD,
    0xAAFD,0xAAFD,0x8AFD,0xAAFD,0x89FD,0x0BFE,0x47A3,0x6138,0x4138,0xAB6A,0xFFFF,0xDFFF,
    0xDFFF,0xFFFF,0x8E83,0x2130,0xC348,0xA240,0xA340,0xA240,0xA340,0xC340,0xA340,0xA340,
    0xA340,0xA340,0xA340,0xA340,0xA340,0xA340,0xA340,0xA240,0xA240,0xA340,0xA340,0xA340,
    0xC340,0xC340,0x6138,0x496A,0xFFFF,0xFFFF,0xFFFF,0xFFFF,0xFFFF,0xFFFF,0xDBE6,0xC338,
    0x8240,0x8138,0xA9D4,0xC9FD,0x89FD,0x8AFD,0xA9FD,0xA9FD,0xA9FD,0xA9FD,0xA9FD,0xA9FD,
    0xA9FD,0xA9FD,0xA9FD,0xA9FD,0xA9FD,0x89FD,0x89FD,0xA9FD,0x89FD,0x89FD,0x89FD,0x89FD,
    0xA9FD,0xA9FD,0xA9FD,0x89FD,0xAAFD,0x27F5,0x42E4,0x62EC,0x63EC,0x62E4,0xC4F4,0x8392,
    0x8238,0x8238,0xE279,0xE4F4,0xA2EC,0xA2EC,0xA3EC,0xA3EC,0xA3EC,0xA3EC,0xA3EC,0xA3EC,
    0xA2EC,0xA3F4,0x43E4,0xC2DB,0xE2DB,0xE2DB,0x04DC,0x4269,0x8340,0x2030,0xF3AC,0xFFFF,
    0xFFFF,0xD3AC,0x2030,0x8238,0xE471,0x4BFE,0x09FE,0x09F6,0xE8F5,0xC3EC,0xA2EC,0xA3EC,
    0xA3EC,0xA3EC,0xA3EC,0xA3EC,0xA3EC,0xA3EC,0xC3EC,0xA2EC,0xE4F4,0xA271,0x8238,0x6138,
    0xA39A,0xC3F4,0x62E4,0x63EC,0x83EC,0x63E4,0x27F5,0xA9FD,0x89FD,0x89FD,0x89FD,0x89FD,
    0x89FD,0x89FD,0x89FD,0x89FD,0x89FD,0x89FD,0x89FD,0x89FD,0x89FD,0xA9FD,0xA9FD,0xA9FD,
    0xA9FD,0xA9FD,0xA9FD,0xA9FD,0xA9FD,0xA9FD,0x89FD,0x89FD,0xA9FD,0x2AED,0xE248,0x8238,
    0x4130,0xD7C5,0xFFFF,0xFFFF,0xFFFF,0xFFFF,0xDFFF,0xFFFF,0xEF93,0x2130,0xC348,0xA340,
    0xA340,0xA340,0xA340,0xA340,0xA340,0xA340,0xA340,0xA340,0xA340,0xA340,0xA340,0xA340,
    0xC340,0x8238,0x2130,0x6138,0xA340,0xA340,0xA340,0xC348,0x2130,0xB2A4,0xFFFF,0xDFFF,
    0xFFFF,0xFFFF,0xE759,0x6138,0x6138,0x87AB,0x0BFE,0x89FD,0xAAFD,0xAAFD,0xAAFD,0xAAFD,
    0xAAFD,0xAAFD,0xAAFD,0xAAFD,0x8AFD,0xAAFD,0xAAFD,0x8AFD,0x8AFD,0x8AFD,0xAAFD,0x8AFD,
    0x8AFD,0x8AFD,0x8AFD,0x8AFD,0x8AFD,0xAAFD,0xA9FD,0xAAFD,0xAAFD,0xAAFD,0xAAFD,0xAAFD,
    0xAAFD,0xAAFD,0x8AFD,0xAAFD,0x89FD,0x0BFE,0xC8B3,0x6138,0x6138,0xE759,0xFFFF,0xFFFF,
    0xDFFF,0xFFFF,0xD3AC,0x2130,0xC348,0xA340,0xA240,0xA340,0x6130,0x2130,0x8238,0xA340,
    0xA240,0xA340,0xA340,0xA340,0xA340,0xA340,0xA340,0xA340,0xA240,0xA240,0xA340,0xA340,
    0xC340,0xC340,0x2130,0x6D83,0xFFFF,0xDFFF,0xFFFF,0xFFFF,0xFFFF,0xFFFF,0x18CE,0x6130,
    0xA340,0xC248,0x0AE5,0xA9FD,0x89FD,0x8AFD,0xAAFD,0xA9FD,0xA9FD,0xA9FD,0xA9FD,0xA9FD,
    0xA9FD,0xA9FD,0xA9FD,0xA9FD,0x89FD,0x89FD,0x89FD,0x89FD,0x89FD,0x89FD,0x89FD,0x89FD,
    0x89FD,0xA9FD,0xA9FD,0x89FD,0xA9FD,0x47F5,0x62E4,0x83EC,0x82EC,0x62E4,0xC4F4,0xC4A2,
    0x8140,0x8238,0xC271,0xE4F4,0xA2EC,0xA3EC,0xA3EC,0xA3EC,0xA3EC,0xA3EC,0xA3EC,0xA2EC,
    0xA2EC,0xA2EC,0x42E4,0xC2DB,0xE2DB,0xC2DB,0x24DC,0x8269,0x8240,0x2030,0x92A4,0xFFFF,
    0xFFFF,0x71A4,0x2130,0x6238,0x447A,0x4BFE,0x09F6,0x09F6,0xC8F5,0xA3EC,0xA2EC,0xA3EC,
    0xA3EC,0xA3EC,0xA3EC,0xA3EC,0xA3EC,0xA3EC,0xA2EC,0xA2EC,0xC5EC,0x8269,0xA338,0x6138,
    0xE3A2,0xC3F4,0x62E4,0x63EC,0x83EC,0x63E4,0x47F5,0x89FD,0x89FD,0x89FD,0x89FD,0x89FD,
    0x89FD,0x89FD,0x89FD,0x89FD,0x89FD,0x89FD,0x89FD,0x89FD,0xA9FD,0xA9FD,0xA9FD,0xA9FD,
    0xA9FD,0xA9FD,0xA9FD,0xA9FD,0xA9FD,0x89FD,0x89FD,0x89FD,0x89FD,0xAAFD,0x8361,0x6230,
    0x2028,0xD3AC,0xFFFF,0xDFFF,0xFFFF,0xFFFF,0xFFFF,0xFFFF,0xB6C5,0x4130,0xC340,0xA240,
    0xA340,0xA340,0xA340,0xA340,0xA340,0xA340,0xA340,0xA340,0xA340,0xA340,0xA340,0xC340,
    0x6138,0x2549,0xCB72,0x8651,0x4130,0xA240,0xA340,0xC340,0x8238,0x9ADE,0xFFFF,0xDFFF,
    0xFFFF,0x3CEF,0x0441,0x8238,0x6138,0x29C4,0x0AFE,0x89FD,0xAAFD,0xAAFD,0xAAFD,0xAAFD,
    0xAAFD,0xAAFD,0xAAFD,0xAAFD,0xAAFD,0xAAFD,0xAAFD,0xAAFD,0x8AFD,0xAAFD,0xAAFD,0xAAFD,
    0xAAFD,0xAAFD,0xAAFD,0xAAFD,0xAAFD,0xAAFD,0xAAFD,0xAAFD,0xAAFD,0xAAFD,0xAAFD,0xAAFD,
    0xAAFD,0x8AFD,0x8AFD,0xAAFD,0x89FD,0xEAFD,0x69CC,0x6138,0x8238,0x0441,0x3CEF,0xFFFF,
    0xDFFF,0xFFFF,0x9ADE,0x8238,0xA340,0xA240,0xA340,0x4130,0xA651,0xAA72,0x0441,0x6138,
    0xA348,0xC340,0xA340,0xA340,0xA340,0xA340,0xA340,0xA340,0xA340,0xA240,0xA340,0xA340,
    0xA340,0xC340,0x2130,0x55B5,0xFFFF,0xDFFF,0xFFFF,0xFFFF,0xDFFF,0xFFFF,0xD3AC,0x2030,
    0x8240,0x4359,0x8AF5,0x89FD,0x89FD,0x89FD,0x89FD,0xA9FD,0xA9FD,0xA9FD,0xA9FD,0xA9FD,
    0xA9FD,0xA9FD,0xA9FD,0x89FD,0x89FD,0x89FD,0x89FD,0x89FD,0x89FD,0x89FD,0xA9FD,0xA9FD,
    0x89FD,0xA9FD,0xA9FD,0x89FD,0xA9FD,0x47F5,0x63E4,0x83EC,0x83EC,0x62E4,0xC3F4,0x04AB,
    0x6140,0x8238,0x8269,0xC5F4,0xA2EC,0xA3EC,0xA3EC,0xA3EC,0xA3EC,0xA3EC,0xA3EC,0xA2EC,
    0xA2EC,0xA2EC,0x43E4,0xC2DB,0xE2DB,0xC2DB,0x04DC,0xA271,0x8238,0x2030,0x309C,0xFFFF,
    0xFFFF,0xEF93,0x4130,0x6238,0x657A,0x6BFE,0x09F6,0x29FE,0xA8F5,0xA2EC,0xA2EC,0xA3EC,
    0xA3EC,0xA3EC,0xA3EC,0xA3EC,0xC3EC,0xA3EC,0xC2EC,0xC2F4,0xC5EC,0x6261,0xA240,0x6138,
    0x03AB,0xC3F4,0x62E4,0x63EC,0x63EC,0x63E4,0x47F5,0x89FD,0x89F5,0x89F5,0x89FD,0x89FD,
    0x89FD,0x89FD,0x89FD,0x89FD,0x89FD,0x89FD,0x89FD,0x89FD,0xA9FD,0xA9FD,0xA9FD,0xA9FD,
    0xA9FD,0xA9FD,0xA9FD,0xA9FD,0x89FD,0xA9FD,0x89FD,0x89FD,0x69FD,0xEAFD,0x6582,0x4230,
    0x2130,0x0C7B,0xFFFF,0xFFFF,0xFFFF,0xFFFF,0xFFFF,0xFFFF,0x9EF7,0x4549,0x6238,0xA240,
    0xA240,0xA340,0xA340,0xA340,0xA340,0xA340,0xA340,0xA340,0xA340,0xA340,0xC340,0x6138,
    0x8651,0x1CE7,0xFFFF,0x9EF7,0x8A6A,0x2130,0xC340,0x4138,0x0862,0xFFFF,0xFFFF,0xFFFF,
    0xFFFF,0xF7C5,0x4130,0xA338,0xA140,0xEADC,0xC9FD,0x8AFD,0xAAFD,0xAAFD,0x8AFD,0xAAFD,
    0xAAFD,0xAAFD,0xAAFD,0xAAFD,0xAAFD,0xAAFD,0xAAFD,0xAAFD,0xAAFD,0xAAFD,0xAAFD,0xAAFD,
    0xAAFD,0xAAFD,0xAAFD,0xAAFD,0xAAFD,0xAAFD,0xAAFD,0xAAFD,0xAAFD,0xAAFD,0xAAFD,0xAAFD,
    0xAAFD,0xAAFD,0xAAFD,0xAAFD,0x89FD,0xA9FD,0x0AE5,0xC240,0xA338,0x4130,0xD7C5,0xFFFF,
    0xFFFF,0xFFFF,0xFFFF,0x2862,0x4130,0xC340,0x4130,0xAA6A,0xBEF7,0xFFFF,0xFBE6,0x8651,
    0x6238,0xC340,0xA240,0xA340,0xA340,0xA340,0xA240,0xA240,0xA340,0xA240,0xA340,0xA340,
    0xA340,0x8238,0x0441,0x5DEF,0xFFFF,0xFFFF,0xFFFF,0xFFFF,0xFFFF,0xFFFF,0x2C7B,0x4138,
    0x6238,0x247A,0xCAFD,0x89FD,0x89FD,0x89FD,0x89FD,0x89FD,0xA9FD,0xA9FD,0xA9FD,0xA9FD,
    0xA9FD,0xA9FD,0xA9FD,0xA9FD,0x89FD,0x89FD,0x89FD,0x89FD,0x89FD,0x89FD,0x89FD,0x89FD,
    0x89FD,0x89FD,0x89FD,0x89FD,0x89FD,0x47F5,0x83E4,0x83EC,0x83EC,0x62E4,0xC3F4,0x44B3,
    0x8140,0x8238,0x4261,0xC5EC,0xA2EC,0xA2EC,0xA2EC,0xA3EC,0xA3EC,0xA3EC,0xA3EC,0xA2EC,
    0xA2EC,0xA2EC,0x43E4,0xC2DB,0xE2DB,0xC2DB,0x24E4,0xC379,0x8238,0x2030,0xEF93,0xFFFF,
    0xFFFF,0xAF93,0x4130,0x6238,0xA582,0x6BFE,0x09F6,0x2AFE,0xA7F5,0xA2EC,0xA2EC,0xA3EC,
    0xA3EC,0xA3EC,0xA3EC,0xC3EC,0xC3EC,0xA3EC,0xA2EC,0xC2F4,0xA5EC,0x4261,0xA240,0x8140,
    0x23B3,0xC3F4,0x63E4,0x83EC,0x63EC,0x62E4,0x47FD,0xC9FD,0xC9FD,0xC9FD,0xC9FD,0xC9FD,
    0xC9FD,0xC9FD,0xC9FD,0xCAFD,0xC9FD,0xCAFD,0xEAFD,0xAAFD,0xA9FD,0xA9FD,0xA9FD,0xA9FD,
    0xA9FD,0xA9FD,0xA9FD,0xA9FD,0xA9FD,0x89FD,0x89FD,0x89FD,0x69FD,0xCAFD,0xA7AB,0x4130,
    0x8240,0x4549,0x9EF7,0xFFFF,0xFFFF,0xFFFF,0xFFFF,0xFFFF,0xFFFF,0x3094,0x0028,0xC340,
    0xA240,0xA340,0xA340,0xA340,0xA340,0xA340,0xA340,0xA340,0xA340,0xA340,0xC340,0x0028,
    0x719C,0xFFFF,0x9EF7,0xFFFF,0xD7C5,0x2028,0xC340,0x0028,0x34B5,0xFFFF,0xFFFF,0xFFFF,
    0xFFFF,0xCE8B,0x2130,0x8238,0x6359,0xAAF5,0xA9FD,0xAAFD,0xAAFD,0xAAFD,0xAAFD,0xAAFD,
    0xAAFD,0xAAFD,0xAAFD,0xAAFD,0xAAFD,0x8AFD,0x8AFD,0x8AFD,0x8AFD,0xAAFD,0xAAFD,0xAAFD,
    0xAAFD,0xAAFD,0xAAFD,0xAAFD,0xA9FD,0xAAFD,0xAAFD,0xAAFD,0xAAFD,0xAAFD,0xAAFD,0xAAFD,
    0xAAFD,0xAAFD,0xAAFD,0xAAFD,0xA9FD,0x89FD,0xAAFD,0xA361,0x8238,0x4130,0x8E83,0xFFFF,
    0xFFFF,0xDFFF,0xFFFF,0x35B5,0x0028,0xC340,0x4128,0x38CE,0xFFFF,0xBEF7,0xFFFF,0x92A4,
    0x0030,0xC340,0xA340,0xA240,0xC240,0xA240,0xA240,0xA240,0xA240,0xA240,0xA340,0xA340,
    0xC340,0x0028,0xCF8B,0xFFFF,0xDFFF,0xFFFF,0xFFFF,0xFFFF,0xFFFF,0x9EF7,0x6549,0x8240,
    0x4130,0x87A3,0xEAFD,0x89FD,0x89FD,0x89FD,0xA9FD,0xA9FD,0xA9FD,0xA9FD,0xA9FD,0xA9FD,
    0xA9FD,0xA9FD,0xAAFD,0xA9FD,0xA9FD,0xCAFD,0xCAFD,0xCAFD,0xCAFD,0xC9FD,0xC9FD,0xC9FD,
    0xC9FD,0xC9FD,0xC9FD,0xC9FD,0xC9FD,0x68FD,0x83E4,0x83EC,0x83EC,0x62EC,0xC3F4,0x64BB,
    0x8140,0xA238,0x2261,0xA5E4,0xA2EC,0xA3EC,0xA3EC,0xA3EC,0xA3EC,0xA3EC,0xA2EC,0xA2EC,
    0xA2EC,0xC2EC,0x42E4,0xC2DB,0xE2DB,0xC2DB,0x24E4,0xE379,0x8238,0x2138,0xAE8B,0xFFFF,
    0xFFFF,0xAE8B,0x4130,0x6238,0xC682,0x6BFE,0x09F6,0x2AFE,0xA7F5,0x82EC,0xA2EC,0xA3EC,
    0xA3EC,0xA3EC,0xA3EC,0xA3EC,0xA3EC,0xC3EC,0xA2EC,0xC2F4,0xA5E4,0x2259,0xA340,0x8140,
    0x44B3,0xC3F4,0x63EC,0x83EC,0x62EC,0x83EC,0xE8E4,0x48CC,0x48CC,0x48CC,0x48CC,0x48CC,
    0x48CC,0x48CC,0x48CC,0x68CC,0x68CC,0x89CC,0x89CC,0x8AF5,0xCAFD,0xAAFD,0xA9FD,0xA9FD,
    0xA9FD,0xA9FD,0xA9FD,0xA9FD,0xA9FD,0x89FD,0x89FD,0x89FD,0x89FD,0xA9FD,0x0AE5,0xC248,
    0xC348,0x6138,0x75BD,0xFFFF,0xFFFF,0xFFFF,0xFFFF,0xFFFF,0xFFFF,0x7DF7,0x6549,0x4130,
    0xA340,0xA340,0xA340,0xA340,0xA340,0xA340,0xA340,0xA340,0xA340,0xA340,0xC340,0x0028,
    0x8E83,0xFFFF,0xFFFF,0xFFFF,0x34B5,0x2128,0x2130,0x085A,0xDFFF,0xFFFF,0xFFFF,0xFFFF,
    0xBEF7,0x6651,0xA240,0x4130,0xC68A,0xEAFD,0x89FD,0xAAFD,0xAAFD,0xAAFD,0xAAFD,0xAAFD,
    0xAAFD,0xAAFD,0xAAFD,0xAAFD,0xAAFD,0xAAFD,0xAAFD,0x8AFD,0x8AFD,0x8AFD,0xAAFD,0xAAFD,
    0xAAFD,0xAAFD,0xAAFD,0xAAFD,0xAAFD,0xA9FD,0xAAFD,0xAAFD,0xAAFD,0xAAFD,0xAAFD,0x89FD,
    0xAAFD,0xAAFD,0xAAFD,0xAAFD,0xAAFD,0x89FD,0xEAFD,0x269B,0x4130,0xA240,0x4549,0x9EF7,
    0xFFFF,0xFFFF,0xDFFF,0xDFFF,0x4962,0x4130,0x6130,0x96BD,0xFFFF,0xFFFF,0xFFFF,0xEF93,
    0x0028,0xC340,0xA240,0xA340,0xA340,0xA240,0xA240,0xA240,0xA240,0xA340,0xA340,0xC340,
    0x6238,0x2441,0x5CEF,0xFFFF,0xFFFF,0xFFFF,0xFFFF,0xDFFF,0xFFFF,0x96BD,0x4130,0xC348,
    0xA148,0x0ADD,0xC9FD,0x89FD,0xA9FD,0xA9FD,0x89FD,0xA9FD,0xA9FD,0xA9FD,0xA9FD,0xA9FD,
    0xA9FD,0xAAFD,0xA9FD,0xCAFD,0xABF5,0xA9D4,0x89CC,0x69CC,0x68CC,0x48CC,0x48CC,0x48CC,
    0x48CC,0x48CC,0x68CC,0x68CC,0x88CC,0x49ED,0xA4EC,0x83EC,0x83EC,0x82EC,0xC3F4,0xA5BB,
    0x8140,0xA238,0x0259,0x85E4,0xA2F4,0xA3EC,0xA3EC,0xA3EC,0xA3EC,0xA3EC,0xA2EC,0xA2EC,
    0xA2EC,0xA2EC,0x42E4,0xC2DB,0xE2DB,0xC2DB,0x24E4,0x037A,0x8238,0x4138,0x6D8B,0xFFFF,
    0xFFFF,0x8E8B,0x4138,0x6238,0xC68A,0x6BFE,0x09F6,0x2AFE,0x87F5,0x82EC,0xA2EC,0xA3EC,
    0xA3EC,0xA3EC,0xA3EC,0xA2EC,0xA3EC,0xC3EC,0xA2EC,0xC2F4,0xA5E4,0x2259,0xA240,0x8140,
    0x64BB,0xC3F4,0x83EC,0x83EC,0x82EC,0x44DC,0x4259,0x6138,0x8138,0x8138,0x8138,0x8138,
    0x8238,0x8138,0x8140,0x8140,0xA140,0xA248,0x8140,0xE371,0xABF5,0xAAFD,0xA9FD,0xA9FD,
    0x89FD,0xA9FD,0xA9FD,0xA9FD,0x89FD,0xA9FD,0xA9FD,0x89FD,0x89FD,0x89FD,0x0BFE,0x4482,
    0x8240,0x8240,0x4962,0xFFFF,0xFFFF,0xFFFF,0xFFFF,0xFFFF,0xDFFF,0xFFFF,0xF7CD,0x4128,
    0x8240,0xA340,0xA340,0xA340,0xA340,0xA340,0xA340,0xC340,0xA340,0xA340,0xA340,0x8238,
    0xC338,0x55B5,0x7DF7,0xF8CD,0x6551,0x2130,0xC338,0xBADE,0xFFFF,0xFFFF,0xFFFF,0xFFFF,
    0x14B5,0x4138,0xC348,0x8138,0xA9D4,0xC9FD,0x89FD,0xAAFD,0xAAFD,0xAAFD,0xAAFD,0xAAFD,
    0xAAFD,0xAAFD,0xAAFD,0xAAFD,0xAAFD,0xAAFD,0xAAFD,0xAAFD,0xAAFD,0xAAFD,0xAAFD,0xAAFD,
    0xAAFD,0xAAFD,0xAAFD,0xAAFD,0xAAFD,0xA9FD,0x8AFD,0xAAFD,0xAAFD,0xAAFD,0xAAFD,0xAAFD,
    0xAAFD,0xAAFD,0xAAFD,0xAAFD,0xAAFD,0x89FD,0xCAFD,0xEADC,0xA140,0xC348,0x4030,0xF3AC,
    0xFFFF,0xFFFF,0xFFFF,0xFFFF,0xFBE6,0x2441,0x4138,0xA651,0x58CE,0x9EF7,0x55B5,0xC338,
    0x8238,0xA340,0xA340,0xA340,0xA340,0xC240,0xC340,0xC240,0xC340,0xA340,0xC340,0xA340,
    0x2028,0x96BD,0xFFFF,0xFFFF,0xFFFF,0xFFFF,0xFFFF,0xFFFF,0xFFFF,0x696A,0x4138,0x6240,
    0x047A,0x0BFE,0x89FD,0x89FD,0xA9FD,0x89FD,0x89FD,0xA9FD,0xA9FD,0xA9FD,0xA9FD,0xA9FD,
    0xA9FD,0xA9FD,0xAAFD,0xCBF5,0x247A,0x8140,0xA140,0xA140,0x8140,0x8140,0x8138,0x8138,
    0x8138,0x8138,0x8140,0xA140,0x8140,0xC271,0xA5E4,0xA3EC,0x83EC,0x82EC,0xC3F4,0xA5BB,
    0x8140,0xA238,0x0259,0x85E4,0xC2F4,0xA2EC,0xA2EC,0xA3EC,0xA3EC,0xA3EC,0xA3EC,0xA2EC,
    0xA2EC,0xA2EC,0x43E4,0xC2D3,0xE2DB,0xC2DB,0x23E4,0x0382,0x8238,0x4138,0x6D83,0xFFFF,
    0xFFFF,0x8E8B,0x4138,0x6238,0xC68A,0x6BFE,0x09F6,0x2AFE,0x67F5,0x82EC,0xA2EC,0xA3EC,
    0xA3EC,0xA3EC,0xA3EC,0xA3EC,0xC2EC,0xC2EC,0xC3EC,0xC2F4,0x85E4,0x2259,0xA340,0x8140,
    0x64BB,0xC3F4,0x83EC,0x63EC,0xA3EC,0xA4C3,0x0030,0x8338,0x8240,0x8238,0x8338,0x8338,
    0x8338,0x8238,0xA240,0xA240,0xA240,0xA340,0xA240,0x8140,0x0ADD,0xEAFD,0xA9FD,0xA9FD,
    0xA9FD,0xA9FD,0xA9FD,0xA9FD,0x89FD,0xA9FD,0xA9FD,0x89FD,0x89FD,0x89FD,0x0BFE,0x69CC,
    0x6140,0xE348,0x6130,0xB6C5,0xFFFF,0xFFFF,0xFFFF,0xFFFF,0xFFFF,0xDFFF,0xFFFF,0xD3A4,
    0x0028,0xA240,0xC348,0xA340,0xA340,0xA340,0xA340,0xC340,0xA340,0xC340,0xA340,0xC340,
    0x8238,0x6230,0x2441,0xA338,0x2138,0xA238,0x18CE,0xFFFF,0xDFFF,0xFFFF,0xFFFF,0xBEF7,
    0xA651,0x8240,0x8238,0x0472,0xEBFD,0x89FD,0x89FD,0xA9FD,0xAAFD,0xAAFD,0xAAFD,0xAAFD,
    0xAAFD,0x8AFD,0xAAFD,0xAAFD,0xAAFD,0xAAFD,0xAAFD,0xAAFD,0xAAFD,0xAAFD,0xA9FD,0xAAFD,
    0xAAFD,0xAAFD,0xAAFD,0xAAFD,0xA9FD,0xAAFD,0xAAFD,0xAAFD,0xAAFD,0xAAFD,0xAAFD,0xAAFD,
    0xAAFD,0xAAFD,0xAAFD,0xAAFD,0x8AFD,0xAAFD,0x89FD,0x0CFE,0x457A,0x6238,0x8238,0x8651,
    0xBEF7,0xFFFF,0xFFFF,0xFFFF,0xFFFF,0x79D6,0x0441,0x2038,0xC340,0x4549,0x6130,0x8238,
    0xA340,0xA340,0xA340,0xA340,0xA340,0xA340,0xA340,0xA340,0xA340,0xC348,0xA240,0x0028,
    0x91A4,0xFFFF,0xDFFF,0xFFFF,0xFFFF,0xFFFF,0xDFFF,0xFFFF,0xD7C5,0x4130,0xC348,0x6138,
    0x29C4,0x0BFE,0x89FD,0xA9FD,0xA9FD,0xA9FD,0xA9FD,0xA9FD,0xA9FD,0xA9FD,0xA9FD,0x89FD,
    0xA9FD,0xA9FD,0xCAFD,0x0AE5,0x6040,0x8240,0xA240,0xA240,0x8240,0x8238,0x8238,0x8238,
    0x8238,0x8238,0xA238,0xA240,0xA240,0xA148,0x25D4,0xC3EC,0x83EC,0x82EC,0xC3F4,0xA5BB,
    0x8140,0xA238,0x0259,0x85E4,0xC2F4,0xA3EC,0xA3EC,0xA3EC,0xA3EC,0xA3EC,0xA3EC,0xA3EC,
    0xA2EC,0xC2EC,0x42E4,0xC2DB,0xE2DB,0xC2DB,0x23E4,0x0382,0x8240,0x4138,0x6D83,0xFFFF,
    0xFFFF,0x8E8B,0x4138,0x6238,0xE68A,0x6BFE,0x09F6,0x2AFE,0x67F5,0x82EC,0xA2EC,0xA3EC,
    0xA3EC,0xA3EC,0xA3EC,0xA3EC,0xC2EC,0xC2EC,0xC2EC,0xC2F4,0x85EC,0x2259,0xA340,0x8140,
    0x64BB,0xC3F4,0x83EC,0x83EC,0x82EC,0x85E4,0x858A,0x4359,0x6361,0x6359,0x4359,0x4359,
    0x4359,0x6359,0x6359,0x6361,0x6361,0x8361,0x4359,0x26A3,0xEBFD,0xA9FD,0xA9FD,0x89FD,
    0xA9FD,0xA9FD,0xA9FD,0xA9FD,0xA9FD,0xA9FD,0xA9FD,0x89FD,0x89FD,0xA9FD,0xA9FD,0xEBFD,
    0xC371,0x8240,0x8240,0xC651,0xBEF7,0xFFFF,0xFFFF,0xFFFF,0xFFFF,0xFFFF,0xDFFF,0xFFFF,
    0x14B5,0xC338,0x4138,0xC348,0xC348,0xA340,0xA340,0xC340,0xA240,0xC340,0xA340,0xA340,
    0xC340,0xC340,0x8238,0x2030,0x6549,0x59D6,0xFFFF,0xFFFF,0xFFFF,0xDFFF,0xFFFF,0x3094,
    0x2030,0xE348,0x6140,0x69CC,0xEBFD,0x89FD,0xA9FD,0xAAFD,0xAAFD,0xAAFD,0xAAFD,0xAAFD,
    0x8AFD,0xAAFD,0xAAFD,0xAAFD,0xAAFD,0xAAFD,0xAAFD,0xAAFD,0xAAFD,0xAAFD,0xAAFD,0xAAFD,
    0xAAFD,0xAAFD,0xA9FD,0xAAFD,0xAAFD,0xAAFD,0xAAFD,0xAAFD,0xAAFD,0xAAFD,0xAAFD,0xAAFD,
    0xAAFD,0xAAFD,0xAAFD,0xAAFD,0x8AFD,0x8AFD,0x89FD,0xEBFD,0xAAD4,0x8140,0xC340,0x0028,
    0x519C,0xFFFF,0xDFFF,0xFFFF,0xFFFF,0xFFFF,0xBADE,0x8651,0x2030,0x8238,0xC340,0xC340,
    0xA340,0xA340,0xA340,0xA340,0xA340,0xA340,0xA340,0xC348,0xC348,0x4138,0xA338,0x14AD,
    0xFFFF,0xDFFF,0xDFFF,0xFFFF,0xFFFF,0xDFFF,0xFFFF,0x9EF7,0xC651,0x6140,0x8240,0xA369,
    0xECFD,0xA9FD,0xA9FD,0xA9FD,0xA9FD,0xA9FD,0xA9FD,0xA9FD,0xA9FD,0xA9FD,0x89FD,0xA9FD,
    0xA9FD,0x89FD,0xA9FD,0xCBFD,0x26A3,0x4361,0x8361,0x6361,0x6361,0x6359,0x6359,0x6359,
    0x4359,0x4359,0x6359,0x6359,0x6359,0xE59A,0xC5EC,0x83EC,0x83EC,0x83EC,0xC3F4,0xA5BB,
    0x8140,0xA240,0x0259,0x85E4,0xA2F4,0xA3EC,0xA3EC,0xA3EC,0xA3EC,0xA3EC,0xA3EC,0xA2EC,
    0xA2EC,0xC2EC,0x22E4,0xC2DB,0xE2DB,0xC2DB,0x23E4,0x0382,0x8240,0x4138,0x6D8B,0xFFFF,
    0xFFFF,0x8E8B,0x4138,0x6238,0xC68A,0x6BFE,0x09F6,0x2AFE,0x66F5,0x82EC,0xA2EC,0xA3EC,
    0xA3EC,0xA3EC,0xC3EC,0xC2EC,0xC2EC,0xA2EC,0xA2EC,0xC2F4,0xA5EC,0x2261,0xA240,0x6140,
    0x44B3,0xC3F4,0x83EC,0x83EC,0x83EC,0x83EC,0xA9FD,0xAAF5,0x8AF5,0x6AF5,0x6AF5,0x8AF5,
    0x6AF5,0x8AF5,0x8AF5,0x8AF5,0xABF5,0x8BF5,0xABF5,0xEBFD,0xAAFD,0x89FD,0x89FD,0x89FD,
    0xA9FD,0xA9FD,0x89FD,0x89FD,0xA9FD,0xA9FD,0x89FD,0x89FD,0xA9FD,0xA9FD,0x89FD,0x0BFE,
    0x89CC,0x8140,0xC348,0x2030,0x8E83,0xFFFF,0xDFFF,0xFFFF,0xFFFF,0xFFFF,0xFFFF,0xFFFF,
    0xFFFF,0x9ADE,0x4962,0x4130,0x4138,0xA240,0xC340,0xC340,0xC340,0xC348,0xC348,0xC348,
    0x8240,0x2030,0x4128,0x0C73,0x5DEF,0xFFFF,0xFFFF,0xFFFF,0xFFFF,0xFFFF,0x38D6,0x6130,
    0xC240,0x6238,0x0472,0x0CFE,0xA9FD,0xAAFD,0xAAFD,0xAAFD,0xAAFD,0x8AFD,0xAAFD,0xAAFD,
    0xAAFD,0xAAFD,0xAAFD,0xAAFD,0xAAFD,0xAAFD,0xAAFD,0xAAFD,0xAAFD,0xAAFD,0xAAFD,0xAAFD,
    0xAAFD,0xA9FD,0xAAFD,0xAAFD,0xAAFD,0xAAFD,0xAAFD,0xAAFD,0xAAFD,0xAAFD,0xAAFD,0xAAFD,
    0xAAFD,0xAAFD,0xAAFD,0xAAFD,0xAAFD,0x8AFD,0xAAFD,0x89FD,0x0CFE,0x6582,0x2130,0xA238,
    0x8230,0x79D6,0xFFFF,0xFFFF,0xFFFF,0xFFFF,0xFFFF,0x7DEF,0x0C73,0x6128,0x2030,0x8240,
    0xA348,0xC348,0xC340,0xC340,0xC340,0xC340,0xA240,0x4138,0x4138,0x696A,0xBADE,0xFFFF,
    0xFFFF,0xFFFF,0xFFFF,0xFFFF,0xFFFF,0xDEFF,0xFFFF,0x8E8B,0x0028,0xC348,0x4138,0x28C4,
    0x0BFE,0x89FD,0xA9FD,0xA9FD,0xA9FD,0xA9FD,0xA9FD,0xA9FD,0xA9FD,0xA9FD,0xA9FD,0xA9FD,
    0xA9FD,0x89FD,0xA9FD,0xCAFD,0xEBFD,0xABF5,0xABF5,0xABF5,0xABF5,0x8BF5,0x6AF5,0x6AF5,
    0x6AF5,0x6AF5,0x6AF5,0x6AF5,0x8BF5,0xAAFD,0x83EC,0x83EC,0x83EC,0x82EC,0xC3F4,0x85BB,
    0x8140,0xA238,0x2259,0x85EC,0xA2F4,0xA3EC,0xA3EC,0xA3EC,0xA3EC,0xA3EC,0xA3EC,0xA2EC,
    0xA2EC,0xA2EC,0x22E4,0xC2DB,0xE2DB,0xC2DB,0x24E4,0x0382,0x8340,0x4138,0x8E8B,0xFFFF,
    0xFFFF,0xAE93,0x2138,0x6238,0xA582,0x6BFE,0x09F6,0x2AFE,0x66F5,0x82EC,0xA3EC,0xA3EC,
    0xA3EC,0xA3EC,0xA3EC,0xA2EC,0xA2EC,0xA2EC,0xA3EC,0xC2EC,0xA5EC,0x4261,0xA340,0x6140,
    0x23B3,0xC3F4,0x63EC,0x83EC,0x83EC,0x63E4,0x47F5,0xA9FD,0x89FD,0x89FD,0xA9FD,0xA9FD,
    0xA9FD,0xA9FD,0xA9FD,0xA9FD,0xA9FD,0xA9FD,0xA9FD,0x89FD,0x89FD,0x89FD,0x89FD,0x89FD,
    0x89FD,0x89FD,0xA9FD,0xA9FD,0xA9FD,0xA9FD,0xA9FD,0x89FD,0xA9FD,0xA9FD,0xA9FD,0xA9FD,
    0x0BFE,0xC58A,0x2130,0xC340,0x2028,0xF3AC,0xFFFF,0xDFFF,0xFFFF,0xFFFF,0xFFFF,0xFFFF,
    0xDFFF,0xFFFF,0xFFFF,0x55B5,0x4962,0xA338,0x0028,0x0028,0x0030,0x2030,0x2130,0x6238,
    0x2449,0x0C7B,0x17CE,0xFFFF,0xFFFF,0xFFFF,0xFFFF,0xFFFF,0xFFFF,0x5DEF,0x4549,0x4130,
    0xA338,0x8138,0xEADC,0xEAFD,0xAAFD,0xAAFD,0xAAFD,0xAAFD,0xAAFD,0xAAFD,0xAAFD,0xAAFD,
    0xAAFD,0xAAFD,0xAAFD,0xAAFD,0xAAFD,0xAAFD,0xAAFD,0xAAFD,0xAAFD,0xAAFD,0xA9FD,0xAAFD,
    0xAAFD,0xAAFD,0xAAFD,0xAAFD,0xAAFD,0xAAFD,0xAAFD,0xAAFD,0xAAFD,0xAAFD,0xAAFD,0xAAFD,
    0xAAFD,0xAAFD,0x89FD,0xAAFD,0xAAFD,0xAAFD,0xAAFD,0xAAFD,0xCAFD,0x2AE5,0xA140,0x8238,
    0x6138,0x6649,0x7DEF,0xFFFF,0xFFFF,0xFFFF,0xFFFF,0xFFFF,0xFFFF,0x38CE,0x0C73,0x0449,
    0x6138,0x2030,0x0028,0x0028,0x0028,0x2028,0xA338,0x696A,0x75BD,0xFFFF,0xFFFF,0xDFFF,
    0xFFFF,0xFFFF,0xFFFF,0xFFFF,0xDFFF,0xFFFF,0xF3AC,0x2028,0xA340,0x2130,0x657A,0x0BFE,
    0xA9FD,0xAAFD,0xA9FD,0xA9FD,0xA9FD,0xA9FD,0x89FD,0xA9FD,0xA9FD,0xA9FD,0xA9FD,0xA9FD,
    0xA9FD,0xA9FD,0x89FD,0xA9FD,0x89FD,0xA9FD,0xA9FD,0xA9FD,0xA9FD,0xA9FD,0xA9FD,0xA9FD,
    0xA9FD,0xA9FD,0xA9FD,0x89FD,0xA9FD,0x47F5,0x63E4,0x83EC,0x83EC,0x62EC,0xC3F4,0x64B3,
    0x8140,0xA238,0x4261,0xA5EC,0xA2F4,0xA3EC,0xA3EC,0xA3EC,0xA3EC,0xA3EC,0xA2EC,0xA2EC,
    0xA2EC,0xA3EC,0x23E4,0xC2DB,0xE3DB,0xC2DB,0x24E4,0xE379,0x8240,0x4138,0xAE93,0xFFFF,
    0xFFFF,0xEF93,0x2138,0x6238,0x857A,0x6BFE,0x09F6,0x2AFE,0x66F5,0x82EC,0xA3EC,0xA3EC,
    0xA3EC,0xA3EC,0xA3EC,0xC2EC,0xC2EC,0xC2EC,0xA2EC,0xA2EC,0xC5EC,0x6269,0xA340,0x6140,
    0xE3AA,0xC3EC,0x63E4,0x83EC,0x62EC,0x63E4,0x47F5,0x89FD,0x89FD,0x89FD,0x89FD,0xA9FD,
    0xA9FD,0xA9FD,0xA9FD,0xA9FD,0x89FD,0xA9FD,0x89FD,0x89FD,0xA9FD,0x89FD,0x89FD,0x89FD,
    0x89FD,0xA9FD,0xA9FD,0xA9FD,0x89FD,0xA9FD,0xA9FD,0xA9FD,0xA9FD,0xA9FD,0xA9FD,0x89FD,
    0xA9FD,0x8BF5,0x4359,0x6230,0xA340,0x6128,0x14B5,0xFFFF,0xFFFF,0xFFFF,0xFFFF,0xFFFF,
    0xFFFF,0xFFFF,0xFFFF,0xFFFF,0xFFFF,0x3CEF,0xB6C5,0x92A4,0x309C,0x71A4,0x14AD,0x38CE,
    0x7DF7,0xFFFF,0xFFFF,0xDFFF,0xFFFF,0xFFFF,0xFFFF,0xFFFF,0x9EF7,0x0862,0x4130,0xC340,
    0x2028,0x87A3,0x0AFE,0x89FD,0xAAFD,0xAAFD,0xAAFD,0xAAFD,0xAAFD,0xAAFD,0xAAFD,0xAAFD,
    0xAAFD,0xAAFD,0xAAFD,0xAAFD,0xAAFD,0xAAFD,0xAAFD,0xAAFD,0xAAFD,0xAAFD,0xAAFD,0xAAFD,
    0xAAFD,0xAAFD,0xAAFD,0xAAFD,0xA9FD,0xAAFD,0xAAFD,0xAAFD,0xAAFD,0xAAFD,0xAAFD,0x8AFD,
    0xAAFD,0xAAFD,0x89FD,0x8AFD,0xAAFD,0xAAFD,0xAAFD,0xAAFD,0x89FD,0xEAFD,0xE8B3,0x2030,
    0xC340,0x4138,0x2862,0x9EF7,0xFFFF,0xFFFF,0xFFFF,0xFFFF,0xDFFF,0xFFFF,0xFFFF,0x5DEF,
    0x18CE,0xF3AC,0x519C,0x519C,0xF3AC,0xD7C5,0x3CEF,0xFFFF,0xFFFF,0xFFFF,0xFFFF,0xFFFF,
    0xFFFF,0xFFFF,0xFFFF,0xFFFF,0xFFFF,0x55BD,0x6130,0xA240,0x6230,0x0249,0x4AED,0xC9FD,
    0x89FD,0xA9FD,0xA9FD,0xA9FD,0xA9FD,0xA9FD,0xA9FD,0xA9FD,0x89FD,0x89FD,0xA9FD,0xA9FD,
    0xA9FD,0xA9FD,0x89FD,0x89FD,0x89FD,0x89FD,0x89FD,0x89FD,0x89FD,0x89FD,0xA9FD,0xA9FD,
    0xA9FD,0xA9FD,0x89FD,0x89FD,0xA9FD,0x47F5,0x62E4,0x83EC,0x83EC,0x62E4,0xC3F4,0x24AB,
    0x6140,0x8238,0x6261,0xA4EC,0xA2EC,0xA2EC,0xA3EC,0xA3EC,0xA3EC,0xA3EC,0xA2EC,0xA2EC,
    0xC2EC,0xA3EC,0x02DC,0xE2DB,0xE3DB,0xE2DB,0x24E4,0xC279,0x8240,0x4138,0xF093,0xFFFF,
    0xFFFF,0x51A4,0x4130,0x8238,0x647A,0x6BFE,0x09F6,0x2AFE,0x66F5,0x82EC,0xA2EC,0xA3EC,
    0xA3EC,0xA3EC,0xA3EC,0xA2EC,0xA2EC,0xA2EC,0xA2EC,0xA2EC,0xC5F4,0x8269,0x8238,0x6138,
    0xC3A2,0xA3F4,0x62E4,0x63EC,0x62EC,0x63E4,0x47F5,0xA9FD,0x89FD,0x89FD,0xA9FD,0xA9FD,
    0xA9FD,0xA9FD,0x89FD,0xA9FD,0xA9FD,0xA9FD,0x89FD,0x89FD,0xA9FD,0x89FD,0x89FD,0x89FD,
    0x89FD,0x89FD,0xA9FD,0x89FD,0x89FD,0xA9FD,0xA9FD,0xA9FD,0xA9FD,0xAAFD,0xA9FD,0x89FD,
    0x89FD,0xC9FD,0xCADC,0xA140,0x8238,0xA338,0x4128,0xB2A4,0xFFFF,0xFFFF,0xFFFF,0x9DF7,
    0x1CE7,0xBADE,0x79D6,0x18CE,0x17CE,0x79DE,0xFBE6,0x9DF7,0xFFFF,0xFFFF,0xFFFF,0xFFFF,
    0xFFFF,0xFFFF,0xDFFF,0xDFFF,0xFFFF,0xDFFF,0xFFFF,0x3CEF,0x085A,0x2130,0xE348,0x2128,
    0x6582,0xEBFD,0x89FD,0xA9FD,0xAAFD,0xAAFD,0xAAFD,0xAAFD,0x8AFD,0x8AFD,0x8AFD,0xAAFD,
    0xAAFD,0xAAFD,0xAAFD,0xAAFD,0xAAFD,0xAAFD,0xAAFD,0xAAFD,0x8AFD,0xAAFD,0xAAFD,0xAAFD,
    0xAAFD,0xAAFD,0xAAFD,0xAAFD,0x8AFD,0xAAFD,0xAAFD,0xAAFD,0xAAFD,0xAAFD,0x8AFD,0xAAFD,
    0xAAFD,0xAAFD,0x8AFD,0xAAFD,0xAAFD,0xAAFD,0xAAFD,0xAAFD,0x89FD,0x89FD,0xEBFD,0xE692,
    0x2130,0xE450,0x4138,0x075A,0x1CE7,0xFFFF,0xDFFF,0xDFFF,0xDFFF,0xDFFF,0xFFFF,0xFFFF,
    0xFFFF,0xFFFF,0xFFFF,0xFFFF,0x9DF7,0xFBEE,0x79DE,0x38CE,0x38CE,0x59D6,0x9ADE,0xFBE6,
    0x7DEF,0xDFFF,0xFFFF,0xFFFF,0xD3A4,0x6130,0x8238,0x8238,0x6138,0x89CC,0xC9FD,0x69FD,
    0x89FD,0xA9FD,0xA9FD,0xA9FD,0xA9FD,0xA9FD,0x89FD,0xA9FD,0xA9FD,0x89FD,0x89FD,0x89FD,
    0xA9FD,0xA9FD,0xA9FD,0x89FD,0x89FD,0x89FD,0xA9FD,0xA9FD,0xA9FD,0xA9FD,0xA9FD,0xA9FD,
    0xA9FD,0xA9FD,0xA9FD,0x89FD,0xA9FD,0x27F5,0x42E4,0x63EC,0x63EC,0x62E4,0xC3EC,0x03A3,
    0x6138,0x8238,0x8271,0xC4F4,0xA2EC,0xA2EC,0xA3EC,0xA3EC,0xA3EC,0xA3EC,0xA3EC,0xA2EC,
    0xA2EC,0xA3EC,0xE2DB,0xC3DB,0xE3DB,0xC2DB,0x24DC,0xA271,0x8240,0x2138,0x519C,0xFFFF,
    0xFFFF,0xB2AC,0x4138,0x8240,0x2472,0x4CFE,0x09F6,0x2AFE,0x66F5,0x82EC,0xA2EC,0xA3EC,
    0xA3EC,0xA3EC,0xA3EC,0xA3EC,0xA2EC,0xA2EC,0xA3EC,0xA2EC,0xE5F4,0xC379,0x8238,0x6238,
    0x8392,0xA3EC,0x62E4,0x63EC,0x62EC,0x63E4,0x27F5,0xA9FD,0x89FD,0x89FD,0xA9FD,0x89FD,
    0xA9FD,0x89FD,0x89FD,0x89FD,0x89FD,0x89FD,0x89FD,0x89FD,0x89FD,0x89FD,0x89FD,0x89FD,
    0x89FD,0x89FD,0xA9FD,0x89FD,0x89FD,0xA9FD,0xA9FD,0xA9FD,0xA9FD,0xA9FD,0xA9FD,0x89FD,
    0x89F5,0x68F5,0xE9FD,0xAACC,0xC240,0xA340,0xA340,0x6138,0x4D83,0x4D83,0x0862,0x6549,
    0x0441,0xC340,0x8238,0x6230,0x6230,0x6230,0x8230,0xE338,0x6549,0x2962,0x4D83,0xB3A4,
    0x18CE,0x7DEF,0xFFFF,0xFFFF,0xFFFF,0xFFFF,0x18CE,0x6549,0x4138,0xE348,0x2130,0x2472,
    0xABFD,0x89FD,0x89FD,0x89FD,0x8AFD,0xAAFD,0xAAFD,0xAAFD,0xAAFD,0xAAFD,0xAAFD,0xAAFD,
    0xAAFD,0xAAFD,0xAAFD,0xAAFD,0xAAFD,0xAAFD,0xA9FD,0xAAFD,0xAAFD,0x89FD,0x89FD,0xAAFD,
    0xAAFD,0xAAFD,0xAAFD,0xAAFD,0xAAFD,0xAAFD,0xAAFD,0xAAFD,0xAAFD,0xAAFD,0xAAFD,0xAAFD,
    0xAAFD,0xAAFD,0xAAFD,0xAAFD,0xAAFD,0xAAFD,0xAAFD,0xAAFD,0x89FD,0x89FD,0x89FD,0xEBFD,
    0x858A,0x4138,0xE348,0x4138,0x2441,0x18CE,0xFFFF,0xFFFF,0xFFFF,0xFFFF,0x7DF7,0x38CE,
    0xD3AC,0x4D83,0x0862,0x4549,0xC338,0x8230,0x6230,0x6230,0x8238,0x8238,0xA340,0xE340,
    0x4551,0xE759,0x2C7B,0x0C7B,0x4130,0xA340,0xA240,0xA240,0x69CC,0x0AFE,0x68F5,0x89FD,
    0x89FD,0xA9FD,0xA9FD,0xA9FD,0xA9FD,0xA9FD,0x89FD,0xA9FD,0xA9FD,0xA9FD,0x89FD,0xA9FD,
    0xA9FD,0xA9FD,0xA9FD,0xA9FD,0x89FD,0xA9FD,0xA9FD,0xA9FD,0xA9FD,0xA9FD,0xA9FD,0xA9FD,
    0xA9FD,0xA9FD,0xA9FD,0xA9FD,0xA9FD,0x47F5,0x62E4,0x63EC,0x63EC,0x62E4,0xC4EC,0xC49A,
    0x6138,0x8238,0xC279,0xC4F4,0xA2EC,0xA2EC,0xA2EC,0xA3EC,0xA3EC,0xA3EC,0xA3EC,0xA2EC,
    0xC2EC,0xA3EC,0xE2DB,0xC2DB,0xE3DB,0xC2DB,0x04DC,0x6269,0xA240,0x2130,0xB2AC,0xFFFF,
    0xFFFF,0x14B5,0x4138,0xA240,0xC369,0x4BFE,0x29FE,0x4AFE,0x87F5,0xA2EC,0xC2EC,0xA3EC,
    0xA3EC,0xA3EC,0xA3EC,0xA3EC,0xA2EC,0xA2EC,0xC3EC,0xA2EC,0xE4F4,0x0382,0x6238,0x6238,
    0x438A,0xA4EC,0x62E4,0x62EC,0x63EC,0x62E4,0x27F5,0xAAFD,0xA9FD,0xA9FD,0xA9FD,0xA9FD,
    0xA9FD,0xA9FD,0xA9FD,0xA9FD,0xA9FD,0x89FD,0xA9FD,0x89FD,0x89FD,0x89FD,0x89FD,0x89FD,
    0x89FD,0xA9FD,0xA9FD,0x89FD,0xA9FD,0xA9FD,0xA9FD,0xA9FD,0x89FD,0x89FD,0x89FD,0x89FD,
    0xC9FD,0xEAFD,0x29E5,0x49C4,0xA461,0x8238,0xC348,0xE348,0x6140,0x6138,0x8240,0xA240,
    0xA340,0xA340,0xA340,0x8338,0xA338,0x8340,0xA340,0xA340,0xA240,0x8238,0x4130,0x4130,
    0x6130,0x2441,0xAA6A,0xB2A4,0xBADE,0xEF93,0x6130,0x8238,0xC340,0x2030,0x657A,0xEBFD,
    0xA9FD,0x89FD,0xA9FD,0xA9FD,0xAAFD,0xAAFD,0xAAFD,0xAAFD,0xAAFD,0xAAFD,0x8AFD,0xAAFD,
    0xAAFD,0xAAFD,0xAAFD,0xAAFD,0xAAFD,0xAAFD,0xAAFD,0xAAFD,0xAAFD,0xAAFD,0xAAFD,0xAAFD,
    0xAAFD,0xAAFD,0xAAFD,0xAAFD,0xAAFD,0xAAFD,0xAAFD,0x8AFD,0xAAFD,0xAAFD,0xAAFD,0xAAFD,
    0x8AFD,0xAAFD,0xAAFD,0xAAFD,0xAAFD,0xA9FD,0xAAFD,0x89FD,0x89FD,0x89FD,0x89FD,0xA9FD,
    0x0CFE,0xC68A,0x2030,0xA340,0x6238,0x6230,0x1094,0xBADE,0xF3AC,0x8A6A,0x2449,0x8238,
    0x4138,0x4138,0x8238,0x8240,0xA340,0xA340,0xA340,0x8340,0xA340,0xA340,0xA340,0xA348,
    0xA348,0xA240,0x6240,0x8240,0xE348,0xC340,0x8238,0x2351,0xE9B3,0x09E5,0xCAFD,0xE9FD,
    0x89FD,0x89FD,0xA9FD,0xA9FD,0xA9FD,0xA9FD,0xA9FD,0xA9FD,0xA9FD,0xA9FD,0xA9FD,0xA9FD,
    0xA9FD,0xA9FD,0xA9FD,0xA9FD,0xA9FD,0xA9FD,0xA9FD,0xA9FD,0xA9FD,0xA9FD,0xA9FD,0xA9FD,
    0xA9FD,0xA9FD,0xA9FD,0xA9FD,0xA9FD,0x27F5,0x62E4,0x63EC,0x63EC,0x62E4,0xA4EC,0x6392,
    0x6238,0x6238,0x0382,0xE4F4,0xA2EC,0xA3EC,0xA2EC,0xA3EC,0xA3EC,0xA3EC,0xA3EC,0xA2EC,
    0xC2EC,0x83EC,0xE2DB,0xE2DB,0xE3DB,0xE2DB,0x04DC,0x4261,0xA340,0x2130,0xF4AC,0xFFFF,
    0xFFFF,0x96C5,0x6138,0xA240,0x8361,0x2BF6,0x29FE,0x2AFE,0x87F5,0x82EC,0xC2EC,0xA3EC,
    0xA3EC,0xA3EC,0xA3EC,0xA3EC,0xA3EC,0xA2EC,0xA3EC,0xA2EC,0xE4FC,0x438A,0x6230,0x6238,
    0xE279,0xA4EC,0x62EC,0x62EC,0x63EC,0x63EC,0x07F5,0xAAFD,0xA9FD,0xA9FD,0xA9FD,0xA9FD,
    0xA9FD,0xA9FD,0xA9FD,0xA9FD,0x89FD,0xA9FD,0xA9FD,0xA9FD,0xA9FD,0x89FD,0x89FD,0x89FD,
    0x89FD,0xA9FD,0xA9FD,0xA9FD,0xA9FD,0xA9FD,0xAAFD,0xA9FD,0xA9FD,0x89FD,0x89FD,0xAAFD,
    0x08BC,0x247A,0xE248,0x4130,0x8240,0xC348,0xA340,0xA240,0x8240,0x6240,0x6238,0x8238,
    0xA240,0xC248,0xE348,0x0349,0x0351,0x0351,0xE248,0xA240,0x8238,0x6238,0x6238,0x8238,
    0xA340,0x8240,0x6138,0x4138,0xC240,0x4138,0xA240,0xA340,0xC240,0x279B,0xEBFD,0xCAFD,
    0xA9FD,0xA9FD,0x89FD,0xA9FD,0xA9FD,0xAAFD,0xAAFD,0x8AFD,0xAAFD,0xAAFD,0xAAFD,0xAAFD,
    0xAAFD,0xAAFD,0xAAFD,0xAAFD,0xAAFD,0xAAFD,0xAAFD,0xA9FD,0xAAFD,0xAAFD,0xAAFD,0xAAFD,
    0xAAFD,0xAAFD,0xAAFD,0xAAFD,0xAAFD,0xAAFD,0xAAFD,0xAAFD,0xAAFD,0xAAFD,0xAAFD,0xAAFD,
    0xAAFD,0xAAFD,0xAAFD,0xAAFD,0xAAFD,0xAAFD,0xAAFD,0xA9FD,0xA9FD,0xA9FD,0xA9FD,0xA9FD,
    0xAAFD,0xEBFD,0x87AB,0xC248,0x8238,0x8238,0x4130,0xA240,0x4130,0x4138,0xA240,0xA340,
    0x8240,0x6238,0x6238,0x8240,0xA140,0xC248,0xE248,0x0249,0x0249,0xE248,0xE248,0xA240,
    0x8238,0x8238,0x8238,0x8238,0xA240,0xA340,0xC340,0xA340,0x4138,0xC248,0x0472,0xC7B3,
    0xAAFD,0x89FD,0x89FD,0x89FD,0x8AFD,0xA9FD,0x89FD,0xA9FD,0xA9FD,0xA9FD,0xA9FD,0xA9FD,
    0xA9FD,0xA9FD,0xA9FD,0xA9FD,0xA9FD,0xA9FD,0xA9FD,0xA9FD,0xA9FD,0xA9FD,0xA9FD,0xA9FD,
    0xA9FD,0xA9FD,0xA9FD,0xA9FD,0xA9FD,0x06F5,0x62E4,0x62EC,0x62EC,0x62E4,0xA4EC,0x0382,
    0x6238,0x6138,0x4392,0xE4FC,0xA2EC,0xA3EC,0xA3EC,0xA3EC,0xA3EC,0xA3EC,0xA3EC,0xA2EC,
    0xA2EC,0x83EC,0xE2DB,0xE2DB,0xE2DB,0xE2DB,0xE4D3,0x2259,0xA340,0x4130,0x55BD,0xFFFF,
    0xFFFF,0x18CE,0x6238,0xA248,0x2359,0xEBED,0x4AFE,0x2AFE,0xA8F5,0xA2EC,0xA2EC,0xA3EC,
    0xA3EC,0xA3EC,0xA3EC,0xA3EC,0xA3EC,0xA2EC,0xA2EC,0xA2EC,0xE3FC,0xA392,0x4130,0x8238,
    0x8269,0x84EC,0x62EC,0x62EC,0x83EC,0x62EC,0xE6F4,0xAAFD,0xA9FD,0xA9FD,0xA9FD,0xA9FD,
    0xA9FD,0x89FD,0xA9FD,0xA9FD,0xA9FD,0xA9FD,0xA9FD,0x89FD,0xA9FD,0xA9FD,0x89FD,0x89FD,
    0x89FD,0xA9FD,0xA9FD,0xA9FD,0xA9FD,0xAAFD,0xA9FD,0x89FD,0x89FD,0x89FD,0xEAFD,0xC8B3,
    0x2030,0x6238,0xA340,0xA340,0x6238,0x4138,0xA140,0x4259,0x257A,0x069B,0xE8B3,0x69CC,
    0xC9D4,0x2AE5,0x4AED,0x6BED,0x6BED,0x6BED,0x2AE5,0xC9D4,0x28C4,0x67A3,0x8582,0x8361,
    0xE248,0x8140,0x6238,0xA348,0xC348,0xE348,0xC340,0x6238,0x0572,0xACED,0xEAFD,0xA9FD,
    0xAAFD,0xA9FD,0x89FD,0xA9FD,0xA9FD,0xA9FD,0xAAFD,0xAAFD,0xAAFD,0x8AFD,0xAAFD,0xAAFD,
    0xAAFD,0xAAFD,0xAAFD,0xAAFD,0xAAFD,0xAAFD,0xAAFD,0xAAFD,0xAAFD,0xAAFD,0xAAFD,0xAAFD,
    0xAAFD,0xAAFD,0xAAFD,0xAAFD,0xAAFD,0xAAFD,0xAAFD,0xAAFD,0xAAFD,0xAAFD,0xAAFD,0xAAFD,
    0x8AFD,0xAAFD,0xAAFD,0xAAFD,0xAAFD,0xAAFD,0xAAFD,0x8AFD,0xA9FD,0xA9FD,0xA9FD,0xA9FD,
    0x89FD,0xCAFD,0x8CED,0x267A,0x6130,0xA340,0xC348,0xC348,0xA340,0x4238,0x4130,0xC240,
    0x8361,0xA58A,0xA7AB,0x69CC,0xE9D4,0x2AE5,0x4AED,0x6AED,0x6AED,0x4AED,0x2AE5,0xE9DC,
    0x89CC,0x08BC,0x469B,0x457A,0x8361,0xC248,0x6138,0x6238,0xA340,0xA340,0x8238,0x2130,
    0x46A3,0xCAFD,0x89FD,0xA9FD,0x89FD,0xA9FD,0xA9FD,0xA9FD,0xA9FD,0xA9FD,0xA9FD,0xA9FD,
    0xA9FD,0xA9FD,0xA9FD,0xA9FD,0xA9FD,0xA9FD,0xA9FD,0x89FD,0xA9FD,0xA9FD,0xA9FD,0xA9FD,
    0xA9FD,0xA9FD,0xA9FD,0xA9FD,0xA9FD,0xE6F4,0x62E4,0x63EC,0x63EC,0x62E4,0xA4EC,0xA271,
    0x8238,0x6130,0xA39A,0xE3FC,0xA2EC,0xA3EC,0xA3EC,0xA3EC,0xA3EC,0xA3EC,0xA3EC,0xA3EC,
    0xA2EC,0x63EC,0xC2DB,0xE2DB,0xC2DB,0xE2E3,0xC4CB,0xE250,0xA340,0x4130,0xD7CD,0xFFFF,
    0xFFFF,0x9ADE,0xA240,0xA248,0xE248,0xABE5,0x4AFE,0x2AFE,0xC8FD,0xA3EC,0xA2EC,0xA2EC,
    0xA3EC,0xA3EC,0xA3EC,0xA3EC,0xA3EC,0xA2EC,0xA3EC,0xA2EC,0xE3F4,0x04A3,0x4130,0x8238,
    0x2259,0x64E4,0x82EC,0x63EC,0x83EC,0x63EC,0xE5EC,0xAAFD,0xA9FD,0xA9FD,0xA9FD,0xA9FD,
    0xA9FD,0xA9FD,0xA9FD,0xA9FD,0x89FD,0xA9FD,0xA9FD,0x89FD,0xA9FD,0xA9FD,0xA9FD,0xA9FD,
    0x89FD,0xA9FD,0xA9FD,0xAAFD,0xAAFD,0xAAFD,0xA9FD,0xA9FD,0x89FD,0x69FD,0x0AFE,0x069B,
    0x0020,0x8238,0x6138,0xE250,0x247A,0xA8AB,0xEAD4,0xABF5,0x0BFE,0x0BFE,0xEAFD,0xCAFD,
    0xA9FD,0xA9FD,0xA9FD,0xA9FD,0xA9FD,0xA9FD,0xC9FD,0xCAFD,0xCAFD,0xEAFD,0xEBFD,0xAAFD,
    0x4AED,0x89CC,0x269B,0x6361,0x8140,0x6230,0xA240,0xC340,0x8238,0xA140,0xC8B3,0xEAFD,
    0xA9FD,0xAAFD,0xA9FD,0xA9FD,0xAAFD,0x8AFD,0xAAFD,0x8AFD,0xAAFD,0x8AFD,0xAAFD,0xAAFD,
    0xAAFD,0xAAFD,0xAAFD,0xAAFD,0xAAFD,0xAAFD,0xAAFD,0xAAFD,0xAAFD,0xAAFD,0xAAFD,0xAAFD,
    0xAAFD,0xAAFD,0xAAFD,0xAAFD,0xAAFD,0xAAFD,0xAAFD,0x8AFD,0x8AFD,0xAAFD,0xAAFD,0xAAFD,
    0xAAFD,0xAAFD,0xAAFD,0xAAFD,0xAAFD,0xAAFD,0xA9FD,0xAAFD,0xA9FD,0xA9FD,0xA9FD,0xA9FD,
    0xCAFD,0x08BC,0x8138,0x6130,0xA340,0x8238,0x4138,0x6138,0x6259,0xC692,0x08BC,0x0AE5,
    0xABFD,0x0BFE,0x0BFE,0xEBFD,0xEAFD,0xC9FD,0xA9FD,0xA9FD,0xA9FD,0xA9FD,0xA9FD,0xC9FD,
    0xCAFD,0xEAFD,0x0BFE,0x0BFE,0xABF5,0x0ADD,0x08BC,0x858A,0x4259,0x8140,0x8240,0x0128,
    0xA58A,0xEAFD,0x89FD,0x89FD,0x89FD,0xA9FD,0xA9FD,0xA9FD,0xA9FD,0xA9FD,0xA9FD,0xA9FD,
    0xA9FD,0xA9FD,0xA9FD,0xA9FD,0xA9FD,0xA9FD,0xA9FD,0xA9FD,0xA9FD,0xA9FD,0xA9FD,0xA9FD,
    0x89FD,0xA9FD,0xA9FD,0xA9FD,0xA9FD,0xC5EC,0x62EC,0x63EC,0x63E4,0x62E4,0x84E4,0x4261,
    0x8238,0x6138,0x03AB,0xE3FC,0xA2EC,0xA3EC,0xA3EC,0xA3EC,0xA3EC,0xA3EC,0xA3EC,0xA3EC,
    0xA3EC,0x63E4,0xC2DB,0xE2DB,0xE3DB,0x03E4,0x84C3,0xA148,0xA340,0x8238,0x79DE,0xFFFF,
    0xFFFF,0x1CE7,0xE340,0xA240,0xA140,0x4ADD,0x6AFE,0x2AFE,0xE8FD,0xA3EC,0xA2EC,0xA2EC,
    0xA3EC,0xA3EC,0xA3EC,0xA2EC,0xA2EC,0xA2EC,0xA2EC,0xA2EC,0xC2F4,0x64BB,0x6138,0xA238,
    0xE150,0x44DC,0x82EC,0x83EC,0x83EC,0x83EC,0xA4EC,0xA9FD,0xA9FD,0xA9FD,0xA9FD,0xA9FD,
    0xA9FD,0xA9FD,0xA9FD,0xA9FD,0xA9FD,0xA9FD,0xA9FD,0xA9FD,0xA9FD,0xA9FD,0xA9FD,0xA9FD,
    0x89FD,0xAAFD,0xAAFD,0x8AFD,0xAAFD,0xAAFD,0xA9FD,0xA9FD,0xA9FD,0x89FD,0xA9FD,0x4AED,
    0x6582,0x8582,0x28BC,0x8BED,0x2CFE,0x2BFE,0xEAFD,0xCAFD,0x89FD,0x89FD,0x89FD,0x89FD,
    0x89FD,0x89FD,0x89FD,0x8AFD,0x8AFD,0x8AFD,0x8AFD,0x8AFD,0x89FD,0x89FD,0x89FD,0x89FD,
    0xCAFD,0xEBFD,0x2BFE,0xCBF5,0x69C4,0x6582,0xC240,0x4130,0xC340,0x6238,0x2259,0xCBFD,
    0xA9FD,0xA9FD,0xAAFD,0xAAFD,0x8AFD,0x8AFD,0xAAFD,0xAAFD,0xAAFD,0x8AFD,0x8AFD,0xAAFD,
    0xAAFD,0xAAFD,0xAAFD,0xAAFD,0xAAFD,0xAAFD,0xAAFD,0xAAFD,0xAAFD,0xAAFD,0xAAFD,0xAAFD,
    0xAAFD,0xAAFD,0xAAFD,0xAAFD,0xAAFD,0xAAFD,0xAAFD,0xAAFD,0xAAFD,0x8AFD,0xAAFD,0xAAFD,
    0x8AFD,0xAAFD,0xAAFD,0xAAFD,0xAAFD,0xAAFD,0xAAFD,0xA9FD,0xAAFD,0xAAFD,0xA9FD,0x89FD,
    0xEBFD,0x6259,0x2128,0x8338,0x2128,0xA240,0x6582,0x69C4,0xCBF5,0x0BFE,0xEAFD,0xCAFD,
    0xA9FD,0x89FD,0x89FD,0x89FD,0x89FD,0x89FD,0xA9FD,0x8AFD,0x8AFD,0x89FD,0x89FD,0x89FD,
    0x89FD,0x89FD,0x89FD,0x89FD,0xA9FD,0xCAFD,0x0AFE,0x2BFE,0xABF5,0x69CC,0xC58A,0xA58A,
    0x4AED,0xA9FD,0x89FD,0xA9FD,0xA9FD,0xA9FD,0x89FD,0xA9FD,0xA9FD,0xAAFD,0xAAFD,0xA9FD,
    0xA9FD,0xA9FD,0xA9FD,0xA9FD,0xA9FD,0x8AFD,0xAAFD,0xA9FD,0xA9FD,0xA9FD,0xA9FD,0xA9FD,
    0xA9FD,0x89FD,0x89FD,0xA9FD,0xA9FD,0xA4EC,0x63EC,0x83EC,0x63E4,0x82EC,0x44DC,0xE250,
    0xA238,0x6138,0x64BB,0xE2F4,0xA2EC,0xA3EC,0xA2EC,0xA3EC,0xA3EC,0xA3EC,0xA3EC,0xA2EC,
    0xA3EC,0x43E4,0xC2DB,0xE3DB,0xE3DB,0x23E4,0x44BB,0x8140,0x8340,0xA338,0xFBE6,0xFFFF,
    0xFFFF,0x7DF7,0x4551,0xA240,0x8140,0xC9CC,0x8BFE,0x2AFE,0x09FE,0xC3EC,0xA2EC,0xA2EC,
    0xA2EC,0xA3EC,0xA3EC,0xA2EC,0xA2EC,0xA3EC,0xA3EC,0xA2EC,0xC2F4,0xE5CB,0x8140,0xA338,
    0xA148,0x04D4,0xA3F4,0x83EC,0x83EC,0x83EC,0x84EC,0x89FD,0xA9FD,0xA9FD,0xA9FD,0xA9FD,
    0xA9FD,0xA9FD,0x89FD,0xA9FD,0xA9FD,0xA9FD,0xA9FD,0xA9FD,0xA9FD,0xA9FD,0xA9FD,0x89FD,
    0xA9FD,0xAAFD,0xA9FD,0xAAFD,0xAAFD,0xAAFD,0xA9FD,0xA9FD,0xA9FD,0xA9FD,0x89FD,0xCAFD,
    0x0BFE,0x2BFE,0x2BFE,0xCAFD,0xA9FD,0x89FD,0x89FD,0xA9FD,0x89FD,0x89FD,0x89FD,0x89FD,
    0x89FD,0x89FD,0x89FD,0x89FD,0x89FD,0x8AFD,0x89FD,0x8AFD,0x8AFD,0xAAFD,0xAAFD,0xA9FD,
    0xA9FD,0x89FD,0x89FD,0xA9FD,0xEAFD,0x0BFE,0x2AE5,0x069B,0x0251,0x4138,0x069B,0xEBFD,
    0x89FD,0xA9FD,0x8AFD,0x8AFD,0xAAFD,0xAAFD,0xAAFD,0xAAFD,0xAAFD,0xAAFD,0xAAFD,0xAAFD,
    0xAAFD,0xAAFD,0xAAFD,0xAAFD,0xAAFD,0xAAFD,0xAAFD,0xAAFD,0xAAFD,0xAAFD,0xAAFD,0xAAFD,
    0xAAFD,0xAAFD,0xAAFD,0xAAFD,0x8AFD,0xAAFD,0xAAFD,0x8AFD,0xAAFD,0xAAFD,0x8AFD,0xAAFD,
    0xAAFD,0xAAFD,0xAAFD,0xAAFD,0xAAFD,0xAAFD,0x8AFD,0xAAFD,0xAAFD,0xAAFD,0xA9FD,0x89FD,
    0xEBFD,0x87A3,0x2130,0xC240,0xC68A,0x0ADD,0x0BFE,0x0AFE,0xA9FD,0x89FD,0x89FD,0x89FD,
    0x8AFD,0xAAFD,0x8AFD,0xAAFD,0xAAFD,0xAAFD,0x8AFD,0xAAFD,0x8AFD,0xAAFD,0xAAFD,0xA9FD,
    0x89FD,0xA9FD,0xA9FD,0xA9FD,0xA9FD,0x89FD,0x89FD,0x89FD,0xCAFD,0x0AFE,0x0BFE,0x0BFE,
    0xCAFD,0x89FD,0x89FD,0xA9FD,0x89FD,0x89FD,0xA9FD,0xAAFD,0xA9FD,0xAAFD,0xAAFD,0xA9FD,
    0xA9FD,0xA9FD,0xA9FD,0xA9FD,0xA9FD,0xAAFD,0xAAFD,0xA9FD,0x89FD,0xA9FD,0xA9FD,0x89FD,
    0xA9FD,0xA9FD,0x89FD,0xA9FD,0x89FD,0x84EC,0x63EC,0x63EC,0x63EC,0x82EC,0xE4D3,0xA148,
    0xA340,0x8140,0xE4CB,0xC2F4,0xA2EC,0xA2EC,0xA2EC,0xA2EC,0xA3EC,0xA2EC,0xA3EC,0xA2EC,
    0xA3EC,0x22E4,0xC2DB,0xE3DB,0xC2DB,0x23E4,0x04B3,0x8240,0x8240,0x0449,0x5DEF,0xFFFF,
    0xFFFF,0xFFFF,0xE761,0x8240,0x6138,0x28B4,0x8BFE,0x09F6,0x09FE,0xC4EC,0xA2EC,0xA2EC,
    0xA3EC,0xA3EC,0xA3EC,0xA2EC,0xA2EC,0xA3EC,0xA3EC,0xA2EC,0xA2F4,0x45DC,0xC248,0xA338,
    0x6140,0xA4C3,0xC3F4,0x83EC,0x83EC,0x83EC,0x83EC,0x68FD,0xA9FD,0x89FD,0x89FD,0xA9FD,
    0x89FD,0xA9FD,0xA9FD,0xA9FD,0xA9FD,0x89FD,0xA9FD,0xA9FD,0xA9FD,0xA9FD,0xA9FD,0xA9FD,
    0xAAFD,0xA9FD,0xAAFD,0xAAFD,0x89FD,0xA9FD,0xA9FD,0xA9FD,0x89FD,0x89FD,0x89FD,0x89FD,
    0x89FD,0x89FD,0x89FD,0xA9FD,0xAAFD,0xA9FD,0xAAFD,0x8AFD,0x89FD,0x89FD,0x8AFD,0x8AFD,
    0x89FD,0x89FD,0x89FD,0x89FD,0x89FD,0x89FD,0x89FD,0x89FD,0x8AFD,0xAAFD,0xAAFD,0xA9FD,
    0xA9FD,0xA9FD,0xA9FD,0x89FD,0x89FD,0x69FD,0xC9FD,0x2BFE,0x4AE5,0xC9D4,0xABFD,0xA9FD,
    0x89FD,0xA9FD,0xA9FD,0xAAFD,0xAAFD,0xAAFD,0xAAFD,0xAAFD,0xAAFD,0xAAFD,0xAAFD,0xAAFD,
    0xAAFD,0xAAFD,0xAAFD,0xAAFD,0xAAFD,0xAAFD,0xAAFD,0xAAFD,0xAAFD,0xAAFD,0xAAFD,0xAAFD,
    0xAAFD,0xAAFD,0xAAFD,0xAAFD,0xAAFD,0xAAFD,0xAAFD,0x8AFD,0xAAFD,0xAAFD,0xAAFD,0x8AFD,
    0xAAFD,0xAAFD,0x8AFD,0xAAFD,0xAAFD,0xAAFD,0xAAFD,0xAAFD,0xAAFD,0xA9FD,0x89FD,0xA9FD,
    0xA9FD,0xCBFD,0xC9D4,0x2AE5,0x0BFE,0xA9FD,0x69F5,0x89FD,0x89FD,0xA9FD,0xA9FD,0xAAFD,
    0xAAFD,0xAAFD,0x8AFD,0x8AFD,0xAAFD,0xAAFD,0x8AFD,0xAAFD,0xAAFD,0xAAFD,0xAAFD,0xAAFD,
    0x89FD,0x89FD,0xA9FD,0xA9FD,0xA9FD,0xA9FD,0xA9FD,0xA9FD,0xA9FD,0x89FD,0x89FD,0x89FD,
    0x89FD,0x89FD,0x89FD,0xA9FD,0xA9FD,0xA9FD,0xA9FD,0x89FD,0xA9FD,0xAAFD,0xAAFD,0xAAFD,
    0xA9FD,0xAAFD,0xA9FD,0xAAFD,0xAAFD,0xAAFD,0xAAFD,0xAAFD,0xA9FD,0xA9FD,0xA9FD,0xA9FD,
    0x89FD,0xA9FD,0xA9FD,0xA9FD,0x68FD,0x83E4,0x83EC,0x83EC,0x62EC,0xA3F4,0xA4C3,0x6138,
    0xA340,0xC148,0x44DC,0xA2F4,0xA2EC,0xA2EC,0xA2EC,0xA2EC,0xA2EC,0xA3EC,0xA3EC,0xA2EC,
    0xA3EC,0x02DC,0xE2DB,0xE2DB,0xC2DB,0x44E4,0xC3A2,0x6238,0x6238,0xA651,0xBFFF,0xFFFF,
    0xFFFF,0xFFFF,0x8A72,0x6240,0x6138,0x87A3,0xACFE,0x09F6,0x0AFE,0xE4EC,0xA2EC,0xA2EC,
    0xA2EC,0xA3EC,0xA3EC,0xA2EC,0xA2EC,0xA2EC,0xA3EC,0xA2EC,0xA2EC,0xA4EC,0x2259,0x8338,
    0x6138,0x43B3,0xC3F4,0x82EC,0x83EC,0x83EC,0x62E4,0x47F5,0xA9FD,0x89FD,0xA9FD,0xA9FD,
    0xA9FD,0xA9FD,0xA9FD,0x89FD,0x89FD,0x89FD,0x89FD,0x89FD,0x89FD,0x89FD,0x89FD,0x89FD,
    0x89FD,0xA9FD,0x8AFD,0x8AFD,0xA9FD,0xA9FD,0xA9FD,0xA9FD,0xA9FD,0xA9FD,0xA9FD,0xA9FD,
    0xA9FD,0xA9FD,0xA9FD,0xA9FD,0xA9FD,0xA9FD,0xAAFD,0x8AFD,0x89FD,0x89FD,0x8AFD,0x8AFD,
    0x89FD,0x89FD,0x89FD,0x8AFD,0xAAFD,0x8AFD,0x8AFD,0x8AFD,0xAAFD,0xAAFD,0xAAFD,0xAAFD,
    0x89FD,0xA9FD,0x89FD,0x89FD,0x89FD,0xA9FD,0xA9FD,0x89FD,0xCAFD,0xEAFD,0x89FD,0x89FD,
    0x89FD,0x89FD,0x89FD,0x8AFD,0x89FD,0x8AFD,0x8AFD,0x8AFD,0xAAFD,0x8AFD,0x8AFD,0xAAFD,
    0xAAFD,0xAAFD,0xAAFD,0xAAFD,0xAAFD,0xAAFD,0xAAFD,0xAAFD,0xAAFD,0xAAFD,0xAAFD,0xAAFD,
    0xAAFD,0xAAFD,0x8AFD,0x8AFD,0x8AFD,0x8AFD,0x8AFD,0x8AFD,0x8AFD,0xAAFD,0xAAFD,0x8AFD,
    0xAAFD,0xAAFD,0xAAFD,0xAAFD,0xAAFD,0xAAFD,0xAAFD,0xAAFD,0xA9FD,0xA9FD,0xA9FD,0x89FD,
    0x89FD,0x89FD,0xEAFD,0xCAFD,0x89FD,0x89FD,0x89FD,0x89FD,0x89FD,0x89FD,0xA9FD,0xA9FD,
    0xA9FD,0xA9FD,0xAAFD,0x8AFD,0x8AFD,0xAAFD,0xAAFD,0xAAFD,0xA9FD,0xA9FD,0xA9FD,0xA9FD,
    0xA9FD,0xA9FD,0xA9FD,0xA9FD,0xA9FD,0x89FD,0x89FD,0x89FD,0xA9FD,0x89FD,0x89FD,0xA9FD,
    0x89FD,0x89FD,0xA9FD,0x89FD,0x89FD,0xA9FD,0xA9FD,0x89FD,0xAAFD,0xAAFD,0xAAFD,0xAAFD,
    0xAAFD,0xAAFD,0xAAFD,0xAAFD,0xAAFD,0xAAFD,0xAAFD,0xAAFD,0xA9FD,0xA9FD,0x89FD,0x89FD,
    0x89FD,0x89FD,0x89FD,0xA9FD,0x47F5,0x63E4,0x83EC,0x83EC,0x62E4,0xC3F4,0x03AB,0x4138,
    0x8238,0x2259,0xA4EC,0xA2EC,0xA2EC,0xA2EC,0xA2EC,0xA2EC,0xA2EC,0xA2EC,0xA3EC,0xA2EC,
    0x83EC,0xE2DB,0xE2DB,0xE3DB,0xC2DB,0x44E4,0x4392,0x6238,0x4138,0x4962,0xFFFF,0xFFFF,
    0xFFFF,0xFFFF,0x6D83,0x6138,0x6138,0xC68A,0x8CFE,0x09F6,0x2AFE,0x05ED,0x82EC,0xA2EC,
    0xA2EC,0xA3EC,0xA3EC,0xA2EC,0xA2EC,0xA2EC,0xA2EC,0xA3EC,0x82EC,0xC4F4,0xA271,0x8240,
    0x6138,0xA39A,0xE4F4,0x82EC,0x83EC,0x83EC,0x62EC,0x06F5,0xA9FD,0x89FD,0x89FD,0xA9FD,
    0xA9FD,0xA9FD,0xA9FD,0xA9FD,0xA9FD,0xA9FD,0xA9FD,0x89FD,0x89FD,0x8AFD,0xA9FD,0xA9FD,
    0xA9FD,0xA9FD,0xAAFD,0xA9FD,0xA9FD,0xA9FD,0xAAFD,0xA9FD,0xA9FD,0xA9FD,0xA9FD,0xA9FD,
    0xA9FD,0xA9FD,0xA9FD,0xA9FD,0xA9FD,0x89FD,0xA9FD,0xA9FD,0xA9FD,0x89FD,0xAAFD,0x8AFD,
    0xAAFD,0xAAFD,0x8AFD,0xAAFD,0xA9FD,0xAAFD,0xAAFD,0xAAFD,0xAAFD,0xAAFD,0xAAFD,0xAAFD,
    0x89FD,0xA9FD,0x89FD,0x89FD,0xA9FD,0xA9FD,0xA9FD,0xA9FD,0x89FD,0x89FD,0x89FD,0x89FD,
    0x89FD,0x89FD,0xA9FD,0xA9FD,0x8AFD,0xAAFD,0xAAFD,0xAAFD,0xAAFD,0xAAFD,0x8AFD,0xAAFD,
    0xAAFD,0xAAFD,0xAAFD,0xAAFD,0xAAFD,0xAAFD,0xAAFD,0xAAFD,0xAAFD,0xAAFD,0xAAFD,0xAAFD,
    0xAAFD,0x8AFD,0x8AFD,0x8AFD,0xAAFD,0xAAFD,0x8AFD,0xAAFD,0xAAFD,0xAAFD,0xAAFD,0x8AFD,
    0xAAFD,0xAAFD,0xAAFD,0xAAFD,0xAAFD,0xAAFD,0xAAFD,0x8AFD,0xA9FD,0xA9FD,0x89FD,0x89FD,
    0x89FD,0x89FD,0x89FD,0x89FD,0xA9FD,0x89FD,0x89FD,0x89FD,0x89FD,0x89FD,0x89FD,0x89FD,
    0xA9FD,0xA9FD,0x89FD,0xA9FD,0x8AFD,0xAAFD,0xAAFD,0xAAFD,0xA9FD,0xA9FD,0xA9FD,0xA9FD,
    0xA9FD,0xA9FD,0x89FD,0xA9FD,0xA9FD,0xA9FD,0xA9FD,0x89FD,0x89FD,0xA9FD,0x89FD,0x89FD,
    0x89FD,0xA9FD,0xA9FD,0xA9FD,0xA9FD,0x89FD,0xAAFD,0xAAFD,0xAAFD,0xAAFD,0xAAFD,0xAAFD,
    0xAAFD,0xAAFD,0xAAFD,0xAAFD,0xAAFD,0xAAFD,0xAAFD,0x8AFD,0x89FD,0xA9FD,0x89FD,0x89FD,
    0x89FD,0x89FD,0x89FD,0xA9FD,0x06F5,0x43E4,0x83EC,0x63EC,0x62EC,0xC4F4,0x8392,0x6138,
    0x8238,0xC271,0xE4F4,0xA2EC,0xA2EC,0xA2EC,0xA2EC,0xA2EC,0xA2EC,0xA2EC,0xA3EC,0xA2EC,
    0x83EC,0xE2DB,0xE2DB,0xE3DB,0xC2DB,0x44E4,0xE381,0x8238,0x4138,0x0C7B,0xFFFF,0xFFFF,
    0xDFFF,0xFFFF,0x51A4,0x4138,0x8240,0x2472,0x6CFE,0x09FE,0x2AFE,0x25F5,0x82EC,0xA2EC,
    0xA2EC,0xA2EC,0xA2EC,0xA2EC,0xA2EC,0xA2EC,0xA2EC,0xA3EC,0x82EC,0xE4F4,0x438A,0x8240,
    0x6238,0x0382,0xE4F4,0x82EC,0x83EC,0x82EC,0x62E4,0xE5EC,0xA9FD,0xA9FD,0x89FD,0xA9FD,
    0x89FD,0xA9FD,0xA9FD,0xA9FD,0xA9FD,0xAAFD,0xAAFD,0xA9FD,0xA9FD,0xA9FD,0xA9FD,0x89FD,
    0xAAFD,0xAAFD,0xA9FD,0xA9FD,0xA9FD,0xA9FD,0xAAFD,0xAAFD,0x89FD,0xA9FD,0xA9FD,0xA9FD,
    0xAAFD,0xA9FD,0xA9FD,0xA9FD,0xA9FD,0xA9FD,0xA9FD,0xA9FD,0xA9FD,0xAAFD,0x8AFD,0x8AFD,
    0x8AFD,0xAAFD,0xAAFD,0xAAFD,0x8AFD,0xAAFD,0xAAFD,0xAAFD,0xAAFD,0xAAFD,0xAAFD,0xAAFD,
    0x89FD,0x89FD,0x89FD,0xA9FD,0xA9FD,0xA9FD,0xA9FD,0xA9FD,0xA9FD,0x89FD,0x89FD,0x89FD,
    0xA9FD,0xA9FD,0xA9FD,0xA9FD,0xAAFD,0xAAFD,0xAAFD,0xAAFD,0x8AFD,0xAAFD,0xAAFD,0xAAFD,
    0xAAFD,0xAAFD,0xAAFD,0xAAFD,0xAAFD,0xAAFD,0xAAFD,0xAAFD,0xAAFD,0xAAFD,0xAAFD,0xAAFD,
    0x8AFD,0x8AFD,0xAAFD,0xAAFD,0xAAFD,0xAAFD,0x8AFD,0xAAFD,0xAAFD,0xAAFD,0xAAFD,0xAAFD,
    0x8AFD,0xAAFD,0xAAFD,0xAAFD,0xAAFD,0xAAFD,0xAAFD,0xAAFD,0xAAFD,0xA9FD,0x89FD,0x89FD,
    0x89FD,0x89FD,0xA9FD,0xA9FD,0x89FD,0x89FD,0x89FD,0x89FD,0x89FD,0xA9FD,0x89FD,0xA9FD,
    0xA9FD,0x89FD,0x89FD,0x89FD,0x8AFD,0xAAFD,0xAAFD,0xAAFD,0xAAFD,0xAAFD,0xAAFD,0xA9FD,
    0xA9FD,0xA9FD,0xA9FD,0xA9FD,0xA9FD,0xA9FD,0x89FD,0xA9FD,0xA9FD,0x89FD,0xA9FD,0xA9FD,
    0xA9FD,0xA9FD,0xA9FD,0xA9FD,0xA9FD,0xA9FD,0xAAFD,0x8AFD,0xAAFD,0xAAFD,0xAAFD,0xAAFD,
    0xAAFD,0xAAFD,0xA9FD,0xA9FD,0x8AFD,0xAAFD,0xAAFD,0x8AFD,0xA9FD,0xA9FD,0xA9FD,0x89FD,
    0x89FD,0x89FD,0x89FD,0xA9FD,0xE5EC,0x62E4,0x83EC,0x83EC,0x63EC,0xC4EC,0xE379,0x8238,
    0x6238,0x638A,0xE3F4,0x82EC,0xA2EC,0xA2EC,0xA2EC,0xA2EC,0xA2EC,0xA2EC,0xA2EC,0xA3EC,
    0x42E4,0xC2DB,0xE3DB,0xE2DB,0xE2DB,0x24E4,0x6269,0xA340,0x2130,0xEF93,0xFFFF,0xDFFF,
    0xDFFF,0xFFFF,0x55BD,0x4138,0xA240,0x6259,0x2BF6,0x29FE,0x2AFE,0x46F5,0x82EC,0xA2EC,
    0xA2EC,0xA2EC,0xA2EC,0xA2EC,0xA2EC,0xA2EC,0xA2EC,0xA2EC,0x82EC,0xE3F4,0x04AB,0x6140,
    0x8240,0x6269,0xA5EC,0x82EC,0x83EC,0x83EC,0x62EC,0xA4EC,0xA9FD,0xA9FD,0x89FD,0x89FD,
    0xA9FD,0xA9FD,0x89FD,0x89FD,0xA9FD,0x8AFD,0x8AFD,0xA9FD,0x89FD,0xAAFD,0x89FD,0x89FD,
    0xA9FD,0x8AFD,0x89FD,0xAAFD,0xAAFD,0xAAFD,0xAAFD,0xAAFD,0x8AFD,0xA9FD,0xA9FD,0xA9FD,
    0x89FD,0x89FD,0xA9FD,0x89FD,0xA9FD,0xA9FD,0x89FD,0xA9FD,0x89FD,0x8AFD,0x8AFD,0x8AFD,
    0x8AFD,0x8AFD,0xAAFD,0xAAFD,0xAAFD,0x8AFD,0xAAFD,0xAAFD,0xAAFD,0xAAFD,0xAAFD,0xAAFD,
    0xAAFD,0xA9FD,0xA9FD,0xA9FD,0xA9FD,0xA9FD,0x89FD,0xA9FD,0x89FD,0x89FD,0x89FD,0x89FD,
    0x89FD,0x89FD,0xA9FD,0x89FD,0xAAFD,0x8AFD,0xAAFD,0xAAFD,0xAAFD,0xAAFD,0xAAFD,0xAAFD,
    0xAAFD,0xAAFD,0xAAFD,0xAAFD,0xAAFD,0xAAFD,0xAAFD,0xAAFD,0x8AFD,0xAAFD,0xAAFD,0xAAFD,
    0xAAFD,0xAAFD,0xAAFD,0x8AFD,0xAAFD,0x8AFD,0x8AFD,0xAAFD,0xAAFD,0xAAFD,0xAAFD,0xAAFD,
    0xAAFD,0xAAFD,0xAAFD,0xAAFD,0xAAFD,0xAAFD,0xAAFD,0xA9FD,0xA9FD,0xA9FD,0x89FD,0x89FD,
    0x89FD,0x89FD,0x89FD,0x89FD,0x89FD,0x89FD,0x89FD,0x89FD,0x89FD,0x89FD,0x89FD,0xA9FD,
    0x89FD,0x89FD,0xA9FD,0xAAFD,0xAAFD,0x8AFD,0xAAFD,0xAAFD,0xAAFD,0xAAFD,0xAAFD,0xA9FD,
    0x89FD,0xA9FD,0xA9FD,0x89FD,0x89FD,0xA9FD,0x89FD,0x89FD,0x89FD,0x89FD,0xA9FD,0xA9FD,
    0x89FD,0xA9FD,0x89FD,0xA9FD,0xA9FD,0xAAFD,0xAAFD,0xAAFD,0xAAFD,0xAAFD,0xAAFD,0xAAFD,
    0xAAFD,0xA9FD,0xA9FD,0xA9FD,0xA9FD,0xAAFD,0xAAFD,0xA9FD,0x89FD,0x89FD,0xA9FD,0x89FD,
    0x89FD,0x89FD,0x89FD,0x89FD,0xA4EC,0x62EC,0x63EC,0x63EC,0x83EC,0x84E4,0x2261,0xA340,
    0x6140,0x04AB,0xE3F4,0x82EC,0xA3EC,0xA2EC,0xA3EC,0xA2EC,0xA2EC,0xA2EC,0xA2EC,0xC3EC,
    0x23E4,0xC3DB,0xE3DB,0xE2DB,0xE2DB,0x04DC,0x0159,0xA340,0x4130,0x14B5,0xFFFF,0xDFFF,
    0xFFFF,0xFFFF,0x59D6,0x8240,0xA240,0xE248,0xABE5,0x4AFE,0x0AFE,0x67F5,0x82EC,0xA2EC,
    0xA2EC,0xA2EC,0xA2EC,0xA2EC,0xA2EC,0xA3EC,0xA2EC,0xA2EC,0xA2EC,0xE3F4,0xC5C3,0x8148,
    0xA340,0xE258,0x45DC,0xA3EC,0x82EC,0x82EC,0x62EC,0x83EC,0x88FD,0x89FD,0x89FD,0x89FD,
    0xA9FD,0xA9FD,0x89FD,0x89FD,0x89FD,0x89FD,0x89FD,0xA9FD,0xA9FD,0x89FD,0xA9FD,0xA9FD,
    0xAAFD,0xAAFD,0xAAFD,0xAAFD,0xAAFD,0xAAFD,0xAAFD,0xAAFD,0xAAFD,0xAAFD,0x8AFD,0x8AFD,
    0xAAFD,0xAAFD,0xAAFD,0x8AFD,0xAAFD,0xAAFD,0x8AFD,0xAAFD,0x8AFD,0x8AFD,0xAAFD,0xAAFD,
    0xAAFD,0xAAFD,0xAAFD,0xAAFD,0xAAFD,0xAAFD,0xAAFD,0xAAFD,0xAAFD,0xAAFD,0xAAFD,0xAAFD,
    0xAAFD,0xA9FD,0xA9FD,0xA9FD,0xA9FD,0x89FD,0xA9FD,0xA9FD,0x89FD,0x89FD,0x89FD,0x89FD,
    0x89FD,0xA9FD,0xA9FD,0xAAFD,0xAAFD,0xAAFD,0xAAFD,0xAAFD,0xAAFD,0xAAFD,0xAAFD,0xAAFD,
    0xAAFD,0xAAFD,0xAAFD,0xAAFD,0xAAFD,0xAAFD,0xAAFD,0xAAFD,0xAAFD,0xAAFD,0xAAFD,0xAAFD,
    0x89FD,0xAAFD,0x8AFD,0x89FD,0x8AFD,0xAAFD,0x8AFD,0xAAFD,0xAAFD,0xAAFD,0xAAFD,0xAAFD,
    0x8AFD,0x8AFD,0xAAFD,0xAAFD,0xAAFD,0xA9FD,0xAAFD,0xA9FD,0xA9FD,0x89FD,0x89FD,0x89FD,
    0x89FD,0x89FD,0x89FD,0x89FD,0x89FD,0x89FD,0x89FD,0x89FD,0x89FD,0x89FD,0xA9FD,0x89FD,
    0xA9FD,0xA9FD,0xA9FD,0xA9FD,0xAAFD,0xAAFD,0xAAFD,0xAAFD,0xAAFD,0xAAFD,0xAAFD,0xA9FD,
    0xA9FD,0xA9FD,0xA9FD,0xA9FD,0x89FD,0xA9FD,0x89FD,0x89FD,0x89FD,0xA9FD,0xA9FD,0xA9FD,
    0x89FD,0xA9FD,0x89FD,0x8AFD,0x8AFD,0xAAFD,0xAAFD,0xAAFD,0xAAFD,0xAAFD,0xAAFD,0xAAFD,
    0xA9FD,0xA9FD,0xA9FD,0xA9FD,0xAAFD,0xAAFD,0xA9FD,0xA9FD,0xAAFD,0x89FD,0xA9FD,0x89FD,
    0x89FD,0x89FD,0xA9FD,0x88FD,0x63EC,0x62EC,0x63EC,0x63EC,0xA3EC,0x25D4,0xC148,0xC348,
    0xA248,0xC4C3,0xC3F4,0xA2EC,0xA3EC,0xA2EC,0xA3EC,0xA2EC,0xA2EC,0xA2EC,0xA2EC,0xA3EC,
    0x02E4,0xC3DB,0xC3DB,0xC2DB,0x03E4,0xC4D3,0xC250,0xA340,0x8238,0x18CE,0xFFFF,0xDFFF,
    0xFFFF,0xFFFF,0x1CEF,0xE340,0xA240,0x8140,0xC9CC,0x6AFE,0x09FE,0xA8F5,0x82EC,0xA2EC,
    0xA2EC,0xA2EC,0xA2EC,0xA2EC,0xA2EC,0xA2EC,0xA3EC,0xA2EC,0xA2EC,0xC3F4,0x65DC,0xE250,
    0xA340,0xA148,0xA4C3,0xC3F4,0x62EC,0x82EC,0x62EC,0x63E4,0x47F5,0xA9FD,0xA9FD,0xA9FD,
    0x89FD,0xA9FD,0xA9FD,0x89FD,0x89FD,0x89FD,0xA9FD,0x89FD,0xA9FD,0xA9FD,0xA9FD,0xA9FD,
    0xAAFD,0xAAFD,0xAAFD,0xAAFD,0xAAFD,0xAAFD,0xAAFD,0xAAFD,0x8AFD,0xAAFD,0xAAFD,0x8AFD,
    0xAAFD,0xAAFD,0xAAFD,0xAAFD,0xAAFD,0x8AFD,0xAAFD,0xAAFD,0x8AFD,0xAAFD,0xAAFD,0xAAFD,
    0xAAFD,0xAAFD,0xAAFD,0xAAFD,0xAAFD,0xAAFD,0xAAFD,0xAAFD,0xAAFD,0xAAFD,0xAAFD,0xAAFD,
    0xAAFD,0xAAFD,0xA9FD,0xA9FD,0xA9FD,0x89FD,0xA9FD,0x89FD,0x89FD,0x89FD,0x89FD,0x8AFD,
    0xAAFD,0xA9FD,0xA9FD,0x89FD,0xAAFD,0xAAFD,0xAAFD,0xAAFD,0xAAFD,0xAAFD,0xAAFD,0xAAFD,
    0xAAFD,0xAAFD,0xAAFD,0xAAFD,0xAAFD,0xAAFD,0xAAFD,0xAAFD,0xAAFD,0xAAFD,0xAAFD,0xAAFD,
    0xAAFD,0x8AFD,0xAAFD,0x89FD,0x89FD,0x8AFD,0x8AFD,0xAAFD,0xAAFD,0xAAFD,0xAAFD,0xAAFD,
    0xAAFD,0xAAFD,0xA9FD,0xA9FD,0xA9FD,0x89FD,0xAAFD,0xA9FD,0xA9FD,0xA9FD,0x89FD,0x89FD,
    0x89FD,0x89FD,0x89FD,0x89FD,0x89FD,0x89FD,0x89FD,0x89FD,0xA9FD,0xA9FD,0x89FD,0x89FD,
    0xAAFD,0xAAFD,0xAAFD,0xAAFD,0xAAFD,0xAAFD,0xAAFD,0xAAFD,0xAAFD,0xAAFD,0xAAFD,0xAAFD,
    0x89FD,0xA9FD,0xA9FD,0xA9FD,0xA9FD,0x89FD,0x89FD,0xA9FD,0xA9FD,0x89FD,0x89FD,0xA9FD,
    0xA9FD,0xA9FD,0xA9FD,0xA9FD,0x8AFD,0xAAFD,0xAAFD,0xAAFD,0xAAFD,0xAAFD,0xAAFD,0xAAFD,
    0xA9FD,0xA9FD,0xA9FD,0xA9FD,0xA9FD,0xA9FD,0xA9FD,0xA9FD,0xAAFD,0xA9FD,0x89FD,0xA9FD,
    0xA9FD,0xA9FD,0xA9FD,0x48F5,0x62E4,0x62EC,0x63EC,0x62E4,0xC3F4,0x84BB,0x8140,0xA348,
    0x0259,0x64DC,0xA2F4,0xA3EC,0xA3EC,0xA3EC,0xA3EC,0xA2EC,0xA2EC,0xA2EC,0xA2EC,0xA3EC,
    0xE2DB,0xC3DB,0xC3DB,0xC2DB,0x23E4,0x64BB,0x8148,0xA340,0xE448,0x1CEF,0xFFFF,0xFFFF,
    0xFFFF,0xFFFF,0xDFFF,0xC759,0x8240,0x4138,0xC8AB,0x8BFE,0x09F6,0xC8F5,0xA2EC,0xA2EC,
    0xA2EC,0xA2EC,0xA2EC,0xA2EC,0xA2EC,0xA2EC,0xC2EC,0xC2EC,0xA3EC,0xA2EC,0xC5EC,0x6269,
    0x8240,0x8240,0xC4A2,0xC3F4,0x62E4,0x62EC,0x82EC,0x62E4,0x06F5,0xA9FD,0x89FD,0x89FD,
    0xA9FD,0xA9FD,0x89FD,0xA9FD,0x89FD,0xA9FD,0xA9FD,0xA9FD,0xA9FD,0xA9FD,0xA9FD,0xA9FD,
    0xAAFD,0xAAFD,0xAAFD,0xAAFD,0xAAFD,0xAAFD,0xAAFD,0xAAFD,0xAAFD,0xAAFD,0xAAFD,0xAAFD,
    0xAAFD,0xAAFD,0xAAFD,0xAAFD,0xAAFD,0xAAFD,0xAAFD,0xAAFD,0xAAFD,0xAAFD,0xAAFD,0xAAFD,
    0xAAFD,0xAAFD,0x89FD,0xAAFD,0xAAFD,0xAAFD,0xAAFD,0xAAFD,0xAAFD,0xAAFD,0xAAFD,0xAAFD,
    0x8AFD,0x8AFD,0xA9FD,0xA9FD,0xA9FD,0x89FD,0x89FD,0x89FD,0x89FD,0x89FD,0xA9FD,0xAAFD,
    0xAAFD,0xA9FD,0xA9FD,0xA9FD,0xAAFD,0xAAFD,0xAAFD,0xAAFD,0xAAFD,0xAAFD,0xAAFD,0xAAFD,
    0xAAFD,0xAAFD,0xAAFD,0xAAFD,0xAAFD,0xAAFD,0xAAFD,0xAAFD,0xAAFD,0xAAFD,0xAAFD,0xAAFD,
    0xAAFD,0xA9FD,0xA9FD,0xA9FD,0xA9FD,0xAAFD,0xAAFD,0xAAFD,0xAAFD,0xAAFD,0xAAFD,0xAAFD,
    0xAAFD,0xA9FD,0xA9FD,0x89FD,0xA9FD,0xA9FD,0xAAFD,0xA9FD,0xA9FD,0xA9FD,0xA9FD,0xA9FD,
    0x89FD,0x89FD,0x89FD,0x89FD,0x89FD,0x89FD,0x89FD,0x89FD,0xA9FD,0xA9FD,0x89FD,0x89FD,
    0xAAFD,0xAAFD,0xAAFD,0xAAFD,0xAAFD,0xAAFD,0xAAFD,0xAAFD,0xAAFD,0xAAFD,0xAAFD,0xAAFD,
    0xA9FD,0xAAFD,0xA9FD,0xA9FD,0xA9FD,0xA9FD,0xA9FD,0x89FD,0xA9FD,0xA9FD,0xAAFD,0xA9FD,
    0xA9FD,0xA9FD,0xA9FD,0xA9FD,0xAAFD,0xAAFD,0xAAFD,0xAAFD,0xA9FD,0xA9FD,0xA9FD,0xA9FD,
    0xA9FD,0xA9FD,0xA9FD,0xA9FD,0xA9FD,0xA9FD,0xA9FD,0xAAFD,0xAAFD,0xA9FD,0xA9FD,0xA9FD,
    0xA9FD,0x89FD,0xAAFD,0x06F5,0x42E4,0x63EC,0x63EC,0x62E4,0xC4F4,0xC49A,0x6138,0xA240,
    0xA271,0xC4F4,0xA2EC,0xA3EC,0xA3EC,0xA3EC,0xA3EC,0xA2EC,0xA2EC,0xA2EC,0xC2EC,0x83EC,
    0xC2DB,0xC3DB,0xE3DB,0xC2DB,0x43E4,0xC4A2,0x8240,0x8240,0xA759,0xDFFF,0xFFFF,0xFFFF,
    0xFFFF,0xDFFF,0xFFFF,0xEB7A,0x4138,0x6138,0xC58A,0x6BFE,0xE9F5,0xE9F5,0xC3EC,0xA2EC,
    0xA2EC,0xA2EC,0xA2EC,0xA2EC,0xA2EC,0xA3EC,0xC3EC,0xC2EC,0xC2EC,0xA2EC,0x04F5,0x438A,
    0x6238,0x8240,0xE279,0xA4F4,0x62E4,0x62EC,0x82EC,0x62EC,0xC5EC,0xA9FD,0x89FD,0x89FD,
    0x89FD,0x89FD,0x89FD,0x89FD,0x89FD,0x89FD,0x89FD,0xA9FD,0x89FD,0xA9FD,0xA9FD,0xA9FD,
    0xAAFD,0xAAFD,0xAAFD,0xA9FD,0xAAFD,0xAAFD,0xAAFD,0xAAFD,0xAAFD,0xAAFD,0xAAFD,0x8AFD,
    0x8AFD,0x8AFD,0x8AFD,0xAAFD,0xAAFD,0xAAFD,0x8AFD,0x8AFD,0x8AFD,0xAAFD,0xAAFD,0x8AFD,
    0xAAFD,0xAAFD,0xAAFD,0xAAFD,0xAAFD,0xAAFD,0xAAFD,0xAAFD,0xAAFD,0xAAFD,0xAAFD,0x8AFD,
    0xAAFD,0x8AFD,0x89FD,0x89FD,0x89FD,0x89FD,0x89FD,0xA9FD,0x89FD,0x89FD,0xA9FD,0xAAFD,
    0xAAFD,0xAAFD,0x89FD,0xA9FD,0xAAFD,0xAAFD,0xAAFD,0xAAFD,0xAAFD,0xAAFD,0xAAFD,0xAAFD,
    0xAAFD,0xAAFD,0xAAFD,0xAAFD,0xAAFD,0xAAFD,0x8AFD,0xAAFD,0xAAFD,0xAAFD,0x8AFD,0x8AFD,
    0xAAFD,0xAAFD,0xAAFD,0x89FD,0x89FD,0xAAFD,0xAAFD,0xAAFD,0xAAFD,0xAAFD,0xAAFD,0xAAFD,
    0xAAFD,0xAAFD,0xAAFD,0xA9FD,0xA9FD,0x89FD,0x89FD,0xA9FD,0xA9FD,0xA9FD,0xA9FD,0x89FD,
    0x89FD,0x89FD,0x89FD,0x89FD,0x89FD,0xA9FD,0xA9FD,0xA9FD,0x89FD,0x89FD,0xA9FD,0x89FD,
    0xA9FD,0xAAFD,0xAAFD,0xAAFD,0xA9FD,0xAAFD,0xAAFD,0xAAFD,0xAAFD,0xAAFD,0xAAFD,0x8AFD,
    0x8AFD,0xA9FD,0x89FD,0x89FD,0xA9FD,0x89FD,0xA9FD,0x8AFD,0x89FD,0x89FD,0x89FD,0x8AFD,
    0x89FD,0xA9FD,0xA9FD,0xA9FD,0xA9FD,0xAAFD,0xAAFD,0xAAFD,0xA9FD,0xAAFD,0xA9FD,0xA9FD,
    0x89FD,0x89FD,0xA9FD,0x89FD,0x89FD,0x89FD,0x89FD,0x89FD,0x89FD,0x89FD,0x89FD,0x89FD,
    0x89FD,0x89FD,0xA9FD,0xC5EC,0x62E4,0x63EC,0x63EC,0x62EC,0xC4F4,0xE279,0x8238,0x8238,
    0x638A,0x04F5,0xA2EC,0xA3EC,0xA3EC,0xA3EC,0xA3EC,0xA3EC,0xA2EC,0xA2EC,0xA2EC,0x43E4,
    0xC2DB,0xC2DB,0xC3DB,0xC2DB,0x44E4,0x238A,0x8240,0x4138,0xCB72,0xFFFF,0xFFFF,0xFFFF,
    0xFFFF,0xDFFF,0xFFFF,0x309C,0x2030,0x8238,0xC461,0x2BFE,0x09FE,0xE9FD,0xC4EC,0xA2EC,
    0xA2EC,0xA2EC,0xA2EC,0xA2EC,0xC2EC,0xA3EC,0xC3EC,0xC3EC,0xA3EC,0xA2EC,0x04F5,0x24AB,
    0x6138,0xA340,0x0159,0x64E4,0x62EC,0x62EC,0x82EC,0x62EC,0xA4EC,0x89FD,0xA9FD,0xA9FD,
    0xA9FD,0x89FD,0xA9FD,0xA9FD,0xA9FD,0xA9FD,0xA9FD,0x89FD,0xA9FD,0xA9FD,0xA9FD,0xA9FD,
    0xAAFD,0xAAFD,0xAAFD,0xAAFD,0xAAFD,0xAAFD,0xAAFD,0xAAFD,0xAAFD,0xAAFD,0xAAFD,0xAAFD,
    0xAAFD,0xAAFD,0xAAFD,0xAAFD,0xAAFD,0xAAFD,0xAAFD,0xAAFD,0xAAFD,0xAAFD,0xAAFD,0xAAFD,
    0xAAFD,0xA9FD,0xAAFD,0xAAFD,0xAAFD,0xAAFD,0xAAFD,0xAAFD,0xAAFD,0xAAFD,0xAAFD,0xAAFD,
    0xAAFD,0xA9FD,0xA9FD,0x89FD,0x89FD,0xA9FD,0xA9FD,0xA9FD,0xA9FD,0xA9FD,0x89FD,0xAAFD,
    0xAAFD,0xA9FD,0xA9FD,0xA9FD,0xA9FD,0xAAFD,0xAAFD,0xAAFD,0xAAFD,0xAAFD,0xAAFD,0xAAFD,
    0xAAFD,0xAAFD,0x8AFD,0xAAFD,0xAAFD,0xAAFD,0xAAFD,0xAAFD,0xAAFD,0xAAFD,0xAAFD,0xAAFD,
    0xAAFD,0xAAFD,0xAAFD,0xA9FD,0xA9FD,0xAAFD,0xAAFD,0xAAFD,0xAAFD,0xAAFD,0xAAFD,0xAAFD,
    0xAAFD,0xA9FD,0xA9FD,0xA9FD,0xA9FD,0xA9FD,0xA9FD,0x89FD,0xA9FD,0xA9FD,0xA9FD,0xA9FD,
    0x89FD,0x89FD,0x89FD,0x89FD,0x89FD,0xA9FD,0xA9FD,0xA9FD,0xA9FD,0x89FD,0xA9FD,0xA9FD,
    0xA9FD,0xAAFD,0xAAFD,0xAAFD,0xAAFD,0xAAFD,0xAAFD,0xAAFD,0xAAFD,0xAAFD,0xAAFD,0xAAFD,
    0xA9FD,0xAAFD,0xAAFD,0x89FD,0xA9FD,0xAAFD,0xA9FD,0xA9FD,0xA9FD,0xA9FD,0xAAFD,0xA9FD,
    0xA9FD,0xA9FD,0xA9FD,0xAAFD,0xAAFD,0xAAFD,0xA9FD,0xAAFD,0xA9FD,0xA9FD,0xAAFD,0xA9FD,
    0xA9FD,0xA9FD,0xA9FD,0xA9FD,0xA9FD,0xA9FD,0xA9FD,0xA9FD,0x89FD,0xA9FD,0xA9FD,0xA9FD,
    0xA9FD,0xA9FD,0x89FD,0x84EC,0x62EC,0x63EC,0x63EC,0x62EC,0x85E4,0x2159,0xA238,0x8140,
    0x44AB,0x03F5,0xA2EC,0xA3EC,0xA3EC,0xA3EC,0xA3EC,0xA3EC,0xA2EC,0xA2EC,0xC3EC,0x22E4,
    0xC2DB,0xE2DB,0xC3DB,0xC2DB,0x24DC,0x8271,0xA340,0x4138,0x3094,0xFFFF,0xDFFF,0xFFFF,
    0xFFFF,0xFFFF,0xFFFF,0x75BD,0x2130,0x8340,0xE148,0xAAED,0x09FE,0x09FE,0x05ED,0x82EC,
    0xC2EC,0xA2EC,0xA2EC,0xA2EC,0xA3EC,0xA3EC,0xA3EC,0xC3EC,0xA3EC,0xA3EC,0xE3F4,0xE4CB,
    0x8140,0xA340,0x8140,0xC4C3,0xA2EC,0x62EC,0x83EC,0x82EC,0x63E4,0x68F5,0xA9FD,0xA9FD,
    0xA9FD,0xA9FD,0xA9FD,0xA9FD,0xA9FD,0xA9FD,0xA9FD,0x89FD,0xA9FD,0xA9FD,0xA9FD,0xA9FD,
    0xAAFD,0xA9FD,0xAAFD,0xAAFD,0xAAFD,0xAAFD,0xAAFD,0xAAFD,0xAAFD,0xAAFD,0xAAFD,0xAAFD,
    0xAAFD,0xAAFD,0xAAFD,0xAAFD,0xAAFD,0xAAFD,0xAAFD,0xAAFD,0xAAFD,0xAAFD,0xAAFD,0x8AFD,
    0xAAFD,0xAAFD,0xAAFD,0xAAFD,0xAAFD,0xAAFD,0xAAFD,0xAAFD,0xAAFD,0xAAFD,0xAAFD,0xA9FD,
    0xA9FD,0xA9FD,0xA9FD,0xA9FD,0xA9FD,0x89FD,0x89FD,0xA9FD,0x89FD,0x89FD,0x89FD,0x89FD,
    0xA9FD,0xA9FD,0xA9FD,0xA9FD,0x89FD,0xAAFD,0xAAFD,0xAAFD,0xAAFD,0xAAFD,0xAAFD,0xAAFD,
    0xAAFD,0xAAFD,0xAAFD,0xAAFD,0xAAFD,0xAAFD,0xAAFD,0xAAFD,0xAAFD,0xAAFD,0xAAFD,0xAAFD,
    0xAAFD,0xA9FD,0xA9FD,0xA9FD,0xAAFD,0xAAFD,0xAAFD,0xAAFD,0xAAFD,0xAAFD,0xAAFD,0xAAFD,
    0xAAFD,0xA9FD,0xA9FD,0xA9FD,0xA9FD,0xA9FD,0xA9FD,0xAAFD,0x89FD,0xAAFD,0xA9FD,0xA9FD,
    0xA9FD,0x89FD,0x89FD,0xA9FD,0xA9FD,0xA9FD,0xA9FD,0x89FD,0xA9FD,0xA9FD,0xA9FD,0x89FD,
    0xAAFD,0xA9FD,0xA9FD,0xAAFD,0xAAFD,0xAAFD,0xAAFD,0xAAFD,0xAAFD,0xAAFD,0xAAFD,0x8AFD,
    0xAAFD,0xAAFD,0xAAFD,0xAAFD,0x8AFD,0xA9FD,0x89FD,0xA9FD,0xA9FD,0xA9FD,0xA9FD,0xA9FD,
    0xA9FD,0xA9FD,0xA9FD,0xA9FD,0xAAFD,0xAAFD,0xA9FD,0xAAFD,0xA9FD,0xA9FD,0x8AFD,0x89FD,
    0xA9FD,0x89FD,0x89FD,0xA9FD,0xA9FD,0xA9FD,0xA9FD,0xAAFD,0xA9FD,0xA9FD,0xA9FD,0xA9FD,
    0xA9FD,0xAAFD,0x68F5,0x62E4,0x62EC,0x63EC,0x62E4,0xA2EC,0xE5CB,0x8140,0xA238,0xA148,
    0x05CC,0xE3F4,0xA2EC,0xA3EC,0xA3EC,0xA3EC,0xA3EC,0xA2EC,0xA2EC,0xA2EC,0xA3EC,0xE2DB,
    0xC3DB,0xC2DB,0xC3DB,0xE2DB,0xE5D3,0x0159,0xA340,0x4138,0x95BD,0xFFFF,0xDFFF,0xFFFF,
    0xFFFF,0xFFFF,0xFFFF,0x9ADE,0x8238,0xA340,0x6138,0xE9D4,0x49FE,0x0AFE,0x46F5,0x82EC,
    0xA2EC,0xA2EC,0xA2EC,0xA3EC,0xC3EC,0xA3EC,0xC3EC,0xC3EC,0xA3EC,0xA3EC,0xC2EC,0x85E4,
    0xE250,0xA238,0x6138,0xE3A2,0xC3F4,0x62E4,0x83EC,0x83EC,0x62EC,0x06F5,0xA9FD,0x89FD,
    0xA9FD,0xA9FD,0xA9FD,0xA9FD,0xA9FD,0xA9FD,0xA9FD,0xA9FD,0xA9FD,0xA9FD,0xA9FD,0xA9FD,
    0xAAFD,0xAAFD,0xAAFD,0xAAFD,0xAAFD,0xA9FD,0xA9FD,0xAAFD,0xAAFD,0xAAFD,0x8AFD,0xAAFD,
    0x8AFD,0xAAFD,0xAAFD,0x8AFD,0xAAFD,0xAAFD,0xA9FD,0xAAFD,0xAAFD,0xAAFD,0xAAFD,0xAAFD,
    0xAAFD,0xAAFD,0xAAFD,0xAAFD,0xAAFD,0xAAFD,0xAAFD,0xAAFD,0xAAFD,0xAAFD,0xAAFD,0xA9FD,
    0xA9FD,0xA9FD,0x89FD,0x89FD,0x89FD,0x89FD,0x89FD,0xA9FD,0xCAFD,0xEBFD,0xEBFD,0xCAFD,
    0x89FD,0xA9FD,0xA9FD,0xA9FD,0xA9FD,0xA9FD,0xA9FD,0xAAFD,0xAAFD,0xAAFD,0xAAFD,0xAAFD,
    0xAAFD,0xAAFD,0xAAFD,0xAAFD,0xAAFD,0xAAFD,0xAAFD,0xAAFD,0xAAFD,0xAAFD,0xAAFD,0xAAFD,
    0xAAFD,0xA9FD,0xA9FD,0xA9FD,0xAAFD,0xAAFD,0xAAFD,0xA9FD,0xAAFD,0xAAFD,0xAAFD,0xA9FD,
    0xAAFD,0xA9FD,0xA9FD,0xA9FD,0xA9FD,0xA9FD,0xAAFD,0xA9FD,0x89FD,0x89FD,0x89FD,0x89FD,
    0xCAFD,0xEBFD,0xEBFD,0xCAFD,0x89FD,0xA9FD,0x89FD,0x89FD,0xA9FD,0xA9FD,0xA9FD,0xA9FD,
    0xA9FD,0xA9FD,0xAAFD,0xAAFD,0xAAFD,0xAAFD,0xAAFD,0xAAFD,0xAAFD,0xAAFD,0xAAFD,0xA9FD,
    0xAAFD,0xAAFD,0xA9FD,0xA9FD,0xA9FD,0xAAFD,0xA9FD,0xA9FD,0xA9FD,0xA9FD,0xA9FD,0xAAFD,
    0xA9FD,0xAAFD,0xA9FD,0xA9FD,0xAAFD,0xAAFD,0xAAFD,0xAAFD,0xA9FD,0xA9FD,0xA9FD,0xA9FD,
    0x89FD,0xA9FD,0xA9FD,0xA9FD,0xAAFD,0xAAFD,0xA9FD,0xA9FD,0xA9FD,0xA9FD,0xA9FD,0xA9FD,
    0x89FD,0xA9FD,0x06F5,0x62E4,0x82EC,0x63EC,0x62E4,0xC3F4,0xE4A2,0x4130,0xA238,0x2261,
    0xA5E4,0xA2F4,0xA2EC,0xA3EC,0xA3EC,0xA3EC,0xA3EC,0xA2EC,0xA2EC,0xA2EC,0x83EC,0xC2DB,
    0xC3DB,0xE3DB,0xC3DB,0xE2DB,0x64BB,0xA240,0xA340,0xA238,0xDADE,0xFFFF,0xFFFF,0xFFFF,
    0xFFFF,0xFFFF,0xFFFF,0x9EF7,0x4549,0x8238,0x2130,0xC7AB,0x6AFE,0x09F6,0x87F5,0xA2EC,
    0xC2EC,0xA2EC,0xA2EC,0xC3EC,0xA3EC,0xA3EC,0xC3EC,0xC3EC,0xC3EC,0xA3EC,0xA2EC,0xE4F4,
    0xE279,0x6238,0x6238,0xC279,0xC4EC,0x62EC,0x83EC,0x83EC,0x62EC,0xC5EC,0xA9FD,0xA9FD,
    0xA9FD,0x89FD,0xA9FD,0xA9FD,0xA9FD,0xA9FD,0x89FD,0xA9FD,0xA9FD,0xA9FD,0xA9FD,0xAAFD,
    0xAAFD,0xAAFD,0xAAFD,0xAAFD,0xAAFD,0xAAFD,0xAAFD,0xAAFD,0xAAFD,0xAAFD,0xAAFD,0x8AFD,
    0xAAFD,0xAAFD,0xAAFD,0xAAFD,0xAAFD,0xAAFD,0xAAFD,0xAAFD,0xAAFD,0xAAFD,0xA9FD,0xAAFD,
    0xAAFD,0xAAFD,0xAAFD,0xAAFD,0xAAFD,0xAAFD,0xAAFD,0xAAFD,0xAAFD,0xAAFD,0xAAFD,0x89FD,
    0x89FD,0x89FD,0x89FD,0x89FD,0x89FD,0x89FD,0x89FD,0xA9FD,0x6AED,0x6482,0xC371,0xEADC,
    0xCAFD,0x89FD,0xA9FD,0xA9FD,0xA9FD,0xA9FD,0xA9FD,0xAAFD,0xAAFD,0xAAFD,0xAAFD,0xAAFD,
    0xAAFD,0xAAFD,0x8AFD,0xAAFD,0x8AFD,0xAAFD,0xAAFD,0xAAFD,0xA9FD,0xA9FD,0xA9FD,0xA9FD,
    0xA9FD,0xAAFD,0xA9FD,0xA9FD,0xA9FD,0xAAFD,0xAAFD,0xAAFD,0xAAFD,0xAAFD,0xA9FD,0xA9FD,
    0xA9FD,0xA9FD,0xA9FD,0xA9FD,0xA9FD,0xA9FD,0xA9FD,0xA9FD,0xA9FD,0x89FD,0x89FD,0xCAFD,
    0xEADC,0xC371,0x2482,0x6BED,0xA9FD,0x89FD,0x89FD,0xA9FD,0xA9FD,0xA9FD,0xA9FD,0xA9FD,
    0xA9FD,0xA9FD,0xA9FD,0xA9FD,0xAAFD,0xAAFD,0xAAFD,0xAAFD,0xA9FD,0xA9FD,0x8AFD,0xAAFD,
    0xAAFD,0x8AFD,0x8AFD,0xAAFD,0x8AFD,0xA9FD,0xA9FD,0xA9FD,0xA9FD,0xA9FD,0xA9FD,0xA9FD,
    0xA9FD,0xAAFD,0xA9FD,0xA9FD,0xAAFD,0xAAFD,0xAAFD,0xAAFD,0xAAFD,0xAAFD,0xAAFD,0xA9FD,
    0xA9FD,0xA9FD,0xA9FD,0xAAFD,0xAAFD,0x8AFD,0xA9FD,0xA9FD,0x89FD,0xA9FD,0xA9FD,0xA9FD,
    0xA9FD,0xA9FD,0xA5EC,0x62EC,0x83EC,0x83EC,0x62EC,0xC4F4,0xC279,0x6230,0x6238,0x0282,
    0xE4F4,0xA2EC,0xA2EC,0xA3EC,0xA3EC,0xA3EC,0xA3EC,0xA2EC,0xA2EC,0xC2EC,0x43E4,0xC2DB,
    0xE3DB,0xC3DB,0xC3D3,0x03DC,0xC3A2,0x8238,0x8238,0x8651,0xBEFF,0xFFFF,0xFFFF,0xFFFF,
    0xFFFF,0xFFFF,0xFFFF,0xFFFF,0x8A72,0x4130,0x4130,0x8582,0x4BFE,0x09F6,0xC8F5,0xA2EC,
    0xA2EC,0xC2EC,0xA2EC,0xA3EC,0xA3EC,0xA3EC,0xA3EC,0xA3EC,0xA3EC,0xA3EC,0xA2EC,0xE3F4,
    0x04A3,0x4130,0xA340,0xE150,0x45DC,0x82EC,0x83EC,0x83EC,0x82EC,0x83EC,0x68FD,0xA9FD,
    0xA9FD,0x89FD,0xA9FD,0x89FD,0xA9FD,0xA9FD,0xA9FD,0xA9FD,0xA9FD,0xA9FD,0xA9FD,0xA9FD,
    0xA9FD,0xA9FD,0xA9FD,0xA9FD,0xA9FD,0xA9FD,0xA9FD,0xAAFD,0xAAFD,0xAAFD,0xAAFD,0xAAFD,
    0xAAFD,0xAAFD,0xAAFD,0xAAFD,0xAAFD,0xAAFD,0xAAFD,0xAAFD,0xAAFD,0xAAFD,0xA9FD,0xAAFD,
    0xA9FD,0x89FD,0xA9FD,0xAAFD,0xAAFD,0xAAFD,0xAAFD,0xAAFD,0x8AFD,0xA9FD,0xAAFD,0x89FD,
    0xA9FD,0x89FD,0x89FD,0x89FD,0x89FD,0x89FD,0x89FD,0xEAFD,0xC7B3,0x0030,0x0138,0x457A,
    0x0BFE,0x89FD,0xA9FD,0x89FD,0xA9FD,0xA9FD,0xA9FD,0xA9FD,0xA9FD,0xA9FD,0x8AFD,0xAAFD,
    0xAAFD,0xAAFD,0xAAFD,0xAAFD,0x8AFD,0xAAFD,0xA9FD,0xA9FD,0xA9FD,0xA9FD,0xA9FD,0xA9FD,
    0xA9FD,0xA9FD,0xA9FD,0xA9FD,0xAAFD,0xA9FD,0xAAFD,0xAAFD,0xA9FD,0xA9FD,0xA9FD,0xAAFD,
    0xA9FD,0xA9FD,0xA9FD,0xA9FD,0xA9FD,0xA9FD,0xA9FD,0xA9FD,0xA9FD,0x89FD,0x89FD,0x0BFE,
    0x658A,0x0138,0x2130,0xA7AB,0xEAFD,0x89FD,0x89FD,0xA9FD,0xA9FD,0xA9FD,0xA9FD,0xA9FD,
    0xA9FD,0xA9FD,0xA9FD,0xA9FD,0xAAFD,0xAAFD,0xAAFD,0xAAFD,0xA9FD,0xAAFD,0xAAFD,0xAAFD,
    0xAAFD,0xAAFD,0xAAFD,0xA9FD,0xA9FD,0xA9FD,0xA9FD,0x89FD,0xA9FD,0xA9FD,0xA9FD,0xA9FD,
    0xA9FD,0xA9FD,0xA9FD,0xA9FD,0xA9FD,0xA9FD,0xAAFD,0xAAFD,0xAAFD,0xAAFD,0xAAFD,0xA9FD,
    0xA9FD,0xA9FD,0x8AFD,0x8AFD,0xAAFD,0xA9FD,0xA9FD,0xA9FD,0xA9FD,0xA9FD,0xA9FD,0x89FD,
    0xA9FD,0x68FD,0x83EC,0x62EC,0x82EC,0x82EC,0x82EC,0x65DC,0xE150,0xA238,0x4138,0x23AB,
    0xE3F4,0x82EC,0xA3EC,0xA3EC,0xA3EC,0xA3EC,0xA2EC,0xA2EC,0xA2EC,0xA2EC,0x22E4,0xC2D3,
    0xC3DB,0xC3DB,0xC2D3,0x04DC,0xC279,0x8238,0x4130,0xAA72,0xFFFF,0xFFFF,0xFFFF,0xFFFF,
    0xFFFF,0xFFFF,0xDFFF,0xFFFF,0x309C,0x2130,0x6238,0x4359,0x0BF6,0x09FE,0xE9FD,0xE3EC,
    0xA2EC,0xC2EC,0xC3EC,0xA3EC,0xA3EC,0xC3EC,0xA3EC,0xA3EC,0xA3EC,0xA3EC,0xA2EC,0xC2F4,
    0x05CC,0x8140,0xA340,0x6138,0x84BB,0xC3F4,0x62E4,0x83EC,0x83EC,0x62EC,0x27F5,0xA9FD,
    0x89FD,0x89FD,0xA9FD,0xA9FD,0xA9FD,0xA9FD,0xA9FD,0xA9FD,0xA9FD,0xA9FD,0xA9FD,0xA9FD,
    0xA9FD,0xA9FD,0xA9FD,0xA9FD,0xA9FD,0xA9FD,0xAAFD,0xAAFD,0xAAFD,0xAAFD,0xAAFD,0xAAFD,
    0xAAFD,0xAAFD,0xAAFD,0xA9FD,0xAAFD,0xAAFD,0xAAFD,0xA9FD,0xAAFD,0xA9FD,0xA9FD,0xA9FD,
    0xAAFD,0xA9FD,0xAAFD,0xA9FD,0xAAFD,0xAAFD,0xAAFD,0xAAFD,0x8AFD,0xA9FD,0xA9FD,0x89FD,
    0x89FD,0x89FD,0x89FD,0x89FD,0xA9FD,0x89FD,0x69FD,0xEAFD,0x269B,0x4138,0x6240,0x6582,
    0x0BFE,0x89FD,0xA9FD,0xA9FD,0xA9FD,0xA9FD,0xA9FD,0xA9FD,0xA9FD,0xA9FD,0xAAFD,0xAAFD,
    0xAAFD,0x89FD,0xAAFD,0xA9FD,0xA9FD,0xA9FD,0xA9FD,0xA9FD,0xA9FD,0xA9FD,0xA9FD,0xA9FD,
    0xA9FD,0xA9FD,0xA9FD,0xA9FD,0xAAFD,0xA9FD,0xAAFD,0xAAFD,0xA9FD,0xA9FD,0xA9FD,0xA9FD,
    0xA9FD,0xA9FD,0xA9FD,0xA9FD,0xA9FD,0x89FD,0xA9FD,0xA9FD,0xA9FD,0x89FD,0x89FD,0x0BFE,
    0xA58A,0x6240,0x6238,0xE692,0xEAFD,0x89FD,0x89FD,0xA9FD,0xA9FD,0xA9FD,0xA9FD,0xA9FD,
    0xA9FD,0xA9FD,0xA9FD,0xA9FD,0xAAFD,0xA9FD,0xA9FD,0xA9FD,0xA9FD,0xA9FD,0xA9FD,0xA9FD,
    0xAAFD,0xAAFD,0xAAFD,0xA9FD,0xA9FD,0xA9FD,0xA9FD,0xA9FD,0xA9FD,0xA9FD,0xA9FD,0xAAFD,
    0xA9FD,0xA9FD,0xA9FD,0xAAFD,0xAAFD,0xA9FD,0xAAFD,0xAAFD,0xAAFD,0xAAFD,0xAAFD,0xAAFD,
    0xA9FD,0x8AFD,0x8AFD,0x8AFD,0xAAFD,0xA9FD,0xA9FD,0x89FD,0xA9FD,0xA9FD,0xA9FD,0xA9FD,
    0xA9FD,0x26F5,0x62E4,0x62EC,0x82EC,0x63EC,0xC3F4,0x84BB,0x6140,0xA340,0xA148,0x24D4,
    0xC2F4,0xA2EC,0xA3EC,0xA3EC,0xA3EC,0xA3EC,0xA2EC,0xA3EC,0xA2EC,0xA3EC,0xE2DB,0xC3DB,
    0xE3DB,0xE3DB,0xC2DB,0xC4D3,0x2259,0xA338,0x4130,0x719C,0xFFFF,0xFFFF,0xFFFF,0xFFFF,
    0xFFFF,0xFFFF,0xFFFF,0xFFFF,0xD7CD,0x4130,0xA238,0x8138,0x29D5,0x4AFE,0x0AFE,0x04ED,
    0xA2EC,0xC3EC,0xC2EC,0xC3EC,0xC3EC,0xC3EC,0xC2EC,0xC3EC,0xC3EC,0xA3EC,0xA2EC,0xA2EC,
    0xC4EC,0x6261,0x8340,0x6138,0x438A,0xC4F4,0x62E4,0x83EC,0x83EC,0x63EC,0xC5EC,0xA9FD,
    0x89FD,0xA9FD,0xA9FD,0xA9FD,0xA9FD,0xA9FD,0xA9FD,0xA9FD,0xA9FD,0xA9FD,0xA9FD,0xA9FD,
    0xA9FD,0xA9FD,0xA9FD,0xA9FD,0xA9FD,0x89FD,0xAAFD,0xAAFD,0xAAFD,0xAAFD,0xAAFD,0xAAFD,
    0xAAFD,0xAAFD,0xAAFD,0xAAFD,0xAAFD,0xAAFD,0xA9FD,0xA9FD,0xA9FD,0xA9FD,0xA9FD,0xA9FD,
    0xA9FD,0xA9FD,0xA9FD,0xAAFD,0xAAFD,0xAAFD,0xAAFD,0xAAFD,0xA9FD,0x89FD,0x89FD,0x89FD,
    0x89FD,0x89FD,0x89FD,0x89FD,0xA9FD,0xA9FD,0x88FD,0xCBFD,0xE471,0x6238,0x4138,0x069B,
    0x0BFE,0x89FD,0xA9FD,0xA9FD,0xA9FD,0xA9FD,0xA9FD,0xA9FD,0xA9FD,0xA9FD,0xAAFD,0xAAFD,
    0xAAFD,0xA9FD,0xA9FD,0xA9FD,0xA9FD,0x89FD,0xA9FD,0xA9FD,0xA9FD,0xA9FD,0xA9FD,0xA9FD,
    0xA9FD,0xA9FD,0xA9FD,0xA9FD,0xAAFD,0xAAFD,0xAAFD,0xA9FD,0xAAFD,0xA9FD,0xA9FD,0xA9FD,
    0xA9FD,0x89FD,0x89FD,0x89FD,0x89FD,0xA9FD,0xA9FD,0xA9FD,0xA9FD,0xA9FD,0x89FD,0x0BFE,
    0x46A3,0x4138,0x6238,0x0472,0xCBFD,0x88FD,0xA9FD,0xA9FD,0xA9FD,0xA9FD,0xA9FD,0xA9FD,
    0xA9FD,0xA9FD,0xA9FD,0xA9FD,0xA9FD,0xA9FD,0xA9FD,0xA9FD,0xA9FD,0xA9FD,0xA9FD,0xAAFD,
    0xA9FD,0xA9FD,0xA9FD,0xA9FD,0xAAFD,0xA9FD,0xA9FD,0xA9FD,0xA9FD,0xA9FD,0xAAFD,0xAAFD,
    0xAAFD,0xA9FD,0xAAFD,0xAAFD,0xAAFD,0xAAFD,0xAAFD,0xAAFD,0xAAFD,0xAAFD,0xAAFD,0xAAFD,
    0x8AFD,0x8AFD,0xAAFD,0xAAFD,0xAAFD,0xAAFD,0xA9FD,0x89FD,0xA9FD,0xA9FD,0xA9FD,0x89FD,
    0xA9FD,0xC5EC,0x62E4,0x62EC,0x83EC,0x62E4,0xC4F4,0x438A,0x6138,0x8240,0x6269,0xC4EC,
    0xA2EC,0xA3EC,0xA3EC,0xA3EC,0xA3EC,0xA3EC,0xA3EC,0xA2EC,0xC2EC,0x83EC,0xC2DB,0xE3DB,
    0xE3DB,0xE3DB,0xE3DB,0x64BB,0xA140,0xC340,0x6230,0x38CE,0xFFFF,0xFFFF,0xFFFF,0xFFFF,
    0xFFFF,0xFFFF,0xFFFF,0xFFFF,0x5CEF,0x2441,0x8238,0x4130,0x08B4,0x8BFE,0x2AFE,0x66F5,
    0xA2EC,0xC3F4,0xC2EC,0xA3EC,0xA3EC,0xA3EC,0xA3EC,0xA3EC,0xA3EC,0xA3EC,0xA3EC,0x82EC,
    0x04F5,0x8492,0x6238,0x8240,0x2259,0x84E4,0x82EC,0x83EC,0x83EC,0x63EC,0x83EC,0x68FD,
    0xA9FD,0xA9FD,0xA9FD,0xA9FD,0xA9FD,0xA9FD,0xA9FD,0xA9FD,0xA9FD,0xA9FD,0xA9FD,0xA9FD,
    0xA9FD,0xA9FD,0xAAFD,0xAAFD,0xAAFD,0xAAFD,0xAAFD,0xAAFD,0xAAFD,0xAAFD,0xAAFD,0xAAFD,
    0xAAFD,0xAAFD,0xAAFD,0xAAFD,0xAAFD,0xAAFD,0xAAFD,0xA9FD,0xA9FD,0xA9FD,0xA9FD,0xAAFD,
    0xAAFD,0xA9FD,0xAAFD,0xAAFD,0xAAFD,0xAAFD,0xAAFD,0xAAFD,0xA9FD,0xA9FD,0xA9FD,0x89FD,
    0x89FD,0x89FD,0xA9FD,0x89FD,0xA9FD,0x89FD,0xC9FD,0x2AE5,0xA140,0xA338,0x4130,0x28C4,
    0xEAFD,0x89FD,0xA9FD,0xA9FD,0xA9FD,0xA9FD,0xA9FD,0xA9FD,0xA9FD,0xA9FD,0x8AFD,0xAAFD,
    0xAAFD,0xA9FD,0xA9FD,0xAAFD,0xA9FD,0xA9FD,0xA9FD,0xA9FD,0xA9FD,0xA9FD,0xA9FD,0xA9FD,
    0xAAFD,0xA9FD,0xA9FD,0xA9FD,0xA9FD,0xA9FD,0xA9FD,0xAAFD,0xAAFD,0xA9FD,0xA9FD,0xA9FD,
    0xA9FD,0xA9FD,0x89FD,0x89FD,0x89FD,0xA9FD,0xA9FD,0xA9FD,0xA9FD,0xA9FD,0x89FD,0xEAFD,
    0x49C4,0x6138,0xA340,0xA140,0xE9DC,0xE9FD,0xA9FD,0xA9FD,0xA9FD,0xA9FD,0xA9FD,0xA9FD,
    0xA9FD,0xA9FD,0x89FD,0x89FD,0xA9FD,0xA9FD,0xA9FD,0xA9FD,0xA9FD,0xA9FD,0xA9FD,0xA9FD,
    0xA9FD,0xA9FD,0xA9FD,0xA9FD,0xAAFD,0xA9FD,0xA9FD,0xA9FD,0xAAFD,0xA9FD,0xA9FD,0xAAFD,
    0xAAFD,0xAAFD,0xAAFD,0xAAFD,0xAAFD,0xAAFD,0xAAFD,0xAAFD,0xA9FD,0xAAFD,0xA9FD,0xAAFD,
    0x8AFD,0xAAFD,0xA9FD,0xA9FD,0xA9FD,0xAAFD,0xA9FD,0xA9FD,0xA9FD,0xA9FD,0xA9FD,0xA9FD,
    0x68FD,0x63E4,0x62EC,0x62E4,0x63EC,0x62EC,0x84E4,0x0261,0x8240,0x6138,0x6392,0x04FD,
    0x82EC,0xA3EC,0xA3EC,0xA3EC,0xA3EC,0xA3EC,0xA2EC,0xA2EC,0xC3F4,0x22E4,0xC2DB,0xE3DB,
    0xE3DB,0xC2D3,0x23E4,0xA39A,0x6130,0x8238,0x2441,0x7DEF,0xFFFF,0xFFFF,0xFFFF,0xFFFF,
    0xFFFF,0xFFFF,0xFFFF,0xFFFF,0xFFFF,0x8A6A,0x4130,0x6138,0xC582,0x8CFE,0x2AFE,0xA7F5,
    0xA2EC,0xC2EC,0xA3EC,0xC3EC,0xA3EC,0xA3EC,0xA3EC,0xA3EC,0xA3EC,0xA2EC,0xA2EC,0xA2EC,
    0xE3F4,0xC4C3,0x8140,0xC340,0x8140,0xA4C3,0xA3F4,0x63EC,0x83EC,0x83EC,0x62E4,0x26F5,
    0xA9FD,0xA9FD,0xA9FD,0xA9FD,0xA9FD,0xA9FD,0xA9FD,0xA9FD,0xA9FD,0xA9FD,0xA9FD,0xA9FD,
    0xAAFD,0xAAFD,0xAAFD,0xAAFD,0xAAFD,0xAAFD,0xAAFD,0xAAFD,0xAAFD,0xAAFD,0xAAFD,0x8AFD,
    0xAAFD,0xAAFD,0xAAFD,0xAAFD,0xAAFD,0xAAFD,0xAAFD,0xAAFD,0xAAFD,0xAAFD,0xAAFD,0xAAFD,
    0xAAFD,0xAAFD,0xAAFD,0xAAFD,0xAAFD,0xAAFD,0xAAFD,0x8AFD,0xA9FD,0x89FD,0xA9FD,0x89FD,
    0xA9FD,0x89FD,0x89FD,0x89FD,0x89FD,0xA9FD,0x4CFE,0x858A,0x4138,0x6238,0x4359,0x8AF5,
    0xA9FD,0xA9FD,0xAAFD,0xA9FD,0xA9FD,0xA9FD,0xA9FD,0xA9FD,0xA9FD,0xA9FD,0xAAFD,0xAAFD,
    0xAAFD,0xA9FD,0xA9FD,0xA9FD,0xA9FD,0xA9FD,0xA9FD,0xA9FD,0xA9FD,0xA9FD,0xA9FD,0xA9FD,
    0xA9FD,0xA9FD,0xA9FD,0xA9FD,0xA9FD,0xA9FD,0xA9FD,0xA9FD,0xA9FD,0xA9FD,0xA9FD,0xA9FD,
    0xA9FD,0xA9FD,0x89FD,0x89FD,0x89FD,0x89FD,0x89FD,0x89FD,0x89FD,0xA9FD,0x89FD,0x89FD,
    0xAAF5,0x8361,0x8238,0x6238,0x0472,0x0CFE,0xC9FD,0xA9FD,0xA9FD,0xA9FD,0xA9FD,0xA9FD,
    0xAAFD,0xA9FD,0xA9FD,0xA9FD,0xA9FD,0x89FD,0x89FD,0xA9FD,0xA9FD,0xA9FD,0xA9FD,0xA9FD,
    0xA9FD,0xA9FD,0xAAFD,0xAAFD,0xAAFD,0xAAFD,0xAAFD,0xA9FD,0xAAFD,0xA9FD,0xAAFD,0xAAFD,
    0xAAFD,0xAAFD,0xAAFD,0xAAFD,0xAAFD,0xAAFD,0xAAFD,0xAAFD,0xAAFD,0xAAFD,0xAAFD,0xA9FD,
    0xA9FD,0xA9FD,0xA9FD,0xA9FD,0xAAFD,0xA9FD,0xA9FD,0xA9FD,0x89FD,0x89FD,0xA9FD,0xA9FD,
    0x26F5,0x42E4,0x62EC,0x63E4,0x62E4,0xA3EC,0xA5C3,0x6140,0xA348,0x8140,0xC4C3,0xE3F4,
    0xA2EC,0xA3EC,0xA3EC,0xA3EC,0xA3EC,0xA3EC,0xA2EC,0xA2EC,0xA3EC,0xE2DB,0xC2DB,0xE3DB,
    0xE3DB,0xC2DB,0x24E4,0xC379,0x6238,0x4130,0xAA6A,0xFFFF,0xFFFF,0xFFFF,0xFFFF,0xFFFF,
    0xFFFF,0xFFFF,0xFFFF,0xDFFF,0xFFFF,0x71A4,0x2030,0xA340,0x6361,0x0CF6,0x4AFE,0xE9FD,
    0xC3EC,0xC2EC,0xC3EC,0xA3EC,0xA2EC,0xA3EC,0xA3EC,0xA3EC,0xA3EC,0xA3EC,0xA3EC,0xA2EC,
    0xA2EC,0xA4EC,0x2261,0xA240,0x6238,0x438A,0xC4F4,0x62E4,0x63EC,0x83EC,0x62EC,0xC5EC,
    0xA9FD,0xA9FD,0xA9FD,0xA9FD,0xA9FD,0xA9FD,0xA9FD,0xA9FD,0xA9FD,0xA9FD,0xA9FD,0xA9FD,
    0xAAFD,0xAAFD,0xAAFD,0xAAFD,0xAAFD,0xAAFD,0xAAFD,0xAAFD,0xAAFD,0xAAFD,0xAAFD,0xAAFD,
    0xAAFD,0xAAFD,0xAAFD,0xAAFD,0xAAFD,0xAAFD,0xAAFD,0xAAFD,0xAAFD,0xA9FD,0xAAFD,0xAAFD,
    0xAAFD,0xAAFD,0xAAFD,0xAAFD,0xAAFD,0xAAFD,0xAAFD,0xAAFD,0xA9FD,0xA9FD,0xA9FD,0xA9FD,
    0x89FD,0x89F5,0x89FD,0xA9FD,0xEAFD,0x0CFE,0x47A3,0x8140,0xC348,0x4130,0x88A3,0x2BFE,
    0x89F5,0xAAFD,0xA9FD,0xA9FD,0xA9FD,0xA9FD,0xA9FD,0xA9FD,0xA9FD,0xAAFD,0xAAFD,0x8AFD,
    0xA9FD,0xA9FD,0xA9FD,0x89FD,0x89FD,0xA9FD,0xA9FD,0xA9FD,0xA9FD,0xA9FD,0xA9FD,0xA9FD,
    0xA9FD,0xA9FD,0xA9FD,0xA9FD,0xA9FD,0xA9FD,0xA9FD,0x89FD,0xA9FD,0xA9FD,0xA9FD,0x89FD,
    0xA9FD,0xA9FD,0x89FD,0x89FD,0x89FD,0x89FD,0x89FD,0x89FD,0xA9FD,0xA9FD,0xA9FD,0x68F5,
    0x0AFE,0x2ABC,0x4130,0xC348,0x6138,0xC692,0x0CFE,0x0AFE,0xA9FD,0x89FD,0x89FD,0xA9FD,
    0xA9FD,0xA9FD,0xA9FD,0xA9FD,0xA9FD,0xA9FD,0xA9FD,0xA9FD,0xA9FD,0xA9FD,0xA9FD,0xA9FD,
    0xA9FD,0xAAFD,0xAAFD,0xAAFD,0xAAFD,0xAAFD,0xA9FD,0xA9FD,0xAAFD,0xAAFD,0xAAFD,0xAAFD,
    0xAAFD,0xAAFD,0xAAFD,0xAAFD,0xAAFD,0xAAFD,0xAAFD,0xAAFD,0xAAFD,0xAAFD,0xAAFD,0x89FD,
    0xA9FD,0xA9FD,0xA9FD,0xA9FD,0xA9FD,0x89FD,0xA9FD,0xA9FD,0xA9FD,0xA9FD,0xA9FD,0xA9FD,
    0xC4EC,0x62E4,0x63E4,0x62E4,0x62E4,0xC4F4,0x6392,0x6138,0x8240,0x2261,0xA5E4,0xA2EC,
    0xA2EC,0xA3EC,0xA3EC,0xA3EC,0xA3EC,0xA3EC,0xA2EC,0xC2EC,0x82EC,0xC2DB,0xE3DB,0xE3DB,
    0xE3DB,0xE3DB,0xE4DB,0x0159,0xA338,0x2128,0x92A4,0xFFFF,0xFFFF,0xFFFF,0xFFFF,0xFFFF,
    0xFFFF,0xFFFF,0xFFFF,0xFFFF,0xFFFF,0x79D6,0x8238,0xC348,0x8140,0x0ACD,0x6BFE,0x2AFE,
    0x04ED,0xA2EC,0xC2EC,0xA2EC,0xA3EC,0xC3EC,0xA3EC,0xA3EC,0xA3EC,0xA2EC,0xA2EC,0xA3EC,
    0xA2EC,0xE4F4,0x6392,0x6238,0xA338,0x0251,0x65E4,0x82EC,0x63EC,0x83EC,0x83EC,0x83EC,
    0x68FD,0xA9FD,0xA9FD,0xA9FD,0xA9FD,0xA9FD,0xA9FD,0xA9FD,0xA9FD,0xA9FD,0xA9FD,0xA9FD,
    0xA9FD,0xAAFD,0xAAFD,0xAAFD,0xAAFD,0xAAFD,0xAAFD,0xAAFD,0xAAFD,0xAAFD,0xAAFD,0xAAFD,
    0xAAFD,0xAAFD,0xAAFD,0xAAFD,0xAAFD,0xAAFD,0xAAFD,0xAAFD,0xAAFD,0xAAFD,0xAAFD,0xAAFD,
    0xAAFD,0xAAFD,0xAAFD,0xAAFD,0xAAFD,0xAAFD,0xAAFD,0xAAFD,0x89FD,0x89FD,0xA9FD,0x89FD,
    0xA9FD,0xEAFD,0xCBFD,0x8AF5,0x89CC,0x047A,0x6140,0xC348,0xE348,0xA240,0x4359,0x89CC,
    0x2BFE,0xA9FD,0x89FD,0x89FD,0xA9FD,0xA9FD,0xA9FD,0xA9FD,0xA9FD,0xAAFD,0xAAFD,0x8AFD,
    0x89FD,0xA9FD,0xA9FD,0xA9FD,0x89FD,0xA9FD,0xA9FD,0xA9FD,0xA9FD,0xA9FD,0xA9FD,0xA9FD,
    0xA9FD,0xA9FD,0xA9FD,0xA9FD,0xA9FD,0xA9FD,0xA9FD,0x89FD,0xA9FD,0xA9FD,0x89FD,0x89FD,
    0xA9FD,0xA9FD,0xA9FD,0x89FD,0x89FD,0x89FD,0x89FD,0x89FD,0x89FD,0x89FD,0xA9FD,0x0BFE,
    0x2ADD,0xC469,0x8238,0xC348,0xC348,0x6140,0xC369,0x69CC,0x8AF5,0xCAFD,0xEBFD,0xA9FD,
    0xA9FD,0xA9FD,0xA9FD,0xA9FD,0xA9FD,0xA9FD,0xA9FD,0xA9FD,0xA9FD,0xA9FD,0xA9FD,0xA9FD,
    0xA9FD,0xAAFD,0xAAFD,0xAAFD,0xAAFD,0xAAFD,0xAAFD,0xAAFD,0xAAFD,0xAAFD,0xAAFD,0xAAFD,
    0xAAFD,0xAAFD,0xAAFD,0xAAFD,0xAAFD,0x8AFD,0xAAFD,0xAAFD,0xAAFD,0xAAFD,0xAAFD,0x89FD,
    0x89FD,0x89FD,0xA9FD,0x89FD,0x89FD,0x89FD,0xA9FD,0xA9FD,0xA9FD,0xA9FD,0xA9FD,0x68F5,
    0x63E4,0x62EC,0x62E4,0x63E4,0x62E4,0x85E4,0x2259,0x8240,0x4138,0x438A,0x04F5,0xA2EC,
    0xA3EC,0xA3EC,0xA3EC,0xA3EC,0xA3EC,0xA2EC,0xA2EC,0xC3EC,0x23E4,0xC2DB,0xE3DB,0xE3DB,
    0xE2DB,0x03E4,0x64BB,0x8140,0xA340,0x8238,0x59D6,0xFFFF,0xFFFF,0xFFFF,0xFFFF,0xFFFF,
    0xFFFF,0xFFFF,0xFFFF,0xFFFF,0xFFFF,0xDEFF,0xC759,0x8240,0x6138,0x679B,0x8CFE,0x2AFE,
    0x46F5,0x82EC,0xC2EC,0xA2EC,0xA2EC,0xA3EC,0xA3EC,0xA3EC,0xA3EC,0xA3EC,0xA3EC,0xA3EC,
    0xA2EC,0xE2F4,0xE4C3,0x8140,0xC340,0x6138,0x64B3,0xA3F4,0x63E4,0x83EC,0x83EC,0x63EC,
    0x06F5,0xA9FD,0xA9FD,0xA9FD,0xA9FD,0xA9FD,0xA9FD,0xA9FD,0xA9FD,0xA9FD,0xA9FD,0xA9FD,
    0xAAFD,0xAAFD,0xAAFD,0xAAFD,0xAAFD,0xAAFD,0xAAFD,0xAAFD,0xAAFD,0xAAFD,0xAAFD,0xAAFD,
    0xAAFD,0xAAFD,0xAAFD,0xA9FD,0xAAFD,0xAAFD,0xAAFD,0xAAFD,0xAAFD,0xA9FD,0xAAFD,0xAAFD,
    0xAAFD,0xAAFD,0xAAFD,0xAAFD,0xAAFD,0xAAFD,0xAAFD,0xAAFD,0xA9FD,0xA9FD,0x89FD,0xA9FD,
    0x8AF5,0xE692,0xC471,0x4359,0x6138,0x6240,0xC348,0x6240,0x6140,0xC340,0x8238,0x8140,
    0x67A3,0xEBFD,0xA9FD,0x69F5,0x89FD,0x89FD,0xA9FD,0xA9FD,0xA9FD,0xAAFD,0xAAFD,0xAAFD,
    0xA9FD,0xA9FD,0xA9FD,0x89FD,0x89FD,0x89FD,0x89FD,0xA9FD,0x89FD,0x89FD,0x89FD,0x89FD,
    0x89FD,0x89FD,0x89FD,0x89FD,0x89FD,0xA9FD,0xA9FD,0x89FD,0x89FD,0xA9FD,0x89FD,0xA9FD,
    0x89FD,0xA9FD,0xA9FD,0xA9FD,0xA9FD,0x89FD,0x89FD,0x89FD,0x68F5,0xA9FD,0xEBFD,0xC8B3,
    0xE248,0x6238,0xC340,0x6138,0x6138,0xC348,0x8238,0x6138,0x4359,0xA469,0x069B,0x8AF5,
    0xA9FD,0xA9FD,0xA9FD,0xA9FD,0xA9FD,0xA9FD,0xA9FD,0xA9FD,0xA9FD,0xA9FD,0xA9FD,0xAAFD,
    0xA9FD,0xAAFD,0xAAFD,0xAAFD,0xAAFD,0xAAFD,0xAAFD,0xAAFD,0xAAFD,0xAAFD,0xA9FD,0xAAFD,
    0xAAFD,0xAAFD,0xAAFD,0xAAFD,0xAAFD,0xAAFD,0xAAFD,0xAAFD,0xAAFD,0xAAFD,0xAAFD,0xA9FD,
    0xA9FD,0x89FD,0xA9FD,0x89FD,0x89FD,0x89FD,0xA9FD,0xA9FD,0xA9FD,0x89FD,0xA9FD,0x06ED,
    0x42E4,0x62EC,0x62E4,0x62E4,0xA3EC,0x84BB,0x6138,0xA340,0x6138,0xC4C3,0xE2F4,0xA2EC,
    0xA3EC,0xA3EC,0xA3EC,0xA3EC,0xA3EC,0xA3EC,0xA2EC,0xA3EC,0x02DC,0xC2DB,0xE2DB,0xE3DB,
    0xC3DB,0x43E4,0x6392,0x6240,0x8240,0x8651,0xBEF7,0xFFFF,0xFFFF,0xFFFF,0xFFFF,0xFFFF,
    0xFFFF,0xFFFF,0xFFFF,0xFFFF,0xDFFF,0xFFFF,0xCF8B,0x4138,0xA240,0xC369,0x4CFE,0x4AFE,
    0xA7F5,0xA2EC,0xC2EC,0xC2EC,0xA2EC,0xA3EC,0xA3EC,0xA3EC,0xA3EC,0xA3EC,0xA3EC,0xA3EC,
    0xA3EC,0xA2EC,0xC5EC,0x4261,0x8238,0x6238,0xE279,0xC4EC,0x82EC,0x83EC,0x83EC,0x83EC,
    0xA4EC,0xA9FD,0xA9FD,0xA9FD,0xA9FD,0xA9FD,0xA9FD,0xA9FD,0xA9FD,0xA9FD,0xA9FD,0x89FD,
    0xAAFD,0xAAFD,0xAAFD,0xAAFD,0xAAFD,0xAAFD,0xAAFD,0xAAFD,0xAAFD,0xAAFD,0xAAFD,0xAAFD,
    0xAAFD,0xA9FD,0xAAFD,0xAAFD,0xAAFD,0xAAFD,0xAAFD,0xAAFD,0xAAFD,0xAAFD,0xAAFD,0xAAFD,
    0xAAFD,0xAAFD,0xAAFD,0xAAFD,0xAAFD,0x8AFD,0xAAFD,0xAAFD,0xA9FD,0xA9FD,0x89FD,0x0BFE,
    0x08BC,0x0030,0x8240,0x8238,0xA338,0x6230,0x6138,0xE692,0xA8AB,0x8140,0xA240,0xC348,
    0x4130,0xE469,0x0ADD,0xEAFD,0x89FD,0x89FD,0xA9FD,0xA9FD,0xAAFD,0x8AFD,0x8AFD,0x89FD,
    0xA9FD,0x89FD,0x89FD,0x89FD,0x89FD,0x89FD,0x89FD,0x89FD,0x89FD,0xA9FD,0xA9FD,0x89FD,
    0xA9FD,0xA9FD,0xA9FD,0xA9FD,0x89FD,0xA9FD,0x89FD,0x89FD,0x89FD,0x89FD,0x89FD,0x89FD,
    0x89FD,0xA9FD,0xA9FD,0xA9FD,0xA9FD,0xA9FD,0x89FD,0x89FD,0xEAFD,0x2AE5,0x247A,0x4138,
    0xA340,0xA340,0x8140,0x88A3,0xE692,0x6138,0x6238,0xA340,0xA340,0xA340,0x0030,0xE8B3,
    0x0BFE,0x89FD,0xA9FD,0xA9FD,0xA9FD,0x89FD,0xA9FD,0xA9FD,0xA9FD,0xA9FD,0xA9FD,0xA9FD,
    0xA9FD,0xAAFD,0xA9FD,0xA9FD,0xAAFD,0xAAFD,0xAAFD,0xAAFD,0xAAFD,0xAAFD,0xAAFD,0xAAFD,
    0xAAFD,0xAAFD,0xAAFD,0xAAFD,0xAAFD,0xAAFD,0xAAFD,0xAAFD,0xAAFD,0xAAFD,0x8AFD,0xA9FD,
    0xA9FD,0x89FD,0xA9FD,0x89FD,0x89FD,0xA9FD,0xA9FD,0xA9FD,0xA9FD,0xA9FD,0xA9FD,0x83EC,
    0x62EC,0x62EC,0x63EC,0x62E4,0xA4EC,0xE279,0x6138,0x8238,0x2259,0xC5EC,0xA2EC,0xA2EC,
    0xA3EC,0xA3EC,0xA3EC,0xA3EC,0xA3EC,0xA3EC,0xA2EC,0x63EC,0xC2DB,0xE3DB,0xE3DB,0xE3DB,
    0xE2DB,0x24DC,0x8269,0xA340,0x4138,0x8E8B,0xFFFF,0xFFFF,0xFFFF,0xFFFF,0xFFFF,0xFFFF,
    0xFFFF,0xFFFF,0xFFFF,0xFFFF,0xDFFF,0xFFFF,0x18CE,0x6138,0xC348,0xC148,0x4ADD,0x6AFE,
    0xE8FD,0xC3EC,0xA2EC,0xC2EC,0xA2EC,0xA3EC,0xA3EC,0xA3EC,0xA2EC,0xA3EC,0xA3EC,0xA3EC,
    0xA3EC,0xA2EC,0x03F5,0xC49A,0x4130,0xA340,0xC148,0x45DC,0xA3EC,0x83EC,0x83EC,0x83EC,
    0x63E4,0x47F5,0xAAFD,0xA9FD,0xA9FD,0xA9FD,0xA9FD,0xA9FD,0xA9FD,0xA9FD,0xA9FD,0xA9FD,
    0xAAFD,0xAAFD,0x8AFD,0xAAFD,0xAAFD,0xAAFD,0xAAFD,0xAAFD,0xAAFD,0xAAFD,0xAAFD,0xAAFD,
    0xAAFD,0xAAFD,0xAAFD,0xAAFD,0xAAFD,0xAAFD,0xAAFD,0xAAFD,0xAAFD,0xAAFD,0xAAFD,0xAAFD,
    0xAAFD,0xAAFD,0xAAFD,0xAAFD,0xAAFD,0x8AFD,0x8AFD,0xAAFD,0xA9FD,0xA9FD,0x89FD,0xEAFD,
    0xA9D4,0x8148,0x4138,0x6138,0xC240,0x2472,0x69CC,0xEBFD,0x2CFE,0x89CC,0x0251,0x4138,
    0xC340,0x4130,0xA140,0x67A3,0xABF5,0x0BFE,0xA9FD,0x89FD,0xA9FD,0x89FD,0x89FD,0x89FD,
    0x89FD,0x89FD,0x89FD,0xA9FD,0x89FD,0x89FD,0x89FD,0x89FD,0x89FD,0x89FD,0x89FD,0xA9FD,
    0x89FD,0x89FD,0xA9FD,0xA9FD,0x89FD,0x89FD,0x89FD,0x89FD,0x89FD,0x89FD,0x89FD,0x89FD,
    0x89FD,0x89FD,0x89FD,0xA9FD,0x89FD,0x89FD,0xEAFD,0xCBFD,0x87AB,0xC140,0x4130,0xC340,
    0x6238,0x0251,0x69C4,0x2CFE,0xEBFD,0x48C4,0x0472,0xE248,0x8138,0x6138,0x8140,0x69C4,
    0xEAFD,0x89FD,0xA9FD,0xA9FD,0xA9FD,0xA9FD,0xA9FD,0x89FD,0xA9FD,0xA9FD,0xA9FD,0xA9FD,
    0xA9FD,0xA9FD,0xAAFD,0xAAFD,0xAAFD,0xAAFD,0xAAFD,0xAAFD,0xAAFD,0xAAFD,0xAAFD,0xAAFD,
    0xAAFD,0xAAFD,0xAAFD,0xAAFD,0xAAFD,0xAAFD,0xAAFD,0xAAFD,0xAAFD,0xAAFD,0xAAFD,0xA9FD,
    0xA9FD,0x89FD,0x89FD,0xA9FD,0xA9FD,0xA9FD,0xA9FD,0xA9FD,0x89FD,0xAAFD,0x27F5,0x62E4,
    0x82EC,0x63EC,0x62E4,0x82EC,0x24D4,0xA148,0xA240,0x4130,0xC49A,0x03F5,0xA2EC,0xA3EC,
    0xA3EC,0xA3EC,0xA3EC,0xA3EC,0xA2EC,0xA2EC,0xA2EC,0x22E4,0xC2DB,0xE3DB,0xE3DB,0xC3DB,
    0x03DC,0xA4CB,0xA148,0xA340,0x4130,0xB6C5,0xFFFF,0xFFFF,0xFFFF,0xFFFF,0xFFFF,0xFFFF,
    0xFFFF,0xFFFF,0xFFFF,0xFFFF,0xFFFF,0xFFFF,0xBEF7,0x6551,0xA248,0x6138,0x87A3,0x8BFE,
    0x09FE,0x04ED,0xA2EC,0xA2EC,0xA2EC,0xA3EC,0xA3EC,0xA3EC,0xA3EC,0xA3EC,0xA3EC,0xA3EC,
    0xA3EC,0xA3EC,0xC2F4,0x25D4,0xA148,0xA340,0x6138,0xE4A2,0xC4F4,0x82EC,0x83EC,0x83EC,
    0x83E4,0xC5EC,0xA9FD,0xA9FD,0xA9FD,0xA9FD,0xA9FD,0xA9FD,0xA9FD,0xA9FD,0xA9FD,0x8AFD,
    0xAAFD,0xAAFD,0x8AFD,0x8AFD,0xAAFD,0xAAFD,0xAAFD,0xAAFD,0xAAFD,0xAAFD,0xAAFD,0xAAFD,
    0xAAFD,0xA9FD,0xAAFD,0xAAFD,0xAAFD,0xAAFD,0xAAFD,0xAAFD,0xAAFD,0xAAFD,0xAAFD,0x8AFD,
    0x8AFD,0xAAFD,0xAAFD,0xAAFD,0xAAFD,0xAAFD,0xAAFD,0xAAFD,0xAAFD,0xAAFD,0xA9FD,0x89FD,
    0xEBFD,0xA9D4,0xC8B3,0x69CC,0x4AE5,0xEBFD,0xCAFD,0x89FD,0x89FD,0x0AFE,0x4BE5,0x0472,
    0x4130,0x8238,0xA340,0x4130,0x8361,0x28BC,0xECFD,0x0BFE,0xA9FD,0x89FD,0x89FD,0x89FD,
    0x89FD,0x89FD,0x89FD,0xA9FD,0xA9FD,0x89FD,0x89FD,0x89FD,0x89FD,0x89FD,0x89FD,0x89FD,
    0x89FD,0x89FD,0x89FD,0x89FD,0x89FD,0x8AFD,0x8AFD,0x89FD,0x89FD,0x89FD,0x89FD,0x89FD,
    0x89FD,0x89FD,0x89FD,0xA9FD,0x0AFE,0xECFD,0x69C4,0xC369,0x4130,0xA338,0xA338,0x2130,
    0xC369,0x2AE5,0x0BFE,0x89FD,0x89FD,0xCAFD,0xCBFD,0x2AE5,0x69C4,0xC8B3,0xA9D4,0xCBFD,
    0x89FD,0xA9FD,0xA9FD,0xA9FD,0xA9FD,0xA9FD,0xA9FD,0xA9FD,0xA9FD,0xA9FD,0xA9FD,0xA9FD,
    0xA9FD,0xAAFD,0xAAFD,0xAAFD,0xAAFD,0xAAFD,0xAAFD,0xAAFD,0xAAFD,0xAAFD,0xAAFD,0xAAFD,
    0xAAFD,0xAAFD,0xAAFD,0xAAFD,0xAAFD,0xAAFD,0xAAFD,0xAAFD,0xAAFD,0xAAFD,0xAAFD,0xA9FD,
    0xA9FD,0x89FD,0x89FD,0xA9FD,0xA9FD,0xA9FD,0xA9FD,0xA9FD,0x89FD,0xA9FD,0xA4EC,0x62EC,
    0x63EC,0x63EC,0x62E4,0xC3F4,0xC49A,0x4138,0xA340,0x8140,0x25D4,0xC2F4,0xA2EC,0xA3EC,
    0xA3EC,0xA3EC,0xA3EC,0xA3EC,0xA2EC,0xA2EC,0x83EC,0xE2DB,0xC3DB,0xE3DB,0xC3DB,0xC2DB,
    0x24E4,0xA39A,0x6240,0xA340,0x2549,0x7DF7,0xFFFF,0xFFFF,0xFFFF,0xFFFF,0xFFFF,0xFFFF,
    0xFFFF,0xFFFF,0xFFFF,0xFFFF,0xFFFF,0xFFFF,0xFFFF,0x8E8B,0x4138,0x8240,0xC369,0x4BFE,
    0x29FE,0x66F5,0xA2EC,0xC2EC,0xA2EC,0xA2EC,0xA3EC,0xA3EC,0xA3EC,0xA3EC,0xA3EC,0xA3EC,
    0xA3EC,0xA3EC,0xA2EC,0xE4F4,0xE379,0x6238,0x8238,0x6269,0xA5EC,0x82EC,0x83EC,0x83EC,
    0x83EC,0x83E4,0x68F5,0xA9FD,0x89FD,0xA9FD,0xA9FD,0xA9FD,0xA9FD,0xA9FD,0xA9FD,0xAAFD,
    0xAAFD,0xAAFD,0xAAFD,0xAAFD,0xAAFD,0xAAFD,0xAAFD,0xAAFD,0xAAFD,0xAAFD,0xAAFD,0xAAFD,
    0xAAFD,0xAAFD,0xAAFD,0xAAFD,0xAAFD,0xAAFD,0xAAFD,0xAAFD,0xAAFD,0xAAFD,0xAAFD,0xAAFD,
    0xAAFD,0xAAFD,0x8AFD,0x8AFD,0xAAFD,0x8AFD,0xAAFD,0xAAFD,0xAAFD,0xA9FD,0xA9FD,0xA9FD,
    0x89FD,0xCAFD,0x0AFE,0xEAFD,0xC9FD,0x89FD,0x89FD,0x89FD,0x89FD,0x89FD,0xC9FD,0xCAFD,
    0xE8BB,0x0251,0x2130,0xC340,0x8240,0x6140,0xA369,0xC8B3,0x6AED,0xEAFD,0xC9FD,0x89FD,
    0x89FD,0x89FD,0x89FD,0xA9FD,0xA9FD,0x89FD,0x89FD,0x89FD,0x89FD,0x89FD,0x89FD,0x89FD,
    0xA9FD,0x89FD,0x89FD,0x8AFD,0x89FD,0x89FD,0x89FD,0x89FD,0x89FD,0x89FD,0x89FD,0x69FD,
    0x89FD,0xA9FD,0xEAFD,0x6AF5,0x08BC,0xC471,0x6140,0x8240,0xC340,0x4130,0xC148,0x67A3,
    0xABFD,0xC9FD,0x89FD,0xA9FD,0xA9FD,0x89FD,0x89FD,0xAAFD,0xEAFD,0x0AFE,0xEAFD,0x89FD,
    0xA9FD,0xA9FD,0xA9FD,0x89FD,0xA9FD,0xA9FD,0xA9FD,0xA9FD,0xA9FD,0xA9FD,0xA9FD,0xA9FD,
    0xA9FD,0xA9FD,0xA9FD,0xAAFD,0xAAFD,0xAAFD,0xAAFD,0xAAFD,0xAAFD,0xAAFD,0xAAFD,0xAAFD,
    0xAAFD,0xAAFD,0xAAFD,0xAAFD,0x8AFD,0xAAFD,0xAAFD,0xAAFD,0xAAFD,0xAAFD,0xAAFD,0xA9FD,
    0xA9FD,0xA9FD,0xA9FD,0x89FD,0xA9FD,0xA9FD,0xA9FD,0x89FD,0xA9FD,0x47F5,0x62E4,0x62EC,
    0x63EC,0x63EC,0x62EC,0x84E4,0x4261,0x6238,0x6238,0xE379,0xE4F4,0x82EC,0xA3EC,0xA3EC,
    0xA3EC,0xA3EC,0xA3EC,0xA3EC,0xA2EC,0xA2EC,0x63E4,0xC2DB,0xE3DB,0xC3DB,0xC3DB,0xC2DB,
    0x25DC,0x8271,0x8240,0x4138,0x2C7B,0xFFFF,0xFFFF,0xFFFF,0xFFFF,0xFFFF,0xFFFF,0xFFFF,
    0xFFFF,0xFFFF,0xFFFF,0xFFFF,0xFFFF,0xFFFF,0xFFFF,0x17CE,0x6138,0xA340,0x8138,0x2AD5,
    0x6AFE,0xC8F5,0xA2EC,0xA2EC,0xA2EC,0xA2EC,0xA2EC,0xA3EC,0xA3EC,0xA3EC,0xA3EC,0xA3EC,
    0xA3EC,0xA3EC,0xA2EC,0xE3F4,0x84BB,0x6140,0xC348,0x8140,0xA4BB,0xC3F4,0x83EC,0x83EC,
    0x83EC,0x62E4,0xC5EC,0xA9FD,0x89FD,0xA9FD,0xA9FD,0xA9FD,0xA9FD,0xA9FD,0x89FD,0x8AFD,
    0xAAFD,0x8AFD,0x8AFD,0xAAFD,0xAAFD,0xAAFD,0xAAFD,0xAAFD,0xAAFD,0xAAFD,0xAAFD,0xAAFD,
    0xAAFD,0xAAFD,0xAAFD,0xAAFD,0xAAFD,0xAAFD,0xAAFD,0xAAFD,0xAAFD,0xAAFD,0xAAFD,0xAAFD,
    0xAAFD,0xAAFD,0xAAFD,0xAAFD,0xAAFD,0xAAFD,0x8AFD,0xAAFD,0xA9FD,0xAAFD,0xA9FD,0xA9FD,
    0xA9FD,0x89FD,0x89FD,0x89FD,0x89FD,0x89FD,0xA9FD,0xA9FD,0x89FD,0x89FD,0x89FD,0x89FD,
    0xEAFD,0x6BED,0xE692,0xA148,0x6138,0xC348,0x8240,0x4138,0x0251,0xC58A,0x89CC,0xABF5,
    0x0BFE,0xEAFD,0xA9FD,0x89FD,0x89FD,0x89FD,0x89FD,0x89FD,0x89FD,0x89FD,0x89FD,0x89FD,
    0x89FD,0x89FD,0x89FD,0x89FD,0x89FD,0x69FD,0x69FD,0x89FD,0x89FD,0xA9FD,0xEAFD,0xEBFD,
    0xABFD,0xC9D4,0x069B,0x4259,0x4130,0x6238,0xC340,0x6238,0x8140,0x8582,0x2AE5,0xEAFD,
    0x89FD,0x89FD,0x89FD,0x89FD,0xA9FD,0x89FD,0xA9FD,0x89FD,0x89FD,0x89FD,0x89FD,0x89FD,
    0xA9FD,0xA9FD,0x89FD,0x89FD,0x89FD,0xA9FD,0xA9FD,0xA9FD,0xA9FD,0xA9FD,0xA9FD,0xA9FD,
    0xA9FD,0xA9FD,0xAAFD,0xAAFD,0xAAFD,0xAAFD,0xAAFD,0xAAFD,0xAAFD,0xAAFD,0xAAFD,0xAAFD,
    0xAAFD,0xAAFD,0xAAFD,0xAAFD,0xAAFD,0x8AFD,0xAAFD,0xAAFD,0xAAFD,0xAAFD,0xA9FD,0xA9FD,
    0xA9FD,0xA9FD,0xA9FD,0xA9FD,0xA9FD,0xA9FD,0xA9FD,0x89FD,0xA9FD,0xC5EC,0x62EC,0x62EC,
    0x63EC,0x62EC,0xA3F4,0x84BB,0x6140,0xA340,0x6138,0x84BB,0xE3F4,0x82EC,0xA3EC,0xA3EC,
    0xA2EC,0xA3EC,0xA3EC,0xA3EC,0xA2EC,0xA3EC,0x02DC,0xC2DB,0xE3DB,0xE3DB,0xC3DB,0x03DC,
    0x84C3,0xA148,0xA348,0x4130,0x75BD,0xFFFF,0xDFFF,0xFFFF,0xFFFF,0xFFFF,0xFFFF,0xFFFF,
    0xFFFF,0xFFFF,0xFFFF,0xFFFF,0xFFFF,0xFFFF,0xFFFF,0xBEFF,0xA651,0x8238,0x4130,0x2693,
    0x8BFE,0x09FE,0xE4EC,0xA2EC,0xA2EC,0xA2EC,0xA2EC,0xA3EC,0xA3EC,0xA3EC,0xA3EC,0xA3EC,
    0xA3EC,0xA3EC,0xA3EC,0xA2EC,0xE5EC,0x6261,0x8240,0x8240,0xE279,0xC5F4,0x82EC,0x83EC,
    0x83EC,0x83EC,0x63E4,0x68F5,0xA9FD,0x89FD,0x89FD,0xA9FD,0xA9FD,0xA9FD,0xA9FD,0xAAFD,
    0xAAFD,0x8AFD,0xAAFD,0x8AFD,0xAAFD,0xAAFD,0xAAFD,0xAAFD,0xAAFD,0xAAFD,0xAAFD,0xAAFD,
    0xAAFD,0xAAFD,0xAAFD,0xAAFD,0xAAFD,0xAAFD,0xAAFD,0xAAFD,0xAAFD,0xAAFD,0xAAFD,0xAAFD,
    0xAAFD,0xAAFD,0xAAFD,0x8AFD,0xAAFD,0xAAFD,0xAAFD,0xA9FD,0xA9FD,0xAAFD,0xA9FD,0xAAFD,
    0xAAFD,0xA9FD,0x89FD,0xA9FD,0x89FD,0x89FD,0x89FD,0xA9FD,0xA9FD,0x89FD,0x89FD,0x89FD,
    0x89FD,0xA9FD,0x0CFE,0x0ADD,0x6582,0x8140,0x4130,0xA338,0x8238,0x4130,0x8138,0x6361,
    0xC592,0x48C4,0x4BED,0xCBFD,0x0BFE,0x0AFE,0xEAFD,0xCAFD,0xCAFD,0xA9FD,0xA9FD,0xA9FD,
    0xA9FD,0xA9FD,0xA9FD,0xC9FD,0xCAFD,0xEAFD,0xEAFD,0x0BFE,0xEBFD,0x6BED,0x69CC,0x069B,
    0xA369,0xA140,0x4130,0x8238,0xA338,0x4130,0x8138,0x247A,0xA9D4,0x0CFE,0xCAFD,0x89FD,
    0x89FD,0x89FD,0x89FD,0x89FD,0x89FD,0x89FD,0x89FD,0x89FD,0x89FD,0x89FD,0x89FD,0x89FD,
    0xA9FD,0xA9FD,0xA9FD,0xA9FD,0xA9FD,0xA9FD,0xA9FD,0xA9FD,0xA9FD,0xA9FD,0xA9FD,0xA9FD,
    0xA9FD,0xAAFD,0xA9FD,0xA9FD,0xAAFD,0xAAFD,0x8AFD,0x8AFD,0xAAFD,0xAAFD,0xAAFD,0x8AFD,
    0x8AFD,0xAAFD,0xAAFD,0xAAFD,0xAAFD,0xAAFD,0xAAFD,0xAAFD,0xAAFD,0xA9FD,0xA9FD,0xA9FD,
    0xA9FD,0xA9FD,0xA9FD,0xA9FD,0xA9FD,0xA9FD,0x89FD,0xA9FD,0x48F5,0x42E4,0x62EC,0x63EC,
    0x63EC,0x62EC,0xC4F4,0xC279,0x6240,0x8240,0x6269,0xC5EC,0xA2EC,0xA2EC,0xA3EC,0xA3EC,
    0xA2EC,0xA3EC,0xA2EC,0xA3EC,0xC2EC,0x83EC,0xC2DB,0xC3DB,0xE3DB,0xE3DB,0xC3D3,0x24E4,
    0x839A,0x6238,0x8240,0x4549,0x9DF7,0xFFFF,0xFFFF,0xFFFF,0xFFFF,0xFFFF,0xFFFF,0xFFFF,
    0xFFFF,0xFFFF,0xFFFF,0xFFFF,0xFFFF,0xFFFF,0xFFFF,0xFFFF,0xCE8B,0x2030,0x8238,0x6259,
    0x0BF6,0x2AFE,0x46F5,0xA2EC,0xC2EC,0xA2EC,0xA2EC,0xA3EC,0xA3EC,0xA3EC,0xA3EC,0xA3EC,
    0xA3EC,0xC3EC,0xC3EC,0xA2EC,0x04FD,0x24AB,0x6140,0xC348,0xA148,0xE5CB,0xC3EC,0x83EC,
    0x83EC,0x83EC,0x62E4,0xE5EC,0xA9FD,0x89FD,0x89FD,0xA9FD,0xA9FD,0xA9FD,0xAAFD,0xAAFD,
    0xAAFD,0xAAFD,0xAAFD,0xAAFD,0xAAFD,0xAAFD,0xAAFD,0xAAFD,0xAAFD,0xAAFD,0xAAFD,0xAAFD,
    0xAAFD,0xAAFD,0xAAFD,0xAAFD,0xAAFD,0xAAFD,0xAAFD,0xAAFD,0xAAFD,0xAAFD,0xAAFD,0xAAFD,
    0xAAFD,0xAAFD,0xAAFD,0xAAFD,0xAAFD,0xAAFD,0xAAFD,0xAAFD,0xAAFD,0xAAFD,0xAAFD,0xAAFD,
    0xAAFD,0xA9FD,0xAAFD,0xAAFD,0xA9FD,0xA9FD,0xA9FD,0xA9FD,0xA9FD,0x89FD,0xA9FD,0xA9FD,
    0xA9FD,0x89FD,0x89FD,0xEAFD,0x0BFE,0xC9D4,0x858A,0xE248,0x4130,0x6238,0xA340,0xA240,
    0x6238,0x8140,0x0251,0xE469,0xC58A,0x87AB,0x29C4,0xA9D4,0xE9DC,0x2AE5,0x4AED,0x69ED,
    0x6AF5,0x6AED,0x2AE5,0x09DD,0xA9D4,0x29BC,0x87AB,0xE692,0x0472,0x2251,0x8140,0x6238,
    0x8240,0xA340,0x8238,0x4130,0xA140,0x457A,0x89CC,0xEBFD,0xEAFD,0xA9FD,0x89FD,0x89FD,
    0x89FD,0x89FD,0x89FD,0x89FD,0x89FD,0x89FD,0x89FD,0x89FD,0x89FD,0x89FD,0x89FD,0x89FD,
    0xA9FD,0xA9FD,0xA9FD,0x89FD,0xA9FD,0xA9FD,0xA9FD,0xA9FD,0xA9FD,0xA9FD,0xA9FD,0xA9FD,
    0xA9FD,0xA9FD,0xAAFD,0xAAFD,0xAAFD,0xAAFD,0xAAFD,0xAAFD,0xAAFD,0xAAFD,0xAAFD,0x8AFD,
    0xAAFD,0x8AFD,0xAAFD,0xAAFD,0xAAFD,0xAAFD,0xAAFD,0xAAFD,0xAAFD,0xA9FD,0xA9FD,0xA9FD,
    0x89FD,0xA9FD,0x89FD,0xA9FD,0xA9FD,0xA9FD,0x89FD,0xA9FD,0xC5EC,0x42E4,0x62EC,0x62EC,
    0x62EC,0xA3EC,0xE4CB,0xA148,0xC348,0x6140,0x24AB,0xE3F4,0x82EC,0xA3EC,0xA2EC,0xA3EC,
    0xA3EC,0xA3EC,0xA2EC,0xA2EC,0xC3EC,0x23E4,0xC2DB,0xC3DB,0xC3DB,0xC3DB,0xC2DB,0x04DC,
    0x4261,0xA340,0x4130,0x6D83,0xFFFF,0xFFFF,0xFFFF,0xFFFF,0xFFFF,0xFFFF,0xFFFF,0xFFFF,
    0xFFFF,0xFFFF,0xFFFF,0xFFFF,0xFFFF,0xFFFF,0xFFFF,0xFFFF,0x38D6,0x8238,0xC340,0x6138,
    0xA9C4,0x8BFE,0xA8F5,0xA2EC,0xA2EC,0xA2EC,0xA2EC,0xA3EC,0xA3EC,0xA3EC,0xA3EC,0xA3EC,
    0xA3EC,0xA3EC,0xA3EC,0xA3EC,0xC2F4,0xA5E4,0x0259,0xA340,0x8240,0x2382,0xE5F4,0x62EC,
    0x83EC,0x83EC,0x63EC,0x63E4,0x48F5,0xA9FD,0x89FD,0x89FD,0x89FD,0x89FD,0x8AFD,0x8AFD,
    0x8AFD,0x8AFD,0xAAFD,0xAAFD,0xAAFD,0xAAFD,0xAAFD,0xAAFD,0xAAFD,0xAAFD,0xAAFD,0xAAFD,
    0xAAFD,0x8AFD,0xAAFD,0xAAFD,0xAAFD,0xAAFD,0xAAFD,0x8AFD,0x8AFD,0x8AFD,0xAAFD,0xAAFD,
    0x8AFD,0x8AFD,0x8AFD,0x8AFD,0xAAFD,0xAAFD,0xAAFD,0xAAFD,0xAAFD,0xAAFD,0xAAFD,0xAAFD,
    0xAAFD,0xAAFD,0xAAFD,0xAAFD,0xAAFD,0xAAFD,0xAAFD,0xAAFD,0x8AFD,0x8AFD,0x8AFD,0x8AFD,
    0x8AFD,0x8AFD,0xA9FD,0x89FD,0x89FD,0xC9FD,0xEAFD,0x2AED,0x87AB,0xC369,0xA148,0x6138,
    0x8240,0xA340,0xA340,0x8240,0x6238,0x6138,0x8140,0xA140,0xC240,0xE248,0x2351,0x2251,
    0x4251,0x2251,0xE248,0xC248,0xA140,0x8138,0x6238,0x6238,0x8238,0x8340,0xA340,0x8240,
    0x6138,0xA140,0x8361,0x269B,0x09E5,0xEAFD,0xC9FD,0x89FD,0x89FD,0xA9FD,0x89FD,0x89FD,
    0x89FD,0x89FD,0x89FD,0x89FD,0x89FD,0x89FD,0x89FD,0x89FD,0x89FD,0x89FD,0x89FD,0x89FD,
    0x89FD,0x89FD,0x89FD,0x89FD,0xA9FD,0xA9FD,0xA9FD,0xA9FD,0xA9FD,0xA9FD,0xA9FD,0xAAFD,
    0xAAFD,0xAAFD,0xAAFD,0x8AFD,0x8AFD,0xAAFD,0xAAFD,0x8AFD,0x8AFD,0x8AFD,0x8AFD,0x8AFD,
    0x8AFD,0x8AFD,0x8AFD,0x8AFD,0xAAFD,0x89FD,0x89FD,0xA9FD,0xA9FD,0xA9FD,0xA9FD,0xA9FD,
    0xA9FD,0xA9FD,0xA9FD,0x89FD,0xA9FD,0x89FD,0xA9FD,0x47F5,0x42E4,0x62EC,0x62E4,0x62E4,
    0x62E4,0xC4F4,0x238A,0x6240,0x8240,0x0259,0xA5E4,0xA2EC,0xA2EC,0xA3EC,0xA3EC,0xA3EC,
    0xA3EC,0xA3EC,0xA2EC,0xA2EC,0xA3EC,0xE2DB,0xC3DB,0xE3DB,0xE3DB,0xC3DB,0x03E4,0x44BB,
    0x6148,0xA348,0x4130,0xD7C5,0xFFFF,0xDFFF,0xFFFF,0xFFFF,0xFFFF,0xFFFF,0xFFFF,0xFFFF,
    0xFFFF,0xFFFF,0xFFFF,0xFFFF,0xFFFF,0xFFFF,0xFFFF,0xFFFF,0xDFFF,0xE759,0x6238,0x6238,
    0x8582,0x8BFE,0xE9FD,0xE4EC,0xA2EC,0xA2EC,0xA2EC,0xA3EC,0xA2EC,0xA3EC,0xA3EC,0xA3EC,
    0xA3EC,0xA3EC,0xC3EC,0xC3EC,0xA2EC,0x04F5,0xE49A,0x6140,0xC348,0xA148,0xE5CB,0xA3EC,
    0x63EC,0x82EC,0x62EC,0x62EC,0xC5EC,0xA9FD,0x89FD,0x89FD,0xA9FD,0xA9FD,0xA9FD,0x8AFD,
    0xAAFD,0xAAFD,0xAAFD,0xAAFD,0xAAFD,0xAAFD,0xAAFD,0xAAFD,0xAAFD,0xAAFD,0x8AFD,0xAAFD,
    0xAAFD,0xAAFD,0xAAFD,0xAAFD,0xAAFD,0xAAFD,0xAAFD,0x8AFD,0x8AFD,0x8AFD,0xAAFD,0xAAFD,
    0x8AFD,0xAAFD,0xAAFD,0xAAFD,0xAAFD,0xAAFD,0xAAFD,0xAAFD,0xAAFD,0x8AFD,0x8AFD,0xAAFD,
    0xAAFD,0xAAFD,0xAAFD,0xAAFD,0xAAFD,0x8AFD,0x8AFD,0xAAFD,0x8AFD,0x8AFD,0x8AFD,0x8AFD,
    0x8AFD,0xAAFD,0xA9FD,0xA9FD,0x89FD,0x89FD,0x69FD,0xA9FD,0xEAFD,0xEBFD,0x2AE5,0xC7B3,
    0x6482,0x6259,0xA140,0x8138,0x8238,0x8240,0xA240,0xA340,0xA338,0xA338,0x8338,0x8338,
    0x8338,0xA338,0xA340,0xA340,0xA340,0xA340,0x8240,0x8240,0x8240,0xA140,0x2259,0x247A,
    0x87AB,0xEADC,0xCBFD,0xEAFD,0xA9FD,0x69FD,0x89FD,0x89FD,0x89FD,0x89FD,0x89FD,0x89FD,
    0x89FD,0x89FD,0x89FD,0x89FD,0x89FD,0x89FD,0x89FD,0x89FD,0x89FD,0x89FD,0x89FD,0xA9FD,
    0xA9FD,0xA9FD,0xA9FD,0xA9FD,0xA9FD,0xA9FD,0xA9FD,0xA9FD,0xA9FD,0xAAFD,0xAAFD,0xAAFD,
    0xAAFD,0xAAFD,0xAAFD,0xAAFD,0xAAFD,0xAAFD,0x8AFD,0x8AFD,0x8AFD,0x8AFD,0x8AFD,0xAAFD,
    0xA9FD,0xAAFD,0xA9FD,0xA9FD,0x89FD,0xA9FD,0x89FD,0xA9FD,0xA9FD,0xA9FD,0xA9FD,0xA9FD,
    0xA9FD,0xA9FD,0xA9FD,0xA9FD,0xA9FD,0x89FD,0xA9FD,0xC5EC,0x42E4,0x63E4,0x43E4,0x62E4,
    0x83EC,0x05D4,0xA150,0xA348,0x4138,0xE4A2,0x04FD,0xA2EC,0xA2EC,0xA3EC,0xA3EC,0xA3EC,
    0xA3EC,0xA3EC,0xA2EC,0xC2EC,0x43E4,0xC2DB,0xE3DB,0xE3DB,0xE3DB,0xC2DB,0x24E4,0x238A,
    0x6240,0x8240,0xA651,0xBEFF,0xFFFF,0xFFFF,0xFFFF,0xFFFF,0xFFFF,0xFFFF,0xFFFF,0xFFFF,
    0xFFFF,0xFFFF,0xFFFF,0xFFFF,0xFFFF,0xFFFF,0xFFFF,0xDFFF,0xFFFF,0x71A4,0x2030,0xC348,
    0xE248,0x8AE5,0x4AFE,0x46F5,0x82EC,0xA2EC,0xA3EC,0xA2EC,0xA3EC,0xA3EC,0xA3EC,0xA3EC,
    0xA3EC,0xA3EC,0xA3EC,0xC3EC,0xA2EC,0xC2F4,0xA5E4,0x0159,0xA348,0x6238,0xE379,0xC4EC,
    0x62E4,0x63EC,0x63EC,0x63EC,0x63E4,0x48F5,0xA9FD,0x89FD,0x89FD,0xA9FD,0x89FD,0x8AFD,
    0xAAFD,0x8AFD,0xAAFD,0xAAFD,0xAAFD,0xAAFD,0xAAFD,0xAAFD,0xAAFD,0xAAFD,0xAAFD,0xAAFD,
    0xAAFD,0xAAFD,0xAAFD,0xAAFD,0xAAFD,0xAAFD,0xAAFD,0xAAFD,0x8AFD,0xAAFD,0xAAFD,0xAAFD,
    0x8AFD,0xAAFD,0xAAFD,0xAAFD,0xAAFD,0xAAFD,0xAAFD,0xAAFD,0xAAFD,0xAAFD,0xAAFD,0xAAFD,
    0xAAFD,0xAAFD,0xAAFD,0xAAFD,0x8AFD,0xAAFD,0xAAFD,0xAAFD,0x8AFD,0xAAFD,0x8AFD,0xAAFD,
    0xAAFD,0xAAFD,0x89FD,0xA9FD,0x89FD,0x89FD,0x89FD,0x89FD,0x89FD,0x89FD,0xCAFD,0x0BFE,
    0x0BFE,0x8BF5,0xC9D4,0xC7B3,0xE592,0x247A,0x8361,0x0251,0xA140,0xA240,0x8140,0x8138,
    0x8140,0x8238,0x8240,0xC248,0x0259,0x6361,0xE471,0xA58A,0x87AB,0x89CC,0x6BED,0xEBFD,
    0x0BFE,0xEAFD,0xA9FD,0x89FD,0x89FD,0x89FD,0x89FD,0x89FD,0x89FD,0x89FD,0x89FD,0x89FD,
    0x89FD,0x89FD,0x89FD,0x89FD,0x89FD,0x89FD,0x89FD,0x89FD,0x89FD,0x89FD,0xA9FD,0xA9FD,
    0xA9FD,0xA9FD,0xA9FD,0xA9FD,0xA9FD,0xA9FD,0xA9FD,0xA9FD,0xA9FD,0xA9FD,0xA9FD,0xAAFD,
    0xAAFD,0xAAFD,0x8AFD,0x8AFD,0xAAFD,0xAAFD,0x8AFD,0x8AFD,0xAAFD,0xAAFD,0xAAFD,0xAAFD,
    0xA9FD,0xA9FD,0x89FD,0x89FD,0x89FD,0x89FD,0xA9FD,0xA9FD,0xA9FD,0xA9FD,0xA9FD,0xA9FD,
    0xA9FD,0xA9FD,0xA9FD,0xA9FD,0xA9FD,0xA9FD,0x47F5,0x42E4,0x62E4,0x63E4,0x43E4,0x42E4,
    0xA4EC,0x0382,0x6240,0xA348,0xE158,0xA5E4,0xC2F4,0xA2EC,0xA3EC,0xA3EC,0xA3EC,0xA3EC,
    0xA3EC,0xA2EC,0xA2EC,0xA3EC,0xE2DB,0xC3DB,0xC3DB,0xC3DB,0xC3DB,0xE2DB,0xE5D3,0xE258,
    0xA348,0x2130,0x519C,0xFFFF,0xFFFF,0xFFFF,0xFFFF,0xFFFF,0xFFFF,0xFFFF,0xFFFF,0xFFFF,
    0xFFFF,0xFFFF,0xFFFF,0xFFFF,0xFFFF,0xFFFF,0xFFFF,0xFFFF,0xFFFF,0xFBE6,0xE340,0xA348,
    0x4130,0x669B,0x6BFE,0xA7F5,0xA2EC,0xA2EC,0xA2EC,0xA3EC,0xA3EC,0xA3EC,0xA3EC,0xA3EC,
    0xA3EC,0xA3EC,0xC3EC,0xA3EC,0xC2EC,0xA2EC,0x24FD,0xC4A2,0x6138,0xC340,0x8140,0xA5C3,
    0xA3F4,0x63E4,0x63EC,0x63EC,0x62EC,0xA5EC,0xA9FD,0xA9FD,0x89FD,0x89FD,0xA9FD,0xA9FD,
    0xAAFD,0x8AFD,0xAAFD,0xAAFD,0xAAFD,0xAAFD,0xAAFD,0xAAFD,0xAAFD,0xAAFD,0xAAFD,0xAAFD,
    0xAAFD,0x8AFD,0xAAFD,0xAAFD,0xAAFD,0xAAFD,0xAAFD,0xAAFD,0x8AFD,0xAAFD,0xAAFD,0xAAFD,
    0xAAFD,0xAAFD,0x8AFD,0xAAFD,0xAAFD,0xAAFD,0xAAFD,0xAAFD,0xAAFD,0xAAFD,0xAAFD,0x8AFD,
    0xAAFD,0xAAFD,0xAAFD,0xAAFD,0x8AFD,0xAAFD,0xAAFD,0xAAFD,0xAAFD,0x8AFD,0x8AFD,0x8AFD,
    0xAAFD,0xAAFD,0xA9FD,0x89FD,0x89FD,0x89FD,0x89FD,0x89FD,0x89FD,0xA9FD,0xA9FD,0x89FD,
    0x89FD,0xA9FD,0xEAFD,0x0BFE,0x0BFE,0xEBFD,0x8AF5,0x29ED,0xE9DC,0x88D4,0x68CC,0x68CC,
    0x68CC,0x68CC,0xA9D4,0xE9DC,0x4AED,0xAAF5,0xEBFD,0x0BFE,0x0BFE,0xEAFD,0xCAFD,0x89FD,
    0x89FD,0x89FD,0xA9FD,0xA9FD,0xA9FD,0x89FD,0x89FD,0x89FD,0x89FD,0x89FD,0x89FD,0x89FD,
    0x89FD,0xA9FD,0x89FD,0x89FD,0x89FD,0x89FD,0x89FD,0x89FD,0x89FD,0x89FD,0xA9FD,0x89FD,
    0x89FD,0xA9FD,0xA9FD,0xA9FD,0xA9FD,0xA9FD,0xA9FD,0xA9FD,0xA9FD,0xA9FD,0xA9FD,0xAAFD,
    0xAAFD,0x8AFD,0x8AFD,0x8AFD,0xAAFD,0x8AFD,0x8AFD,0xAAFD,0x8AFD,0xAAFD,0xAAFD,0x8AFD,
    0x89FD,0xA9FD,0x89FD,0x89FD,0xA9FD,0xA9FD,0xA9FD,0xA9FD,0xA9FD,0xA9FD,0xA9FD,0xA9FD,
    0xA9FD,0xA9FD,0xA9FD,0xA9FD,0xA9FD,0xA9FD,0xA4EC,0x42E4,0x62E4,0x63E4,0x42E4,0x82EC,
    0xC4C3,0x8140,0xA348,0x4138,0xC49A,0x04FD,0xA2EC,0xA2EC,0xA3EC,0xA3EC,0xA3EC,0xA3EC,
    0xA3EC,0xA2EC,0xC2EC,0x42E4,0xC2DB,0xC3DB,0xC3DB,0xC3DB,0xC3D3,0x03E4,0xA3A2,0x6240,
    0xA348,0xC340,0xFBE6,0xFFFF,0xFFFF,0xFFFF,0xFFFF,0xFFFF,0xFFFF,0xFFFF,0xFFFF,0xFFFF,
    0xFFFF,0xFFFF,0xFFFF,0xFFFF,0xFFFF,0xFFFF,0xFFFF,0xFFFF,0xFFFF,0xFFFF,0xEB7A,0x4138,
    0x8240,0x4251,0xEAF5,0x09FE,0xE4EC,0xA2EC,0xA3EC,0xA3EC,0xA3EC,0xA3EC,0xA3EC,0xA3EC,
    0xA3EC,0xA3EC,0xC3EC,0xA3EC,0xA3EC,0xA3EC,0xC2EC,0x85DC,0xE150,0xA340,0x6238,0xA269,
    0xA4EC,0x62E4,0x63EC,0x62EC,0x62EC,0x63E4,0x27F5,0xA9FD,0x89FD,0xA9FD,0xA9FD,0xA9FD,
    0xAAFD,0xAAFD,0xAAFD,0xAAFD,0xAAFD,0xAAFD,0xAAFD,0xAAFD,0xAAFD,0xAAFD,0x8AFD,0xAAFD,
    0xAAFD,0x8AFD,0xAAFD,0xAAFD,0xAAFD,0xAAFD,0x8AFD,0x8AFD,0x8AFD,0xAAFD,0xAAFD,0x8AFD,
    0x8AFD,0xAAFD,0xAAFD,0xAAFD,0xAAFD,0xAAFD,0xAAFD,0xAAFD,0xAAFD,0xAAFD,0xAAFD,0xAAFD,
    0xAAFD,0xAAFD,0xAAFD,0xAAFD,0x8AFD,0xAAFD,0xAAFD,0xAAFD,0xAAFD,0xAAFD,0xAAFD,0x8AFD,
    0x8AFD,0xAAFD,0x89FD,0x89FD,0x89FD,0xA9FD,0xA9FD,0x89FD,0xA9FD,0xA9FD,0xA9FD,0xA9FD,
    0xA9FD,0xA9FD,0x89FD,0x89FD,0x89FD,0x89FD,0x89FD,0x89FD,0x89FD,0xA9FD,0xA9FD,0xA9FD,
    0xA9FD,0xA9FD,0xA9FD,0xA9FD,0x89FD,0x89FD,0x69FD,0x69FD,0x69FD,0x89FD,0x89FD,0xA9FD,
    0xA9FD,0xA9FD,0xA9FD,0x89FD,0x89FD,0xA9FD,0x89FD,0x89FD,0x89FD,0x89FD,0x89FD,0x89FD,
    0xA9FD,0xA9FD,0x89FD,0xA9FD,0xA9FD,0x89FD,0x89FD,0x89FD,0x89FD,0x89FD,0xA9FD,0x89FD,
    0xAAFD,0xAAFD,0xA9FD,0xA9FD,0xA9FD,0xA9FD,0xAAFD,0xA9FD,0x89FD,0xA9FD,0xA9FD,0xAAFD,
    0xAAFD,0xAAFD,0xAAFD,0xAAFD,0xAAFD,0x8AFD,0x8AFD,0x8AFD,0xAAFD,0x8AFD,0xAAFD,0x89FD,
    0x89FD,0xA9FD,0xA9FD,0x89FD,0xA9FD,0x89FD,0x89FD,0x89FD,0xA9FD,0xA9FD,0xA9FD,0xA9FD,
    0xA9FD,0xA9FD,0xA9FD,0x89FD,0xCAFD,0x27F5,0x42E4,0x62EC,0x43EC,0x42E4,0x42E4,0xA4EC,
    0xA271,0x4138,0x8240,0xE150,0x85E4,0xC2F4,0xA2EC,0xA2EC,0xA3EC,0xA3EC,0xA3EC,0xA3EC,
    0xA3EC,0xA2EC,0xA3EC,0xE2DB,0xC3DB,0xE3DB,0xE3DB,0xE3DB,0xC3DB,0xE4D3,0x4261,0xA340,
    0x4138,0xCB72,0xFFFF,0xFFFF,0xFFFF,0xFFFF,0xFFFF,0xFFFF,0xFFFF,0xFFFF,0xFFFF,0xFFFF,
    0xFFFF,0xFFFF,0xFFFF,0xFFFF,0xFFFF,0xFFFF,0xFFFF,0xFFFF,0xDFFF,0xFFFF,0xB6C5,0x4130,
    0xC340,0x4130,0x28B4,0x6AFE,0x66F5,0x82EC,0xA2EC,0xA3EC,0xA3EC,0xA3EC,0xA3EC,0xA3EC,
    0xA3EC,0xC3EC,0xA3EC,0xA3EC,0xC3EC,0xC3EC,0xA2EC,0x04F5,0xC39A,0x4130,0xC340,0x4138,
    0x64B3,0xA3EC,0x63E4,0x83EC,0x83EC,0x62EC,0x84EC,0x89FD,0xA9FD,0x89FD,0xA9FD,0xA9FD,
    0xA9FD,0xAAFD,0xAAFD,0xAAFD,0xAAFD,0xAAFD,0xAAFD,0xAAFD,0xAAFD,0xAAFD,0x8AFD,0xAAFD,
    0xAAFD,0xAAFD,0xAAFD,0xAAFD,0xAAFD,0xAAFD,0xAAFD,0x8AFD,0xAAFD,0x8AFD,0x8AFD,0xAAFD,
    0xAAFD,0xAAFD,0xAAFD,0xAAFD,0xAAFD,0xAAFD,0xAAFD,0xAAFD,0xAAFD,0xAAFD,0xAAFD,0xAAFD,
    0xAAFD,0xAAFD,0xAAFD,0xAAFD,0xAAFD,0xAAFD,0xAAFD,0xAAFD,0xAAFD,0xAAFD,0xAAFD,0xAAFD,
    0x8AFD,0x8AFD,0xAAFD,0xA9FD,0xA9FD,0x89FD,0xA9FD,0xA9FD,0x89FD,0xA9FD,0xA9FD,0xA9FD,
    0xA9FD,0xA9FD,0xA9FD,0x89FD,0x89FD,0x89FD,0x89FD,0x69FD,0x69FD,0x69FD,0x69FD,0x69F5,
    0x89FD,0x69FD,0x69FD,0x69FD,0x69FD,0x89FD,0x89FD,0x89FD,0x89FD,0x89FD,0x89FD,0xA9FD,
    0xA9FD,0xA9FD,0xA9FD,0x89FD,0x89FD,0x89FD,0x89FD,0x89FD,0x89FD,0x89FD,0x89FD,0xA9FD,
    0xA9FD,0xA9FD,0xA9FD,0xA9FD,0x8AFD,0xA9FD,0xA9FD,0xA9FD,0xA9FD,0xA9FD,0xA9FD,0xAAFD,
    0xA9FD,0xA9FD,0xA9FD,0xA9FD,0xA9FD,0xAAFD,0xA9FD,0xAAFD,0x89FD,0xA9FD,0xAAFD,0xAAFD,
    0xAAFD,0xAAFD,0xAAFD,0xAAFD,0xAAFD,0xAAFD,0xAAFD,0xAAFD,0xAAFD,0xAAFD,0xAAFD,0xAAFD,
    0xAAFD,0xA9FD,0xA9FD,0xA9FD,0xA9FD,0xA9FD,0x89FD,0x89FD,0xA9FD,0x89FD,0x89FD,0x89FD,
    0xA9FD,0xA9FD,0xA9FD,0xA9FD,0x89FD,0x83EC,0x42EC,0x62EC,0x62E4,0x42E4,0x83EC,0x84BB,
    0x4138,0xA340,0x2130,0xE49A,0x04FD,0xA2EC,0xA2EC,0xA2EC,0xA3EC,0xA3EC,0xA3EC,0xA3EC,
    0xA2EC,0xA2EC,0x43E4,0xC2DB,0xC3DB,0xC3DB,0xC3DB,0xC3D3,0x03DC,0x04AB,0x6140,0xC348,
    0x4130,0xB6C5,0xFFFF,0xFFFF,0xFFFF,0xFFFF,0xFFFF,0xFFFF,0xFFFF,0xFFFF,0xFFFF,0xFFFF,
    0xFFFF,0xFFFF,0xFFFF,0xFFFF,0xFFFF,0xFFFF,0xFFFF,0xFFFF,0xFFFF,0xFFFF,0xDFFF,0xE759,
    0x6238,0x6238,0xE369,0x2BFE,0xE8FD,0xC4EC,0xA2EC,0xC3EC,0xA3EC,0xA3EC,0xA3EC,0xC3EC,
    0xC3EC,0xC3EC,0xA3EC,0xA3EC,0xA3EC,0xA3EC,0xA3EC,0xA2EC,0x85E4,0x0251,0x8238,0x6238,
    0x4261,0xA5E4,0x82EC,0x83EC,0x63EC,0x83EC,0x62E4,0x06F5,0xA9FD,0x89FD,0xA9FD,0xA9FD,
    0xA9FD,0xA9FD,0xAAFD,0xAAFD,0xAAFD,0xAAFD,0xAAFD,0xAAFD,0xAAFD,0xAAFD,0xAAFD,0xAAFD,
    0xAAFD,0xAAFD,0xAAFD,0xAAFD,0xAAFD,0x8AFD,0xAAFD,0xAAFD,0xAAFD,0xAAFD,0xAAFD,0xAAFD,
    0xAAFD,0xAAFD,0xAAFD,0xAAFD,0xA9FD,0xAAFD,0xAAFD,0xAAFD,0xAAFD,0xAAFD,0xAAFD,0xAAFD,
    0xAAFD,0x8AFD,0xAAFD,0xAAFD,0xAAFD,0xAAFD,0xAAFD,0xAAFD,0xAAFD,0xAAFD,0xAAFD,0xAAFD,
    0x8AFD,0xAAFD,0xAAFD,0xA9FD,0xA9FD,0xA9FD,0xA9FD,0xA9FD,0xA9FD,0x89FD,0xA9FD,0x89FD,
    0x89FD,0x89FD,0x89FD,0x69FD,0x69FD,0x89FD,0x89FD,0x69FD,0x69FD,0x89FD,0x89FD,0x89FD,
    0x89FD,0x89FD,0x89FD,0x89FD,0x89FD,0x89FD,0x89FD,0x89FD,0x68F5,0x69FD,0x89FD,0x89FD,
    0xA9FD,0xA9FD,0x89FD,0x89FD,0x89FD,0x89FD,0x89FD,0x89FD,0x89FD,0x89FD,0xA9FD,0xA9FD,
    0xA9FD,0xA9FD,0xA9FD,0xAAFD,0xAAFD,0xA9FD,0xA9FD,0xA9FD,0xA9FD,0x89FD,0xAAFD,0x8AFD,
    0xA9FD,0xAAFD,0x89FD,0xA9FD,0xAAFD,0xAAFD,0xA9FD,0xAAFD,0xA9FD,0x89FD,0xAAFD,0x8AFD,
    0x8AFD,0x8AFD,0xAAFD,0xAAFD,0xAAFD,0xAAFD,0xAAFD,0xAAFD,0xAAFD,0xAAFD,0xAAFD,0xAAFD,
    0xAAFD,0xA9FD,0xA9FD,0xA9FD,0xA9FD,0xA9FD,0xA9FD,0x89FD,0x89FD,0x89FD,0x89FD,0xA9FD,
    0xA9FD,0x89FD,0x89FD,0xA9FD,0xE5F4,0x42E4,0x62EC,0x62EC,0x62E4,0x62E4,0x84E4,0x6261,
    0x6238,0x6238,0x0259,0xA5EC,0xA2EC,0xA3EC,0xA3EC,0xA3EC,0xA3EC,0xA3EC,0xA3EC,0xA3EC,
    0xA2EC,0xA3EC,0xE2DB,0xC3DB,0xC3DB,0xC3DB,0xC3DB,0xC3D3,0x04DC,0xA271,0x6238,0x8240,
    0xC759,0xDEFF,0xFFFF,0xFFFF,0xFFFF,0xFFFF,0xFFFF,0xFFFF,0xFFFF,0xFFFF,0xFFFF,0xFFFF,
    0xFFFF,0xFFFF,0xFFFF,0xFFFF,0xFFFF,0xFFFF,0xFFFF,0xFFFF,0xFFFF,0xDFFF,0xFFFF,0xD3AC,
    0x0028,0xC340,0x6138,0xA9CC,0x6AFE,0x26ED,0xA2EC,0xC2EC,0xA3EC,0xA3EC,0xA3EC,0xC3EC,
    0xA3EC,0xA3EC,0xA3EC,0xA3EC,0xA3EC,0xC3EC,0xA3EC,0xA2EC,0xE3F4,0x24AB,0x4138,0xC340,
    0x4130,0x04A3,0xC3F4,0x62E4,0x63EC,0x63EC,0x83EC,0x63E4,0x68FD,0xA9FD,0xA9FD,0xA9FD,
    0xA9FD,0xA9FD,0xAAFD,0xAAFD,0xAAFD,0xAAFD,0xAAFD,0xAAFD,0xAAFD,0xAAFD,0x8AFD,0x8AFD,
    0xAAFD,0x8AFD,0x8AFD,0x8AFD,0x8AFD,0x8AFD,0x8AFD,0x8AFD,0x8AFD,0xAAFD,0x8AFD,0xAAFD,
    0xAAFD,0xAAFD,0xAAFD,0xAAFD,0xAAFD,0xAAFD,0xAAFD,0xAAFD,0xAAFD,0xAAFD,0xAAFD,0xAAFD,
    0xAAFD,0x8AFD,0xAAFD,0xAAFD,0xAAFD,0x8AFD,0x8AFD,0x8AFD,0x8AFD,0xAAFD,0x8AFD,0xAAFD,
    0x8AFD,0xAAFD,0xAAFD,0x8AFD,0xA9FD,0xA9FD,0xA9FD,0xAAFD,0xA9FD,0xA9FD,0x89FD,0x89FD,
    0x89FD,0x89FD,0xC9FD,0xE9FD,0x89FD,0x68F5,0x69FD,0x89F5,0x89FD,0x89FD,0x89FD,0x89FD,
    0x89FD,0x89FD,0x89FD,0x89FD,0x69FD,0x69FD,0x68F5,0x88FD,0xC9FD,0xC9FD,0x89FD,0x89FD,
    0x89FD,0x89FD,0x89FD,0x89FD,0x89FD,0x89FD,0x89FD,0x89FD,0x89FD,0x89FD,0x89FD,0x89FD,
    0x89FD,0x89FD,0x89FD,0x8AFD,0x8AFD,0x89FD,0xA9FD,0x89FD,0x89FD,0x89FD,0xAAFD,0xAAFD,
    0xAAFD,0xAAFD,0xA9FD,0xA9FD,0xAAFD,0xA9FD,0xA9FD,0xAAFD,0x8AFD,0xAAFD,0xAAFD,0x8AFD,
    0xAAFD,0x89FD,0xAAFD,0x8AFD,0x8AFD,0x8AFD,0x8AFD,0x8AFD,0x8AFD,0x8AFD,0x8AFD,0xAAFD,
    0xA9FD,0xA9FD,0x89FD,0xA9FD,0xA9FD,0xA9FD,0xA9FD,0x89FD,0xA9FD,0xA9FD,0x89FD,0xA9FD,
    0xA9FD,0x89FD,0xA9FD,0x68F5,0x63E4,0x62EC,0x63EC,0x63EC,0x42E4,0xA3F4,0xE4A2,0x4138,
    0xC340,0x4130,0x44AB,0xE3F4,0x82EC,0xA3EC,0xA3EC,0xA3EC,0xA3EC,0xA3EC,0xA3EC,0xA2EC,
    0xC3EC,0x63E4,0xC3DB,0xE3DB,0xE3DB,0xC3DB,0xC3D3,0xE3DB,0x64BB,0x8140,0xC340,0x2130,
    0xB2A4,0xFFFF,0xDFFF,0xFFFF,0xFFFF,0xFFFF,0xFFFF,0xFFFF,0xFFFF,0xFFFF,0xFFFF,0xFFFF,
    0xFFFF,0xFFFF,0xFFFF,0xFFFF,0xFFFF,0xFFFF,0xFFFF,0xFFFF,0xFFFF,0xFFFF,0xFFFF,0x9DF7,
    0x4549,0x8238,0x4230,0x447A,0x6BFE,0xC8FD,0xC3EC,0xC2EC,0xC3EC,0xA3EC,0xA3EC,0xA3EC,
    0xA3EC,0xA3EC,0xA3EC,0xA3EC,0xA3EC,0xA3EC,0xA3EC,0xA3EC,0xA2EC,0xC5EC,0x6261,0x6238,
    0x8238,0xE150,0x45DC,0x82EC,0x83EC,0x83EC,0x83EC,0x62EC,0xA5EC,0xA9FD,0xA9FD,0xA9FD,
    0xA9FD,0xA9FD,0xA9FD,0xA9FD,0xAAFD,0xAAFD,0xAAFD,0xAAFD,0xAAFD,0xAAFD,0xAAFD,0x8AFD,
    0xAAFD,0xAAFD,0xAAFD,0xAAFD,0xAAFD,0xAAFD,0xAAFD,0xAAFD,0xAAFD,0xAAFD,0xAAFD,0xAAFD,
    0xAAFD,0xAAFD,0xAAFD,0xA9FD,0xAAFD,0xAAFD,0xAAFD,0xAAFD,0xAAFD,0xAAFD,0xAAFD,0xAAFD,
    0xAAFD,0x8AFD,0xAAFD,0xAAFD,0xAAFD,0xAAFD,0xAAFD,0x8AFD,0xAAFD,0xAAFD,0xAAFD,0xAAFD,
    0xAAFD,0xAAFD,0xAAFD,0xAAFD,0xAAFD,0xAAFD,0xAAFD,0xAAFD,0xA9FD,0xA9FD,0x89FD,0x89FD,
    0x89FD,0xAAFD,0x28C4,0x069B,0x09E5,0xEAFD,0xA9FD,0x68FD,0x69F5,0x89F5,0x89F5,0x69FD,
    0x69FD,0x89FD,0x69F5,0x68F5,0x68FD,0xA8FD,0xE9FD,0x6AF5,0xA7B3,0x08BC,0xAAFD,0x89FD,
    0x89FD,0x89FD,0x89FD,0x89FD,0x89FD,0x89FD,0xA9FD,0xA9FD,0x89FD,0x89FD,0xA9FD,0xA9FD,
    0xA9FD,0xA9FD,0xA9FD,0xAAFD,0xAAFD,0xA9FD,0xA9FD,0xA9FD,0xA9FD,0xA9FD,0xA9FD,0xAAFD,
    0xA9FD,0xAAFD,0xAAFD,0xA9FD,0xA9FD,0xA9FD,0xAAFD,0xAAFD,0xAAFD,0xAAFD,0xAAFD,0xAAFD,
    0xA9FD,0xA9FD,0xAAFD,0xA9FD,0xAAFD,0xAAFD,0xAAFD,0xAAFD,0xAAFD,0xAAFD,0xAAFD,0xAAFD,
    0xA9FD,0xA9FD,0xA9FD,0xA9FD,0xA9FD,0xA9FD,0x89FD,0xA9FD,0xA9FD,0xA9FD,0xA9FD,0xA9FD,
    0x89FD,0xA9FD,0xA9FD,0xA4EC,0x62EC,0x83EC,0x63EC,0x63EC,0x82EC,0x44DC,0xE150,0x8238,
    0x6238,0x8269,0xC4EC,0xA2EC,0xA3EC,0xA3EC,0xA3EC,0xA3EC,0xA3EC,0xA3EC,0xA3EC,0xC2EC,
    0xA3EC,0xE2DB,0xC3DB,0xE3DB,0xE3DB,0xC3DB,0xC2D3,0x04DC,0xE279,0x6238,0x8238,0x2549,
    0x5DF7,0xFFFF,0xFFFF,0xFFFF,0xFFFF,0xFFFF,0xFFFF,0xFFFF,0xFFFF,0xFFFF,0xFFFF,0xFFFF,
    0xFFFF,0xFFFF,0xFFFF,0xFFFF,0xFFFF,0xFFFF,0xFFFF,0xFFFF,0xFFFF,0xFFFF,0xFFFF,0xFFFF,
    0x519C,0x2028,0xC340,0x8138,0x29D5,0x8AFE,0x25ED,0xA2EC,0xC3EC,0xC3EC,0xC3EC,0xA3EC,
    0xA3EC,0xA3EC,0xA3EC,0xA3EC,0xA3EC,0xA3EC,0xA3EC,0xA3EC,0xA2EC,0xE3F4,0xC5C3,0x6138,
    0xC340,0x6138,0x438A,0xC4F4,0x62EC,0x83EC,0x83EC,0x83EC,0x62E4,0x06F5,0xAAFD,0x89FD,
    0xA9FD,0xA9FD,0xA9FD,0xA9FD,0xAAFD,0xAAFD,0xAAFD,0xAAFD,0xAAFD,0xAAFD,0xAAFD,0xAAFD,
    0xAAFD,0xAAFD,0xAAFD,0xAAFD,0xAAFD,0xAAFD,0xAAFD,0xAAFD,0xAAFD,0xAAFD,0xAAFD,0xAAFD,
    0xAAFD,0xAAFD,0xAAFD,0xAAFD,0xAAFD,0xAAFD,0xAAFD,0xAAFD,0xAAFD,0xAAFD,0xAAFD,0xAAFD,
    0xAAFD,0xAAFD,0x8AFD,0xAAFD,0xAAFD,0xAAFD,0xAAFD,0xAAFD,0xAAFD,0xAAFD,0x8AFD,0xAAFD,
    0xAAFD,0xAAFD,0xA9FD,0xAAFD,0xAAFD,0xAAFD,0xAAFD,0xAAFD,0xAAFD,0x89FD,0x89FD,0x89FD,
    0xC9FD,0x68D4,0x4138,0x2130,0xE248,0xC58A,0x89D4,0xABF5,0xEBFD,0x0BFE,0xEAFD,0xEAFD,
    0xEAFD,0xEAFD,0x0AFE,0xEBFD,0xABFD,0xC9DC,0x46A3,0x4259,0x4138,0x4130,0xE8BB,0xCAFD,
    0x69FD,0x89FD,0x89FD,0x89FD,0x89FD,0x89FD,0xA9FD,0x89FD,0xA9FD,0xA9FD,0xA9FD,0xAAFD,
    0xAAFD,0xAAFD,0xAAFD,0xAAFD,0xAAFD,0xA9FD,0xA9FD,0xA9FD,0xA9FD,0xA9FD,0xA9FD,0xAAFD,
    0xAAFD,0xAAFD,0xAAFD,0xA9FD,0xA9FD,0xA9FD,0xAAFD,0xAAFD,0xAAFD,0xAAFD,0xAAFD,0xAAFD,
    0xA9FD,0x89FD,0xA9FD,0xA9FD,0xA9FD,0xAAFD,0xA9FD,0xAAFD,0xAAFD,0xAAFD,0xAAFD,0xAAFD,
    0xA9FD,0xA9FD,0xA9FD,0xA9FD,0xA9FD,0xA9FD,0xA9FD,0xA9FD,0xA9FD,0x89FD,0x89FD,0xA9FD,
    0xA9FD,0xA9FD,0xE6EC,0x42E4,0x63EC,0x82EC,0x83EC,0x62EC,0xC4F4,0x6392,0x4138,0xA340,
    0x6138,0xE4C3,0xC2F4,0x82EC,0xA2EC,0xA3EC,0xA3EC,0xA3EC,0xA3EC,0xA3EC,0xA2EC,0xC3EC,
    0x43E4,0xC3DB,0xE3DB,0xE3DB,0xE3DB,0xC3DB,0xE3DB,0x64C3,0x8140,0xA340,0x0028,0x1094,
    0xFFFF,0xFFFF,0xFFFF,0xFFFF,0xFFFF,0xFFFF,0xFFFF,0xFFFF,0xFFFF,0xFFFF,0xFFFF,0xFFFF,
    0xFFFF,0xFFFF,0xFFFF,0xFFFF,0xFFFF,0xFFFF,0xFFFF,0xFFFF,0xFFFF,0xFFFF,0xFFFF,0xFFFF,
    0x3CEF,0x0441,0xA240,0x4130,0x8582,0xACFE,0xC8F5,0xC3EC,0xC2EC,0xA3EC,0xC3EC,0xC3EC,
    0xA3EC,0xA3EC,0xA3EC,0xA3EC,0xA3EC,0xA3EC,0xA3EC,0xA3EC,0xA3EC,0xA2EC,0x05F5,0x2382,
    0x6138,0xE348,0x8140,0xA4C3,0xA3EC,0x62E4,0x83EC,0x83EC,0x83EC,0x83E4,0x68F5,0xA9FD,
    0xA9FD,0xA9FD,0xA9FD,0xA9FD,0xA9FD,0xAAFD,0xAAFD,0xA9FD,0xA9FD,0x8AFD,0x8AFD,0xAAFD,
    0xAAFD,0x8AFD,0xAAFD,0xAAFD,0xAAFD,0xAAFD,0xAAFD,0xAAFD,0xAAFD,0xAAFD,0xAAFD,0xAAFD,
    0xAAFD,0xAAFD,0xAAFD,0xAAFD,0xAAFD,0xAAFD,0xAAFD,0xAAFD,0xAAFD,0xAAFD,0xAAFD,0xAAFD,
    0xAAFD,0xAAFD,0xAAFD,0xAAFD,0xAAFD,0xAAFD,0xAAFD,0x8AFD,0xAAFD,0xAAFD,0xAAFD,0xAAFD,
    0xAAFD,0xAAFD,0xAAFD,0xAAFD,0xAAFD,0xAAFD,0xAAFD,0xAAFD,0xAAFD,0x89FD,0x89FD,0x89FD,
    0xC9FD,0x48CC,0x0030,0x8238,0xA340,0x4230,0x8140,0x8361,0xC592,0xA7B3,0x28C4,0x69CC,
    0x49CC,0x28C4,0xA7B3,0xC592,0xA369,0xA140,0x4138,0xA238,0xC340,0x0028,0x67AB,0xEAFD,
    0x69FD,0x89FD,0x89FD,0x89FD,0xA9FD,0x89FD,0xA9FD,0xA9FD,0xA9FD,0x89FD,0xAAFD,0xAAFD,
    0xAAFD,0xAAFD,0xAAFD,0xAAFD,0xAAFD,0xA9FD,0xA9FD,0xAAFD,0xA9FD,0xA9FD,0xA9FD,0xAAFD,
    0xAAFD,0xAAFD,0xA9FD,0xA9FD,0xAAFD,0xAAFD,0xAAFD,0xAAFD,0xAAFD,0xAAFD,0xAAFD,0xAAFD,
    0xA9FD,0xA9FD,0x89FD,0xA9FD,0xA9FD,0xA9FD,0xA9FD,0xA9FD,0xAAFD,0xAAFD,0xAAFD,0xAAFD,
    0xA9FD,0xA9FD,0xA9FD,0xA9FD,0xA9FD,0xA9FD,0x89FD,0xA9FD,0xA9FD,0xA9FD,0x89FD,0x89FD,
    0xA9FD,0x47F5,0x42E4,0x62EC,0x63EC,0x63EC,0x62EC,0xA3F4,0xC4CB,0x8148,0xC348,0x4138,
    0x438A,0x04F5,0x82EC,0xA2EC,0xA2EC,0xA2EC,0xA3EC,0xA3EC,0xA3EC,0xA2EC,0xC2EC,0x83EC,
    0xE2DB,0xC3DB,0xE3DB,0xE3DB,0xE3DB,0xC2DB,0x24E4,0xE381,0x6238,0x8240,0xC338,0x1CEF,
    0xFFFF,0xFFFF,0xFFFF,0xFFFF,0xFFFF,0xFFFF,0xFFFF,0xFFFF,0xFFFF,0xFFFF,0xFFFF,0xFFFF,
    0xFFFF,0xFFFF,0xFFFF,0xFFFF,0xFFFF,0xFFFF,0xFFFF,0xFFFF,0xFFFF,0xFFFF,0xFFFF,0xFFFF,
    0xFFFF,0x309C,0x2130,0xC348,0xA140,0x4ADD,0x8BFE,0x05ED,0xA2EC,0xC3EC,0xC3EC,0xA3EC,
    0xA3EC,0xA3EC,0xA3EC,0xA3EC,0xA3EC,0xA3EC,0xA3EC,0xA3EC,0xA3EC,0xA3EC,0xC2EC,0x85DC,
    0x0151,0xA240,0x8240,0x4261,0x85E4,0x82EC,0x83EC,0x83EC,0x83EC,0x63EC,0xA4EC,0xA9FD,
    0xA9FD,0xA9FD,0xA9FD,0xA9FD,0xA9FD,0xA9FD,0xA9FD,0xA9FD,0xA9FD,0xAAFD,0x8AFD,0xAAFD,
    0xAAFD,0xAAFD,0xAAFD,0xAAFD,0x8AFD,0xAAFD,0xAAFD,0xAAFD,0xAAFD,0xA9FD,0xAAFD,0xAAFD,
    0xAAFD,0xAAFD,0xAAFD,0xAAFD,0xAAFD,0xAAFD,0xAAFD,0xAAFD,0xAAFD,0xAAFD,0xAAFD,0xAAFD,
    0xAAFD,0xAAFD,0xAAFD,0xAAFD,0xAAFD,0xAAFD,0xAAFD,0xAAFD,0xAAFD,0xAAFD,0xAAFD,0xAAFD,
    0xAAFD,0xAAFD,0xAAFD,0xAAFD,0xAAFD,0xAAFD,0xAAFD,0xAAFD,0xAAFD,0xAAFD,0xA9FD,0x89FD,
    0x89FD,0xAAFD,0xC7B3,0x2251,0x4130,0x6238,0xA340,0xA340,0x8240,0x8240,0x8240,0xA248,
    0x8240,0x8240,0x8240,0x8240,0x8238,0xA338,0x8238,0x4130,0xE248,0x0693,0x8AF5,0x89FD,
    0x89FD,0x89FD,0xA9FD,0x89FD,0xA9FD,0x89FD,0x89FD,0xA9FD,0xAAFD,0x8AFD,0xAAFD,0xAAFD,
    0xAAFD,0xAAFD,0xAAFD,0xAAFD,0xAAFD,0xAAFD,0xAAFD,0xAAFD,0xAAFD,0xAAFD,0xAAFD,0xA9FD,
    0xA9FD,0xAAFD,0xA9FD,0xAAFD,0xAAFD,0xA9FD,0xA9FD,0xAAFD,0xAAFD,0xAAFD,0xAAFD,0xAAFD,
    0xA9FD,0xA9FD,0xA9FD,0xA9FD,0x89FD,0xA9FD,0xA9FD,0xA9FD,0xA9FD,0xAAFD,0xAAFD,0xAAFD,
    0xAAFD,0xA9FD,0xA9FD,0xA9FD,0xA9FD,0xA9FD,0x89FD,0xA9FD,0xA9FD,0x89FD,0xA9FD,0xA9FD,
    0x88FD,0x83E4,0x62EC,0x62EC,0x82EC,0x63EC,0x62EC,0xA5EC,0x6269,0x8240,0xA248,0x0159,
    0x85E4,0xA2EC,0xA3EC,0xA2EC,0xA2EC,0xA2EC,0xA3EC,0xA3EC,0xA3EC,0xA2EC,0xC3EC,0x23E4,
    0xC2DB,0xE3DB,0xE3DB,0xE3DB,0xC3DB,0xE3DB,0x84C3,0xA148,0xA340,0x2130,0xCE8B,0xFFFF,
    0xFFFF,0xFFFF,0xFFFF,0xFFFF,0xFFFF,0xFFFF,0xFFFF,0xFFFF,0xFFFF,0xFFFF,0xFFFF,0xFFFF,
    0xFFFF,0xFFFF,0xFFFF,0xFFFF,0xFFFF,0xFFFF,0xFFFF,0xFFFF,0xFFFF,0xFFFF,0xFFFF,0xFFFF,
    0xFFFF,0x7DF7,0x4549,0xA348,0x6240,0xA582,0xACFE,0xA7F5,0xC3EC,0xC2EC,0xA3EC,0xA3EC,
    0xC3EC,0xA3EC,0xA3EC,0xA3EC,0xA3EC,0xA3EC,0xA3EC,0xA3EC,0xA3EC,0xA3EC,0xA2EC,0xE4F4,
    0x64B3,0x6140,0xE348,0x4138,0x8392,0xC4F4,0x62EC,0x83EC,0x83EC,0x83EC,0x62E4,0xE6EC,
    0xAAFD,0xA9FD,0xA9FD,0xA9FD,0xA9FD,0xA9FD,0x89FD,0xA9FD,0xA9FD,0xAAFD,0xAAFD,0xAAFD,
    0xAAFD,0xAAFD,0xAAFD,0xAAFD,0xAAFD,0xAAFD,0xAAFD,0xAAFD,0xA9FD,0xAAFD,0xAAFD,0xAAFD,
    0xAAFD,0xA9FD,0xAAFD,0xAAFD,0xAAFD,0xA9FD,0xAAFD,0xAAFD,0xAAFD,0xAAFD,0xAAFD,0xAAFD,
    0xAAFD,0xAAFD,0xAAFD,0xAAFD,0xAAFD,0xAAFD,0xAAFD,0xAAFD,0xAAFD,0xAAFD,0xAAFD,0xAAFD,
    0xAAFD,0xAAFD,0xA9FD,0xAAFD,0xAAFD,0xAAFD,0xAAFD,0xAAFD,0x89FD,0xAAFD,0x89FD,0x89FD,
    0x89FD,0x89FD,0xEAFD,0x6AF5,0xE7B3,0xE471,0xE250,0x8140,0x6238,0x6240,0x8238,0x8238,
    0x8238,0x8238,0x6238,0x6238,0x6138,0xA140,0xC369,0xA7AB,0x4AED,0xEAFD,0x89FD,0x89FD,
    0x89FD,0xA9FD,0x89FD,0xA9FD,0xA9FD,0xA9FD,0xA9FD,0xAAFD,0xAAFD,0xAAFD,0xAAFD,0xAAFD,
    0xAAFD,0xAAFD,0xAAFD,0xAAFD,0xAAFD,0xAAFD,0xAAFD,0xA9FD,0xAAFD,0xAAFD,0xAAFD,0xAAFD,
    0xAAFD,0xAAFD,0xA9FD,0xA9FD,0xAAFD,0xA9FD,0xA9FD,0xAAFD,0xAAFD,0xAAFD,0xAAFD,0xA9FD,
    0x89FD,0x89FD,0x89FD,0xA9FD,0xA9FD,0xA9FD,0xA9FD,0xA9FD,0xA9FD,0xA9FD,0xA9FD,0xA9FD,
    0xA9FD,0xA9FD,0xA9FD,0xA9FD,0xA9FD,0xA9FD,0xA9FD,0xA9FD,0x89FD,0xA9FD,0x89FD,0xA9FD,
    0xC5EC,0x42E4,0x62EC,0x62EC,0x62EC,0x62EC,0xC4F4,0xC49A,0x6140,0xC348,0x6140,0x64B3,
    0xE3F4,0x82EC,0xA3EC,0xA2EC,0xA3EC,0xA3EC,0xA3EC,0xA3EC,0xA2EC,0xC2EC,0x83EC,0xC2DB,
    0xE3DB,0xE3DB,0xE3DB,0xE3DB,0xC2DB,0x24E4,0x0382,0x6238,0xA240,0xC340,0x1BE7,0xFFFF,
    0xFFFF,0xFFFF,0xFFFF,0xFFFF,0xFFFF,0xFFFF,0xFFFF,0xFFFF,0xFFFF,0xFFFF,0xFFFF,0xFFFF,
    0xFFFF,0xFFFF,0xFFFF,0xFFFF,0xFFFF,0xFFFF,0xFFFF,0xFFFF,0xFFFF,0xFFFF,0xFFFF,0xFFFF,
    0xDFFF,0xFFFF,0x719C,0x4138,0xE450,0xA140,0x0AD5,0x6BFE,0x04ED,0xA2EC,0xC3EC,0xC3EC,
    0xC3EC,0xA3EC,0xA3EC,0xA3EC,0xA3EC,0xA3EC,0xA3EC,0xA3EC,0xA3EC,0xA3EC,0xA3EC,0xA2EC,
    0x05F5,0x2382,0x6138,0xC348,0x8140,0xA5BB,0xC3F4,0x82EC,0x83EC,0x83EC,0x83EC,0x63E4,
    0x27F5,0xCAFD,0x89FD,0xA9FD,0xA9FD,0x89FD,0xA9FD,0xA9FD,0xA9FD,0xA9FD,0xAAFD,0x8AFD,
    0xAAFD,0xAAFD,0xAAFD,0xAAFD,0xAAFD,0xAAFD,0xAAFD,0xAAFD,0xAAFD,0xAAFD,0xAAFD,0xAAFD,
    0xA9FD,0xAAFD,0xAAFD,0xAAFD,0xAAFD,0xAAFD,0xAAFD,0xAAFD,0xAAFD,0xAAFD,0xAAFD,0xAAFD,
    0xAAFD,0xAAFD,0xAAFD,0xAAFD,0xAAFD,0x8AFD,0xAAFD,0xAAFD,0x8AFD,0xAAFD,0xA9FD,0xAAFD,
    0xAAFD,0xAAFD,0xAAFD,0xAAFD,0xAAFD,0xAAFD,0xAAFD,0x8AFD,0xA9FD,0xA9FD,0x89FD,0x89FD,
    0x89FD,0x89FD,0x69FD,0x89FD,0xEAFD,0xCBFD,0x4BED,0x48C4,0x469B,0x6482,0xE371,0xA361,
    0xC369,0x0372,0x6582,0x269B,0x28BC,0x2ADD,0xCBFD,0xEAFD,0xA9FD,0x89FD,0x89FD,0x89FD,
    0x89FD,0xA9FD,0xA9FD,0xA9FD,0xA9FD,0xA9FD,0x89FD,0x8AFD,0xAAFD,0xAAFD,0xAAFD,0xAAFD,
    0xAAFD,0xAAFD,0xAAFD,0xAAFD,0xAAFD,0xAAFD,0xAAFD,0xAAFD,0xAAFD,0xAAFD,0xAAFD,0xAAFD,
    0xAAFD,0xAAFD,0xA9FD,0xA9FD,0xAAFD,0xAAFD,0xAAFD,0xAAFD,0x8AFD,0xAAFD,0xAAFD,0xA9FD,
    0xA9FD,0xA9FD,0xA9FD,0xA9FD,0xA9FD,0xA9FD,0xA9FD,0xA9FD,0xA9FD,0xA9FD,0xA9FD,0xA9FD,
    0xA9FD,0xA9FD,0xA9FD,0xA9FD,0xA9FD,0xA9FD,0xA9FD,0xA9FD,0x89FD,0x89FD,0xA9FD,0x06F5,
    0x42E4,0x62EC,0x63E4,0x62E4,0x62E4,0xA3EC,0xE5CB,0xA148,0xC348,0x6140,0xE379,0x05F5,
    0xA2EC,0xA3EC,0xA3EC,0xA3EC,0xA3EC,0xA3EC,0xA3EC,0xA3EC,0xA2EC,0xA3EC,0x02DC,0xC3DB,
    0xE3DB,0xE3DB,0xE3DB,0xE3DB,0x03DC,0x85C3,0xA150,0xC348,0x2030,0xEF93,0xFFFF,0xFFFF,
    0xFFFF,0xFFFF,0xFFFF,0xFFFF,0xFFFF,0xFFFF,0xFFFF,0xFFFF,0xFFFF,0xFFFF,0xFFFF,0xFFFF,
    0xFFFF,0xFFFF,0xFFFF,0xFFFF,0xFFFF,0xFFFF,0xFFFF,0xFFFF,0xFFFF,0xFFFF,0xFFFF,0xFFFF,
    0xFFFF,0xFFFF,0x7DF7,0x6549,0xC248,0x8238,0x2472,0x8CFE,0xA7F5,0xA2EC,0xC2EC,0xA3EC,
    0xA3EC,0xA3EC,0xA3EC,0xA3EC,0xA3EC,0xA3EC,0xA3EC,0xA3EC,0xA3EC,0xC3EC,0xC3EC,0xA3EC,
    0xC3F4,0x85DC,0xE150,0xA240,0x8238,0x2159,0x85E4,0xA2EC,0x83EC,0x83EC,0x83EC,0x83EC,
    0x83E4,0x68F5,0xAAFD,0xA9FD,0x89FD,0x89FD,0xA9FD,0xA9FD,0xA9FD,0xA9FD,0xA9FD,0xAAFD,
    0xAAFD,0xAAFD,0xAAFD,0xAAFD,0xAAFD,0xAAFD,0xAAFD,0xAAFD,0xAAFD,0xAAFD,0xAAFD,0xAAFD,
    0xAAFD,0xAAFD,0xAAFD,0xAAFD,0xAAFD,0xAAFD,0xAAFD,0x8AFD,0xAAFD,0xAAFD,0xAAFD,0x8AFD,
    0x8AFD,0xAAFD,0xAAFD,0xAAFD,0xAAFD,0xAAFD,0xAAFD,0xA9FD,0xAAFD,0xAAFD,0xAAFD,0xAAFD,
    0xAAFD,0xAAFD,0xAAFD,0xAAFD,0xAAFD,0xAAFD,0xAAFD,0xAAFD,0xAAFD,0xAAFD,0xA9FD,0x89FD,
    0x89FD,0x89FD,0x89FD,0x89FD,0x89FD,0x89FD,0xCAFD,0x0BFE,0x0BFE,0x0BFE,0xCBFD,0xABFD,
    0xABFD,0xCBFD,0xEBFD,0x0BFE,0x0AFE,0xC9FD,0xA9FD,0x89FD,0x89FD,0xA9FD,0x89FD,0x89FD,
    0xA9FD,0xA9FD,0xA9FD,0xA9FD,0x89FD,0xA9FD,0xA9FD,0x8AFD,0xAAFD,0xAAFD,0x8AFD,0xAAFD,
    0xAAFD,0xAAFD,0xAAFD,0xAAFD,0xAAFD,0xAAFD,0xAAFD,0xAAFD,0xAAFD,0xAAFD,0xAAFD,0xAAFD,
    0xAAFD,0xAAFD,0xAAFD,0xAAFD,0xAAFD,0xAAFD,0xAAFD,0xAAFD,0x8AFD,0x8AFD,0x8AFD,0xAAFD,
    0xA9FD,0xA9FD,0xA9FD,0xA9FD,0xA9FD,0xA9FD,0xA9FD,0xA9FD,0xA9FD,0xA9FD,0xA9FD,0xA9FD,
    0xA9FD,0xA9FD,0xA9FD,0xA9FD,0xA9FD,0xA9FD,0xA9FD,0x89FD,0x89FD,0xA9FD,0x47F5,0x63E4,
    0x62EC,0x62EC,0x62E4,0x62E4,0x62EC,0x85E4,0x4261,0x8240,0xA248,0xE150,0x85DC,0xE2F4,
    0xA2EC,0xA3EC,0xA3EC,0xA3EC,0xA3EC,0xA3EC,0xA2EC,0xA2EC,0xC2EC,0x42E4,0xC2DB,0xC3DB,
    0xE3DB,0xE3DB,0xE3DB,0xC2DB,0x44E4,0xE381,0x8240,0xA248,0x0449,0x3CEF,0xFFFF,0xFFFF,
    0xFFFF,0xFFFF,0xFFFF,0xFFFF,0xFFFF,0xFFFF,0xFFFF,0xFFFF,0xFFFF,0xFFFF,0xFFFF,0xFFFF,
    0xFFFF,0xFFFF,0xFFFF,0xFFFF,0xFFFF,0xFFFF,0xFFFF,0xFFFF,0xFFFF,0xFFFF,0xFFFF,0xFFFF,
    0xFFFF,0xFFFF,0xFFFF,0xB2A4,0x4130,0xE348,0x6138,0x89C4,0x6AFE,0xC4EC,0xA2EC,0xA3EC,
    0xA3EC,0xA3EC,0xA3EC,0xA3EC,0xA3EC,0xA3EC,0xA3EC,0xA2EC,0xA3EC,0xA2EC,0xA3EC,0xA3EC,
    0xA2EC,0x03F5,0x64B3,0x6138,0xC340,0x6138,0x037A,0xC5EC,0x82EC,0x83EC,0x83EC,0x83EC,
    0x82EC,0xA4EC,0x89FD,0xA9FD,0xA9FD,0xA9FD,0x89FD,0xA9FD,0xA9FD,0xA9FD,0xA9FD,0xAAFD,
    0xAAFD,0xAAFD,0xAAFD,0xAAFD,0xAAFD,0xAAFD,0xAAFD,0xAAFD,0xAAFD,0xAAFD,0xAAFD,0xAAFD,
    0xAAFD,0xAAFD,0xAAFD,0xAAFD,0xAAFD,0xAAFD,0xAAFD,0xAAFD,0xAAFD,0xAAFD,0xAAFD,0xAAFD,
    0xAAFD,0xAAFD,0xAAFD,0xAAFD,0xAAFD,0xA9FD,0xAAFD,0xAAFD,0xAAFD,0xA9FD,0xA9FD,0xA9FD,
    0xAAFD,0xAAFD,0xAAFD,0xAAFD,0xAAFD,0xAAFD,0xAAFD,0xAAFD,0xAAFD,0xAAFD,0xA9FD,0x89FD,
    0x89FD,0x89FD,0x89FD,0x89FD,0xA9FD,0xA9FD,0x89FD,0x89FD,0x89FD,0x89FD,0x89FD,0x89FD,
    0x88FD,0x89FD,0x89FD,0x89FD,0x89FD,0x89FD,0xA9FD,0x89FD,0x89FD,0x89FD,0xA9FD,0xA9FD,
    0xA9FD,0xA9FD,0x89FD,0xA9FD,0xA9FD,0xA9FD,0xA9FD,0xAAFD,0xAAFD,0xAAFD,0xAAFD,0xAAFD,
    0xAAFD,0xAAFD,0xAAFD,0xAAFD,0xAAFD,0xAAFD,0xAAFD,0xAAFD,0xAAFD,0xAAFD,0xAAFD,0xAAFD,
    0xAAFD,0xAAFD,0xAAFD,0xAAFD,0xAAFD,0xAAFD,0xAAFD,0xAAFD,0xAAFD,0x8AFD,0x8AFD,0xAAFD,
    0xAAFD,0xA9FD,0xA9FD,0xA9FD,0xA9FD,0xA9FD,0xA9FD,0xA9FD,0xA9FD,0xA9FD,0xA9FD,0xA9FD,
    0xA9FD,0xA9FD,0xA9FD,0xA9FD,0xA9FD,0xA9FD,0x89FD,0x89FD,0xA9FD,0x88FD,0x83E4,0x62E4,
    0x63E4,0x63EC,0x63E4,0x62E4,0xC4EC,0x2382,0x6140,0xE350,0x6140,0x64B3,0x04F5,0xA2EC,
    0xC3EC,0xA3EC,0xA3EC,0xA3EC,0xA3EC,0xA3EC,0xA2EC,0xA2EC,0x83EC,0xE2DB,0xC3DB,0xE3DB,
    0xE3DB,0xE3DB,0xE3DB,0x03E4,0x64BB,0x8148,0xC348,0x2138,0x71A4,0xFFFF,0xFFFF,0xFFFF,
    0xFFFF,0xFFFF,0xFFFF,0xFFFF,0xFFFF,0xFFFF,0xFFFF,0xFFFF,0xFFFF,0xFFFF,0xFFFF,0xFFFF,
    0xFFFF,0xFFFF,0xFFFF,0xFFFF,0xFFFF,0xFFFF,0xFFFF,0xFFFF,0xFFFF,0xFFFF,0xFFFF,0xFFFF,
    0xFFFF,0xFFFF,0xFFFF,0x9EF7,0xA651,0xA240,0x8238,0x8359,0x2BF6,0x86F5,0x82EC,0xA2EC,
    0xA3EC,0xA3EC,0xA3EC,0xC3EC,0xA3EC,0xA3EC,0xA3EC,0xA3EC,0xC3EC,0xA3EC,0xA3EC,0xA3EC,
    0xA3EC,0xA2EC,0x05F5,0x2382,0x4130,0xC348,0x6138,0x04A3,0xE4F4,0x82EC,0x83EC,0x83EC,
    0x83EC,0x62E4,0xC5EC,0xA9FD,0xA9FD,0x89FD,0x89FD,0xA9FD,0xA9FD,0xAAFD,0xA9FD,0xAAFD,
    0xAAFD,0xAAFD,0xAAFD,0xAAFD,0xAAFD,0xAAFD,0xAAFD,0xAAFD,0xAAFD,0xAAFD,0xAAFD,0xAAFD,
    0xAAFD,0xAAFD,0xAAFD,0xAAFD,0xAAFD,0xAAFD,0xAAFD,0xAAFD,0xAAFD,0xAAFD,0xAAFD,0xAAFD,
    0xAAFD,0xAAFD,0xAAFD,0xAAFD,0xAAFD,0xAAFD,0xAAFD,0xAAFD,0xAAFD,0xAAFD,0xAAFD,0xAAFD,
    0xAAFD,0xAAFD,0xAAFD,0xA9FD,0xAAFD,0xAAFD,0xAAFD,0xAAFD,0xAAFD,0xAAFD,0xAAFD,0x89FD,
    0x89FD,0x89FD,0x89FD,0x89FD,0xA9FD,0x89FD,0x89FD,0x89FD,0x89FD,0x89FD,0x89FD,0x89FD,
    0x89FD,0x89FD,0x89FD,0xA9FD,0x89FD,0x89FD,0x89FD,0x89FD,0xA9FD,0xA9FD,0x89FD,0x89FD,
    0xA9FD,0xA9FD,0xA9FD,0xA9FD,0xA9FD,0xAAFD,0xAAFD,0xAAFD,0xAAFD,0xAAFD,0xAAFD,0xAAFD,
    0xAAFD,0xAAFD,0xAAFD,0xAAFD,0xAAFD,0xAAFD,0xA9FD,0xAAFD,0xAAFD,0xAAFD,0xAAFD,0xAAFD,
    0xAAFD,0xAAFD,0xAAFD,0xAAFD,0xAAFD,0xAAFD,0xAAFD,0xAAFD,0xAAFD,0xAAFD,0xAAFD,0xA9FD,
    0xA9FD,0xAAFD,0xA9FD,0xA9FD,0xA9FD,0xA9FD,0xA9FD,0xA9FD,0xA9FD,0xA9FD,0xA9FD,0xA9FD,
    0xA9FD,0xA9FD,0xA9FD,0xA9FD,0xA9FD,0xA9FD,0xA9FD,0xA9FD,0xA9FD,0xA4EC,0x62E4,0x63EC,
    0x63EC,0x63E4,0x62E4,0xA3EC,0x04A3,0x4138,0xC348,0x4138,0x238A,0x05F5,0xA2EC,0xA3EC,
    0xA3EC,0xC3EC,0xA2EC,0xA3EC,0xA3EC,0xA2EC,0xA2EC,0xA2EC,0x22E4,0xC2DB,0xC3DB,0xC3DB,
    0xE3DB,0xE3DB,0xC2DB,0x25DC,0x8269,0x8240,0x8240,0x8651,0x9EF7,0xFFFF,0xFFFF,0xFFFF,
    0xFFFF,0xFFFF,0xFFFF,0xFFFF,0xFFFF,0xFFFF,0xFFFF,0xFFFF,0xFFFF,0xFFFF,0xFFFF,0xFFFF,
    0xFFFF,0xFFFF,0xFFFF,0xFFFF,0xFFFF,0xFFFF,0xFFFF,0xFFFF,0xFFFF,0xFFFF,0xFFFF,0xFFFF,
    0xFFFF,0xFFFF,0xFFFF,0xFFFF,0x34B5,0x4130,0xE348,0x4130,0x87A3,0x6AFE,0xE3EC,0xA2EC,
    0xA3EC,0xA3EC,0xA3EC,0xA3EC,0xA3EC,0xA3EC,0xA3EC,0xA3EC,0xA3EC,0xA3EC,0xA3EC,0xC3EC,
    0xA3EC,0xA3EC,0xC2EC,0xA5E4,0x2259,0x8238,0xC340,0xA148,0xC5CB,0xC3F4,0x82EC,0x83EC,
    0x83EC,0x83EC,0x62E4,0xE5EC,0xA9FD,0xA9FD,0xA9FD,0x89FD,0xA9FD,0xA9FD,0xA9FD,0xAAFD,
    0xAAFD,0xAAFD,0xAAFD,0xA9FD,0xAAFD,0xAAFD,0xAAFD,0xAAFD,0xAAFD,0xAAFD,0xAAFD,0xAAFD,
    0xAAFD,0xAAFD,0xAAFD,0xAAFD,0xAAFD,0xAAFD,0xAAFD,0xAAFD,0xAAFD,0xAAFD,0xAAFD,0xAAFD,
    0xAAFD,0xAAFD,0xAAFD,0xAAFD,0xAAFD,0xAAFD,0xAAFD,0xAAFD,0xAAFD,0xAAFD,0xAAFD,0xAAFD,
    0xAAFD,0xAAFD,0xAAFD,0xAAFD,0xAAFD,0x8AFD,0xAAFD,0xAAFD,0xAAFD,0xAAFD,0xAAFD,0xAAFD,
    0x89FD,0x89FD,0x89FD,0x89FD,0x89FD,0x89FD,0x89FD,0xA9FD,0x89FD,0x89FD,0x89FD,0x89FD,
    0x89FD,0x89FD,0x89FD,0x89FD,0x89FD,0x89FD,0xA9FD,0xA9FD,0xA9FD,0xA9FD,0x89FD,0xA9FD,
    0xA9FD,0xA9FD,0xA9FD,0xA9FD,0xAAFD,0xAAFD,0xAAFD,0xAAFD,0xAAFD,0xAAFD,0xAAFD,0xAAFD,
    0xAAFD,0xAAFD,0xAAFD,0xAAFD,0xAAFD,0xAAFD,0xAAFD,0xAAFD,0xAAFD,0xAAFD,0xAAFD,0xAAFD,
    0xAAFD,0xAAFD,0xAAFD,0xAAFD,0xAAFD,0xAAFD,0xAAFD,0xAAFD,0xAAFD,0xAAFD,0xAAFD,0xAAFD,
    0xA9FD,0xAAFD,0xA9FD,0xA9FD,0xA9FD,0xA9FD,0xA9FD,0xA9FD,0xA9FD,0xA9FD,0xA9FD,0xA9FD,
    0xA9FD,0xA9FD,0xA9FD,0xA9FD,0xA9FD,0xA9FD,0xA9FD,0xA9FD,0xE5EC,0x42E4,0x63EC,0x63EC,
    0x63EC,0x62E4,0x83EC,0xE4CB,0xA140,0xA240,0x8238,0x2159,0xA5E4,0xC2F4,0xA2EC,0xA3EC,
    0xC2EC,0xA2EC,0xC3EC,0xC3EC,0xA3EC,0xA2EC,0xC2EC,0x43E4,0xC2DB,0xC3DB,0xC3DB,0xC3DB,
    0xE3DB,0xC3DB,0x23E4,0xC4A2,0x6138,0xE348,0x4130,0x34B5,0xFFFF,0xFFFF,0xFFFF,0xFFFF,
    0xFFFF,0xFFFF,0xFFFF,0xFFFF,0xFFFF,0xFFFF,0xFFFF,0xFFFF,0xFFFF,0xFFFF,0xFFFF,0xFFFF,
    0xFFFF,0xFFFF,0xFFFF,0xFFFF,0xFFFF,0xFFFF,0xFFFF,0xFFFF,0xFFFF,0xFFFF,0xFFFF,0xFFFF,
    0xFFFF,0xFFFF,0xFFFF,0xFFFF,0xFFFF,0x2862,0x4130,0xA340,0xE248,0x8AED,0xA7FD,0xA3E4,
    0xA3EC,0xA3EC,0xA3EC,0xA3EC,0xC3EC,0xC3EC,0xA3EC,0xA3EC,0xA3EC,0xA3EC,0xA2EC,0xA3EC,
    0xA2EC,0xA3EC,0xA2EC,0xE3F4,0xE5CB,0x8140,0xA340,0xA240,0x2261,0x65E4,0xA3EC,0x83EC,
    0x83EC,0x83EC,0x83EC,0x62E4,0x06F5,0xA9FD,0x89FD,0xA9FD,0xA9FD,0xA9FD,0x89FD,0xA9FD,
    0xAAFD,0xA9FD,0xAAFD,0xAAFD,0xAAFD,0xAAFD,0xAAFD,0xAAFD,0xAAFD,0xAAFD,0xAAFD,0xAAFD,
    0xAAFD,0xAAFD,0xAAFD,0xAAFD,0xAAFD,0xAAFD,0xAAFD,0xAAFD,0xAAFD,0xAAFD,0xAAFD,0xAAFD,
    0xAAFD,0xAAFD,0xAAFD,0xAAFD,0xAAFD,0xAAFD,0xAAFD,0xAAFD,0xAAFD,0xAAFD,0xAAFD,0xAAFD,
    0xAAFD,0xAAFD,0xAAFD,0xAAFD,0xAAFD,0x8AFD,0xAAFD,0x8AFD,0xAAFD,0xAAFD,0xAAFD,0xAAFD,
    0xAAFD,0xA9FD,0x89FD,0x89FD,0xA9FD,0x89FD,0xA9FD,0xA9FD,0xA9FD,0x89FD,0x89FD,0x89FD,
    0x89FD,0x89FD,0xA9FD,0xA9FD,0xA9FD,0xA9FD,0xA9FD,0x89FD,0xA9FD,0xA9FD,0x89FD,0xA9FD,
    0x89FD,0x89FD,0xA9FD,0xA9FD,0xAAFD,0xAAFD,0xAAFD,0xAAFD,0xAAFD,0xAAFD,0xAAFD,0xAAFD,
    0xAAFD,0xAAFD,0xAAFD,0xA9FD,0xAAFD,0xAAFD,0xAAFD,0xAAFD,0xAAFD,0xAAFD,0xAAFD,0xAAFD,
    0xAAFD,0xAAFD,0xAAFD,0xAAFD,0xAAFD,0xAAFD,0xAAFD,0xAAFD,0xAAFD,0xAAFD,0xAAFD,0xA9FD,
    0xA9FD,0xAAFD,0xA9FD,0xA9FD,0xA9FD,0xA9FD,0xA9FD,0xA9FD,0xA9FD,0xA9FD,0xA9FD,0xA9FD,
    0xA9FD,0xA9FD,0xA9FD,0xA9FD,0xA9FD,0x89FD,0xAAFD,0x06F5,0x42E4,0x63EC,0x63EC,0x62E4,
    0x62E4,0x62E4,0x65DC,0x2259,0x6238,0xA240,0x8140,0xE5CB,0xE3F4,0xA2EC,0xC2EC,0xC3EC,
    0xC3EC,0xA3EC,0xA3EC,0xA2EC,0xA2EC,0xA2EC,0xA3EC,0xE2DB,0xC3DB,0xC3DB,0xC3DB,0xC3DB,
    0xC3D3,0xE3DB,0xC5D3,0xE150,0xA340,0x6138,0x2962,0xFFFF,0xFFFF,0xFFFF,0xFFFF,0xFFFF,
    0xFFFF,0xFFFF,0xFFFF,0xFFFF,0xFFFF,0xFFFF,0xFFFF,0xFFFF,0xFFFF,0xFFFF,0xFFFF,0xFFFF,
    0xFFFF,0xFFFF,0xFFFF,0xFFFF,0xFFFF,0xFFFF,0xFFFF,0xFFFF,0xFFFF,0xFFFF,0xFFFF,0xFFFF,
    0xFFFF,0xFFFF,0xFFFF,0xFFFF,0xFFFF,0x38CE,0x6130,0xC348,0x4130,0xA582,0x6BFE,0xE4EC,
    0xA2EC,0xC3EC,0xA3EC,0xA3EC,0xA3EC,0xA3EC,0xA3EC,0xC3EC,0xA2EC,0xA3EC,0xA3EC,0xA3EC,
    0xA2EC,0xA3EC,0xC3EC,0xA2EC,0x04F5,0x24AB,0x4138,0xC348,0x6240,0xC271,0xC5EC,0x82EC,
    0x63EC,0x83EC,0x83EC,0x82EC,0x63E4,0x27F5,0xA9FD,0xA9FD,0xA9FD,0xA9FD,0xA9FD,0xA9FD,
    0xAAFD,0xA9FD,0xAAFD,0xAAFD,0xAAFD,0xAAFD,0xAAFD,0xAAFD,0xAAFD,0x8AFD,0xAAFD,0xAAFD,
    0xAAFD,0xAAFD,0xAAFD,0xAAFD,0xAAFD,0xAAFD,0xAAFD,0xAAFD,0xAAFD,0xAAFD,0xAAFD,0xAAFD,
    0xAAFD,0xAAFD,0xAAFD,0xAAFD,0xAAFD,0xAAFD,0xAAFD,0xAAFD,0xAAFD,0xA9FD,0xAAFD,0xAAFD,
    0xAAFD,0xAAFD,0xAAFD,0xAAFD,0xAAFD,0xAAFD,0xAAFD,0xAAFD,0xAAFD,0xAAFD,0xAAFD,0xAAFD,
    0xAAFD,0xAAFD,0xAAFD,0xA9FD,0xA9FD,0xA9FD,0xA9FD,0x89FD,0x89FD,0x89FD,0x89FD,0x89FD,
    0x89FD,0x89FD,0x89FD,0xA9FD,0x89FD,0xA9FD,0xA9FD,0xA9FD,0xA9FD,0xA9FD,0xA9FD,0xA9FD,
    0xA9FD,0xA9FD,0xA9FD,0xA9FD,0xAAFD,0xAAFD,0x8AFD,0xAAFD,0xAAFD,0xAAFD,0xAAFD,0xAAFD,
    0xAAFD,0xAAFD,0xAAFD,0xA9FD,0xAAFD,0xAAFD,0xAAFD,0x8AFD,0xAAFD,0xAAFD,0xAAFD,0xAAFD,
    0xAAFD,0xAAFD,0xAAFD,0xAAFD,0xAAFD,0xAAFD,0xAAFD,0xAAFD,0xAAFD,0xAAFD,0xAAFD,0xAAFD,
    0x8AFD,0xA9FD,0xA9FD,0xA9FD,0xA9FD,0xA9FD,0xA9FD,0xA9FD,0x89FD,0x89FD,0xA9FD,0xA9FD,
    0xA9FD,0xA9FD,0xA9FD,0xA9FD,0x89FD,0xAAFD,0x27F5,0x63E4,0x63EC,0x63EC,0x63EC,0x63E4,
    0x62E4,0xA4EC,0x037A,0x4130,0xC340,0x4138,0x04A3,0x03F5,0xA2EC,0xA3EC,0xA3EC,0xA3EC,
    0xA3EC,0xA3EC,0xA3EC,0xA3EC,0xA2EC,0xC3EC,0x22E4,0xC2DB,0xE3DB,0xE3DB,0xE3DB,0xE3DB,
    0xC2D3,0x24E4,0x0382,0x4138,0xC340,0x6238,0x38CE,0xFFFF,0xFFFF,0xFFFF,0xFFFF,0xFFFF,
    0xFFFF,0xFFFF,0xFFFF,0xFFFF,0xFFFF,0xFFFF,0xFFFF,0xFFFF,0xFFFF,0xFFFF,0xFFFF,0xFFFF,
    0xFFFF,0xFFFF,0xFFFF,0xFFFF,0xFFFF,0xFFFF,0xFFFF,0xFFFF,0xFFFF,0xFFFF,0xFFFF,0xFFFF,
    0xFFFF,0xFFFF,0xFFFF,0xFFFF,0xFFFF,0xFFFF,0x6D83,0x2030,0xC340,0x4130,0xA9CC,0x08FE,
    0xA3E4,0xC3EC,0xC3EC,0xC3EC,0xA3EC,0xA3EC,0xA3EC,0xA3EC,0xC2EC,0xA2EC,0xA2EC,0xA3EC,
    0xA3EC,0xA3EC,0xC3EC,0xC3EC,0xA2EC,0x25F5,0x438A,0x4138,0xC348,0x4138,0x438A,0xC5EC,
    0x82EC,0x83EC,0x83EC,0x83EC,0x82EC,0x63E4,0x47F5,0xA9FD,0xA9FD,0xA9FD,0xA9FD,0xA9FD,
    0xA9FD,0xAAFD,0xAAFD,0xAAFD,0xAAFD,0xAAFD,0xAAFD,0xAAFD,0xAAFD,0xAAFD,0xAAFD,0xAAFD,
    0xAAFD,0xAAFD,0xAAFD,0xAAFD,0x8AFD,0xAAFD,0x8AFD,0x8AFD,0xAAFD,0xAAFD,0xAAFD,0xAAFD,
    0xAAFD,0xAAFD,0xAAFD,0xAAFD,0xAAFD,0xAAFD,0xAAFD,0xAAFD,0xAAFD,0xA9FD,0xAAFD,0xAAFD,
    0xAAFD,0xAAFD,0xAAFD,0xAAFD,0xAAFD,0xAAFD,0xAAFD,0xAAFD,0xAAFD,0xAAFD,0xAAFD,0xAAFD,
    0xAAFD,0xAAFD,0xAAFD,0xAAFD,0xA9FD,0xA9FD,0xA9FD,0xA9FD,0xA9FD,0xA9FD,0xA9FD,0xA9FD,
    0xA9FD,0xA9FD,0xA9FD,0xA9FD,0xA9FD,0xA9FD,0xA9FD,0xA9FD,0xA9FD,0xA9FD,0xA9FD,0xA9FD,
    0xA9FD,0xA9FD,0xA9FD,0xA9FD,0xAAFD,0xAAFD,0xAAFD,0xAAFD,0xAAFD,0xA9FD,0xAAFD,0xAAFD,
    0xAAFD,0xAAFD,0xAAFD,0xAAFD,0xAAFD,0xAAFD,0xAAFD,0xAAFD,0xAAFD,0xAAFD,0xAAFD,0xAAFD,
    0xAAFD,0xAAFD,0xAAFD,0xAAFD,0xAAFD,0x8AFD,0xAAFD,0xAAFD,0xAAFD,0xAAFD,0xA9FD,0xAAFD,
    0xAAFD,0xA9FD,0xA9FD,0xA9FD,0xA9FD,0xA9FD,0xA9FD,0xA9FD,0xA9FD,0xA9FD,0xA9FD,0xA9FD,
    0xA9FD,0xA9FD,0xA9FD,0xA9FD,0xAAFD,0x47F5,0x63E4,0x63EC,0x62EC,0x63EC,0x63EC,0x62E4,
    0xC4F4,0xA392,0x4130,0xC340,0x4130,0x0382,0xE4F4,0xA2EC,0xA2EC,0xA2EC,0xA3EC,0xA3EC,
    0xA3EC,0xA3EC,0xA3EC,0xA2EC,0xC3F4,0x63E4,0xC2DB,0xE3DB,0xC3DB,0xC3DB,0xC3DB,0xC3D3,
    0x03DC,0x44B3,0x6140,0xA340,0x2030,0x4D83,0xFFFF,0xFFFF,0xFFFF,0xFFFF,0xFFFF,0xFFFF,
    0xFFFF,0xFFFF,0xFFFF,0xFFFF,0xFFFF,0xFFFF,0xFFFF,0xFFFF,0xFFFF,0xFFFF,0xFFFF,0xFFFF,
    0xFFFF,0xFFFF,0xFFFF,0xFFFF,0xFFFF,0xFFFF,0xFFFF,0xFFFF,0xFFFF,0xFFFF,0xFFFF,0xFFFF,
    0xFFFF,0xFFFF,0xFFFF,0xFFFF,0xFFFF,0xFFFF,0x5DEF,0x2441,0x8238,0x6238,0x6359,0x2CF6,
    0x45F5,0xA3EC,0xC3EC,0xA3EC,0xA3EC,0xA3EC,0xA3EC,0xA2EC,0xC2EC,0xC2EC,0xA2EC,0xA3EC,
    0xA2EC,0xA3EC,0xA3EC,0xC3EC,0xA3EC,0xC2EC,0xE5EC,0xA271,0x6138,0xC348,0x4138,0xC49A,
    0xC4F4,0x62E4,0x83EC,0x83EC,0x83EC,0x63EC,0x83E4,0x48FD,0xA9FD,0xA9FD,0xA9FD,0xA9FD,
    0xA9FD,0xA9FD,0xAAFD,0xAAFD,0xAAFD,0xAAFD,0xAAFD,0xAAFD,0xAAFD,0xAAFD,0xAAFD,0xAAFD,
    0xAAFD,0xAAFD,0xAAFD,0xAAFD,0x8AFD,0xAAFD,0xAAFD,0xAAFD,0xAAFD,0xAAFD,0xAAFD,0xAAFD,
    0xAAFD,0xAAFD,0xAAFD,0xA9FD,0xAAFD,0xAAFD,0xAAFD,0xAAFD,0xAAFD,0xA9FD,0xAAFD,0xAAFD,
    0x89FD,0xAAFD,0xAAFD,0xA9FD,0xAAFD,0xAAFD,0xAAFD,0xA9FD,0xAAFD,0xAAFD,0xAAFD,0xAAFD,
    0xAAFD,0xAAFD,0xAAFD,0xAAFD,0xAAFD,0x8AFD,0xAAFD,0xA9FD,0xA9FD,0xA9FD,0xA9FD,0x89FD,
    0xA9FD,0xA9FD,0xA9FD,0xA9FD,0x89FD,0xA9FD,0xA9FD,0xA9FD,0xA9FD,0xA9FD,0x89FD,0xA9FD,
    0x89FD,0x89FD,0xA9FD,0xA9FD,0xAAFD,0xAAFD,0xAAFD,0xAAFD,0xAAFD,0xAAFD,0xAAFD,0xAAFD,
    0xAAFD,0xAAFD,0xAAFD,0xAAFD,0xAAFD,0xAAFD,0xAAFD,0xAAFD,0xAAFD,0xAAFD,0xAAFD,0xAAFD,
    0xAAFD,0xAAFD,0xAAFD,0xAAFD,0xAAFD,0xAAFD,0xAAFD,0xAAFD,0xAAFD,0xAAFD,0xA9FD,0xA9FD,
    0xA9FD,0xA9FD,0xA9FD,0xA9FD,0xA9FD,0xA9FD,0x89FD,0x89FD,0xA9FD,0xA9FD,0xA9FD,0xA9FD,
    0xA9FD,0xA9FD,0xA9FD,0xA9FD,0x47F5,0x63E4,0x62EC,0x83EC,0x62EC,0x83EC,0x62E4,0xC3F4,
    0x44AB,0x6138,0xA340,0x6230,0x6261,0xA4EC,0xA2EC,0xA2EC,0xA2EC,0xA3EC,0xA3EC,0xA3EC,
    0xA3EC,0xA3EC,0xA3EC,0xC2EC,0x83EC,0xE2DB,0xE3DB,0xE2DB,0xC3DB,0xC3DB,0xC3DB,0xC2DB,
    0x04D4,0x2261,0x6238,0x8238,0xE338,0x3CEF,0xFFFF,0xFFFF,0xFFFF,0xFFFF,0xFFFF,0xFFFF,
    0xFFFF,0xFFFF,0xFFFF,0xFFFF,0xFFFF,0xFFFF,0xFFFF,0xFFFF,0xFFFF,0xFFFF,0xFFFF,0xFFFF,
    0xFFFF,0xFFFF,0xFFFF,0xFFFF,0xFFFF,0xFFFF,0xFFFF,0xFFFF,0xFFFF,0xFFFF,0xFFFF,0xFFFF,
    0xFFFF,0xFFFF,0xFFFF,0xFFFF,0xFFFF,0xFFFF,0xFFFF,0x55BD,0x2128,0xC348,0x4130,0x479B,
    0x8BFE,0xC3EC,0xC3EC,0xC3EC,0xC3EC,0xA3EC,0xA3EC,0xA2EC,0xA3EC,0xA2EC,0xA2EC,0xA3EC,
    0xA3EC,0xA3EC,0xA3EC,0xC3EC,0xA3EC,0xA3EC,0xE3F4,0x85DC,0xE158,0x8240,0xA340,0x6138,
    0x45B3,0xC4F4,0x62E4,0x83EC,0x83EC,0x83EC,0x82EC,0x83EC,0x68F5,0xAAFD,0xA9FD,0xA9FD,
    0xA9FD,0xA9FD,0xAAFD,0xAAFD,0xAAFD,0xA9FD,0xAAFD,0xAAFD,0xAAFD,0xAAFD,0xAAFD,0xAAFD,
    0xAAFD,0xAAFD,0xAAFD,0x8AFD,0xAAFD,0xAAFD,0x8AFD,0xAAFD,0xAAFD,0xAAFD,0xAAFD,0xAAFD,
    0xAAFD,0xAAFD,0xAAFD,0xAAFD,0xAAFD,0xAAFD,0xAAFD,0xAAFD,0xAAFD,0xA9FD,0xAAFD,0xA9FD,
    0xA9FD,0xAAFD,0xAAFD,0xA9FD,0xA9FD,0xA9FD,0xA9FD,0xA9FD,0xA9FD,0x89FD,0x8AFD,0xAAFD,
    0xAAFD,0xAAFD,0xAAFD,0xAAFD,0xAAFD,0xAAFD,0xA9FD,0xA9FD,0xA9FD,0xA9FD,0xA9FD,0xA9FD,
    0xA9FD,0xA9FD,0xA9FD,0xA9FD,0xA9FD,0xA9FD,0xA9FD,0xA9FD,0x89FD,0x89FD,0xA9FD,0xA9FD,
    0x89FD,0x89FD,0x89FD,0xA9FD,0xAAFD,0xAAFD,0xAAFD,0xAAFD,0xAAFD,0xAAFD,0xAAFD,0xAAFD,
    0xAAFD,0xAAFD,0xAAFD,0xAAFD,0x8AFD,0xAAFD,0xAAFD,0xAAFD,0xAAFD,0x8AFD,0xAAFD,0xAAFD,
    0xAAFD,0x8AFD,0xAAFD,0xAAFD,0xAAFD,0xAAFD,0xAAFD,0xA9FD,0xA9FD,0xA9FD,0xA9FD,0xA9FD,
    0xA9FD,0xA9FD,0xA9FD,0xA9FD,0xA9FD,0xA9FD,0xA9FD,0x89FD,0xA9FD,0xA9FD,0xA9FD,0xA9FD,
    0x89FD,0x89FD,0xA9FD,0x48F5,0x63E4,0x62EC,0x82EC,0x62EC,0x83EC,0x62E4,0xC4F4,0xC5C3,
    0x8148,0xA240,0x8238,0xE148,0x65DC,0xC2F4,0xA2EC,0xA2EC,0xA2EC,0xA3EC,0xA3EC,0xA3EC,
    0xA3EC,0xA2EC,0xA2EC,0xC3EC,0x02DC,0xE2DB,0xE3DB,0xE3DB,0xE3DB,0xE3DB,0xC2D3,0x24E4,
    0x438A,0x4138,0xC340,0x0028,0xD2A4,0xFFFF,0xFFFF,0xFFFF,0xFFFF,0xFFFF,0xFFFF,0xFFFF,
    0xFFFF,0xFFFF,0xFFFF,0xFFFF,0xFFFF,0xFFFF,0xFFFF,0xFFFF,0xFFFF,0xFFFF,0xFFFF,0xFFFF,
    0xFFFF,0xFFFF,0xFFFF,0xFFFF,0xFFFF,0xFFFF,0xFFFF,0xFFFF,0xFFFF,0xFFFF,0xFFFF,0xFFFF,
    0xFFFF,0xFFFF,0xFFFF,0xFFFF,0xFFFF,0xFFFF,0xFFFF,0xFFFF,0xCB72,0x4138,0xE448,0x8140,
    0x0AD5,0xC7FD,0xA2EC,0xC3EC,0xC3EC,0xC3EC,0xC3EC,0xA3EC,0xA3EC,0xA2EC,0xA2EC,0xA3EC,
    0xA3EC,0xA3EC,0xC3EC,0xC2EC,0xA3EC,0xA3EC,0xA2EC,0x03F5,0xE5CB,0x8140,0xA238,0x8238,
    0x8140,0xA5BB,0xA3EC,0x62EC,0x83EC,0x83EC,0x83EC,0x83EC,0x83E4,0x68F5,0xCAFD,0xA9FD,
    0xA9FD,0xA9FD,0xAAFD,0xAAFD,0xAAFD,0xAAFD,0xAAFD,0xAAFD,0xAAFD,0xAAFD,0x8AFD,0xAAFD,
    0xAAFD,0xAAFD,0xAAFD,0xAAFD,0xAAFD,0xAAFD,0xAAFD,0xAAFD,0xAAFD,0xAAFD,0xAAFD,0xAAFD,
    0xAAFD,0xAAFD,0xAAFD,0xAAFD,0xAAFD,0xAAFD,0xAAFD,0xAAFD,0xAAFD,0xA9FD,0x8AFD,0xAAFD,
    0xA9FD,0xA9FD,0xA9FD,0x89FD,0xA9FD,0x8AFD,0xAAFD,0xA9FD,0xA9FD,0x89FD,0xA9FD,0xAAFD,
    0xAAFD,0xAAFD,0xAAFD,0xAAFD,0xAAFD,0xAAFD,0xAAFD,0xA9FD,0xA9FD,0xA9FD,0xA9FD,0xA9FD,
    0xA9FD,0xA9FD,0xA9FD,0x89FD,0xA9FD,0xA9FD,0xAAFD,0xA9FD,0xAAFD,0x89FD,0xA9FD,0xA9FD,
    0x89FD,0xAAFD,0xAAFD,0xAAFD,0x8AFD,0xAAFD,0xAAFD,0xAAFD,0xAAFD,0xAAFD,0xAAFD,0xAAFD,
    0xAAFD,0xAAFD,0xAAFD,0xAAFD,0xAAFD,0xAAFD,0xAAFD,0xAAFD,0xAAFD,0xAAFD,0x8AFD,0xAAFD,
    0xAAFD,0xAAFD,0xAAFD,0xAAFD,0xAAFD,0xAAFD,0xAAFD,0xA9FD,0xA9FD,0xA9FD,0xA9FD,0xA9FD,
    0xA9FD,0xA9FD,0xA9FD,0xA9FD,0xA9FD,0x89FD,0x89FD,0x89FD,0xA9FD,0x89FD,0x89FD,0x89FD,
    0x89FD,0xA9FD,0x47F5,0x63E4,0x62EC,0x62EC,0x62EC,0x62EC,0x62E4,0xC4EC,0xE5CB,0xC150,
    0x8240,0xA340,0x8140,0x05CC,0xE3F4,0x82EC,0xA3EC,0xA2EC,0xA3EC,0xA3EC,0xA3EC,0xA3EC,
    0xA2EC,0xA2EC,0xC3EC,0x22E4,0xC2DB,0xE3DB,0xE2DB,0xE3DB,0xE3DB,0xC3DB,0x03DC,0x44BB,
    0x6140,0xA340,0x2130,0x4962,0xFFFF,0xFFFF,0xFFFF,0xFFFF,0xFFFF,0xFFFF,0xFFFF,0xFFFF,
    0xFFFF,0xFFFF,0xFFFF,0xFFFF,0xFFFF,0xFFFF,0xFFFF,0xFFFF,0xFFFF,0xFFFF,0xFFFF,0xFFFF,
    0xFFFF,0xFFFF,0xFFFF,0xFFFF,0xFFFF,0xFFFF,0xFFFF,0xFFFF,0xFFFF,0xFFFF,0xFFFF,0xFFFF,
    0xFFFF,0xFFFF,0xFFFF,0xFFFF,0xFFFF,0xFFFF,0xFFFF,0xFFFF,0x1BE7,0x0441,0xA340,0x8240,
    0x8361,0x2CFE,0x04ED,0xA2EC,0xC3EC,0xC2EC,0xA3EC,0xA3EC,0xA3EC,0xA3EC,0xA3EC,0xA3EC,
    0xA3EC,0xA3EC,0xA3EC,0xA3EC,0xA3EC,0xA3EC,0xA3EC,0xA2EC,0x04F5,0x64B3,0x4138,0xA338,
    0x6238,0xC148,0xE5CB,0xA3EC,0x62E4,0x83EC,0x83EC,0x83EC,0x83EC,0x83E4,0x68F5,0xCAFD,
    0xA9FD,0xA9FD,0xA9FD,0xA9FD,0xA9FD,0xAAFD,0x8AFD,0xAAFD,0xAAFD,0xAAFD,0x8AFD,0x8AFD,
    0xAAFD,0x8AFD,0xAAFD,0xAAFD,0xAAFD,0xAAFD,0xAAFD,0xAAFD,0xAAFD,0xAAFD,0xAAFD,0xAAFD,
    0xAAFD,0xAAFD,0xAAFD,0xAAFD,0xAAFD,0xAAFD,0xAAFD,0xA9FD,0xAAFD,0xA9FD,0xA9FD,0xAAFD,
    0xA9FD,0xA9FD,0xA9FD,0xA9FD,0xA9FD,0x8AFD,0xA9FD,0x89FD,0x89FD,0xA9FD,0xA9FD,0xAAFD,
    0xAAFD,0xAAFD,0xAAFD,0xAAFD,0xAAFD,0xAAFD,0xAAFD,0xA9FD,0xA9FD,0xA9FD,0xA9FD,0xA9FD,
    0xA9FD,0xA9FD,0xA9FD,0xA9FD,0xA9FD,0xA9FD,0x8AFD,0xAAFD,0x8AFD,0x8AFD,0x8AFD,0xAAFD,
    0xA9FD,0xAAFD,0x8AFD,0xAAFD,0x8AFD,0xAAFD,0xAAFD,0xAAFD,0xAAFD,0xAAFD,0xAAFD,0xA9FD,
    0xAAFD,0xAAFD,0xAAFD,0xAAFD,0xAAFD,0xAAFD,0xAAFD,0xAAFD,0xAAFD,0xAAFD,0xAAFD,0x8AFD,
    0xAAFD,0xAAFD,0xAAFD,0x8AFD,0xAAFD,0xAAFD,0xA9FD,0xA9FD,0xA9FD,0xA9FD,0xA9FD,0xA9FD,
    0xA9FD,0xA9FD,0xA9FD,0xA9FD,0xA9FD,0xA9FD,0xA9FD,0x89FD,0xA9FD,0x89FD,0xA9FD,0x89FD,
    0xA9FD,0x47F5,0x63E4,0x62EC,0x62E4,0x62EC,0x62EC,0x62EC,0xA3EC,0x45D4,0xE150,0x8240,
    0xC348,0x6140,0x84B3,0x04F5,0x82EC,0xA3EC,0xA3EC,0xA3EC,0xA3EC,0xA3EC,0xA3EC,0xA3EC,
    0xA2EC,0xC2EC,0x43E4,0xC2DB,0xE3DB,0xE2DB,0xE2DB,0xE3DB,0xE3DB,0xE2DB,0x05DC,0x2261,
    0x6238,0x8238,0xA338,0xDADE,0xFFFF,0xFFFF,0xFFFF,0xFFFF,0xFFFF,0xFFFF,0xFFFF,0xFFFF,
    0xFFFF,0xFFFF,0xFFFF,0xFFFF,0xFFFF,0xFFFF,0xFFFF,0xFFFF,0xFFFF,0xFFFF,0xFFFF,0xFFFF,
    0xFFFF,0xFFFF,0xFFFF,0xFFFF,0xFFFF,0xFFFF,0xFFFF,0xFFFF,0xFFFF,0xFFFF,0xFFFF,0xFFFF,
    0xFFFF,0xFFFF,0xFFFF,0xFFFF,0xFFFF,0xFFFF,0xFFFF,0xDFFF,0xFFFF,0x34B5,0x4130,0x0451,
    0x6138,0x2693,0x2AFE,0xA2E4,0xC3EC,0xC2EC,0xA3EC,0xA3EC,0xA3EC,0xA3EC,0xA3EC,0xA3EC,
    0xC3EC,0xA3EC,0xA3EC,0xA3EC,0xA3EC,0xA3EC,0xA3EC,0xA3EC,0xA2EC,0x04F5,0xE49A,0x2130,
    0xA340,0x6238,0xE150,0x25D4,0xA3EC,0x63EC,0x83EC,0x83EC,0x83EC,0x83EC,0x83E4,0x47F5,
    0xCAFD,0xA9FD,0xA9FD,0xA9FD,0xA9FD,0xA9FD,0x89FD,0x89FD,0xAAFD,0x8AFD,0xAAFD,0xAAFD,
    0xAAFD,0xAAFD,0x8AFD,0xAAFD,0xAAFD,0xAAFD,0x8AFD,0xAAFD,0xAAFD,0xAAFD,0xAAFD,0xAAFD,
    0xAAFD,0xAAFD,0xAAFD,0xAAFD,0xAAFD,0xAAFD,0xAAFD,0xAAFD,0xAAFD,0xAAFD,0xA9FD,0xAAFD,
    0xAAFD,0xA9FD,0xA9FD,0xA9FD,0xA9FD,0x89FD,0x89FD,0xA9FD,0xA9FD,0xA9FD,0xA9FD,0xAAFD,
    0xA9FD,0xAAFD,0x8AFD,0xAAFD,0xAAFD,0xAAFD,0xA9FD,0xA9FD,0x89FD,0xA9FD,0xA9FD,0xA9FD,
    0xA9FD,0xA9FD,0x89FD,0x89FD,0xA9FD,0xAAFD,0xAAFD,0xAAFD,0x8AFD,0x8AFD,0x8AFD,0xAAFD,
    0x8AFD,0xAAFD,0xAAFD,0xAAFD,0xAAFD,0xAAFD,0xAAFD,0xAAFD,0xAAFD,0xAAFD,0xAAFD,0xAAFD,
    0xAAFD,0xAAFD,0xAAFD,0xAAFD,0xAAFD,0x8AFD,0x8AFD,0x8AFD,0xAAFD,0xAAFD,0xAAFD,0xAAFD,
    0xAAFD,0xAAFD,0xAAFD,0xA9FD,0xAAFD,0xA9FD,0xA9FD,0xA9FD,0xA9FD,0xA9FD,0xA9FD,0xA9FD,
    0xA9FD,0xA9FD,0xA9FD,0xA9FD,0xA9FD,0xA9FD,0xA9FD,0xA9FD,0xA9FD,0x89FD,0x89FD,0xA9FD,
    0x27F5,0x63E4,0x62E4,0x62E4,0x63E4,0x62E4,0x62E4,0x82EC,0x65DC,0x2261,0x8240,0xC350,
    0x6140,0x04AB,0x04FD,0xA2EC,0xA3EC,0xA3EC,0xA3EC,0xA3EC,0xA3EC,0xA3EC,0xA3EC,0xA3EC,
    0xC2EC,0x63EC,0xC2DB,0xC2DB,0xE2DB,0xE3DB,0xE3DB,0xE3DB,0xC2DB,0x24E4,0x238A,0x4138,
    0xE348,0x0028,0xB2AC,0xFFFF,0xFFFF,0xFFFF,0xFFFF,0xFFFF,0xFFFF,0xFFFF,0xFFFF,0xFFFF,
    0xFFFF,0xFFFF,0xFFFF,0xFFFF,0xFFFF,0xFFFF,0xFFFF,0xFFFF,0xFFFF,0xFFFF,0xFFFF,0xFFFF,
    0xFFFF,0xFFFF,0xFFFF,0xFFFF,0xFFFF,0xFFFF,0xFFFF,0xFFFF,0xFFFF,0xFFFF,0xFFFF,0xFFFF,
    0xFFFF,0xFFFF,0xFFFF,0xFFFF,0xFFFF,0xFFFF,0xFFFF,0xFFFF,0xFFFF,0xFFFF,0xEB72,0x4138,
    0xC348,0x6138,0xA9CC,0xA6FD,0x82E4,0xC3F4,0xA2EC,0xA3EC,0xA3EC,0xA3EC,0xA3EC,0xA3EC,
    0xA3EC,0xA3EC,0xA3EC,0xA3EC,0xA3EC,0xA3EC,0xA3EC,0xA3EC,0xA3EC,0xA2EC,0x04F5,0x8392,
    0x2130,0xC340,0x6238,0x0259,0x45D4,0xC3F4,0x82EC,0x83EC,0x83EC,0x83EC,0x83EC,0x83E4,
    0x27F5,0xA9FD,0xA9FD,0x89FD,0x89FD,0xA9FD,0xA9FD,0xA9FD,0xA9FD,0x89FD,0x8AFD,0xA9FD,
    0xAAFD,0xA9FD,0xA9FD,0xAAFD,0xAAFD,0xAAFD,0xAAFD,0xAAFD,0xAAFD,0xAAFD,0xAAFD,0xAAFD,
    0xAAFD,0xAAFD,0xA9FD,0xAAFD,0xAAFD,0x8AFD,0xAAFD,0xAAFD,0xA9FD,0xA9FD,0xA9FD,0xA9FD,
    0xA9FD,0xA9FD,0xA9FD,0xA9FD,0xA9FD,0xA9FD,0x89FD,0xA9FD,0xA9FD,0xA9FD,0xA9FD,0x89FD,
    0xA9FD,0xA9FD,0xAAFD,0xA9FD,0xA9FD,0xA9FD,0xA9FD,0xA9FD,0xA9FD,0xA9FD,0xA9FD,0xA9FD,
    0xA9FD,0xA9FD,0xA9FD,0x89FD,0xA9FD,0x89FD,0x8AFD,0xAAFD,0xAAFD,0xAAFD,0x8AFD,0xAAFD,
    0xAAFD,0xAAFD,0xAAFD,0xAAFD,0xAAFD,0xAAFD,0xAAFD,0xAAFD,0xAAFD,0xAAFD,0xAAFD,0xAAFD,
    0xAAFD,0xAAFD,0xAAFD,0xAAFD,0xAAFD,0xAAFD,0xAAFD,0xA9FD,0xAAFD,0xAAFD,0xAAFD,0xAAFD,
    0xAAFD,0xAAFD,0x89FD,0xA9FD,0xA9FD,0xA9FD,0xA9FD,0xA9FD,0xA9FD,0xA9FD,0xA9FD,0xA9FD,
    0xA9FD,0xA9FD,0xA9FD,0xA9FD,0xA9FD,0xA9FD,0xA9FD,0xA9FD,0x89FD,0x89FD,0xA9FD,0x06F5,
    0x42E4,0x62E4,0x63E4,0x63E4,0x63E4,0x62E4,0x83EC,0x65DC,0x4269,0x6240,0xC350,0x4140,
    0xA39A,0x25F5,0xA2EC,0xC2EC,0xA3EC,0xA3EC,0xA2EC,0xA3EC,0xA2EC,0xA3EC,0xA3EC,0xA2EC,
    0x83EC,0xE2DB,0xC3DB,0xE2DB,0xE3DB,0xE3DB,0xE3DB,0xC2DB,0x03E4,0x24B3,0x8140,0xC348,
    0x2130,0x6962,0xFFFF,0xFFFF,0xFFFF,0xFFFF,0xFFFF,0xFFFF,0xFFFF,0xFFFF,0xFFFF,0xFFFF,
    0xFFFF,0xFFFF,0xFFFF,0xFFFF,0xFFFF,0xFFFF,0xFFFF,0xFFFF,0xFFFF,0xFFFF,0xFFFF,0xFFFF,
    0xFFFF,0xFFFF,0xFFFF,0xFFFF,0xFFFF,0xFFFF,0xFFFF,0xFFFF,0xFFFF,0xFFFF,0xFFFF,0xFFFF,
    0xFFFF,0xFFFF,0xFFFF,0xFFFF,0xFFFF,0xFFFF,0xFFFF,0xFFFF,0xFFFF,0xFFFF,0x3CEF,0x2441,
    0x8238,0x8238,0x2251,0xAAED,0x04F5,0xA2EC,0xC3EC,0xA3EC,0xA3EC,0xA3EC,0xC3EC,0xC3EC,
    0xA3EC,0xA3EC,0xA3EC,0xA3EC,0xA3EC,0xA3EC,0xA3EC,0xA2EC,0xA2EC,0xA3EC,0xA2EC,0xE5F4,
    0x438A,0x2130,0xC340,0x6238,0x2261,0x66DC,0xC3F4,0x83E4,0x83EC,0x83EC,0x83EC,0x83EC,
    0x63E4,0x06ED,0xA9FD,0xA9FD,0x89FD,0x89FD,0xA9FD,0x89FD,0x89FD,0x89FD,0x89FD,0x89FD,
    0x89FD,0x89FD,0xA9FD,0xA9FD,0x8AFD,0x8AFD,0x8AFD,0xAAFD,0xAAFD,0xAAFD,0xAAFD,0xAAFD,
    0xAAFD,0xA9FD,0xAAFD,0xAAFD,0xAAFD,0xA9FD,0xAAFD,0xAAFD,0xA9FD,0x89FD,0x8AFD,0xA9FD,
    0xA9FD,0x89FD,0x89FD,0x89FD,0x89FD,0x89FD,0x89FD,0x89FD,0xA9FD,0xA9FD,0xA9FD,0xA9FD,
    0xA9FD,0xA9FD,0xA9FD,0xAAFD,0xA9FD,0x89FD,0x89FD,0xA9FD,0xA9FD,0xA9FD,0x89FD,0xA9FD,
    0x89FD,0x89FD,0x89FD,0x89FD,0x89FD,0x8AFD,0x89FD,0x8AFD,0x8AFD,0xAAFD,0x8AFD,0xAAFD,
    0xAAFD,0xAAFD,0xAAFD,0xAAFD,0xAAFD,0xAAFD,0xAAFD,0xAAFD,0xAAFD,0xAAFD,0xAAFD,0xAAFD,
    0xAAFD,0xAAFD,0xAAFD,0x8AFD,0x8AFD,0x8AFD,0x89FD,0xA9FD,0xA9FD,0x89FD,0x89FD,0x89FD,
    0x89FD,0xA9FD,0xA9FD,0xA9FD,0xA9FD,0xA9FD,0xA9FD,0xA9FD,0xA9FD,0xA9FD,0xA9FD,0xA9FD,
    0xA9FD,0xA9FD,0xA9FD,0xA9FD,0xA9FD,0xA9FD,0x89FD,0x89FD,0xA9FD,0xA9FD,0xE6F4,0x42E4,
    0x62EC,0x62EC,0x62E4,0x63E4,0x42E4,0x82EC,0x45DC,0x4261,0x6238,0xC348,0x4138,0x6392,
    0x05F5,0xA2EC,0xC2EC,0xC2EC,0xA3EC,0xA2EC,0xA2EC,0xA3EC,0xA3EC,0xA3EC,0xA2EC,0xA3EC,
    0xE2DB,0xC2DB,0xC3DB,0xC3DB,0xE2DB,0xE2DB,0xC2DB,0xE2DB,0xC5D3,0xE158,0x8240,0x8240,
    0xE338,0xFBE6,0xFFFF,0xFFFF,0xFFFF,0xFFFF,0xFFFF,0xFFFF,0xFFFF,0xFFFF,0xFFFF,0xFFFF,
    0xFFFF,0xFFFF,0xFFFF,0xFFFF,0xFFFF,0xFFFF,0xFFFF,0xFFFF,0xFFFF,0xFFFF,0xFFFF,0xFFFF,
    0xFFFF,0xFFFF,0xFFFF,0xFFFF,0xFFFF,0xFFFF,0xFFFF,0xFFFF,0xFFFF,0xFFFF,0xFFFF,0xFFFF,
    0xFFFF,0xFFFF,0xFFFF,0xFFFF,0xFFFF,0xFFFF,0xFFFF,0xFFFF,0xFFFF,0xDFFF,0xFFFF,0x75BD,
    0x2028,0xC348,0x4130,0x447A,0xC9FD,0x82EC,0xA3EC,0xA3EC,0xA3EC,0xA3EC,0xA3EC,0xA3EC,
    0xA3EC,0xA3EC,0xA3EC,0xA3EC,0xA3EC,0xA3EC,0xA3EC,0xA3EC,0xA2EC,0xA3EC,0xA3EC,0xA2EC,
    0xE5F4,0x6392,0x4138,0xE348,0x8240,0x2261,0x46D4,0xC4F4,0x63EC,0x83EC,0x83EC,0x83EC,
    0x83EC,0x62E4,0xC5EC,0x89FD,0xA9FD,0x89FD,0x89FD,0x89FD,0x89FD,0x89FD,0x89FD,0xA9FD,
    0x89FD,0xA9FD,0xA9FD,0x89FD,0x89FD,0xA9FD,0x8AFD,0xAAFD,0xAAFD,0xAAFD,0xAAFD,0xAAFD,
    0xAAFD,0xAAFD,0xAAFD,0xAAFD,0xA9FD,0xA9FD,0xAAFD,0xAAFD,0xAAFD,0xAAFD,0xAAFD,0x8AFD,
    0xA9FD,0x89FD,0x89FD,0xA9FD,0xA9FD,0xA9FD,0xA9FD,0xA9FD,0xA9FD,0xA9FD,0xA9FD,0xA9FD,
    0xA9FD,0xA9FD,0xA9FD,0xA9FD,0xA9FD,0x89FD,0x89FD,0x89FD,0x89FD,0x89FD,0x89FD,0x89FD,
    0xA9FD,0x89FD,0x89FD,0x89FD,0x89FD,0xAAFD,0xAAFD,0xAAFD,0xAAFD,0xAAFD,0xAAFD,0xAAFD,
    0xAAFD,0xAAFD,0x8AFD,0xAAFD,0xAAFD,0xAAFD,0xAAFD,0xAAFD,0xAAFD,0xAAFD,0xAAFD,0xAAFD,
    0xAAFD,0xAAFD,0xAAFD,0xAAFD,0xAAFD,0x89FD,0x89FD,0x89FD,0x89FD,0xA9FD,0xA9FD,0xA9FD,
    0xA9FD,0xA9FD,0xA9FD,0xA9FD,0xA9FD,0xA9FD,0xA9FD,0xA9FD,0xA9FD,0xA9FD,0xA9FD,0xA9FD,
    0xA9FD,0xA9FD,0xA9FD,0xA9FD,0xA9FD,0xA9FD,0x89FD,0xA9FD,0xA9FD,0xC5EC,0x42E4,0x62EC,
    0x62E4,0x63E4,0x63E4,0x42E4,0x83EC,0x45D4,0x2259,0x4230,0xC340,0x4138,0x638A,0x05F5,
    0xA2EC,0xA2EC,0xC2EC,0xC2EC,0xA2EC,0xA2EC,0xA2EC,0xA3EC,0xA3EC,0xA2EC,0xA3EC,0x02DC,
    0xA2D3,0xC3DB,0xC3DB,0xC3DB,0xE3DB,0xE3DB,0xC2DB,0x25E4,0xA279,0x6138,0xC348,0x2030,
    0x75B5,0xFFFF,0xFFFF,0xFFFF,0xFFFF,0xFFFF,0xFFFF,0xFFFF,0xFFFF,0xFFFF,0xFFFF,0xFFFF,
    0xFFFF,0xFFFF,0xFFFF,0xFFFF,0xFFFF,0xFFFF,0xFFFF,0xFFFF,0xFFFF,0xFFFF,0xFFFF,0xFFFF,
    0xFFFF,0xFFFF,0xFFFF,0xFFFF,0xFFFF,0xFFFF,0xFFFF,0xFFFF,0xFFFF,0xFFFF,0xFFFF,0xFFFF,
    0xFFFF,0xFFFF,0xFFFF,0xFFFF,0xFFFF,0xFFFF,0xFFFF,0xFFFF,0xFFFF,0xFFFF,0xDFFF,0xFFFF,
    0xAE8B,0x0028,0xE348,0x2130,0x469B,0x66FD,0x82EC,0xA3EC,0xA3EC,0xA3EC,0xA3EC,0xA3EC,
    0xA3EC,0xA3EC,0xA3EC,0xA3EC,0xA3EC,0xA3EC,0xA3EC,0xA3EC,0xA3EC,0xA3EC,0xA2EC,0xA3EC,
    0xA2EC,0x05F5,0x8392,0x4140,0xE348,0x8240,0x0159,0x05CC,0xC4F4,0x62E4,0x83EC,0x83EC,
    0x83EC,0x83EC,0x62E4,0xA4EC,0x68FD,0xAAFD,0x89FD,0x89FD,0x89FD,0xA9FD,0xA9FD,0x89FD,
    0x89FD,0xA9FD,0xA9FD,0xA9FD,0xA9FD,0x89FD,0x8AFD,0x8AFD,0xAAFD,0xAAFD,0xAAFD,0xAAFD,
    0xAAFD,0xA9FD,0xAAFD,0xA9FD,0xA9FD,0x89FD,0x89FD,0xA9FD,0xAAFD,0x89FD,0xAAFD,0xAAFD,
    0xAAFD,0xA9FD,0xA9FD,0x89FD,0x89FD,0xA9FD,0xA9FD,0xA9FD,0xAAFD,0xA9FD,0xA9FD,0xA9FD,
    0xA9FD,0xA9FD,0xA9FD,0xA9FD,0xAAFD,0xA9FD,0x89FD,0x89FD,0x89FD,0x89FD,0x89FD,0x89FD,
    0xA9FD,0xA9FD,0xA9FD,0xA9FD,0xA9FD,0xAAFD,0x8AFD,0x8AFD,0x8AFD,0xAAFD,0xAAFD,0xAAFD,
    0xAAFD,0xAAFD,0xAAFD,0xAAFD,0x8AFD,0x8AFD,0xAAFD,0xAAFD,0xAAFD,0xAAFD,0xAAFD,0xAAFD,
    0xAAFD,0xAAFD,0xAAFD,0xAAFD,0xAAFD,0x8AFD,0xA9FD,0xA9FD,0xA9FD,0xA9FD,0xA9FD,0xA9FD,
    0xA9FD,0xA9FD,0xA9FD,0xA9FD,0xA9FD,0xA9FD,0xA9FD,0xA9FD,0xA9FD,0xA9FD,0xA9FD,0xA9FD,
    0xA9FD,0xA9FD,0xA9FD,0xA9FD,0xA9FD,0xA9FD,0xA9FD,0x68FD,0xA4EC,0x42E4,0x62EC,0x63EC,
    0x63E4,0x63E4,0x42E4,0xA3EC,0xE5C3,0xE150,0x4130,0xC340,0x2130,0x4382,0x05F5,0xA2EC,
    0xA2EC,0xC2EC,0xC2EC,0xC2EC,0xC2EC,0xC2EC,0xA2EC,0xC3EC,0xA2EC,0xC3F4,0x23E4,0xA2DB,
    0xC3DB,0xC3DB,0xC3DB,0xC3DB,0xE3DB,0xC2DB,0x24E4,0x6392,0x4138,0xE348,0x0028,0x8E83,
    0xFFFF,0xFFFF,0xFFFF,0xFFFF,0xFFFF,0xFFFF,0xFFFF,0xFFFF,0xFFFF,0xFFFF,0xFFFF,0xFFFF,
    0xFFFF,0xFFFF,0xFFFF,0xFFFF,0xFFFF,0xFFFF,0xFFFF,0xFFFF,0xFFFF,0xFFFF,0xFFFF,0xFFFF,
    0xFFFF,0xFFFF,0xFFFF,0xFFFF,0xFFFF,0xFFFF,0xFFFF,0xFFFF,0xFFFF,0xFFFF,0xFFFF,0xFFFF,
    0xFFFF,0xFFFF,0xFFFF,0xFFFF,0xFFFF,0xFFFF,0xFFFF,0xFFFF,0xFFFF,0xFFFF,0xFFFF,0xFFFF,
    0xDFFF,0x696A,0x4130,0xC340,0x4138,0x07BC,0x24F5,0x82EC,0xC3EC,0xA3EC,0xA3EC,0xA3EC,
    0xA3EC,0xA3EC,0xA3EC,0xA3EC,0xA3EC,0xA3EC,0xA3EC,0xA3EC,0xA3EC,0xA3EC,0xA3EC,0xA3EC,
    0xA3EC,0xA2EC,0x05F5,0x8392,0x4138,0xC348,0x8240,0xE150,0xC5C3,0xC4F4,0x62E4,0x83EC,
    0x83EC,0x83EC,0x83EC,0x62E4,0x83EC,0x27F5,0xA9FD,0xA9FD,0x89FD,0xA9FD,0xA9FD,0x89FD,
    0xA9FD,0x89FD,0xA9FD,0xA9FD,0xA9FD,0xA9FD,0xAAFD,0xAAFD,0xAAFD,0xAAFD,0xA9FD,0xAAFD,
    0xAAFD,0xAAFD,0xAAFD,0xA9FD,0xA9FD,0x89FD,0x89FD,0xA9FD,0x89FD,0x89FD,0x8AFD,0x8AFD,
    0x8AFD,0xAAFD,0x8AFD,0x8AFD,0x89FD,0xAAFD,0xAAFD,0xAAFD,0xAAFD,0xAAFD,0xAAFD,0xAAFD,
    0xAAFD,0xAAFD,0xA9FD,0xA9FD,0xA9FD,0xA9FD,0x89FD,0x89FD,0x89FD,0x89FD,0x89FD,0x89FD,
    0x89FD,0x89FD,0x89FD,0x89FD,0x89FD,0x89FD,0xA9FD,0x89FD,0xAAFD,0xAAFD,0xAAFD,0xAAFD,
    0xA9FD,0xAAFD,0xAAFD,0xAAFD,0xAAFD,0x8AFD,0xAAFD,0xAAFD,0xAAFD,0xAAFD,0x8AFD,0xAAFD,
    0x8AFD,0xAAFD,0xAAFD,0x8AFD,0xA9FD,0x89FD,0xA9FD,0xA9FD,0xA9FD,0x89FD,0xA9FD,0xA9FD,
    0x89FD,0xA9FD,0xA9FD,0xA9FD,0x89FD,0x89FD,0xA9FD,0xA9FD,0xA9FD,0xA9FD,0xA9FD,0xA9FD,
    0xA9FD,0xA9FD,0xA9FD,0x89FD,0xA9FD,0xAAFD,0x47F5,0x83EC,0x42EC,0x63EC,0x62EC,0x62EC,
    0x63EC,0x42E4,0xA3EC,0xC5C3,0xC148,0x6238,0xC340,0x2130,0x2382,0xE5F4,0xA2EC,0xA2EC,
    0xA3EC,0xA3EC,0xC2EC,0xA2EC,0xC2EC,0xC2EC,0xC2EC,0xA2EC,0xC3EC,0x43E4,0xC2DB,0xC3DB,
    0xC3DB,0xC3DB,0xC3DB,0xC3DB,0xC2DB,0x03E4,0x24B3,0x6140,0xC340,0x4138,0xC751,0xBEF7,
    0xFFFF,0xFFFF,0xFFFF,0xFFFF,0xFFFF,0xFFFF,0xFFFF,0xFFFF,0xFFFF,0xFFFF,0xFFFF,0xFFFF,
    0xFFFF,0xFFFF,0xFFFF,0xFFFF,0xFFFF,0xFFFF,0xFFFF,0xFFFF,0xFFFF,0xFFFF,0xFFFF,0xFFFF,
    0xFFFF,0xFFFF,0xFFFF,0xFFFF,0xFFFF,0xFFFF,0xFFFF,0xFFFF,0xFFFF,0xFFFF,0xFFFF,0xFFFF,
    0xFFFF,0xFFFF,0xFFFF,0xFFFF,0xFFFF,0xFFFF,0xFFFF,0xFFFF,0xFFFF,0xFFFF,0xFFFF,0xFFFF,
    0xFFFF,0x1BEF,0x0441,0x8238,0xA338,0xC148,0x86DC,0xE3F4,0xA2EC,0xC3EC,0xA3EC,0xA3EC,
    0xA3EC,0xA3EC,0xA3EC,0xA3EC,0xA3EC,0xA3EC,0xA3EC,0xA3EC,0xA3EC,0xA3EC,0xA3EC,0xA3EC,
    0xA3EC,0xA3EC,0xA2EC,0x25F5,0xA39A,0x4138,0xC348,0xA240,0xA148,0x44AB,0xC4F4,0x62E4,
    0x63EC,0x83EC,0x83EC,0x83EC,0x62EC,0x63E4,0xE6EC,0x89FD,0xA9FD,0x89FD,0x89FD,0x89FD,
    0xA9FD,0x89FD,0x89FD,0x89FD,0xA9FD,0xA9FD,0xA9FD,0xA9FD,0xAAFD,0xAAFD,0xAAFD,0xAAFD,
    0xAAFD,0xAAFD,0x89FD,0xA9FD,0x89FD,0x89FD,0x89FD,0x89FD,0xA9FD,0x89FD,0xAAFD,0xAAFD,
    0xAAFD,0xAAFD,0x8AFD,0x8AFD,0xAAFD,0xAAFD,0xAAFD,0xAAFD,0xAAFD,0xAAFD,0xAAFD,0xAAFD,
    0xAAFD,0xA9FD,0xA9FD,0xA9FD,0x89FD,0x89FD,0x89FD,0x89FD,0x89FD,0x89FD,0x89FD,0x89FD,
    0x89FD,0x89FD,0x89FD,0x89FD,0x89FD,0x89FD,0x89FD,0xA9FD,0xA9FD,0xA9FD,0xA9FD,0xAAFD,
    0xA9FD,0xA9FD,0xA9FD,0xAAFD,0xAAFD,0xAAFD,0xAAFD,0xAAFD,0xAAFD,0xAAFD,0xAAFD,0x8AFD,
    0xAAFD,0xAAFD,0xA9FD,0x89FD,0x89FD,0x89FD,0x89FD,0xA9FD,0x89FD,0x89FD,0x89FD,0xA9FD,
    0xA9FD,0xA9FD,0xA9FD,0xA9FD,0xA9FD,0xA9FD,0xA9FD,0xA9FD,0x89FD,0xA9FD,0xA9FD,0xA9FD,
    0x89FD,0x89FD,0xA9FD,0xA9FD,0xA9FD,0x06F5,0x63E4,0x63EC,0x63EC,0x63EC,0x62EC,0x63EC,
    0x42E4,0xC4F4,0x84BB,0xA140,0x8238,0xC340,0x4130,0x438A,0xE4F4,0xA2EC,0xA2EC,0xA3EC,
    0xA2EC,0xA2EC,0xA2EC,0xC2EC,0xA3EC,0xA3EC,0xA2EC,0xC3F4,0x63EC,0xC2DB,0xC3DB,0xC3DB,
    0xC3DB,0xC3DB,0xC3DB,0xC3DB,0xE3DB,0xA5C3,0xC150,0xA240,0x8240,0xA338,0xBADE,0xFFFF,
    0xFFFF,0xFFFF,0xFFFF,0xFFFF,0xFFFF,0xFFFF,0xFFFF,0xFFFF,0xFFFF,0xFFFF,0xFFFF,0xFFFF,
    0xFFFF,0xFFFF,0xFFFF,0xFFFF,0xFFFF,0xFFFF,0xFFFF,0xFFFF,0xFFFF,0xFFFF,0xFFFF,0xFFFF,
    0xFFFF,0xFFFF,0xFFFF,0xFFFF,0xFFFF,0xFFFF,0xFFFF,0xFFFF,0xFFFF,0xFFFF,0xFFFF,0xFFFF,
    0xFFFF,0xFFFF,0xFFFF,0xFFFF,0xFFFF,0xFFFF,0xFFFF,0xFFFF,0xFFFF,0xFFFF,0xFFFF,0xFFFF,
    0xFFFF,0xFFFF,0xB6C5,0x4130,0xC340,0x6238,0x6261,0x85E4,0xC3F4,0xA3EC,0xA3EC,0xC3EC,
    0xA3EC,0xA3EC,0xA3EC,0xA3EC,0xA3EC,0xA3EC,0xA3EC,0xA3EC,0xA3EC,0xA3EC,0xA3EC,0xA3EC,
    0xA3EC,0xC3EC,0xA3EC,0xA2EC,0x25F5,0xE4A2,0x6138,0xA340,0xA240,0x6138,0xA492,0xA4EC,
    0x62EC,0x62E4,0x83EC,0x83EC,0x83EC,0x83EC,0x62E4,0xC4EC,0x68FD,0xAAFD,0x89FD,0x89FD,
    0xA9FD,0xA9FD,0xA9FD,0xA9FD,0xA9FD,0x89FD,0x89FD,0xA9FD,0xA9FD,0xAAFD,0xAAFD,0x8AFD,
    0xAAFD,0xAAFD,0x89FD,0xA9FD,0xA9FD,0xA9FD,0x89FD,0x89FD,0x89FD,0xA9FD,0x89FD,0x89FD,
    0x8AFD,0x8AFD,0xAAFD,0xAAFD,0xAAFD,0xAAFD,0xAAFD,0xAAFD,0xAAFD,0xAAFD,0xAAFD,0xAAFD,
    0xA9FD,0xA9FD,0x89FD,0xA9FD,0xA9FD,0x89FD,0xA9FD,0x89FD,0x89FD,0x89FD,0x89FD,0x89FD,
    0x89FD,0x89FD,0x89FD,0x89FD,0x89FD,0x89FD,0xA9FD,0x89FD,0xA9FD,0xA9FD,0xA9FD,0xA9FD,
    0xA9FD,0xA9FD,0xA9FD,0xA9FD,0xA9FD,0xA9FD,0x8AFD,0xAAFD,0xAAFD,0xAAFD,0x89FD,0xAAFD,
    0xAAFD,0x89FD,0x89FD,0x89FD,0x89FD,0xA9FD,0xA9FD,0xA9FD,0xA9FD,0xA9FD,0xA9FD,0xA9FD,
    0xA9FD,0xA9FD,0xA9FD,0xA9FD,0xA9FD,0xA9FD,0xA9FD,0xA9FD,0xA9FD,0xA9FD,0xA9FD,0xA9FD,
    0x89FD,0x89FD,0xA9FD,0x68FD,0xA5EC,0x42E4,0x63EC,0x63EC,0x63EC,0x63EC,0x63EC,0x62EC,
    0xC4F4,0x04AB,0x8140,0x8238,0xA340,0x4130,0x8392,0xE4F4,0xA2EC,0xA2EC,0xA2EC,0xA2EC,
    0xA2EC,0xA2EC,0xA2EC,0xC2EC,0xA3EC,0xA3EC,0xC2EC,0x83EC,0xE2DB,0xC3DB,0xC3DB,0xC3DB,
    0xC3DB,0xC3DB,0xC3DB,0xC3DB,0xE5D3,0x2261,0x6238,0xC340,0x4130,0x75BD,0xFFFF,0xFFFF,
    0xFFFF,0xFFFF,0xFFFF,0xFFFF,0xFFFF,0xFFFF,0xFFFF,0xFFFF,0xFFFF,0xFFFF,0xFFFF,0xFFFF,
    0xFFFF,0xFFFF,0xFFFF,0xFFFF,0xFFFF,0xFFFF,0xFFFF,0xFFFF,0xFFFF,0xFFFF,0xFFFF,0xFFFF,
    0xFFFF,0xFFFF,0xFFFF,0xFFFF,0xFFFF,0xFFFF,0xFFFF,0xFFFF,0xFFFF,0xFFFF,0xFFFF,0xFFFF,
    0xFFFF,0xFFFF,0xFFFF,0xFFFF,0xFFFF,0xFFFF,0xFFFF,0xFFFF,0xFFFF,0xFFFF,0xFFFF,0xFFFF,
    0xFFFF,0xDFFF,0xFFFF,0x309C,0x2030,0xE348,0x6238,0xC279,0xA5EC,0xC3F4,0xA3EC,0xA3EC,
    0xA3EC,0xA3EC,0xA3EC,0xA3EC,0xA3EC,0xA3EC,0xA3EC,0xC3EC,0xA3EC,0xA3EC,0xC3EC,0xA3F4,
    0xA3EC,0xA3EC,0xC3EC,0xA3F4,0xA2EC,0x04F5,0x44B3,0x8140,0x8238,0xC340,0x4130,0x037A,
    0x85E4,0x82EC,0x62E4,0x83EC,0x83EC,0x83EC,0x83EC,0x82EC,0x83EC,0x27F5,0xAAFD,0xA9FD,
    0x89FD,0xA9FD,0xA9FD,0xA9FD,0xA9FD,0xA9FD,0xA9FD,0xA9FD,0xA9FD,0xAAFD,0xAAFD,0x89FD,
    0xA9FD,0x89FD,0xA9FD,0xA9FD,0xA9FD,0xA9FD,0x89FD,0x89FD,0x89FD,0xA9FD,0xA9FD,0xAAFD,
    0xAAFD,0xAAFD,0x8AFD,0xAAFD,0xAAFD,0xAAFD,0xAAFD,0xAAFD,0xAAFD,0xAAFD,0xAAFD,0xAAFD,
    0xA9FD,0xA9FD,0xA9FD,0xA9FD,0x89FD,0x89FD,0x89FD,0x89FD,0x89FD,0xA9FD,0x89FD,0x89FD,
    0x89FD,0x89FD,0x89FD,0x89FD,0x89FD,0x89FD,0x89FD,0xA9FD,0xA9FD,0xA9FD,0xA9FD,0xA9FD,
    0xA9FD,0xA9FD,0xA9FD,0xA9FD,0xA9FD,0xA9FD,0xAAFD,0xA9FD,0xA9FD,0xA9FD,0xA9FD,0xAAFD,
    0xA9FD,0xA9FD,0xA9FD,0xA9FD,0xA9FD,0xA9FD,0xA9FD,0xA9FD,0xA9FD,0xA9FD,0xA9FD,0xA9FD,
    0xA9FD,0xA9FD,0x89FD,0x89FD,0xA9FD,0xA9FD,0xA9FD,0xA9FD,0xA9FD,0x89FD,0x89FD,0x89FD,
    0xA9FD,0xA9FD,0x26F5,0x63E4,0x62EC,0x63EC,0x63EC,0x63EC,0x63EC,0x62EC,0xA3EC,0xC5EC,
    0x8392,0x4140,0xA340,0x8240,0x6138,0x04A3,0xE4F4,0xA2EC,0xA2EC,0xA2EC,0xA2EC,0xA2EC,
    0xA2EC,0xA2EC,0xA2EC,0xA2EC,0xA2EC,0xC2EC,0x83EC,0xE2DB,0xC3DB,0xE3DB,0xC3DB,0xC3DB,
    0xC3DB,0xC3DB,0xC2DB,0x05DC,0xA271,0x4138,0xC348,0x0028,0x1094,0xFFFF,0xDFFF,0xFFFF,
    0xFFFF,0xFFFF,0xFFFF,0xFFFF,0xFFFF,0xFFFF,0xFFFF,0xFFFF,0xFFFF,0xFFFF,0xFFFF,0xFFFF,
    0xFFFF,0xFFFF,0xFFFF,0xFFFF,0xFFFF,0xFFFF,0xFFFF,0xFFFF,0xFFFF,0xFFFF,0xFFFF,0xFFFF,
    0xFFFF,0xFFFF,0xFFFF,0xFFFF,0xFFFF,0xFFFF,0xFFFF,0xFFFF,0xFFFF,0xFFFF,0xFFFF,0xFFFF,
    0xFFFF,0xFFFF,0xFFFF,0xFFFF,0xFFFF,0xFFFF,0xFFFF,0xFFFF,0xFFFF,0xFFFF,0xFFFF,0xFFFF,
    0xFFFF,0xFFFF,0xFFFF,0xFFFF,0xEB72,0x2030,0xE348,0x6138,0x238A,0xA4EC,0xA2EC,0xA2EC,
    0xA3EC,0xA3EC,0xA2EC,0xA3EC,0xA3EC,0xA3EC,0xA3EC,0xA3EC,0xA3EC,0xA3EC,0xC3EC,0xA3EC,
    0xA3EC,0xA3EC,0xA3EC,0xC3EC,0xA3EC,0xA2EC,0x04F5,0xC5C3,0xC148,0x6238,0xC340,0x4130,
    0x4261,0xE5CB,0xC3F4,0x62E4,0x83EC,0x83EC,0x83EC,0x83EC,0x83EC,0x63E4,0xC5EC,0x68FD,
    0xAAFD,0xA9FD,0x89FD,0x89FD,0x89FD,0xA9FD,0xA9FD,0x89FD,0xA9FD,0xA9FD,0x89FD,0xAAFD,
    0xA9FD,0x89FD,0x89FD,0x89FD,0x89FD,0x89FD,0x89FD,0x89FD,0x89FD,0x89FD,0xA9FD,0xAAFD,
    0x8AFD,0x89FD,0x89FD,0x8AFD,0xAAFD,0xAAFD,0xAAFD,0xAAFD,0xAAFD,0xAAFD,0xAAFD,0xAAFD,
    0x8AFD,0x8AFD,0xA9FD,0xA9FD,0x89FD,0x89FD,0x89FD,0x89FD,0x89FD,0x89FD,0xA9FD,0xEBFD,
    0xCBFD,0xA9FD,0x89FD,0x89FD,0x89FD,0x89FD,0x89FD,0x89FD,0xA9FD,0xA9FD,0xA9FD,0xA9FD,
    0xA9FD,0xA9FD,0xA9FD,0xA9FD,0xA9FD,0xA9FD,0xA9FD,0xA9FD,0xA9FD,0xA9FD,0xA9FD,0xA9FD,
    0x89FD,0x89FD,0x89FD,0x89FD,0x89FD,0x89FD,0xA9FD,0x89FD,0x89FD,0x89FD,0x89FD,0xA9FD,
    0x89FD,0xA9FD,0xA9FD,0xA9FD,0xA9FD,0xA9FD,0xA9FD,0xA9FD,0xA9FD,0x89FD,0xA9FD,0xA9FD,
    0x68FD,0xC5EC,0x42E4,0x62E4,0x63EC,0x63EC,0x63EC,0x63EC,0x62E4,0xC3F4,0x45DC,0xC279,
    0x6140,0xC348,0x6240,0xA148,0xA4BB,0x03F5,0x82EC,0xA3EC,0xA2EC,0xA2EC,0xA2EC,0xA2EC,
    0xA2EC,0xA2EC,0xA2EC,0xA2EC,0xC3EC,0x83EC,0xE2DB,0xC3DB,0xE3DB,0xC3DB,0xC3DB,0xC3DB,
    0xC3DB,0xC2DB,0x24DC,0x238A,0x4130,0xC340,0x2030,0xCB72,0xFFFF,0xFFFF,0xFFFF,0xFFFF,
    0xFFFF,0xFFFF,0xFFFF,0xFFFF,0xFFFF,0xFFFF,0xFFFF,0xFFFF,0xFFFF,0xFFFF,0xFFFF,0xFFFF,
    0xFFFF,0xFFFF,0xFFFF,0xFFFF,0xFFFF,0xFFFF,0xFFFF,0xFFFF,0xFFFF,0xFFFF,0xFFFF,0xFFFF,
    0xFFFF,0xFFFF,0xFFFF,0xFFFF,0xFFFF,0xFFFF,0xFFFF,0xFFFF,0xFFFF,0xFFFF,0xFFFF,0xFFFF,
    0xFFFF,0xFFFF,0xFFFF,0xFFFF,0xFFFF,0xFFFF,0xFFFF,0xFFFF,0xFFFF,0xFFFF,0xFFFF,0xFFFF,
    0xFFFF,0xFFFF,0xFFFF,0xFFFF,0x9EF7,0xE759,0x4138,0xE448,0x8140,0x8392,0xA4EC,0xA2EC,
    0xA3EC,0xA3EC,0xA3EC,0xA3EC,0xA3EC,0xA3EC,0xA3EC,0xA3EC,0xA3F4,0xA3EC,0xA3EC,0xA3EC,
    0xA3EC,0xA3EC,0xC3EC,0xC3EC,0xA3EC,0xC3EC,0x82EC,0xE3F4,0x45D4,0x2159,0x4130,0xC340,
    0x6238,0xA148,0x44B3,0xC4F4,0x82EC,0x83EC,0x83EC,0x83EC,0x83EC,0x83EC,0x82EC,0x83E4,
    0x27F5,0xA9FD,0xA9FD,0x89FD,0xA9FD,0xA9FD,0x89FD,0xA9FD,0xA9FD,0xA9FD,0xA9FD,0xA9FD,
    0x89FD,0xA9FD,0xA9FD,0x89FD,0x89FD,0x89FD,0x89FD,0x89FD,0xA9FD,0xA9FD,0xA9FD,0xA9FD,
    0xAAFD,0x89FD,0x89FD,0xAAFD,0xAAFD,0xAAFD,0xAAFD,0xAAFD,0xAAFD,0xAAFD,0xAAFD,0xAAFD,
    0xAAFD,0xA9FD,0xAAFD,0xA9FD,0x89FD,0xA9FD,0x89FD,0x89FD,0x89FD,0xA9FD,0x4AED,0x247A,
    0x447A,0x4AED,0xA9FD,0x89FD,0x89FD,0x89FD,0x89FD,0x89FD,0xA9FD,0xA9FD,0xA9FD,0xA9FD,
    0xA9FD,0xA9FD,0xA9FD,0xA9FD,0xA9FD,0xA9FD,0xA9FD,0xA9FD,0xA9FD,0xA9FD,0xA9FD,0xA9FD,
    0xA9FD,0xA9FD,0xA9FD,0xA9FD,0x89FD,0xA9FD,0xA9FD,0xA9FD,0xA9FD,0xA9FD,0xA9FD,0xA9FD,
    0xA9FD,0xA9FD,0xA9FD,0xA9FD,0xA9FD,0x89FD,0xA9FD,0x89FD,0x89FD,0xA9FD,0xA9FD,0x06F5,
    0x63E4,0x42E4,0x62EC,0x62E4,0x62EC,0x63EC,0x63EC,0x62EC,0xC4F4,0xA5C3,0xE158,0x6240,
    0xC350,0x6240,0x2261,0x25D4,0xE3F4,0x82EC,0xA2EC,0xA2EC,0xA3EC,0xA2EC,0xA2EC,0xA2EC,
    0xA2EC,0xA2EC,0xA2EC,0xC2EC,0x83EC,0xE2DB,0xC3DB,0xE3DB,0xE3DB,0xE3DB,0xE3DB,0xE3DB,
    0xC3DB,0x24E4,0xA49A,0x4138,0xC340,0x4130,0xC751,0x9DF7,0xFFFF,0xFFFF,0xFFFF,0xFFFF,
    0xFFFF,0xFFFF,0xFFFF,0xFFFF,0xFFFF,0xFFFF,0xFFFF,0xFFFF,0xFFFF,0xFFFF,0xFFFF,0xFFFF,
    0xFFFF,0xFFFF,0xFFFF,0xFFFF,0xFFFF,0xFFFF,0xFFFF,0xFFFF,0xFFFF,0xFFFF,0xFFFF,0xFFFF,
    0xFFFF,0xFFFF,0xFFFF,0xFFFF,0xFFFF,0xFFFF,0xFFFF,0xFFFF,0xFFFF,0xFFFF,0xFFFF,0xFFFF,
    0xFFFF,0xFFFF,0xFFFF,0xFFFF,0xFFFF,0xFFFF,0xFFFF,0xFFFF,0xFFFF,0xFFFF,0xFFFF,0xFFFF,
    0xFFFF,0xFFFF,0xFFFF,0xFFFF,0xFFFF,0x1CE7,0x4449,0x8240,0xE348,0x6140,0x8392,0xA4EC,
    0xA2EC,0xA2EC,0xA3EC,0xA3EC,0xA3EC,0xA3EC,0xA3EC,0xC3EC,0xC3EC,0xA3F4,0xA3EC,0xC3EC,
    0xA3EC,0xA3EC,0xA3EC,0xA3EC,0xA3EC,0xA3EC,0xA3EC,0x82EC,0xC3F4,0xA5E4,0xA269,0x2130,
    0xC340,0xA340,0x6140,0x8392,0xA5EC,0xC3EC,0x82EC,0x83EC,0xA3EC,0x83EC,0x83EC,0x83EC,
    0x63E4,0xC4EC,0x48F5,0xA9FD,0xA9FD,0x89FD,0xA9FD,0xA9FD,0x89FD,0xA9FD,0xA9FD,0xA9FD,
    0xA9FD,0xA9FD,0x89FD,0x89FD,0x89FD,0x89FD,0xA9FD,0x89FD,0x89FD,0xA9FD,0xA9FD,0x89FD,
    0xAAFD,0xAAFD,0xAAFD,0xAAFD,0xAAFD,0xAAFD,0xAAFD,0xAAFD,0xAAFD,0xAAFD,0xAAFD,0xAAFD,
    0xAAFD,0xAAFD,0xAAFD,0xA9FD,0xA9FD,0x89FD,0x89FD,0x89FD,0x89FD,0x0BFE,0x269B,0x0130,
    0x2130,0x269B,0xEAFD,0x89FD,0x89FD,0x89FD,0x89FD,0xA9FD,0xA9FD,0xA9FD,0xA9FD,0xA9FD,
    0xA9FD,0xA9FD,0xA9FD,0xA9FD,0xA9FD,0xA9FD,0xA9FD,0xA9FD,0xA9FD,0xA9FD,0xA9FD,0xA9FD,
    0xA9FD,0xA9FD,0xA9FD,0xA9FD,0x89FD,0x89FD,0x89FD,0x89FD,0x89FD,0xA9FD,0xA9FD,0xA9FD,
    0xA9FD,0xA9FD,0xA9FD,0xA9FD,0xA9FD,0xA9FD,0x89FD,0xA9FD,0xA9FD,0x47F5,0xA4EC,0x42E4,
    0x62E4,0x62E4,0x62E4,0x62E4,0x62E4,0x62E4,0x82EC,0xA5EC,0xA49A,0x8148,0x8240,0xC348,
    0x4140,0xC271,0xA5E4,0xE3F4,0x82EC,0xA3EC,0xA3EC,0xA2EC,0xA2EC,0xA2EC,0xA2EC,0xA2EC,
    0xA2EC,0xA2EC,0xC2EC,0x83EC,0xE2DB,0xC3DB,0xC3DB,0xC3DB,0xC3DB,0xE3DB,0xE3DB,0xC2DB,
    0x24E4,0x04AB,0x6140,0xA340,0x6238,0x0441,0xDBE6,0xFFFF,0xFFFF,0xFFFF,0xFFFF,0xFFFF,
    0xFFFF,0xFFFF,0xFFFF,0xFFFF,0xFFFF,0xFFFF,0xFFFF,0xFFFF,0xFFFF,0xFFFF,0xFFFF,0xFFFF,
    0xFFFF,0xFFFF,0xFFFF,0xFFFF,0xFFFF,0xFFFF,0xFFFF,0xFFFF,0xFFFF,0xFFFF,0xFFFF,0xFFFF,
    0xFFFF,0xFFFF,0xFFFF,0xFFFF,0xFFFF,0xFFFF,0xFFFF,0xFFFF,0xFFFF,0xFFFF,0xFFFF,0xFFFF,
    0xFFFF,0xFFFF,0xFFFF,0xFFFF,0xFFFF,0xFFFF,0xFFFF,0xFFFF,0xFFFF,0xFFFF,0xFFFF,0xFFFF,
    0xFFFF,0xFFFF,0xFFFF,0xFFFF,0xFFFF,0xFFFF,0x59D6,0xE340,0xA248,0xC340,0x6138,0xA39A,
    0x84EC,0xA3EC,0xA2EC,0xA2EC,0xA3EC,0xA3EC,0xA3EC,0xA3EC,0xA3EC,0xA3EC,0xA3EC,0xA3EC,
    0xC3EC,0xA3EC,0xA3EC,0xA3EC,0xA3EC,0xA3EC,0xA3EC,0xA3EC,0xA2EC,0xC2EC,0xC5EC,0x638A,
    0x6138,0xA240,0xC348,0x6140,0xA271,0x25D4,0xE4F4,0x82EC,0x83EC,0x83EC,0x83EC,0x83EC,
    0x83EC,0x62EC,0x83E4,0xE5EC,0x68FD,0xA9FD,0xA9FD,0x89FD,0x89FD,0x89FD,0x89FD,0xA9FD,
    0x89FD,0x89FD,0x89FD,0x89FD,0x89FD,0x89FD,0xA9FD,0xA9FD,0xA9FD,0xA9FD,0xA9FD,0x89FD,
    0xA9FD,0xAAFD,0xAAFD,0xAAFD,0xA9FD,0xAAFD,0xAAFD,0xAAFD,0xAAFD,0xA9FD,0xAAFD,0xAAFD,
    0xA9FD,0xA9FD,0xA9FD,0xA9FD,0x89FD,0x89FD,0x89FD,0x89FD,0x89FD,0xEBFD,0xC692,0x6238,
    0x8238,0xE592,0xEAFD,0x89FD,0x89FD,0x89FD,0xA9FD,0x89FD,0x89FD,0xA9FD,0xA9FD,0xA9FD,
    0xA9FD,0xA9FD,0xA9FD,0xA9FD,0xA9FD,0xA9FD,0xA9FD,0xA9FD,0x89FD,0xA9FD,0xA9FD,0xA9FD,
    0xA9FD,0xA9FD,0x89FD,0x89FD,0x89FD,0x89FD,0x89FD,0x89FD,0x89FD,0x89FD,0x89FD,0x89FD,
    0x89FD,0xA9FD,0x89FD,0x89FD,0xA9FD,0xA9FD,0xA9FD,0x68FD,0xC5EC,0x63E4,0x62E4,0x62E4,
    0x62E4,0x62E4,0x62E4,0x62E4,0x42E4,0xA3F4,0x05D4,0xA271,0x4138,0xA348,0x8248,0x6140,
    0xA39A,0xE5F4,0xC3F4,0xA2EC,0xA3EC,0xA3EC,0xA3EC,0xA3EC,0xA3EC,0xA3EC,0xA3EC,0xA2EC,
    0xA2EC,0xC3EC,0x83EC,0xE2DB,0xC3DB,0xC3DB,0xC3DB,0xC3DB,0xE3DB,0xE3DB,0xC3DB,0x03E4,
    0x45BB,0xA148,0xA340,0x8240,0x8238,0x38CE,0xFFFF,0xFFFF,0xFFFF,0xFFFF,0xFFFF,0xFFFF,
    0xFFFF,0xFFFF,0xFFFF,0xFFFF,0xFFFF,0xFFFF,0xFFFF,0xFFFF,0xFFFF,0xFFFF,0xFFFF,0xFFFF,
    0xFFFF,0xFFFF,0xFFFF,0xFFFF,0xFFFF,0xFFFF,0xFFFF,0xFFFF,0xFFFF,0xFFFF,0xFFFF,0xFFFF,
    0xFFFF,0xFFFF,0xFFFF,0xFFFF,0xFFFF,0xFFFF,0xFFFF,0xFFFF,0xFFFF,0xFFFF,0xFFFF,0xFFFF,
    0xFFFF,0xFFFF,0xFFFF,0xFFFF,0xFFFF,0xFFFF,0xFFFF,0xFFFF,0xFFFF,0xFFFF,0xFFFF,0xFFFF,
    0xFFFF,0xFFFF,0xFFFF,0xFFFF,0xFFFF,0xDFFF,0xFFFF,0xF7CD,0x8238,0xA240,0xA340,0x6138,
    0xC3A2,0x83EC,0xA3EC,0xA3EC,0xA2EC,0xA3EC,0xA3EC,0xA3EC,0xA3EC,0xC3EC,0xC3EC,0xC3EC,
    0xC3EC,0xA3EC,0xA3EC,0xA3EC,0xA3EC,0xA3EC,0xA3EC,0xA3EC,0xA3EC,0xA3EC,0xA2EC,0xE4F4,
    0x84BB,0x0159,0x6238,0xE348,0x8240,0xC150,0x04AB,0xC5EC,0xC3F4,0x82EC,0x83EC,0x83EC,
    0x83EC,0x83EC,0x82EC,0x62E4,0x83E4,0x06ED,0x88FD,0xA9FD,0xA9FD,0x89FD,0x89FD,0x89FD,
    0x89FD,0xA9FD,0x89FD,0x89FD,0xA9FD,0xA9FD,0x89FD,0xA9FD,0xA9FD,0x89FD,0xA9FD,0xA9FD,
    0xA9FD,0xA9FD,0xA9FD,0xAAFD,0xA9FD,0xAAFD,0xAAFD,0xAAFD,0xAAFD,0xA9FD,0xA9FD,0xA9FD,
    0xA9FD,0xA9FD,0xA9FD,0xA9FD,0x89FD,0x89FD,0x89FD,0x89FD,0x69FD,0xEBFD,0xE692,0x6238,
    0x8238,0xE692,0xEAFD,0x89FD,0x89FD,0x89FD,0xA9FD,0xA9FD,0xA9FD,0xA9FD,0xA9FD,0xA9FD,
    0xA9FD,0xA9FD,0xA9FD,0xA9FD,0xA9FD,0xA9FD,0xA9FD,0xA9FD,0xA9FD,0x89FD,0xA9FD,0x89FD,
    0x89FD,0x89FD,0x89FD,0x89FD,0x89FD,0x89FD,0xA9FD,0xA9FD,0x89FD,0x89FD,0x89FD,0xA9FD,
    0xA9FD,0x89FD,0x89FD,0xA9FD,0xCAFD,0x88FD,0x06F5,0x83E4,0x62EC,0x63EC,0x63EC,0x62E4,
    0x62E4,0x62E4,0x42E4,0x82EC,0x84EC,0xE4A2,0xC148,0x6138,0xC340,0x6238,0xE158,0xA4BB,
    0x04F5,0xA2EC,0xA2EC,0xA2EC,0xC2EC,0xA3EC,0xA3EC,0xA3EC,0xA3EC,0xA2EC,0xA2EC,0xA2EC,
    0xC3EC,0x63EC,0xC2DB,0xC2DB,0xC3DB,0xC3DB,0xC3DB,0xE3DB,0xE3DB,0xC2DB,0x03E4,0x65C3,
    0xC150,0xA240,0xA348,0x6130,0x96BD,0xFFFF,0xFFFF,0xFFFF,0xFFFF,0xFFFF,0xFFFF,0xFFFF,
    0xFFFF,0xFFFF,0xFFFF,0xFFFF,0xFFFF,0xFFFF,0xFFFF,0xFFFF,0xFFFF,0xFFFF,0xFFFF,0xFFFF,
    0xFFFF,0xFFFF,0xFFFF,0xFFFF,0xFFFF,0xFFFF,0xFFFF,0xFFFF,0xFFFF,0xFFFF,0xFFFF,0xFFFF,
    0xFFFF,0xFFFF,0xFFFF,0xFFFF,0xFFFF,0xFFFF,0xFFFF,0xFFFF,0xFFFF,0xFFFF,0xFFFF,0xFFFF,
    0xFFFF,0xFFFF,0xFFFF,0xFFFF,0xFFFF,0xFFFF,0xFFFF,0xFFFF,0xFFFF,0xFFFF,0xFFFF,0xFFFF,
    0xFFFF,0xFFFF,0xFFFF,0xFFFF,0xFFFF,0xFFFF,0xDFFF,0xFFFF,0x54B5,0x4130,0xA340,0xA338,
    0x8140,0xE3AA,0x63E4,0xA3EC,0xC2EC,0xA2EC,0xC3EC,0xC3EC,0xC3EC,0xC3EC,0xA3EC,0xA3EC,
    0xC3EC,0xA3EC,0xA2EC,0xA2EC,0xA2EC,0xA3EC,0xA3EC,0xA3EC,0xA3EC,0xA3EC,0xA3EC,0x82EC,
    0xE3F4,0x86E4,0xE379,0x6138,0xC348,0xC348,0x6140,0xC271,0x25D4,0xE4F4,0x82EC,0x82E4,
    0x82EC,0x83EC,0x82EC,0x82EC,0x82EC,0x62E4,0x83E4,0x06ED,0x89FD,0xAAFD,0xA9FD,0xA9FD,
    0xA9FD,0xA9FD,0xA9FD,0x89FD,0xA9FD,0xA9FD,0x89FD,0xA9FD,0xA9FD,0xA9FD,0xA9FD,0xA9FD,
    0xA9FD,0xA9FD,0xA9FD,0xA9FD,0xA9FD,0xA9FD,0xAAFD,0xAAFD,0xA9FD,0xA9FD,0xA9FD,0xA9FD,
    0xA9FD,0xA9FD,0xA9FD,0xA9FD,0xA9FD,0x89FD,0x89FD,0x89FD,0x89FD,0xEBFD,0xE692,0x6238,
    0x8238,0xE692,0xEAFD,0x89FD,0xA9FD,0xA9FD,0xA9FD,0xA9FD,0xA9FD,0xA9FD,0xA9FD,0xA9FD,
    0xA9FD,0xA9FD,0xA9FD,0xA9FD,0xA9FD,0xA9FD,0xA9FD,0xA9FD,0xA9FD,0xA9FD,0xA9FD,0xA9FD,
    0x89FD,0x89FD,0x89FD,0x89FD,0x89FD,0x89FD,0x89FD,0x89FD,0x89FD,0xA9FD,0xA9FD,0x89FD,
    0xA9FD,0xA9FD,0xAAFD,0x89FD,0x06F5,0x83EC,0x62E4,0x62EC,0x63EC,0x63EC,0x63E4,0x62E4,
    0x62E4,0x62E4,0xA3EC,0x04D4,0xA269,0x4130,0xA238,0xA340,0x2130,0xA271,0x65DC,0x03F5,
    0x82EC,0xA2EC,0xA2EC,0xA3EC,0xA3EC,0xA3EC,0xA3EC,0xA3EC,0xA2EC,0xA2EC,0xA2EC,0xC3EC,
    0x63EC,0xC2DB,0xC3DB,0xC3DB,0xC3DB,0xC3DB,0xC3DB,0xC3DB,0xC2DB,0x03E4,0x65BB,0xC150,
    0xA240,0xC348,0x4130,0x14B5,0xFFFF,0xDFFF,0xFFFF,0xFFFF,0xFFFF,0xFFFF,0xFFFF,0xFFFF,
    0xFFFF,0xFFFF,0xFFFF,0xFFFF,0xFFFF,0xFFFF,0xFFFF,0xFFFF,0xFFFF,0xFFFF,0xFFFF,0xFFFF,
    0xFFFF,0xFFFF,0xFFFF,0xFFFF,0xFFFF,0xFFFF,0xFFFF,0xFFFF,0xFFFF,0xFFFF,0xFFFF,0xFFFF,
    0xFFFF,0xFFFF,0xFFFF,0xFFFF,0xFFFF,0xFFFF,0xFFFF,0xFFFF,0xFFFF,0xFFFF,0xFFFF,0xFFFF,
    0xFFFF,0xFFFF,0xFFFF,0xFFFF,0xFFFF,0xFFFF,0xFFFF,0xFFFF,0xFFFF,0xFFFF,0xFFFF,0xFFFF,
    0xFFFF,0xFFFF,0xFFFF,0xFFFF,0xFFFF,0xFFFF,0xFFFF,0xDFFF,0xFFFF,0xB2AC,0x2030,0xA340,
    0x8238,0x8140,0xE4AA,0x43E4,0xA3EC,0xC3EC,0xC3EC,0xC3F4,0xC3F4,0xA3EC,0xC3EC,0xA3EC,
    0xA3EC,0xA3EC,0xA2EC,0xA3EC,0xA2EC,0xA3EC,0xA3EC,0xA3EC,0xA2EC,0xA3EC,0xA3EC,0xA3EC,
    0xA2EC,0xC3F4,0x05F5,0x04A3,0xA148,0x8240,0xE348,0x8240,0xC148,0xC39A,0x85E4,0xC3F4,
    0x62E4,0x62EC,0x83EC,0x82EC,0x82EC,0x83EC,0x82EC,0x62E4,0x84E4,0x06F5,0x89FD,0xAAFD,
    0xA9FD,0xA9FD,0xA9FD,0x89FD,0x89FD,0xA9FD,0x89FD,0xA9FD,0xA9FD,0xA9FD,0xA9FD,0xA9FD,
    0xA9FD,0xA9FD,0xA9FD,0xA9FD,0xA9FD,0xA9FD,0xA9FD,0xAAFD,0xAAFD,0xA9FD,0xA9FD,0xA9FD,
    0xA9FD,0xA9FD,0xA9FD,0xA9FD,0xA9FD,0x89FD,0x89FD,0x89FD,0x89FD,0xEBFD,0xC692,0x6238,
    0x8238,0xC592,0xEAFD,0x89FD,0xA9FD,0xA9FD,0xA9FD,0xA9FD,0xA9FD,0xA9FD,0xA9FD,0xA9FD,
    0xA9FD,0xA9FD,0xA9FD,0xA9FD,0xA9FD,0xA9FD,0xA9FD,0xA9FD,0xA9FD,0xA9FD,0xA9FD,0xA9FD,
    0xA9FD,0xA9FD,0x89FD,0x89FD,0x89FD,0xA9FD,0xA9FD,0x89FD,0x89FD,0x89FD,0xA9FD,0xA9FD,
    0xA9FD,0x88FD,0x06F5,0x83EC,0x62EC,0x62EC,0x83EC,0x83EC,0x63EC,0x62EC,0x62E4,0x42E4,
    0xA2EC,0x84E4,0xC49A,0xA140,0x6230,0xC340,0x6238,0x8138,0xA39A,0xE4EC,0xC2F4,0x82EC,
    0xA3EC,0xA2EC,0xA3EC,0xA2EC,0xA2EC,0xA3EC,0xA3EC,0xA3EC,0xA2EC,0xC2EC,0xC3F4,0x63EC,
    0xC2DB,0xC3DB,0xE3DB,0xC3DB,0xC3DB,0xC3DB,0xC3DB,0xC2DB,0x03E4,0x85C3,0xE150,0xA240,
    0xC348,0x2130,0xB2A4,0xFFFF,0xDFFF,0xFFFF,0xFFFF,0xFFFF,0xFFFF,0xFFFF,0xFFFF,0xFFFF,
    0xFFFF,0xFFFF,0xFFFF,0xFFFF,0xFFFF,0xFFFF,0xFFFF,0xFFFF,0xFFFF,0xFFFF,0xFFFF,0xFFFF,
    0xFFFF,0xFFFF,0xFFFF,0xFFFF,0xFFFF,0xFFFF,0xFFFF,0xFFFF,0xFFFF,0xFFFF,0xFFFF,0xFFFF,
    0xFFFF,0xFFFF,0xFFFF,0xFFFF,0xFFFF,0xFFFF,0xFFFF,0xFFFF,0xFFFF,0xFFFF,0xFFFF,0xFFFF,
    0xFFFF,0xFFFF,0xFFFF,0xFFFF,0xFFFF,0xFFFF,0xFFFF,0xFFFF,0xFFFF,0xFFFF,0xFFFF,0xFFFF,
    0xFFFF,0xFFFF,0xFFFF,0xFFFF,0xFFFF,0xFFFF,0xFFFF,0xFFFF,0xDFFF,0xFFFF,0x719C,0x2028,
    0xC340,0xA340,0xA148,0x04AB,0x23E4,0x83EC,0xC3EC,0xC2EC,0xA3EC,0xA3EC,0xA3EC,0xA3EC,
    0xA3EC,0xA3EC,0xA3EC,0xA3EC,0xA2EC,0xA3EC,0xA3EC,0xA3EC,0xA3EC,0xA3EC,0xA3EC,0xA3EC,
    0xA3EC,0xA3EC,0xA2EC,0x04F5,0x45D4,0xA271,0x6140,0xC348,0xC240,0x4138,0x4261,0x84BB,
    0xA4EC,0x82EC,0x62E4,0x82E4,0x83EC,0x83EC,0x83EC,0x83EC,0x82EC,0x62E4,0x83E4,0x06ED,
    0x68FD,0xA9FD,0xAAFD,0xA9FD,0x89FD,0x89FD,0x89FD,0xA9FD,0xA9FD,0xA9FD,0xA9FD,0xA9FD,
    0xA9FD,0xA9FD,0xA9FD,0xA9FD,0xA9FD,0xA9FD,0xA9FD,0xA9FD,0xA9FD,0xA9FD,0xA9FD,0xA9FD,
    0x89FD,0x89FD,0xA9FD,0x89FD,0x89FD,0x89FD,0x89FD,0x89FD,0x89FD,0xEBFD,0xC58A,0x6230,
    0x8238,0xC592,0xEBFD,0xA9FD,0xA9FD,0xA9FD,0xA9FD,0xA9FD,0xA9FD,0xA9FD,0xA9FD,0xA9FD,
    0xA9FD,0xA9FD,0xA9FD,0xA9FD,0xA9FD,0xA9FD,0xA9FD,0xA9FD,0xA9FD,0xA9FD,0xA9FD,0xA9FD,
    0x89FD,0xA9FD,0x89FD,0x89FD,0xA9FD,0xA9FD,0xA9FD,0x89FD,0x89FD,0xA9FD,0xA9FD,0x68FD,
    0xE5EC,0x83E4,0x62E4,0x82EC,0x82EC,0x82EC,0x83EC,0x83EC,0x82EC,0x62E4,0x82EC,0xC4F4,
    0xA4C3,0x6261,0x4130,0xA238,0xA238,0x4130,0x4261,0xE4C3,0x03F5,0xA2EC,0xA2EC,0xA3EC,
    0xA3EC,0xC3EC,0xC3EC,0xA3EC,0xA3EC,0xA3EC,0xA3EC,0xA3EC,0xA2EC,0xC3F4,0x42E4,0xC2DB,
    0xC3DB,0xC3DB,0xC3DB,0xC3DB,0xC3DB,0xC3DB,0xC3D3,0x03DC,0x65BB,0xC150,0x8240,0xE348,
    0x2130,0x519C,0xFFFF,0xDFFF,0xFFFF,0xFFFF,0xFFFF,0xFFFF,0xFFFF,0xFFFF,0xFFFF,0xFFFF,
    0xFFFF,0xFFFF,0xFFFF,0xFFFF,0xFFFF,0xFFFF,0xFFFF,0xFFFF,0xFFFF,0xFFFF,0xFFFF,0xFFFF,
    0xFFFF,0xFFFF,0xFFFF,0xFFFF,0xFFFF,0xFFFF,0xFFFF,0xFFFF,0xFFFF,0xFFFF,0xFFFF,0xFFFF,
    0xFFFF,0xFFFF,0xFFFF,0xFFFF,0xFFFF,0xFFFF,0xFFFF,0xFFFF,0xFFFF,0xFFFF,0xFFFF,0xFFFF,
    0xFFFF,0xFFFF,0xFFFF,0xFFFF,0xFFFF,0xFFFF,0xFFFF,0xFFFF,0xFFFF,0xFFFF,0xFFFF,0xFFFF,
    0xFFFF,0xFFFF,0xFFFF,0xFFFF,0xFFFF,0xFFFF,0xFFFF,0xFFFF,0xFFFF,0xFFFF,0xFFFF,0x519C,
    0x2028,0xC348,0xA340,0xA140,0x04AB,0x23E4,0x62E4,0xC3EC,0xC2EC,0xA3EC,0xA3EC,0xA3EC,
    0xA3EC,0xA3EC,0xA3EC,0xA3EC,0xC2EC,0xA2EC,0xA3EC,0xA3EC,0xA3EC,0xA3EC,0xA3EC,0xC3EC,
    0xA3EC,0xA3EC,0xA3EC,0xA2EC,0xE3F4,0xE5F4,0x04A3,0xA148,0x6238,0xC340,0x8238,0x6138,
    0xE279,0xE4CB,0xC4EC,0x82EC,0x62E4,0x82EC,0x83EC,0x83EC,0x83EC,0x83EC,0x82EC,0x62E4,
    0x83EC,0xC5EC,0x47F5,0x89FD,0xA9FD,0xA9FD,0x89FD,0x89FD,0x89FD,0xA9FD,0x89FD,0xA9FD,
    0xA9FD,0xA9FD,0x89FD,0xA9FD,0xA9FD,0xA9FD,0xA9FD,0xA9FD,0xA9FD,0x89FD,0x89FD,0x89FD,
    0x89FD,0x89FD,0x89FD,0x89FD,0x89FD,0x89FD,0x89FD,0xA9FD,0x89FD,0xEAFD,0xC58A,0x6230,
    0x6238,0xC592,0xEAFD,0x89FD,0xA9FD,0xA9FD,0xA9FD,0xA9FD,0xA9FD,0xA9FD,0x89FD,0xA9FD,
    0xA9FD,0xA9FD,0xA9FD,0xA9FD,0xA9FD,0xA9FD,0x89FD,0xA9FD,0x89FD,0xA9FD,0xA9FD,0x89FD,
    0xA9FD,0xA9FD,0xA9FD,0x89FD,0x89FD,0x89FD,0xA9FD,0xA9FD,0x89FD,0x47F5,0xC4EC,0x62E4,
    0x62E4,0x82EC,0x82EC,0x82EC,0x82EC,0x82EC,0x83EC,0x62E4,0x82EC,0xC4F4,0x04D4,0x238A,
    0x8140,0x6238,0xC340,0x6230,0x8140,0xA39A,0xC4EC,0xC2F4,0x82EC,0xA3EC,0xA3EC,0xA2EC,
    0xA3EC,0xA3EC,0xA3EC,0xA3EC,0xA3EC,0xA3EC,0xA2EC,0xC2EC,0xA3EC,0x22E4,0xC2DB,0xE3DB,
    0xE3DB,0xE3DB,0xC3DB,0xE3DB,0xC3DB,0xC3D3,0x03DC,0x65BB,0xC148,0x8238,0xC348,0x2030,
    0x3094,0xFFFF,0xFFFF,0xFFFF,0xFFFF,0xFFFF,0xFFFF,0xFFFF,0xFFFF,0xFFFF,0xFFFF,0xFFFF,
    0xFFFF,0xFFFF,0xFFFF,0xFFFF,0xFFFF,0xFFFF,0xFFFF,0xFFFF,0xFFFF,0xFFFF,0xFFFF,0xFFFF,
    0xFFFF,0xFFFF,0xFFFF,0xFFFF,0xFFFF,0xFFFF,0xFFFF,0xFFFF,0xFFFF,0xFFFF,0xFFFF,0xFFFF,
    0xFFFF,0xFFFF,0xFFFF,0xFFFF,0xFFFF,0xFFFF,0xFFFF,0xFFFF,0xFFFF,0xFFFF,0xFFFF,0xFFFF,
    0xFFFF,0xFFFF,0xFFFF,0xFFFF,0xFFFF,0xFFFF,0xFFFF,0xFFFF,0xFFFF,0xFFFF,0xFFFF,0xFFFF,
    0xFFFF,0xFFFF,0xFFFF,0xFFFF,0xFFFF,0xFFFF,0xFFFF,0xFFFF,0xFFFF,0xFFFF,0xDFFF,0xFFFF,
    0x519C,0x4130,0xC348,0xA340,0xA140,0xE4AA,0x23E4,0x42E4,0xC3EC,0xC3EC,0xA3EC,0xC3EC,
    0xA3EC,0xA2EC,0xA3EC,0xA3EC,0xC2EC,0xA2EC,0xA2EC,0xA3EC,0xA3EC,0xA3EC,0xA3EC,0xC2EC,
    0xA3EC,0xA3EC,0xA3EC,0xA3EC,0xA2EC,0xA2EC,0x04F5,0x25CC,0xA269,0x4130,0x8238,0xC340,
    0x6238,0xA140,0x638A,0x24D4,0xC4F4,0xA2EC,0x62E4,0x82EC,0x83EC,0x82EC,0x83EC,0x83EC,
    0x83EC,0x62E4,0x62E4,0xA4EC,0x06ED,0x68F5,0xA9FD,0xA9FD,0xA9FD,0x89FD,0x89FD,0x89FD,
    0x89FD,0x89FD,0x89FD,0xA9FD,0x89FD,0x89FD,0x89FD,0x89FD,0xA9FD,0xA9FD,0x89FD,0x89FD,
    0x89FD,0x89FD,0x89FD,0x89FD,0x89FD,0x89FD,0x89FD,0xA9FD,0x89FD,0xEAFD,0xA58A,0x6230,
    0x8238,0xC592,0xEAFD,0x89FD,0xA9FD,0xA9FD,0xA9FD,0xA9FD,0xA9FD,0xA9FD,0xA9FD,0xA9FD,
    0xA9FD,0xA9FD,0xA9FD,0x89FD,0xA9FD,0x89FD,0xA9FD,0x89FD,0x89FD,0xA9FD,0xA9FD,0x89FD,
    0xA9FD,0xA9FD,0x89FD,0xA9FD,0xA9FD,0xA9FD,0x68FD,0x06ED,0x83EC,0x62E4,0x62E4,0x62E4,
    0x82E4,0x82EC,0x82EC,0x82EC,0x82EC,0x62E4,0x82EC,0xC4F4,0x65E4,0xA39A,0xC150,0x6238,
    0xC348,0x8240,0x6138,0xA269,0x05CC,0x04F5,0xA2EC,0xA2EC,0xA2EC,0xA3EC,0xA2EC,0xA3EC,
    0xA3EC,0xA3EC,0xA2EC,0xA2EC,0xA3EC,0xA2EC,0xC2F4,0xA3EC,0x02DC,0xC2DB,0xE3DB,0xE2DB,
    0xE2DB,0xE3DB,0xE3DB,0xE3DB,0xC2D3,0x04E4,0x45B3,0xC148,0x8240,0xC340,0x2030,0x1094,
    0xFFFF,0xFFFF,0xFFFF,0xFFFF,0xFFFF,0xFFFF,0xFFFF,0xFFFF,0xFFFF,0xFFFF,0xFFFF,0xFFFF,
    0xFFFF,0xFFFF,0xFFFF,0xFFFF,0xFFFF,0xFFFF,0xFFFF,0xFFFF,0xFFFF,0xFFFF,0xFFFF,0xFFFF,
    0xFFFF,0xFFFF,0xFFFF,0xFFFF,0xFFFF,0xFFFF,0xFFFF,0xFFFF,0xFFFF,0xFFFF,0xFFFF,0xFFFF,
    0xFFFF,0xFFFF,0xFFFF,0xFFFF,0xFFFF,0xFFFF,0xFFFF,0xFFFF,0xFFFF,0xFFFF,0xFFFF,0xFFFF,
    0xFFFF,0xFFFF,0xFFFF,0xFFFF,0xFFFF,0xFFFF,0xFFFF,0xFFFF,0xFFFF,0xFFFF,0xFFFF,0xFFFF,
    0xFFFF,0xFFFF,0xFFFF,0xFFFF,0xFFFF,0xFFFF,0xFFFF,0xFFFF,0xFFFF,0xFFFF,0xFFFF,0xFFFF,
    0xFFFF,0xB2A4,0x4130,0xC348,0xC340,0xA140,0xA49A,0x03E4,0x02E4,0xA3EC,0xC3EC,0xA3EC,
    0xA3EC,0xA2EC,0xA2EC,0xA2EC,0xA2EC,0xA2EC,0xA2EC,0xA2EC,0xA2EC,0xA2EC,0xA2EC,0xA2EC,
    0xA3EC,0xA2EC,0xC3EC,0xA3EC,0xA3EC,0xA3EC,0x82EC,0xC3F4,0xE4EC,0x44AB,0xE150,0x4130,
    0xA340,0xA340,0x4130,0xE148,0xA49A,0x65DC,0xE4F4,0xA3EC,0x82E4,0x82EC,0x83EC,0x83EC,
    0x83EC,0x82EC,0x82EC,0x62EC,0x62E4,0x63E4,0xA4EC,0x06F5,0x68F5,0xA9FD,0xA9FD,0xA9FD,
    0xA9FD,0x89FD,0xA9FD,0x89FD,0x89FD,0x89FD,0x89FD,0x89FD,0x89FD,0xA9FD,0x89FD,0x89FD,
    0x89FD,0x89FD,0x89FD,0x89FD,0x89FD,0x89FD,0x89FD,0x89FD,0x89FD,0xEAFD,0xC58A,0x6230,
    0x8238,0xC592,0xEAFD,0x89FD,0xA9FD,0xA9FD,0xA9FD,0xA9FD,0xA9FD,0xA9FD,0xA9FD,0xA9FD,
    0xA9FD,0xA9FD,0xA9FD,0xA9FD,0xA9FD,0x89FD,0xA9FD,0x89FD,0xA9FD,0xA9FD,0xA9FD,0xA9FD,
    0xA9FD,0xA9FD,0xA9FD,0x68FD,0x26F5,0xA4EC,0x63E4,0x62E4,0x62E4,0x82E4,0x62E4,0x62E4,
    0x62E4,0x82E4,0x62E4,0x62E4,0x82EC,0xC4F4,0x65E4,0xC3A2,0x0259,0x6140,0xA348,0xC348,
    0x6138,0x2159,0x44AB,0xE4F4,0xC2F4,0xA2EC,0xA3EC,0xA2EC,0xA3EC,0xA3EC,0xA3EC,0xA3EC,
    0xA3EC,0xC2EC,0xC2EC,0xA2EC,0xA2EC,0xC3EC,0x63EC,0xE2DB,0xC2DB,0xE3DB,0xE3DB,0xE3DB,
    0xE3DB,0xE3DB,0xE2DB,0xC2DB,0x24E4,0x04AB,0xA140,0x8240,0xA348,0x2130,0x719C,0xFFFF,
    0xFFFF,0xFFFF,0xFFFF,0xFFFF,0xFFFF,0xFFFF,0xFFFF,0xFFFF,0xFFFF,0xFFFF,0xFFFF,0xFFFF,
    0xFFFF,0xFFFF,0xFFFF,0xFFFF,0xFFFF,0xFFFF,0xFFFF,0xFFFF,0xFFFF,0xFFFF,0xFFFF,0xFFFF,
    0xFFFF,0xFFFF,0xFFFF,0xFFFF,0xFFFF,0xFFFF,0xFFFF,0xFFFF,0xFFFF,0xFFFF,0xFFFF,0xFFFF,
    0xFFFF,0xFFFF,0xFFFF,0xFFFF,0xFFFF,0xFFFF,0xFFFF,0xFFFF,0xFFFF,0xFFFF,0xFFFF,0xFFFF,
    0xFFFF,0xFFFF,0xFFFF,0xFFFF,0xFFFF,0xFFFF,0xFFFF,0xFFFF,0xFFFF,0xFFFF,0xFFFF,0xFFFF,
    0xFFFF,0xFFFF,0xFFFF,0xFFFF,0xFFFF,0xFFFF,0xFFFF,0xFFFF,0xFFFF,0xFFFF,0xFFFF,0xFFFF,
    0xDFFF,0xFFFF,0xF3AC,0x6130,0xC348,0xC348,0x6138,0x4392,0x04DC,0xE2DB,0x83EC,0xC3EC,
    0xA2EC,0xA2EC,0xA2EC,0xA2EC,0xA2EC,0xA2EC,0xA2EC,0xA2EC,0xA2EC,0xA2EC,0xA2EC,0xA2EC,
    0xA2EC,0xC2EC,0xC2EC,0xA3EC,0xC2EC,0xA2EC,0xA3EC,0xA2EC,0xA2EC,0x03F5,0x85DC,0x838A,
    0xA140,0x4130,0xA340,0xA340,0x6240,0x0259,0xA49A,0x45DC,0xE4F4,0xA3EC,0x82EC,0x82EC,
    0x83EC,0x82EC,0x62EC,0x83EC,0x83EC,0x62EC,0x62E4,0x62E4,0x83E4,0xC4EC,0x06F5,0x48F5,
    0x89FD,0xA9FD,0xA9FD,0xA9FD,0xA9FD,0xA9FD,0x89FD,0x89FD,0xA9FD,0xA9FD,0xA9FD,0x89FD,
    0x89FD,0x89FD,0x89FD,0x89FD,0x89FD,0x89FD,0x89FD,0x89FD,0x89FD,0xEAFD,0xC592,0x6238,
    0x8238,0xC592,0xEAFD,0x89FD,0x89FD,0x89FD,0xA9FD,0xA9FD,0xA9FD,0xA9FD,0xA9FD,0xA9FD,
    0xA9FD,0xA9FD,0xA9FD,0xA9FD,0x89FD,0x89FD,0x89FD,0xA9FD,0xA9FD,0xA9FD,0xA9FD,0x89FD,
    0x68F5,0x06F5,0xA4EC,0x83E4,0x62E4,0x62E4,0x83EC,0x82EC,0x62E4,0x62E4,0x62E4,0x62E4,
    0x62E4,0x62E4,0x82EC,0xC4F4,0x44DC,0xA49A,0x2259,0x6240,0xA340,0xC348,0x6240,0xE150,
    0xC39A,0xA5E4,0x03F5,0xA2EC,0xA3EC,0xA3EC,0xA3EC,0xA3EC,0xA3EC,0xA3EC,0xA3EC,0xA3EC,
    0xA3EC,0xA2EC,0xA2EC,0xC2EC,0xC3EC,0x42E4,0xC2DB,0xC3DB,0xE3DB,0xE2DB,0xE2DB,0xE3DB,
    0xE3DB,0xC3DB,0xC2DB,0x24E4,0xC4A2,0x8140,0xA340,0xA340,0x4130,0xB2A4,0xFFFF,0xFFFF,
    0xFFFF,0xFFFF,0xFFFF,0xFFFF,0xFFFF,0xFFFF,0xFFFF,0xFFFF,0xFFFF,0xFFFF,0xFFFF,0xFFFF,
    0xFFFF,0xFFFF,0xFFFF,0xFFFF,0xFFFF,0xFFFF,0xFFFF,0xFFFF,0xFFFF,0xFFFF,0xFFFF,0xFFFF,
    0xFFFF,0xFFFF,0xFFFF,0xFFFF,0xFFFF,0xFFFF,0xFFFF,0xFFFF,0xFFFF,0xFFFF,0xFFFF,0xFFFF,
    0xFFFF,0xFFFF,0xFFFF,0xFFFF,0xFFFF,0xFFFF,0xFFFF,0xFFFF,0xFFFF,0xFFFF,0xFFFF,0xFFFF,
    0xFFFF,0xFFFF,0xFFFF,0xFFFF,0xFFFF,0xFFFF,0xFFFF,0xFFFF,0xFFFF,0xFFFF,0xFFFF,0xFFFF,
    0xFFFF,0xFFFF,0xFFFF,0xFFFF,0xFFFF,0xFFFF,0xFFFF,0xFFFF,0xFFFF,0xFFFF,0xFFFF,0xFFFF,
    0xFFFF,0xDFFF,0xFFFF,0x34B5,0x8130,0xA240,0xC340,0x6138,0x0382,0xE4DB,0xC2DB,0x42E4,
    0xA3EC,0xA2EC,0xA2EC,0xA2EC,0xA2EC,0xC2EC,0xA2EC,0xC2EC,0xA2EC,0xC2EC,0xC2EC,0xC2EC,
    0xC2EC,0xA2EC,0xA2EC,0xA2EC,0xA2EC,0xA2EC,0xA2EC,0xA2EC,0xA3EC,0xA2EC,0xA2EC,0xE4F4,
    0x44D4,0x438A,0xA140,0x6238,0xC348,0xA348,0x6140,0xE158,0x8392,0x25D4,0xC4EC,0xC3EC,
    0x82E4,0x62E4,0x82E4,0x63EC,0x83EC,0x63E4,0x83EC,0x83EC,0x83EC,0x62E4,0x62E4,0x83E4,
    0xA4EC,0xE5EC,0x26F5,0x68F5,0x89FD,0xA9FD,0xA9FD,0xA9FD,0xA9FD,0xA9FD,0xA9FD,0xA9FD,
    0x89FD,0x89FD,0x89FD,0x89FD,0x89FD,0x89FD,0x89FD,0x89FD,0x89FD,0xEAFD,0xC592,0x6238,
    0x8238,0xC592,0xEAFD,0x88FD,0x89FD,0x89FD,0xA9FD,0xA9FD,0xA9FD,0x89FD,0xA9FD,0x89FD,
    0x89FD,0x89FD,0xA9FD,0xA9FD,0xA9FD,0xA9FD,0xA9FD,0x89FD,0x68FD,0x26F5,0xE5EC,0x84EC,
    0x63E4,0x62E4,0x62EC,0x62EC,0x83EC,0x83EC,0x83EC,0x82EC,0x62E4,0x62E4,0x62E4,0x62E4,
    0xA2EC,0xA4EC,0xE4CB,0x638A,0xE150,0x6138,0xA340,0xC348,0x6240,0xC148,0x8392,0x65DC,
    0x04FD,0xC2F4,0xA2EC,0xA2EC,0xA3EC,0xA3EC,0xA3EC,0xA3EC,0xA3EC,0xA3EC,0xA2EC,0xA3EC,
    0xA2EC,0xA2EC,0xC2EC,0xA3EC,0x22E4,0xC2DB,0xC3DB,0xE3DB,0xE3DB,0xE3DB,0xE3DB,0xE3DB,
    0xC3DB,0xE2DB,0x25E4,0x4392,0x6140,0xC348,0x8240,0x6230,0x34B5,0xFFFF,0xDFFF,0xFFFF,
    0xFFFF,0xFFFF,0xFFFF,0xFFFF,0xFFFF,0xFFFF,0xFFFF,0xFFFF,0xFFFF,0xFFFF,0xFFFF,0xFFFF,
    0xFFFF,0xFFFF,0xFFFF,0xFFFF,0xFFFF,0xFFFF,0xFFFF,0xFFFF,0xFFFF,0xFFFF,0xFFFF,0xFFFF,
    0xFFFF,0xFFFF,0xFFFF,0xFFFF,0xFFFF,0xFFFF,0xFFFF,0xFFFF,0xFFFF,0xFFFF,0xFFFF,0xFFFF,
    0xFFFF,0xFFFF,0xFFFF,0xFFFF,0xFFFF,0xFFFF,0xFFFF,0xFFFF,0xFFFF,0xFFFF,0xFFFF,0xFFFF,
    0xFFFF,0xFFFF,0xFFFF,0xFFFF,0xFFFF,0xFFFF,0xFFFF,0xFFFF,0xFFFF,0xFFFF,0xFFFF,0xFFFF,
    0xFFFF,0xFFFF,0xFFFF,0xFFFF,0xFFFF,0xFFFF,0xFFFF,0xFFFF,0xFFFF,0xFFFF,0xFFFF,0xFFFF,
    0xFFFF,0xFFFF,0xDFFF,0xFFFF,0x96BD,0xC338,0x6238,0xE348,0x6138,0xA271,0xE4D3,0xE2DB,
    0x02DC,0xA3EC,0xC2EC,0xA2EC,0xA2EC,0xA2EC,0xA2EC,0xA2EC,0xC2EC,0xC2EC,0xC2EC,0xC2EC,
    0xC2EC,0xA2EC,0xA2EC,0xA2EC,0xA2EC,0xA2EC,0xC2EC,0xA2EC,0xA2EC,0xA2EC,0xA2EC,0xA2EC,
    0xC2F4,0x04F5,0x25D4,0x438A,0xA148,0x6240,0xC348,0xC348,0x6140,0xC148,0x0282,0x84BB,
    0x84E4,0xC3F4,0x82EC,0x62E4,0x62E4,0x82E4,0x83EC,0x83EC,0x83EC,0x83EC,0x83EC,0x83EC,
    0x83EC,0x62EC,0x62EC,0x83E4,0x84EC,0xC5EC,0x06F5,0x47F5,0x68FD,0x88FD,0xA9FD,0xA9FD,
    0xA9FD,0xA9FD,0xA9FD,0xA9FD,0xA9FD,0xA9FD,0x89FD,0x89FD,0x88FD,0x0BFE,0xC592,0x6240,
    0x8240,0xC592,0xEAFD,0x88FD,0x89FD,0xA9FD,0xA9FD,0xA9FD,0xA9FD,0xA9FD,0xAAFD,0xAAFD,
    0xAAFD,0xA9FD,0x88FD,0x68FD,0x47F5,0x06F5,0xC5EC,0x83E4,0x63E4,0x62E4,0x62E4,0x62E4,
    0x82EC,0x83EC,0x83EC,0x82EC,0x83EC,0x83EC,0x63EC,0x62E4,0x62E4,0x82EC,0xA3EC,0x84E4,
    0x84BB,0xE279,0x8140,0x4130,0x8238,0xA340,0x6238,0xA148,0x238A,0x45D4,0x04FD,0xC2F4,
    0xA2EC,0xA3EC,0xC3EC,0xA3EC,0xA3EC,0xA3EC,0xA3EC,0xA3EC,0xA3EC,0xA2EC,0xA3EC,0xA2EC,
    0xA2EC,0xC3EC,0x63EC,0xE2DB,0xC3DB,0xE3DB,0xE3DB,0xC3DB,0xE2DB,0xE3DB,0xE3DB,0xC2DB,
    0xE3E3,0xE5DB,0xE279,0x6138,0xC348,0x8240,0xA340,0xB6BD,0xFFFF,0xFFFF,0xFFFF,0xFFFF,
    0xFFFF,0xFFFF,0xFFFF,0xFFFF,0xFFFF,0xFFFF,0xFFFF,0xFFFF,0xFFFF,0xFFFF,0xFFFF,0xFFFF,
    0xFFFF,0xFFFF,0xFFFF,0xFFFF,0xFFFF,0xFFFF,0xFFFF,0xFFFF,0xFFFF,0xFFFF,0xFFFF,0xFFFF,
    0xFFFF,0xFFFF,0xFFFF,0xFFFF,0xFFFF,0xFFFF,0xFFFF,0xFFFF,0xFFFF,0xFFFF,0xFFFF,0xFFFF,
    0xFFFF,0xFFFF,0xFFFF,0xFFFF,0xFFFF,0xFFFF,0xFFFF,0xFFFF,0xFFFF,0xFFFF,0xFFFF,0xFFFF,
    0xFFFF,0xFFFF,0xFFFF,0xFFFF,0xFFFF,0xFFFF,0xFFFF,0xFFFF,0xFFFF,0xFFFF,0xFFFF,0xFFFF,
    0xFFFF,0xFFFF,0xFFFF,0xFFFF,0xFFFF,0xFFFF,0xFFFF,0xFFFF,0xFFFF,0xFFFF,0xFFFF,0xFFFF,
    0xFFFF,0xFFFF,0xFFFF,0xDFFF,0xFFFF,0x79D6,0x4549,0x4138,0xE348,0x6230,0x2259,0x84C3,
    0x03E4,0xC2DB,0x63E4,0xC3EC,0xC2EC,0xA2EC,0xA3EC,0xA3EC,0xA2EC,0xA2EC,0xC2EC,0xC2EC,
    0xC2EC,0xA2EC,0xA2EC,0xC2EC,0xA2EC,0xA2EC,0xA2EC,0xA2EC,0xA2EC,0xA2EC,0xA2EC,0xA2EC,
    0xA2EC,0xA2EC,0xE3F4,0x04F5,0x25D4,0x438A,0xC150,0x8140,0xC340,0xC340,0x8238,0x6138,
    0x6261,0xA39A,0x04CC,0xA4EC,0xC3F4,0x82EC,0x82E4,0x83E4,0x83EC,0x83EC,0x83EC,0x83EC,
    0x83EC,0x83EC,0x83EC,0x82EC,0x62EC,0x62EC,0x62EC,0x62E4,0x83E4,0x83EC,0xA4EC,0xE5EC,
    0x06F5,0x26F5,0x47F5,0x68F5,0x68F5,0x88FD,0x68FD,0x88FD,0x88FD,0x0AFE,0xE8BB,0x6040,
    0x6140,0xE8B3,0x0AFE,0x89FD,0x89FD,0x89FD,0x89FD,0x88F5,0x68F5,0x47F5,0x27F5,0x06F5,
    0xE5EC,0xC4EC,0xA3EC,0x83EC,0x63E4,0x62E4,0x62E4,0x62EC,0x62EC,0x82EC,0x83EC,0x82EC,
    0x82E4,0x82EC,0x82EC,0x82EC,0x82E4,0x62E4,0x82EC,0xC3F4,0xC4EC,0x24D4,0xE39A,0x6261,
    0x6138,0x4128,0xA238,0xA338,0x4130,0x8140,0x0382,0x05CC,0x04F5,0xC3F4,0xA2EC,0xA2EC,
    0xA3EC,0xA3EC,0xA3EC,0xA3EC,0xA2EC,0xA3EC,0xA3EC,0xA2EC,0xA2EC,0xA2EC,0xA2EC,0xC2EC,
    0xA3EC,0x42E4,0xC2DB,0xC2DB,0xE3DB,0xC3DB,0xC3DB,0xC3DB,0xC2DB,0xE2DB,0xC2DB,0x03E4,
    0xC5CB,0x6269,0x6138,0xE348,0x4138,0x2449,0x38CE,0xFFFF,0xDFFF,0xFFFF,0xFFFF,0xFFFF,
    0xFFFF,0xFFFF,0xFFFF,0xFFFF,0xFFFF,0xFFFF,0xFFFF,0xFFFF,0xFFFF,0xFFFF,0xFFFF,0xFFFF,
    0xFFFF,0xFFFF,0xFFFF,0xFFFF,0xFFFF,0xFFFF,0xFFFF,0xFFFF,0xFFFF,0xFFFF,0xFFFF,0xFFFF,
    0xFFFF,0xFFFF,0xFFFF,0xFFFF,0xFFFF,0xFFFF,0xFFFF,0xFFFF,0xFFFF,0xFFFF,0xFFFF,0xFFFF,
    0xFFFF,0xFFFF,0xFFFF,0xFFFF,0xFFFF,0xFFFF,0xFFFF,0xFFFF,0xFFFF,0xFFFF,0xFFFF,0xFFFF,
    0xFFFF,0xFFFF,0xFFFF,0xFFFF,0xFFFF,0xFFFF,0xFFFF,0xFFFF,0xFFFF,0xFFFF,0xFFFF,0xFFFF,
    0xFFFF,0xFFFF,0xFFFF,0xFFFF,0xFFFF,0xFFFF,0xFFFF,0xFFFF,0xFFFF,0xFFFF,0xFFFF,0xFFFF,
    0xFFFF,0xFFFF,0xFFFF,0xFFFF,0xDFFF,0xFFFF,0x1CE7,0x085A,0x2030,0xE340,0x8238,0xC148,
    0x24B3,0x23E4,0xC2DB,0x22E4,0xA3EC,0xC3EC,0xA3EC,0xA3EC,0xA2EC,0xA2EC,0xA2EC,0xA2EC,
    0xA2EC,0xA2EC,0xA2EC,0xA2EC,0xA2EC,0xA2EC,0xA2EC,0xA2EC,0xA2EC,0xA2EC,0xA2EC,0xA2EC,
    0xA3EC,0xA3EC,0xA3EC,0xA2EC,0xE3F4,0x05F5,0x45DC,0xA39A,0xE150,0x6238,0x8238,0xA340,
    0x8238,0x6138,0xA148,0xC271,0x24AB,0x45DC,0xC4EC,0xC3F4,0xA2EC,0x82EC,0x62E4,0x83EC,
    0x83EC,0x83EC,0x83EC,0x83EC,0x82EC,0x83EC,0x83EC,0x82EC,0x82EC,0x82EC,0x62EC,0x83EC,
    0x63EC,0x63EC,0x83E4,0x83EC,0x83EC,0xA4EC,0xA4EC,0xC4EC,0xC4EC,0xE5EC,0x06ED,0xA4C3,
    0x64BB,0xE6EC,0xC5EC,0xA4EC,0xA4EC,0xA4EC,0xA4E4,0x83E4,0x83E4,0x63E4,0x63E4,0x63E4,
    0x63EC,0x63EC,0x62EC,0x83EC,0x83EC,0x83EC,0x82EC,0x82EC,0x62EC,0x82E4,0x62E4,0x62E4,
    0x62E4,0x62E4,0x62E4,0xA2EC,0xC3F4,0xC4F4,0x65E4,0x64B3,0x0382,0xC150,0x6138,0x8238,
    0xC340,0x8238,0x4130,0xC148,0x4382,0x04CC,0xE4F4,0xC3F4,0x82EC,0xA2EC,0xA3EC,0xA3EC,
    0xA3EC,0xA3EC,0xA3EC,0xA2EC,0xA3EC,0xA2EC,0xA2EC,0xA2EC,0xA2EC,0xA2EC,0xC2EC,0x82EC,
    0x02DC,0xC2DB,0xE2DB,0xE3DB,0xC2DB,0xC3DB,0xE3DB,0xE3DB,0xC3DB,0xC2DB,0x24E4,0x65BB,
    0xE158,0x8240,0xE348,0x2030,0xE759,0xFBE6,0xFFFF,0xDFFF,0xFFFF,0xFFFF,0xFFFF,0xFFFF,
    0xFFFF,0xFFFF,0xFFFF,0xFFFF,0xFFFF,0xFFFF,0xFFFF,0xFFFF,0xFFFF,0xFFFF,0xFFFF,0xFFFF,
    0xFFFF,0xFFFF,0xFFFF,0xFFFF,0xFFFF,0xFFFF,0xFFFF,0xFFFF,0xFFFF,0xFFFF,0xFFFF,0xFFFF,
    0xFFFF,0xFFFF,0xFFFF,0xFFFF,0xFFFF,0xFFFF,0xFFFF,0xFFFF,0xFFFF,0xFFFF,0xFFFF,0xFFFF,
    0xFFFF,0xFFFF,0xFFFF,0xFFFF,0xFFFF,0xFFFF,0xFFFF,0xFFFF,0xFFFF,0xFFFF,0xFFFF,0xFFFF,
    0xFFFF,0xFFFF,0xFFFF,0xFFFF,0xFFFF,0xFFFF,0xFFFF,0xFFFF,0xFFFF,0xFFFF,0xFFFF,0xFFFF,
    0xFFFF,0xFFFF,0xFFFF,0xFFFF,0xFFFF,0xFFFF,0xFFFF,0xFFFF,0xFFFF,0xFFFF,0xFFFF,0xFFFF,
    0xFFFF,0xFFFF,0xFFFF,0xFFFF,0xFFFF,0xDFFF,0xFFFF,0x9EF7,0xCB72,0x2030,0xC348,0xA340,
    0x8140,0x6392,0x24E4,0xE2E3,0xE2DB,0x63EC,0xC3EC,0xC2EC,0xA2EC,0xA2EC,0xA2EC,0xA2EC,
    0xA2EC,0xA2EC,0xA2EC,0xA2EC,0xA2EC,0xA2EC,0xA2EC,0xA2EC,0xA2EC,0xA2EC,0xA2EC,0xA2EC,
    0xA2EC,0xA3EC,0xA3EC,0xA3EC,0xA3EC,0xA2EC,0xC3F4,0x04F5,0x65DC,0xC39A,0x2259,0x6138,
    0x6238,0xA340,0xA340,0x8238,0x6140,0x0251,0x0382,0x44B3,0x25D4,0xC4EC,0xE4F4,0xA3F4,
    0x82EC,0x62EC,0x62EC,0x62E4,0x62EC,0x63EC,0x82EC,0x83EC,0x82EC,0x83EC,0x83EC,0x83EC,
    0x83EC,0x83EC,0x83EC,0x83EC,0x83EC,0x82EC,0x83EC,0x83EC,0x83EC,0x83EC,0x83EC,0xC4F4,
    0xC4F4,0x82EC,0x83EC,0x82EC,0x83EC,0x62EC,0x62E4,0x83E4,0x83E4,0x83E4,0x83EC,0x83EC,
    0x83EC,0x83EC,0x83EC,0x83EC,0x83EC,0x83EC,0x82EC,0x82EC,0x62E4,0x62E4,0x62E4,0x62E4,
    0xA3EC,0xC3F4,0xA4EC,0x45DC,0x44B3,0x0382,0x0259,0x6140,0x6240,0xA340,0xA340,0x6238,
    0x6138,0x2259,0xC39A,0x65DC,0xE4F4,0xC2F4,0x82EC,0xA2EC,0xA2EC,0xA3EC,0xA3EC,0xA3EC,
    0xA3EC,0xA3EC,0xA3EC,0xC2EC,0xC2EC,0xA2EC,0xC2EC,0xA2EC,0xA2EC,0xA3EC,0x42E4,0xC2DB,
    0xC2DB,0xE3DB,0xE3DB,0xE3DB,0xE3DB,0xE3DB,0xE3DB,0xC2DB,0xE2DB,0x24DC,0x8392,0x8140,
    0xA240,0xC348,0x2030,0xEB72,0x9EF7,0xFFFF,0xDFFF,0xFFFF,0xFFFF,0xFFFF,0xFFFF,0xFFFF,
    0xFFFF,0xFFFF,0xFFFF,0xFFFF,0xFFFF,0xFFFF,0xFFFF,0xFFFF,0xFFFF,0xFFFF,0xFFFF,0xFFFF,
    0xFFFF,0xFFFF,0xFFFF,0xFFFF,0xFFFF,0xFFFF,0xFFFF,0xFFFF,0xFFFF,0xFFFF,0xFFFF,0xFFFF,
    0xFFFF,0xFFFF,0xFFFF,0xFFFF,0xFFFF,0xFFFF,0xFFFF,0xFFFF,0xFFFF,0xFFFF,0xFFFF,0xFFFF,
    0xFFFF,0xFFFF,0xFFFF,0xFFFF,0xFFFF,0xFFFF,0xFFFF,0xFFFF,0xFFFF,0xFFFF,0xFFFF,0xFFFF,
    0xFFFF,0xFFFF,0xFFFF,0xFFFF,0xFFFF,0xFFFF,0xFFFF,0xFFFF,0xFFFF,0xFFFF,0xFFFF,0xFFFF,
    0xFFFF,0xFFFF,0xFFFF,0xFFFF,0xFFFF,0xFFFF,0xFFFF,0xFFFF,0xFFFF,0xFFFF,0xFFFF,0xFFFF,
    0xFFFF,0xFFFF,0xFFFF,0xFFFF,0xFFFF,0xFFFF,0xFFFF,0xFFFF,0xFFFF,0xEF93,0x4130,0xA240,
    0xC348,0x8240,0xA279,0xC4D3,0x03E4,0xC2DB,0x22E4,0x83EC,0xC3EC,0xA2EC,0xA2EC,0xA2EC,
    0xA2EC,0xA2EC,0xA2EC,0xA2EC,0xA2EC,0xA2EC,0xA2EC,0xA2EC,0xA2EC,0xA2EC,0xC2EC,0xA2EC,
    0xA3EC,0xA3EC,0xA3EC,0xA3EC,0xA3EC,0xA3EC,0xA2EC,0x82EC,0xC2EC,0xE3F4,0xA4EC,0xA4BB,
    0x037A,0xC148,0x6138,0x8238,0xC340,0xC340,0x8240,0x8140,0xE150,0xA271,0xA49A,0xA4C3,
    0x64DC,0xA4EC,0xC4F4,0xA3F4,0x82EC,0x82EC,0x62EC,0x62EC,0x83EC,0x83EC,0x83EC,0x83EC,
    0x83EC,0x83EC,0x83EC,0x82E4,0x83E4,0x83EC,0x83EC,0x83EC,0x83EC,0xA3EC,0xA3EC,0x82EC,
    0x83EC,0xA3EC,0xA3EC,0x83EC,0x83EC,0x83EC,0x83E4,0x83E4,0x83E4,0x83E4,0x83E4,0x83E4,
    0x83EC,0x83EC,0x83EC,0x83EC,0x63EC,0x62EC,0x82EC,0xA3EC,0xC3F4,0xC3F4,0xC4EC,0x64DC,
    0xA4C3,0xA49A,0xA271,0xC148,0x6138,0x6238,0xA340,0xC348,0x8240,0x6138,0xE150,0x2382,
    0xA4BB,0xC5EC,0xE3FC,0xC2F4,0x82EC,0xA2EC,0xA2EC,0xA2EC,0xA2EC,0xA3EC,0xA3EC,0xA3EC,
    0xA3EC,0xA3EC,0xA2EC,0xC2EC,0xC2EC,0xA2EC,0xA2EC,0xC2EC,0x83EC,0x02E4,0xC2DB,0xC3DB,
    0xE3DB,0xC2DB,0xE3DB,0xC3DB,0xC2DB,0xC3DB,0xC2DB,0x03DC,0xC5D3,0xC379,0x4138,0xC340,
    0xA240,0x4130,0x1094,0xFFFF,0xFFFF,0xFFFF,0xFFFF,0xFFFF,0xFFFF,0xFFFF,0xFFFF,0xFFFF,
    0xFFFF,0xFFFF,0xFFFF,0xFFFF,0xFFFF,0xFFFF,0xFFFF,0xFFFF,0xFFFF,0xFFFF,0xFFFF,0xFFFF,
    0xFFFF,0xFFFF,0xFFFF,0xFFFF,0xFFFF,0xFFFF,0xFFFF,0xFFFF,0xFFFF,0xFFFF,0xFFFF,0xFFFF,
    0xFFFF,0xFFFF,0xFFFF,0xFFFF,0xFFFF,0xFFFF,0xFFFF,0xFFFF,0xFFFF,0xFFFF,0xFFFF,0xFFFF,
    0xFFFF,0xFFFF,0xFFFF,0xFFFF,0xFFFF,0xFFFF,0xFFFF,0xFFFF,0xFFFF,0xFFFF,0xFFFF,0xFFFF,
    0xFFFF,0xFFFF,0xFFFF,0xFFFF,0xFFFF,0xFFFF,0xFFFF,0xFFFF,0xFFFF,0xFFFF,0xFFFF,0xFFFF,
    0xFFFF,0xFFFF,0xFFFF,0xFFFF,0xFFFF,0xFFFF,0xFFFF,0xFFFF,0xFFFF,0xFFFF,0xFFFF,0xFFFF,
    0xFFFF,0xFFFF,0xFFFF,0xFFFF,0xFFFF,0xFFFF,0xFFFF,0xFFFF,0xFFFF,0xFFFF,0x54B5,0xC340,
    0x6140,0x0451,0x8240,0x0259,0x24B3,0x24E4,0xC2DB,0xC2DB,0x43E4,0xA3EC,0xC3EC,0xA2EC,
    0xA2EC,0xA2EC,0xA2EC,0xA2EC,0xA2EC,0xA2EC,0xA2EC,0xA2EC,0xA2EC,0xA3EC,0xA3EC,0xA3EC,
    0xA3EC,0xA3EC,0xA3EC,0xA2EC,0xA3EC,0xA3EC,0xA3EC,0xA3EC,0xA3EC,0xA2EC,0xA2EC,0xE3F4,
    0xE4F4,0x64DC,0x24AB,0xC271,0xC148,0x6138,0x8240,0xC340,0xA340,0x8238,0x6138,0x8140,
    0xE150,0xA371,0xA392,0x84BB,0x25D4,0xA5EC,0xC4F4,0xC4F4,0xC3F4,0xA3EC,0x82EC,0x82EC,
    0x62EC,0x82E4,0x82EC,0x82E4,0x82E4,0x83E4,0x83E4,0x83E4,0x82E4,0x83EC,0x83EC,0x83EC,
    0x83EC,0x83EC,0x83EC,0x83EC,0x83EC,0x83E4,0x83E4,0x63E4,0x62E4,0x62E4,0x62E4,0x62E4,
    0x62EC,0x82EC,0xA2EC,0xC3F4,0xC4F4,0xC4F4,0xA5EC,0x45DC,0xC4C3,0xE3A2,0xE379,0x0259,
    0x8140,0x6238,0x6238,0xA338,0xA340,0x6238,0x4138,0xA148,0xA271,0x24AB,0x84E4,0x04FD,
    0xE3FC,0xA2F4,0x82EC,0xA3EC,0xA2EC,0xA2EC,0xA3EC,0xA2EC,0xA2EC,0xA3EC,0xA3EC,0xA3EC,
    0xA3EC,0xA3EC,0xA2EC,0xA2EC,0xA2EC,0xC2EC,0xA3EC,0x22E4,0xC2DB,0xC3DB,0xE3DB,0xC3DB,
    0xC3DB,0xC3DB,0xC3DB,0xC3DB,0xC3DB,0xC2DB,0x24E4,0x44BB,0x0159,0x4130,0xC348,0x4138,
    0xC338,0x75BD,0xFFFF,0xFFFF,0xFFFF,0xFFFF,0xFFFF,0xFFFF,0xFFFF,0xFFFF,0xFFFF,0xFFFF,
    0xFFFF,0xFFFF,0xFFFF,0xFFFF,0xFFFF,0xFFFF,0xFFFF,0xFFFF,0xFFFF,0xFFFF,0xFFFF,0xFFFF,
    0xFFFF,0xFFFF,0xFFFF,0xFFFF,0xFFFF,0xFFFF,0xFFFF,0xFFFF,0xFFFF,0xFFFF,0xFFFF,0xFFFF,
    0xFFFF,0xFFFF,0xFFFF,0xFFFF,0xFFFF,0xFFFF,0xFFFF,0xFFFF,0xFFFF,0xFFFF,0xFFFF,0xFFFF,
    0xFFFF,0xFFFF,0xFFFF,0xFFFF,0xFFFF,0xFFFF,0xFFFF,0xFFFF,0xFFFF,0xFFFF,0xFFFF,0xFFFF,
    0xFFFF,0xFFFF,0xFFFF,0xFFFF,0xFFFF,0xFFFF,0xFFFF,0xFFFF,0xFFFF,0xFFFF,0xFFFF,0xFFFF,
    0xFFFF,0xFFFF,0xFFFF,0xFFFF,0xFFFF,0xFFFF,0xFFFF,0xFFFF,0xFFFF,0xFFFF,0xFFFF,0xFFFF,
    0xFFFF,0xFFFF,0xFFFF,0xFFFF,0xFFFF,0xFFFF,0xFFFF,0xFFFF,0xFFFF,0xDFFF,0xFFFF,0xBADE,
    0x0862,0x4138,0xE348,0xC340,0xA148,0x4392,0x04DC,0xE3E3,0xA2D3,0x02DC,0x63E4,0xA3EC,
    0xA2EC,0xA2EC,0xA2EC,0xA2EC,0xA2EC,0xA2EC,0xA2EC,0xA2EC,0xA2EC,0xA2EC,0xA3EC,0xA2EC,
    0xA3EC,0xA2EC,0xA2EC,0xA2EC,0xA2EC,0xA2EC,0xA2EC,0xC2EC,0xA2EC,0xA2EC,0xA2EC,0xA2EC,
    0xA2EC,0xC2F4,0xE3FC,0xE4F4,0x45D4,0x24AB,0xE279,0xC150,0x6138,0x6238,0x8338,0xA340,
    0xA340,0x8238,0x6238,0x8140,0xE250,0x8269,0x238A,0xE4A2,0x84BB,0x04D4,0x65E4,0xA4EC,
    0xC4F4,0xE4F4,0xE4F4,0xC4F4,0xC3F4,0xA3EC,0xA3EC,0x83EC,0x82EC,0x83EC,0x83EC,0x83EC,
    0x83EC,0x83EC,0x83EC,0x83EC,0xA3EC,0xA3EC,0xA3EC,0xC4F4,0xC4F4,0xC4F4,0xC4F4,0xC4F4,
    0xA4EC,0x64E4,0x04CC,0x85BB,0x04A3,0x438A,0x8271,0xE258,0xA140,0x6238,0x8238,0xA340,
    0xA340,0x8238,0x6238,0x6138,0xC148,0xA271,0xE3A2,0x24D4,0xE4F4,0x03FD,0xC2F4,0xA2EC,
    0xA2EC,0xA2EC,0xA2EC,0xA3EC,0xA2EC,0xA3EC,0xA3EC,0xA3EC,0xA3EC,0xA3EC,0xA3EC,0xA3EC,
    0xA2EC,0xA2EC,0xA2EC,0xC2EC,0xA3F4,0x63E4,0xE2DB,0xC2DB,0xE3DB,0xE3DB,0xE3DB,0xE3DB,
    0xE3DB,0xE3DB,0xE3DB,0xC2DB,0xE3DB,0x05DC,0x6392,0x6140,0x8238,0xC340,0x0028,0xE759,
    0xBADE,0xFFFF,0xFFFF,0xFFFF,0xFFFF,0xFFFF,0xFFFF,0xFFFF,0xFFFF,0xFFFF,0xFFFF,0xFFFF,
    0xFFFF,0xFFFF,0xFFFF,0xFFFF,0xFFFF,0xFFFF,0xFFFF,0xFFFF,0xFFFF,0xFFFF,0xFFFF,0xFFFF,
    0xFFFF,0xFFFF,0xFFFF,0xFFFF,0xFFFF,0xFFFF,0xFFFF,0xFFFF,0xFFFF,0xFFFF,0xFFFF,0xFFFF,
    0xFFFF,0xFFFF,0xFFFF,0xFFFF,0xFFFF,0xFFFF,0xFFFF,0xFFFF,0xFFFF,0xFFFF,0xFFFF,0xFFFF,
    0xFFFF,0xFFFF,0xFFFF,0xFFFF,0xFFFF,0xFFFF,0xFFFF,0xFFFF,0xFFFF,0xFFFF,0xFFFF,0xFFFF,
    0xFFFF,0xFFFF,0xFFFF,0xFFFF,0xFFFF,0xFFFF,0xFFFF,0xFFFF,0xFFFF,0xFFFF,0xFFFF,0xFFFF,
    0xFFFF,0xFFFF,0xFFFF,0xFFFF,0xFFFF,0xFFFF,0xFFFF,0xFFFF,0xFFFF,0xFFFF,0xFFFF,0xFFFF,
    0xFFFF,0xFFFF,0xFFFF,0xFFFF,0xFFFF,0xFFFF,0xFFFF,0xFFFF,0xFFFF,0xFFFF,0xDFFF,0xFFFF,
    0xDFFF,0xAE8B,0x4130,0xA240,0xE348,0x6138,0x6269,0x84C3,0x24E4,0xC2DB,0xC2DB,0x22DC,
    0x83EC,0xC2EC,0xC2EC,0xA2EC,0xA2EC,0xA2EC,0xA2EC,0xA2EC,0xC3EC,0xA2EC,0xA2EC,0xA2EC,
    0xA2EC,0xA2EC,0xA2EC,0xA2EC,0xA2EC,0xA2EC,0xA2EC,0xA2EC,0xA2EC,0xA2EC,0xA2EC,0xA2EC,
    0xA2EC,0xA2EC,0xA2EC,0xA2EC,0xC2F4,0x03FD,0xE5F4,0x65DC,0x64B3,0x2382,0x2259,0x8140,
    0x6238,0x8238,0xA338,0xC340,0xC340,0xA340,0x8240,0x8240,0x8140,0xC148,0x2259,0x8269,
    0x037A,0x638A,0xC49A,0x24AB,0x84BB,0xE5C3,0x05CC,0x25D4,0x65DC,0x65E4,0x85E4,0x85E4,
    0x85E4,0x85E4,0x65DC,0x45DC,0x25D4,0x05D4,0xC5CB,0x84BB,0x24AB,0xC49A,0x648A,0xE379,
    0x8269,0x2251,0xC140,0x8138,0x6238,0x8238,0xA340,0xC340,0xC340,0xA340,0x6238,0x8238,
    0xA148,0x2259,0x4382,0x44AB,0x45D4,0xE5EC,0xE3F4,0xC2F4,0xA2EC,0x82EC,0xA2EC,0xA3EC,
    0xA3F4,0xA2EC,0xA2EC,0xA2EC,0xA2EC,0xA2EC,0xA2EC,0xA2EC,0xA2EC,0xA2EC,0xA3EC,0xA3EC,
    0xA2EC,0xC2EC,0xC3EC,0x63EC,0x02DC,0xC2DB,0xC3DB,0xC3DB,0xC3DB,0xE3DB,0xE2DB,0xE3DB,
    0xE3DB,0xC3DB,0xC2DB,0x04E4,0x64C3,0x6269,0x4138,0xA340,0x8240,0x2130,0x8E83,0xBEFF,
    0xFFFF,0xDFFF,0xFFFF,0xFFFF,0xFFFF,0xFFFF,0xFFFF,0xFFFF,0xFFFF,0xFFFF,0xFFFF,0xFFFF,
    0xFFFF,0xFFFF,0xFFFF,0xFFFF,0xFFFF,0xFFFF,0xFFFF,0xFFFF,0xFFFF,0xFFFF,0xFFFF,0xFFFF,
    0xFFFF,0xFFFF,0xFFFF,0xFFFF,0xFFFF,0xFFFF,0xFFFF,0xFFFF,0xFFFF,0xFFFF,0xFFFF,0xFFFF,
    0xFFFF,0xFFFF,0xFFFF,0xFFFF,0xFFFF,0xFFFF,0xFFFF,0xFFFF,0xFFFF,0xFFFF,0xFFFF,0xFFFF,
    0xFFFF,0xFFFF,0xFFFF,0xFFFF,0xFFFF,0xFFFF,0xFFFF,0xFFFF,0xFFFF,0xFFFF,0xFFFF,0xFFFF,
    0xFFFF,0xFFFF,0xFFFF,0xFFFF,0xFFFF,0xFFFF,0xFFFF,0xFFFF,0xFFFF,0xFFFF,0xFFFF,0xFFFF,
    0xFFFF,0xFFFF,0xFFFF,0xFFFF,0xFFFF,0xFFFF,0xFFFF,0xFFFF,0xFFFF,0xFFFF,0xFFFF,0xFFFF,
    0xFFFF,0xFFFF,0xFFFF,0xFFFF,0xFFFF,0xFFFF,0xFFFF,0xFFFF,0xFFFF,0xFFFF,0xFFFF,0xDFFF,
    0xFFFF,0xFFFF,0x75BD,0xE440,0x4138,0xE448,0x8238,0xA148,0x6392,0x04DC,0xE3DB,0xA2D3,
    0xE2DB,0x22E4,0x83EC,0xC3EC,0xA2EC,0xA2EC,0xA2EC,0xA2EC,0xA2EC,0xA2EC,0xC2EC,0xA2EC,
    0xA2EC,0xA2EC,0xA2EC,0xA2EC,0xA2EC,0xA2EC,0xA2EC,0xA2EC,0xA2EC,0xA2EC,0xA2EC,0xA2EC,
    0xC2EC,0xA2EC,0xA2EC,0xA3EC,0xA2EC,0xA2EC,0xA2EC,0xC3F4,0xE3F4,0xE4F4,0xA4E4,0xE4CB,
    0x24AB,0x4382,0x6269,0xE250,0x8240,0x8238,0x8340,0xA340,0xA340,0xA340,0xA340,0xA338,
    0x8238,0x8238,0x8238,0x8138,0x8240,0xA240,0xC248,0xE150,0x0151,0x0259,0x2259,0x2259,
    0x2261,0x0259,0x0259,0xE258,0xC250,0xC250,0xA248,0xA240,0x8138,0x8238,0x8238,0x8238,
    0x8338,0xA338,0xA338,0xA338,0x8338,0x8238,0x6238,0x8240,0xC248,0x6261,0x4382,0x24AB,
    0x05CC,0xA5EC,0x04F5,0xE3F4,0xC2F4,0x82EC,0xA2EC,0xA3EC,0xA3EC,0xA2EC,0xA2EC,0xA2EC,
    0xA2EC,0xA2EC,0xA2EC,0xA2EC,0xA2EC,0xA2EC,0xA2EC,0xA2EC,0xA2EC,0xA2EC,0xA2EC,0xA2EC,
    0xC3EC,0x83EC,0x22E4,0xC2DB,0xC2DB,0xC3DB,0xE3DB,0xE3DB,0xE3DB,0xC2DB,0xE3DB,0xE3DB,
    0xC2DB,0x03E4,0x04DC,0x839A,0xA148,0x8240,0xC348,0x2130,0x0441,0x75BD,0xFFFF,0xFFFF,
    0xFFFF,0xFFFF,0xFFFF,0xFFFF,0xFFFF,0xFFFF,0xFFFF,0xFFFF,0xFFFF,0xFFFF,0xFFFF,0xFFFF,
    0xFFFF,0xFFFF,0xFFFF,0xFFFF,0xFFFF,0xFFFF,0xFFFF,0xFFFF,0xFFFF,0xFFFF,0xFFFF,0xFFFF,
    0xFFFF,0xFFFF,0xFFFF,0xFFFF,0xFFFF,0xFFFF,0xFFFF,0xFFFF,0xFFFF,0xFFFF,0xFFFF,0xFFFF,
    0xFFFF,0xFFFF,0xFFFF,0xFFFF,0xFFFF,0xFFFF,0xFFFF,0xFFFF,0xFFFF,0xFFFF,0xFFFF,0xFFFF,
    0xFFFF,0xFFFF,0xFFFF,0xFFFF,0xFFFF,0xFFFF,0xFFFF,0xFFFF,0xFFFF,0xFFFF,0xFFFF,0xFFFF,
    0xFFFF,0xFFFF,0xFFFF,0xFFFF,0xFFFF,0xFFFF,0xFFFF,0xFFFF,0xFFFF,0xFFFF,0xFFFF,0xFFFF,
    0xFFFF,0xFFFF,0xFFFF,0xFFFF,0xFFFF,0xFFFF,0xFFFF,0xFFFF,0xFFFF,0xFFFF,0xFFFF,0xFFFF,
    0xFFFF,0xFFFF,0xFFFF,0xFFFF,0xFFFF,0xFFFF,0xFFFF,0xFFFF,0xFFFF,0xFFFF,0xFFFF,0xFFFF,
    0xFFFF,0xDFFF,0xFFFF,0xFBE6,0x6962,0x0028,0xA340,0xA340,0x4130,0x6261,0x44BB,0x24E4,
    0xC2DB,0xC2DB,0xE2DB,0x42E4,0xA3EC,0xC3EC,0xA3EC,0xA2EC,0xA2EC,0xA2EC,0xA2EC,0xA2EC,
    0xA2EC,0xA2EC,0xA2EC,0xA2EC,0xA2EC,0xA2EC,0xA2EC,0xA2EC,0xA2EC,0xA2EC,0xA2EC,0xA2EC,
    0xC3EC,0xC3EC,0xA3EC,0xA3EC,0xA3EC,0xC3EC,0xA3EC,0xA3EC,0xA2EC,0xA2EC,0xA2F4,0xE3F4,
    0xE3FC,0x04FD,0xC5EC,0x65DC,0xA4C3,0xE3A2,0x2282,0x6269,0xE150,0xA140,0x6138,0x6138,
    0x6238,0x6238,0x8238,0x8238,0xA238,0xA340,0xA340,0xA340,0xA340,0xA340,0xA340,0xA340,
    0xA340,0xA340,0xA340,0xA340,0xA340,0xA340,0xA340,0xA340,0xA240,0x8238,0x6238,0x6238,
    0x6138,0x6238,0x8138,0xE148,0x6261,0xE279,0xC39A,0x84BB,0x45DC,0xE5EC,0x05F5,0x04FD,
    0xE3F4,0xC2F4,0xA2EC,0xA2EC,0xA3EC,0xA3EC,0xA3EC,0xA2EC,0xA3EC,0xA3EC,0xA3EC,0xA2EC,
    0xA2EC,0xA2EC,0xA2EC,0xA2EC,0xA2EC,0xA2EC,0xA2EC,0xA2EC,0xA2EC,0xA2EC,0xC3EC,0x83EC,
    0x22E4,0xC2DB,0xC2DB,0xC3DB,0xE3DB,0xE3DB,0xE3DB,0xE3DB,0xE3DB,0xE3DB,0xC2DB,0xE2DB,
    0x24E4,0x64C3,0x6269,0x4138,0xA340,0xA240,0x2030,0x696A,0xFBE6,0xFFFF,0xDFFF,0xFFFF,
    0xFFFF,0xFFFF,0xFFFF,0xFFFF,0xFFFF,0xFFFF,0xFFFF,0xFFFF,0xFFFF,0xFFFF,0xFFFF,0xFFFF,
    0xFFFF,0xFFFF,0xFFFF,0xFFFF,0xFFFF,0xFFFF,0xFFFF,0xFFFF,0xFFFF,0xFFFF,0xFFFF,0xFFFF,
    0xFFFF,0xFFFF,0xFFFF,0xFFFF,0xFFFF,0xFFFF,0xFFFF,0xFFFF,0xFFFF,0xFFFF,0xFFFF,0xFFFF,
    0xFFFF,0xFFFF,0xFFFF,0xFFFF,0xFFFF,0xFFFF,0xFFFF,0xFFFF,0xFFFF,0xFFFF,0xFFFF,0xFFFF,
    0xFFFF,0xFFFF,0xFFFF,0xFFFF,0xFFFF,0xFFFF,0xFFFF,0xFFFF,0xFFFF,0xFFFF,0xFFFF,0xFFFF,
    0xFFFF,0xFFFF,0xFFFF,0xFFFF,0xFFFF,0xFFFF,0xFFFF,0xFFFF,0xFFFF,0xFFFF,0xFFFF,0xFFFF,
    0xFFFF,0xFFFF,0xFFFF,0xFFFF,0xFFFF,0xFFFF,0xFFFF,0xFFFF,0xFFFF,0xFFFF,0xFFFF,0xFFFF,
    0xFFFF,0xFFFF,0xFFFF,0xFFFF,0xFFFF,0xFFFF,0xFFFF,0xFFFF,0xFFFF,0xFFFF,0xFFFF,0xFFFF,
    0xFFFF,0xFFFF,0xDFFF,0xFFFF,0xFFFF,0x519C,0xA238,0x4130,0xC340,0x6238,0x8140,0x238A,
    0xC4D3,0x03E4,0xC2DB,0xC2DB,0xE2DB,0x42E4,0xA3EC,0xC3EC,0xC2EC,0xA2EC,0xA2EC,0xA2EC,
    0xA2EC,0xA2EC,0xA2EC,0xA2EC,0xA2EC,0xA2EC,0xA2EC,0xA2EC,0xA2EC,0xA2EC,0xA2EC,0xA2EC,
    0xA2EC,0xA3EC,0xA3EC,0xA3EC,0xA3EC,0xA3EC,0xA3EC,0xA3EC,0xA3EC,0xA3EC,0xA3EC,0xA3EC,
    0x82EC,0x82EC,0xA2EC,0xC2F4,0xE3F4,0xE3FC,0xE4F4,0xC4EC,0x64DC,0x04CC,0x84B3,0x03A3,
    0x8392,0x037A,0xA269,0x4261,0x0259,0xE250,0xC248,0xC148,0xA148,0xA140,0x8140,0x8140,
    0xA140,0xA140,0xA148,0xA148,0xC248,0xE250,0xE250,0x2259,0x6261,0xA271,0x0382,0x8392,
    0xE3A2,0x84B3,0xE4CB,0x64DC,0xC4EC,0xE4F4,0x03F5,0xE3FC,0xC2F4,0xA2F4,0xA2EC,0xA2EC,
    0xA2EC,0xA2EC,0xA2EC,0xA3EC,0xA3EC,0xA3EC,0xA3EC,0xA3EC,0xA3EC,0xA3EC,0xA3EC,0xA2EC,
    0xA2EC,0xA2EC,0xC2EC,0xA2EC,0xA2EC,0xA2EC,0xA2EC,0xC2EC,0xA2EC,0x83EC,0x22E4,0xC2DB,
    0xC2DB,0xE3DB,0xE3DB,0xC3DB,0xC3DB,0xE3DB,0xE3DB,0xE3DB,0xC3DB,0xC2DB,0x03E4,0xE5DB,
    0x4392,0xA148,0x8240,0xC348,0x2130,0xC338,0x92A4,0xFFFF,0xFFFF,0xDFFF,0xFFFF,0xFFFF,
    0xFFFF,0xFFFF,0xFFFF,0xFFFF,0xFFFF,0xFFFF,0xFFFF,0xFFFF,0xFFFF,0xFFFF,0xFFFF,0xFFFF,
    0xFFFF,0xFFFF,0xFFFF,0xFFFF,0xFFFF,0xFFFF,0xFFFF,0xFFFF,0xFFFF,0xFFFF,0xFFFF,0xFFFF,
    0xFFFF,0xFFFF,0xFFFF,0xFFFF,0xFFFF,0xFFFF,0xFFFF,0xFFFF,0xFFFF,0xFFFF,0xFFFF,0xFFFF,
    0xFFFF,0xFFFF,0xFFFF,0xFFFF,0xFFFF,0xFFFF,0xFFFF,0xFFFF,0xFFFF,0xFFFF,0xFFFF,0xFFFF,
    0xFFFF,0xFFFF,0xFFFF,0xFFFF,0xFFFF,0xFFFF,0xFFFF,0xFFFF,0xFFFF,0xFFFF,0xFFFF,0xFFFF,
    0xFFFF,0xFFFF,0xFFFF,0xFFFF,0xFFFF,0xFFFF,0xFFFF,0xFFFF,0xFFFF,0xFFFF,0xFFFF,0xFFFF,
    0xFFFF,0xFFFF,0xFFFF,0xFFFF,0xFFFF,0xFFFF,0xFFFF,0xFFFF,0xFFFF,0xFFFF,0xFFFF,0xFFFF,
    0xFFFF,0xFFFF,0xFFFF,0xFFFF,0xFFFF,0xFFFF,0xFFFF,0xFFFF,0xFFFF,0xFFFF,0xFFFF,0xFFFF,
    0xFFFF,0xFFFF,0xFFFF,0xFFFF,0xFFFF,0xFFFF,0x79DE,0x496A,0x2028,0x8240,0xC340,0x6138,
    0x2259,0xE4AA,0x04E4,0x03E4,0xC2DB,0xC2DB,0xE2DB,0x43E4,0x83EC,0xC3EC,0xC2EC,0xA2EC,
    0xA2EC,0xA2EC,0xA2EC,0xA2EC,0xA2EC,0xA2EC,0xA2EC,0xA2EC,0xA2EC,0xA2EC,0xA2EC,0xA2EC,
    0xA3EC,0xA3EC,0xA3EC,0xA3EC,0xA3EC,0xA3EC,0xA3EC,0xA3EC,0xA3EC,0xA3EC,0xA3EC,0xA3EC,
    0xA3EC,0xA3EC,0xA3EC,0xA3EC,0x82EC,0x82EC,0x82EC,0xA2EC,0xC2F4,0xC2F4,0xE3F4,0x03FD,
    0x03FD,0xE4F4,0xE4F4,0xA4EC,0x84E4,0x44DC,0x24D4,0x04CC,0xE4CB,0xC4C3,0xA4C3,0xA4C3,
    0xA4C3,0xC4C3,0xC4CB,0xE4CB,0x24D4,0x44DC,0x64E4,0x84E4,0xC4EC,0xE4F4,0xE4F4,0x04FD,
    0x03FD,0xE3FC,0xC2F4,0xC2F4,0xA2EC,0xA2EC,0x82EC,0xA2EC,0xA2EC,0xA2EC,0xA2F4,0xA2F4,
    0xA3EC,0xA3F4,0xA3EC,0xA3EC,0xA3EC,0xA3EC,0xA3EC,0xA3EC,0xA3EC,0xA3EC,0xA2EC,0xA2EC,
    0xA2EC,0xA2EC,0xA2EC,0xA2EC,0xA2EC,0xC2EC,0xC3EC,0x83EC,0x22E4,0xE2DB,0xC2DB,0xC3DB,
    0xE3DB,0xE3DB,0xC3DB,0xC3DB,0xC3DB,0xC3DB,0xC3DB,0xC3DB,0xE3E3,0x04DC,0xE4AA,0x2261,
    0x6240,0xC348,0xA240,0x2130,0x8A6A,0xDADE,0xFFFF,0xFFFF,0xFFFF,0xFFFF,0xFFFF,0xFFFF,
    0xFFFF,0xFFFF,0xFFFF,0xFFFF,0xFFFF,0xFFFF,0xFFFF,0xFFFF,0xFFFF,0xFFFF,0xFFFF,0xFFFF,
    0xFFFF,0xFFFF,0xFFFF,0xFFFF,0xFFFF,0xFFFF,0xFFFF,0xFFFF,0xFFFF,0xFFFF,0xFFFF,0xFFFF,
    0xFFFF,0xFFFF,0xFFFF,0xFFFF,0xFFFF,0xFFFF,0xFFFF,0xFFFF,0xFFFF,0xFFFF,0xFFFF,0xFFFF,
    0xFFFF,0xFFFF,0xFFFF,0xFFFF,0xFFFF,0xFFFF,0xFFFF,0xFFFF,0xFFFF,0xFFFF,0xFFFF,0xFFFF,
    0xFFFF,0xFFFF,0xFFFF,0xFFFF,0xFFFF,0xFFFF,0xFFFF,0xFFFF,0xFFFF,0xFFFF,0xFFFF,0xFFFF,
    0xFFFF,0xFFFF,0xFFFF,0xFFFF,0xFFFF,0xFFFF,0xFFFF,0xFFFF,0xFFFF,0xFFFF,0xFFFF,0xFFFF,
    0xFFFF,0xFFFF,0xFFFF,0xFFFF,0xFFFF,0xFFFF,0xFFFF,0xFFFF,0xFFFF,0xFFFF,0xFFFF,0xFFFF,
    0xFFFF,0xFFFF,0xFFFF,0xFFFF,0xFFFF,0xFFFF,0xFFFF,0xFFFF,0xFFFF,0xFFFF,0xFFFF,0xFFFF,
    0xFFFF,0xFFFF,0xFFFF,0xFFFF,0xFFFF,0xFFFF,0xFFFF,0xFFFF,0xB2A4,0xE338,0x2030,0xC348,
    0xA340,0x8140,0xA271,0x64C3,0x24E4,0x03E4,0xC2DB,0xC2DB,0xE2DB,0x22E4,0x83EC,0xC3EC,
    0xC2EC,0xA2EC,0xA2EC,0xA2EC,0xA2EC,0xA2EC,0xA2EC,0xA2EC,0xA2EC,0xA2EC,0xA3EC,0xA3EC,
    0xA3EC,0xA3EC,0xA3EC,0xA3EC,0xA3EC,0xA3EC,0xA3EC,0xA3EC,0xA3EC,0xA3EC,0xA3EC,0xA3EC,
    0xA3EC,0xA3EC,0xA3EC,0xA3EC,0xA3EC,0xA3EC,0xA3EC,0xA2EC,0xA2EC,0xA2EC,0xA2EC,0xA2EC,
    0xA2EC,0xA2EC,0xA2EC,0xC2EC,0xC2F4,0xC2F4,0xC2F4,0xC3F4,0xC3F4,0xE3F4,0xE3F4,0xE3F4,
    0xE3F4,0xE3F4,0xE3F4,0xC3F4,0xC3F4,0xC2F4,0xC2F4,0xC2F4,0xC2F4,0xA2EC,0xA2EC,0xA2EC,
    0xA2EC,0xA2EC,0xA2EC,0xA2EC,0xA2EC,0xA2EC,0xA2EC,0xA2EC,0xA2EC,0xA2EC,0xA3F4,0xA3EC,
    0xA3EC,0xA3EC,0xA3EC,0xA3EC,0xA3EC,0xA3EC,0xA3EC,0xA3EC,0xA3EC,0xA2EC,0xA2EC,0xA2EC,
    0xA2EC,0xA2EC,0xA2EC,0xC3EC,0xC3EC,0x83EC,0x22E4,0xE2DB,0xC2DB,0xE3DB,0xE3DB,0xE3DB,
    0xE3DB,0xC3DB,0xE3DB,0xC3DB,0xC3DB,0xC3D3,0xE3DB,0x24E4,0x64C3,0xA271,0x6140,0xA340,
    0xC348,0x2130,0x0441,0xF3AC,0xFFFF,0xFFFF,0xFFFF,0xFFFF,0xFFFF,0xFFFF,0xFFFF,0xFFFF,
    0xFFFF,0xFFFF,0xFFFF,0xFFFF,0xFFFF,0xFFFF,0xFFFF,0xFFFF,0xFFFF,0xFFFF,0xFFFF,0xFFFF,
    0xFFFF,0xFFFF,0xFFFF,0xFFFF,0xFFFF,0xFFFF,0xFFFF,0xFFFF,0xFFFF,0xFFFF,0xFFFF,0xFFFF,
    0xFFFF,0xFFFF,0xFFFF,0xFFFF,0xFFFF,0xFFFF,0xFFFF,0xFFFF,0xFFFF,0xFFFF,0xFFFF,0xFFFF,
    0xFFFF,0xFFFF,0xFFFF,0xFFFF,0xFFFF,0xFFFF,0xFFFF,0xFFFF,0xFFFF,0xFFFF,0xFFFF,0xFFFF,
    0xFFFF,0xFFFF,0xFFFF,0xFFFF,0xFFFF,0xFFFF,0xFFFF,0xFFFF,0xFFFF,0xFFFF,0xFFFF,0xFFFF,
    0xFFFF,0xFFFF,0xFFFF,0xFFFF,0xFFFF,0xFFFF,0xFFFF,0xFFFF,0xFFFF,0xFFFF,0xFFFF,0xFFFF,
    0xFFFF,0xFFFF,0xFFFF,0xFFFF,0xFFFF,0xFFFF,0xFFFF,0xFFFF,0xFFFF,0xFFFF,0xFFFF,0xFFFF,
    0xFFFF,0xFFFF,0xFFFF,0xFFFF,0xFFFF,0xFFFF,0xFFFF,0xFFFF,0xFFFF,0xFFFF,0xFFFF,0xFFFF,
    0xFFFF,0xFFFF,0xFFFF,0xFFFF,0xFFFF,0xFFFF,0xFFFF,0xFFFF,0xFFFF,0xDBE6,0xCB72,0x4130,
    0x8240,0xE448,0xA340,0xA148,0x0382,0xA4CB,0x24EC,0xE2E3,0xC2DB,0xC2DB,0xC2DB,0x02DC,
    0x42E4,0xA3EC,0xC3EC,0xA2EC,0xA2EC,0xA2EC,0xA2EC,0xA2EC,0xA2EC,0xA3EC,0xA3EC,0xA3EC,
    0xA3EC,0xA3EC,0xA3EC,0xA3EC,0xA3EC,0xA3EC,0xA3EC,0xA3EC,0xA3EC,0xA3EC,0xA3EC,0xA3EC,
    0xA3EC,0xA3EC,0xA3EC,0xA2EC,0xA2EC,0xA3EC,0xA3EC,0xA2EC,0xA2EC,0xA2EC,0xA2EC,0xA3EC,
    0xC2EC,0xA3EC,0xC3EC,0xC3EC,0xA2EC,0xA2EC,0xA2EC,0xA2EC,0xA2EC,0xA2EC,0xA2EC,0xA2EC,
    0xA2EC,0xA2EC,0xA2EC,0xA2EC,0xA2EC,0xA2EC,0xA2EC,0xC2EC,0xC2EC,0xC2EC,0xA2EC,0xC2EC,
    0xA2EC,0xC2EC,0xA2EC,0xA2EC,0xA2EC,0xA2EC,0xC2EC,0xA2EC,0xA2EC,0xA2EC,0xA3EC,0xA2EC,
    0xA3EC,0xA3EC,0xA3EC,0xA3EC,0xA3EC,0xA3EC,0xA3EC,0xA2EC,0xA2EC,0xA2EC,0xA2EC,0xA2EC,
    0xA2EC,0xC3EC,0xA3EC,0x63E4,0x02DC,0xE2DB,0xC2DB,0xE3DB,0xE3DB,0xE3DB,0xE3DB,0xE3DB,
    0xC3DB,0xC3DB,0xC3DB,0xC2DB,0xE3DB,0x04E4,0xA5CB,0x238A,0xA148,0x8240,0xE348,0x8240,
    0x6238,0x2C7B,0x1CE7,0xFFFF,0xFFFF,0xFFFF,0xFFFF,0xFFFF,0xFFFF,0xFFFF,0xFFFF,0xFFFF,
    0xFFFF,0xFFFF,0xFFFF,0xFFFF,0xFFFF,0xFFFF,0xFFFF,0xFFFF,0xFFFF,0xFFFF,0xFFFF,0xFFFF,
    0xFFFF,0xFFFF,0xFFFF,0xFFFF,0xFFFF,0xFFFF,0xFFFF,0xFFFF,0xFFFF,0xFFFF,0xFFFF,0xFFFF,
    0xFFFF,0xFFFF,0xFFFF,0xFFFF,0xFFFF,0xFFFF,0xFFFF,0xFFFF,0xFFFF,0xFFFF,0xFFFF,0xFFFF,
    0xFFFF,0xFFFF,0xFFFF,0xFFFF,0xFFFF,0xFFFF,0xFFFF,0xFFFF,0xFFFF,0xFFFF,0xFFFF,0xFFFF,
    0xFFFF,0xFFFF,0xFFFF,0xFFFF,0xFFFF,0xFFFF,0xFFFF,0xFFFF,0xFFFF,0xFFFF,0xFFFF,0xFFFF,
    0xFFFF,0xFFFF,0xFFFF,0xFFFF,0xFFFF,0xFFFF,0xFFFF,0xFFFF,0xFFFF,0xFFFF,0xFFFF,0xFFFF,
    0xFFFF,0xFFFF,0xFFFF,0xFFFF,0xFFFF,0xFFFF,0xFFFF,0xFFFF,0xFFFF,0xFFFF,0xFFFF,0xFFFF,
    0xFFFF,0xFFFF,0xFFFF,0xFFFF,0xFFFF,0xFFFF,0xFFFF,0xFFFF,0xFFFF,0xFFFF,0xFFFF,0xFFFF,
    0xFFFF,0xFFFF,0xFFFF,0xFFFF,0xFFFF,0xFFFF,0xFFFF,0xFFFF,0xDFFF,0xFFFF,0xFFFF,0xB6BD,
    0xC759,0x4130,0xA240,0xC348,0x8240,0xC250,0x4392,0xA4CB,0x03E4,0xE2DB,0xC2DB,0xC2DB,
    0xC2DB,0xE2DB,0x22E4,0x83EC,0xA3EC,0xC2EC,0xC2EC,0xC2EC,0xA2EC,0xA3EC,0xA2EC,0xA2EC,
    0xA2EC,0xA3EC,0xA3EC,0xA3EC,0xA3EC,0xA3EC,0xA3EC,0xA3EC,0xA3EC,0xA3EC,0xA3EC,0xA3EC,
    0xA3EC,0xA2EC,0xA2EC,0xA2EC,0xA2EC,0xA2EC,0xA2EC,0xA3EC,0xA3EC,0xA3EC,0xA3EC,0xA2EC,
    0xA2EC,0xA2EC,0xA2EC,0xA2EC,0xA2EC,0xA2EC,0xA2EC,0xA2EC,0xA2EC,0xA2EC,0xA2EC,0xA3EC,
    0xA3EC,0xA2EC,0xA2EC,0xA2EC,0xA2EC,0xA2EC,0xA2EC,0xA2EC,0xA2EC,0xA2EC,0xA2EC,0xA2EC,
    0xC2EC,0xA2EC,0xA2EC,0xC2EC,0xA2EC,0xA2EC,0xA2EC,0xA2EC,0xA2EC,0xA2EC,0xA2EC,0xA2EC,
    0xA2EC,0xA2EC,0xA2EC,0xA2EC,0xA3EC,0xA3EC,0xA2EC,0xA2EC,0xA2EC,0xA2EC,0xA2EC,0xA3EC,
    0x83EC,0x42E4,0xE2DB,0xC2DB,0xC3DB,0xE3DB,0xE3DB,0xE3DB,0xE3DB,0xE3DB,0xE3DB,0xC3DB,
    0xC3DB,0xC2DB,0xE3DB,0x04DC,0xA4CB,0x438A,0xC250,0x6238,0xC340,0x8240,0x2130,0xC759,
    0xD6C5,0xFFFF,0xFFFF,0xFFFF,0xFFFF,0xFFFF,0xFFFF,0xFFFF,0xFFFF,0xFFFF,0xFFFF,0xFFFF,
    0xFFFF,0xFFFF,0xFFFF,0xFFFF,0xFFFF,0xFFFF,0xFFFF,0xFFFF,0xFFFF,0xFFFF,0xFFFF,0xFFFF,
    0xFFFF,0xFFFF,0xFFFF,0xFFFF,0xFFFF,0xFFFF,0xFFFF,0xFFFF,0xFFFF,0xFFFF,0xFFFF,0xFFFF,
    0xFFFF,0xFFFF,0xFFFF,0xFFFF,0xFFFF,0xFFFF,0xFFFF,0xFFFF,0xFFFF,0xFFFF,0xFFFF,0xFFFF,
    0xFFFF,0xFFFF,0xFFFF,0xFFFF,0xFFFF,0xFFFF,0xFFFF,0xFFFF,0xFFFF,0xFFFF,0xFFFF,0xFFFF,
    0xFFFF,0xFFFF,0xFFFF,0xFFFF,0xFFFF,0xFFFF,0xFFFF,0xFFFF,0xFFFF,0xFFFF,0xFFFF,0xFFFF,
    0xFFFF,0xFFFF,0xFFFF,0xFFFF,0xFFFF,0xFFFF,0xFFFF,0xFFFF,0xFFFF,0xFFFF,0xFFFF,0xFFFF,
    0xFFFF,0xFFFF,0xFFFF,0xFFFF,0xFFFF,0xFFFF,0xFFFF,0xFFFF,0xFFFF,0xFFFF,0xFFFF,0xFFFF,
    0xFFFF,0xFFFF,0xFFFF,0xFFFF,0xFFFF,0xFFFF,0xFFFF,0xFFFF,0xFFFF,0xFFFF,0xFFFF,0xFFFF,
    0xFFFF,0xFFFF,0xFFFF,0xFFFF,0xFFFF,0xFFFF,0xFFFF,0xFFFF,0xFFFF,0xFFFF,0xFFFF,0xFFFF,
    0xBEFF,0xD3AC,0x4549,0x4130,0xC348,0xC348,0x6238,0xC148,0x438A,0x84CB,0x03DC,0xE2DB,
    0xC2DB,0xC2D3,0xC2DB,0xE2DB,0x02DC,0x63E4,0xA3EC,0xC3EC,0xC3EC,0xC2EC,0xA2EC,0xA2EC,
    0xA3EC,0xA3EC,0xA3EC,0xA3EC,0xA3EC,0xA3EC,0xA3EC,0xA3EC,0xA3EC,0xA3EC,0xA3EC,0xA3EC,
    0xA3EC,0xA2EC,0xA2EC,0xC2EC,0xA2EC,0xA2EC,0xA3EC,0xA3EC,0xA3EC,0xA3EC,0xA3EC,0xA3EC,
    0xA2EC,0xA2EC,0xA2EC,0xA2EC,0xA2EC,0xA2EC,0xA2EC,0xA2EC,0xC2EC,0xA2EC,0xA2EC,0xA2EC,
    0xA2EC,0xA2EC,0xA2EC,0xA2EC,0xA2EC,0xA2EC,0xA2EC,0xA2EC,0xA2EC,0xA2EC,0xA2EC,0xA2EC,
    0xA2EC,0xA2EC,0xC2EC,0xC2EC,0xA2EC,0xA2EC,0xA2EC,0xA2EC,0xA2EC,0xA2EC,0xA2EC,0xA2EC,
    0xA2EC,0xA2EC,0xA2EC,0xA2EC,0xA2EC,0xA2EC,0xC2EC,0xC2F4,0xC3EC,0xA2EC,0x42E4,0x02DC,
    0xC2DB,0xC2DB,0xC2DB,0xE2DB,0xE3DB,0xE3DB,0xE3DB,0xE3DB,0xE3DB,0xE3DB,0xC3DB,0xC2DB,
    0xE2DB,0x24E4,0xA4CB,0x4392,0xC148,0x6130,0xC340,0xA340,0x2130,0x4549,0xD3AC,0xBEFF,
    0xFFFF,0xFFFF,0xFFFF,0xFFFF,0xFFFF,0xFFFF,0xFFFF,0xFFFF,0xFFFF,0xFFFF,0xFFFF,0xFFFF,
    0xFFFF,0xFFFF,0xFFFF,0xFFFF,0xFFFF,0xFFFF,0xFFFF,0xFFFF,0xFFFF,0xFFFF,0xFFFF,0xFFFF,
    0xFFFF,0xFFFF,0xFFFF,0xFFFF,0xFFFF,0xFFFF,0xFFFF,0xFFFF,0xFFFF,0xFFFF,0xFFFF,0xFFFF,
    0xFFFF,0xFFFF,0xFFFF,0xFFFF,0xFFFF,0xFFFF,0xFFFF,0xFFFF,0xFFFF,0xFFFF,0xFFFF,0xFFFF,
    0xFFFF,0xFFFF,0xFFFF,0xFFFF,0xFFFF,0xFFFF,0xFFFF,0xFFFF,0xFFFF,0xFFFF,0xFFFF,0xFFFF,
    0xFFFF,0xFFFF,0xFFFF,0xFFFF,0xFFFF,0xFFFF,0xFFFF,0xFFFF,0xFFFF,0xFFFF,0xFFFF,0xFFFF,
    0xFFFF,0xFFFF,0xFFFF,0xFFFF,0xFFFF,0xFFFF,0xFFFF,0xFFFF,0xFFFF,0xFFFF,0xFFFF,0xFFFF,
    0xFFFF,0xFFFF,0xFFFF,0xFFFF,0xFFFF,0xFFFF,0xFFFF,0xFFFF,0xFFFF,0xFFFF,0xFFFF,0xFFFF,
    0xFFFF,0xFFFF,0xFFFF,0xFFFF,0xFFFF,0xFFFF,0xFFFF,0xFFFF,0xFFFF,0xFFFF,0xFFFF,0xFFFF,
    0xFFFF,0xFFFF,0xFFFF,0xFFFF,0xFFFF,0xFFFF,0xFFFF,0xFFFF,0xFFFF,0xFFFF,0xFFFF,0xFFFF,
    0xFFFF,0xFFFF,0x5DEF,0xEF93,0xE340,0x4130,0xA340,0xA340,0x4130,0xC148,0x2382,0x84C3,
    0x04DC,0xE2DB,0xC2DB,0xC2DB,0xC3DB,0xE2DB,0xE2DB,0x22E4,0x63E4,0x83EC,0xA3EC,0xC3EC,
    0xC2EC,0xA2EC,0xA2EC,0xA3EC,0xA3EC,0xA3EC,0xA3EC,0xA3EC,0xA3EC,0xC3EC,0xC3EC,0xA3EC,
    0xA3EC,0xA3EC,0xA2EC,0xA2EC,0xA2EC,0xA2EC,0xA3EC,0xA3EC,0xA3EC,0xA3EC,0xA3EC,0xA3EC,
    0xA3EC,0xA2EC,0xA2EC,0xA2EC,0xA2EC,0xA2EC,0xA2EC,0xA2EC,0xA2EC,0xA2EC,0xA2EC,0xA2EC,
    0xA2EC,0xA2EC,0xA2EC,0xA2EC,0xA2EC,0xA2EC,0xA2EC,0xA2EC,0xA2EC,0xA2EC,0xA2EC,0xA2EC,
    0xC2EC,0xC2EC,0xC2EC,0xC2EC,0xC2EC,0xA2EC,0xA2EC,0xA2EC,0xA2EC,0xA2EC,0xA2EC,0xA3EC,
    0xA2EC,0xA2EC,0xA2EC,0xC3F4,0xC2F4,0xA3EC,0x83EC,0x42E4,0x02E4,0xE2DB,0xC2DB,0xC2DB,
    0xE3DB,0xE3DB,0xE3DB,0xE3DB,0xE3DB,0xE3DB,0xE3DB,0xE3DB,0xC3DB,0xC3DB,0x03E4,0x24E4,
    0xA4CB,0x4392,0xE150,0x6138,0xA340,0xA340,0x2030,0xE338,0xEF93,0x5DEF,0xFFFF,0xFFFF,
    0xFFFF,0xFFFF,0xFFFF,0xFFFF,0xFFFF,0xFFFF,0xFFFF,0xFFFF,0xFFFF,0xFFFF,0xFFFF,0xFFFF,
    0xFFFF,0xFFFF,0xFFFF,0xFFFF,0xFFFF,0xFFFF,0xFFFF,0xFFFF,0xFFFF,0xFFFF,0xFFFF,0xFFFF,
    0xFFFF,0xFFFF,0xFFFF,0xFFFF,0xFFFF,0xFFFF,0xFFFF,0xFFFF,0xFFFF,0xFFFF,0xFFFF,0xFFFF,
    0xFFFF,0xFFFF,0xFFFF,0xFFFF,0xFFFF,0xFFFF,0xFFFF,0xFFFF,0xFFFF,0xFFFF,0xFFFF,0xFFFF,
    0xFFFF,0xFFFF,0xFFFF,0xFFFF,0xFFFF,0xFFFF,0xFFFF,0xFFFF,0xFFFF,0xFFFF,0xFFFF,0xFFFF,
    0xFFFF,0xFFFF,0xFFFF,0xFFFF,0xFFFF,0xFFFF,0xFFFF,0xFFFF,0xFFFF,0xFFFF,0xFFFF,0xFFFF,
    0xFFFF,0xFFFF,0xFFFF,0xFFFF,0xFFFF,0xFFFF,0xFFFF,0xFFFF,0xFFFF,0xFFFF,0xFFFF,0xFFFF,
    0xFFFF,0xFFFF,0xFFFF,0xFFFF,0xFFFF,0xFFFF,0xFFFF,0xFFFF,0xFFFF,0xFFFF,0xFFFF,0xFFFF,
    0xFFFF,0xFFFF,0xFFFF,0xFFFF,0xFFFF,0xFFFF,0xFFFF,0xFFFF,0xFFFF,0xFFFF,0xFFFF,0xFFFF,
    0xFFFF,0xFFFF,0xFFFF,0xFFFF,0xFFFF,0xFFFF,0xFFFF,0xFFFF,0xFFFF,0xFFFF,0xFFFF,0xFFFF,
    0xFFFF,0xDFFF,0xFFFF,0xFFFF,0xFBE6,0x8E83,0xC338,0x2130,0xA340,0xA340,0x6130,0xA148,
    0xE379,0x44BB,0x04DC,0x03E4,0xE2DB,0xC2DB,0xE3DB,0xE3DB,0xC2DB,0xE2DB,0x02E4,0x42E4,
    0x83EC,0xA3EC,0xC3EC,0xC3EC,0xC2EC,0xA2EC,0xA2EC,0xA2EC,0xA2EC,0xA3EC,0xA3EC,0xA3EC,
    0xA3EC,0xA3EC,0xA2EC,0xA3EC,0xA3EC,0xA3EC,0xA2EC,0xA3EC,0xA3EC,0xA3EC,0xA3EC,0xA3EC,
    0xA3EC,0xA3EC,0xA2EC,0xA2EC,0xA2EC,0xA2EC,0xA2EC,0xA2EC,0xA2EC,0xA2EC,0xA2EC,0xA2EC,
    0xA2EC,0xA2EC,0xA2EC,0xA2EC,0xA2EC,0xA2EC,0xA2EC,0xA2EC,0xA2EC,0xA2EC,0xA2EC,0xA2EC,
    0xC2EC,0xC2EC,0xC2EC,0xC2EC,0xA2EC,0xA2EC,0xA2EC,0xA2EC,0xA2EC,0xA2EC,0xA2EC,0xA2EC,
    0xC3EC,0xA3EC,0xA3EC,0x83EC,0x42E4,0x02DC,0xE2DB,0xC2DB,0xE2DB,0xE3DB,0xE3DB,0xE3DB,
    0xE3DB,0xE3DB,0xE3DB,0xE3DB,0xC3DB,0xC3DB,0xC3DB,0xE2DB,0x03E4,0x04E4,0x64C3,0x038A,
    0xC150,0x6240,0xC340,0xA340,0x2130,0xA338,0x6E83,0xFBE6,0xFFFF,0xFFFF,0xDFFF,0xFFFF,
    0xFFFF,0xFFFF,0xFFFF,0xFFFF,0xFFFF,0xFFFF,0xFFFF,0xFFFF,0xFFFF,0xFFFF,0xFFFF,0xFFFF,
    0xFFFF,0xFFFF,0xFFFF,0xFFFF,0xFFFF,0xFFFF,0xFFFF,0xFFFF,0xFFFF,0xFFFF,0xFFFF,0xFFFF,
    0xFFFF,0xFFFF,0xFFFF,0xFFFF,0xFFFF,0xFFFF,0xFFFF,0xFFFF,0xFFFF,0xFFFF,0xFFFF,0xFFFF,
    0xFFFF,0xFFFF,0xFFFF,0xFFFF,0xFFFF,0xFFFF,0xFFFF,0xFFFF,0xFFFF,0xFFFF,0xFFFF,0xFFFF,
    0xFFFF,0xFFFF,0xFFFF,0xFFFF,0xFFFF,0xFFFF,0xFFFF,0xFFFF,0xFFFF,0xFFFF,0xFFFF,0xFFFF,
    0xFFFF,0xFFFF,0xFFFF,0xFFFF,0xFFFF,0xFFFF,0xFFFF,0xFFFF,0xFFFF,0xFFFF,0xFFFF,0xFFFF,
    0xFFFF,0xFFFF,0xFFFF,0xFFFF,0xFFFF,0xFFFF,0xFFFF,0xFFFF,0xFFFF,0xFFFF,0xFFFF,0xFFFF,
    0xFFFF,0xFFFF,0xFFFF,0xFFFF,0xFFFF,0xFFFF,0xFFFF,0xFFFF,0xFFFF,0xFFFF,0xFFFF,0xFFFF,
    0xFFFF,0xFFFF,0xFFFF,0xFFFF,0xFFFF,0xFFFF,0xFFFF,0xFFFF,0xFFFF,0xFFFF,0xFFFF,0xFFFF,
    0xFFFF,0xFFFF,0xFFFF,0xFFFF,0xFFFF,0xFFFF,0xFFFF,0xFFFF,0xFFFF,0xFFFF,0xFFFF,0xFFFF,
    0xFFFF,0xFFFF,0xFFFF,0xDFFF,0xFFFF,0xFFFF,0xDADE,0x4D7B,0xA238,0x2028,0x8238,0xA338,
    0x6230,0xA140,0xA271,0x04AB,0x04DC,0x24E4,0x02E4,0xE2DB,0xC3DB,0xC3DB,0xC2DB,0xC2DB,
    0xC2DB,0xE2DB,0x22E4,0x63E4,0xA3EC,0xA3EC,0xC3EC,0xC3EC,0xC2EC,0xC2EC,0xA2EC,0xA2EC,
    0xA2EC,0xA3EC,0xA3EC,0xA3EC,0xA3EC,0xA2EC,0xC3EC,0xA3EC,0xA3EC,0xC3EC,0xA3EC,0xA3EC,
    0xA2EC,0xA3EC,0xA3EC,0xA2EC,0xA3EC,0xA2EC,0xA2EC,0xA2EC,0xA2EC,0xA2EC,0xA2EC,0xA2EC,
    0xA2EC,0xA2EC,0xA2EC,0xA2EC,0xA2EC,0xA2EC,0xA2EC,0xC2EC,0xA2EC,0xA2EC,0xC2EC,0xA2EC,
    0xA2EC,0xA2EC,0xA2EC,0xA2EC,0xA2EC,0xA2EC,0xA2EC,0xC2EC,0xC3EC,0xC3EC,0xA3EC,0xA3EC,
    0x63E4,0x22DC,0xE2DB,0xC2DB,0xC2DB,0xC2DB,0xE2DB,0xE3DB,0xE2DB,0xE3DB,0xE3DB,0xE3DB,
    0xE3DB,0xE2DB,0xE2DB,0xC2DB,0xC2DB,0xE3DB,0x24E4,0xE4DB,0x04B3,0xA279,0xA148,0x6238,
    0xC348,0xA240,0x2130,0xC340,0x6D83,0xDBDE,0xFFFF,0xFFFF,0xDFFF,0xFFFF,0xFFFF,0xFFFF,
    0xFFFF,0xFFFF,0xFFFF,0xFFFF,0xFFFF,0xFFFF,0xFFFF,0xFFFF,0xFFFF,0xFFFF,0xFFFF,0xFFFF,
    0xFFFF,0xFFFF,0xFFFF,0xFFFF,0xFFFF,0xFFFF,0xFFFF,0xFFFF,0xFFFF,0xFFFF,0xFFFF,0xFFFF,
    0xFFFF,0xFFFF,0xFFFF,0xFFFF,0xFFFF,0xFFFF,0xFFFF,0xFFFF,0xFFFF,0xFFFF,0xFFFF,0xFFFF,
    0xFFFF,0xFFFF,0xFFFF,0xFFFF,0xFFFF,0xFFFF,0xFFFF,0xFFFF,0xFFFF,0xFFFF,0xFFFF,0xFFFF,
    0xFFFF,0xFFFF,0xFFFF,0xFFFF,0xFFFF,0xFFFF,0xFFFF,0xFFFF,0xFFFF,0xFFFF,0xFFFF,0xFFFF,
    0xFFFF,0xFFFF,0xFFFF,0xFFFF,0xFFFF,0xFFFF,0xFFFF,0xFFFF,0xFFFF,0xFFFF,0xFFFF,0xFFFF,
    0xFFFF,0xFFFF,0xFFFF,0xFFFF,0xFFFF,0xFFFF,0xFFFF,0xFFFF,0xFFFF,0xFFFF,0xFFFF,0xFFFF,
    0xFFFF,0xFFFF,0xFFFF,0xFFFF,0xFFFF,0xFFFF,0xFFFF,0xFFFF,0xFFFF,0xFFFF,0xFFFF,0xFFFF,
    0xFFFF,0xFFFF,0xFFFF,0xFFFF,0xFFFF,0xFFFF,0xFFFF,0xFFFF,0xFFFF,0xFFFF,0xFFFF,0xFFFF,
    0xFFFF,0xFFFF,0xFFFF,0xFFFF,0xFFFF,0xFFFF,0xFFFF,0xFFFF,0xFFFF,0xFFFF,0xFFFF,0xFFFF,
    0xFFFF,0xFFFF,0xFFFF,0xFFFF,0xFFFF,0xFFFF,0xFFFF,0xFFFF,0x9ADE,0x6D83,0xC338,0x2028,
    0xA240,0xE348,0xA240,0xA240,0x4261,0x839A,0xA4CB,0x24E4,0x23E4,0x02DC,0xC2DB,0xC2DB,
    0xE3DB,0xC3DB,0xC2DB,0xC2DB,0xE2DB,0x02DC,0x22E4,0x63E4,0x83EC,0xA3EC,0xA3EC,0xC3EC,
    0xC3EC,0xC2EC,0xC2EC,0xA2EC,0xA2EC,0xA2EC,0xA3EC,0xA3EC,0xA3EC,0xA3EC,0xA3EC,0xA3EC,
    0xA3EC,0xC3EC,0xA3EC,0xA3EC,0xA3EC,0xA3EC,0xA2EC,0xA2EC,0xA2EC,0xA2EC,0xA2EC,0xA2EC,
    0xA2EC,0xC2EC,0xA2EC,0xA2EC,0xA2EC,0xA2EC,0xA2EC,0xA2EC,0xA2EC,0xC2EC,0xC2EC,0xA2EC,
    0xC2EC,0xC2EC,0xC2EC,0xC3EC,0xC3EC,0xC3EC,0xA3EC,0xA3EC,0x63E4,0x23E4,0x02DC,0xE2DB,
    0xC2D3,0xC2D3,0xC3DB,0xE3DB,0xE3DB,0xE3DB,0xE3DB,0xE3DB,0xE3DB,0xE3DB,0xE3DB,0xE3DB,
    0xC2DB,0xC2DB,0xE3DB,0x03E4,0x04DC,0x84C3,0x6392,0x4261,0x8240,0x8240,0xC348,0xA240,
    0x4138,0xE340,0x8E8B,0xBADE,0xFFFF,0xFFFF,0xFFFF,0xFFFF,0xFFFF,0xFFFF,0xFFFF,0xFFFF,
    0xFFFF,0xFFFF,0xFFFF,0xFFFF,0xFFFF,0xFFFF,0xFFFF,0xFFFF,0xFFFF,0xFFFF,0xFFFF,0xFFFF,
    0xFFFF,0xFFFF,0xFFFF,0xFFFF,0xFFFF,0xFFFF,0xFFFF,0xFFFF,0xFFFF,0xFFFF,0xFFFF,0xFFFF,
    0xFFFF,0xFFFF,0xFFFF,0xFFFF,0xFFFF,0xFFFF,0xFFFF,0xFFFF,0xFFFF,0xFFFF,0xFFFF,0xFFFF,
    0xFFFF,0xFFFF,0xFFFF,0xFFFF,0xFFFF,0xFFFF,0xFFFF,0xFFFF,0xFFFF,0xFFFF,0xFFFF,0xFFFF,
    0xFFFF,0xFFFF,0xFFFF,0xFFFF,0xFFFF,0xFFFF,0xFFFF,0xFFFF,0xFFFF,0xFFFF,0xFFFF,0xFFFF,
    0xFFFF,0xFFFF,0xFFFF,0xFFFF,0xFFFF,0xFFFF,0xFFFF,0xFFFF,0xFFFF,0xFFFF,0xFFFF,0xFFFF,
    0xFFFF,0xFFFF,0xFFFF,0xFFFF,0xFFFF,0xFFFF,0xFFFF,0xFFFF,0xFFFF,0xFFFF,0xFFFF,0xFFFF,
    0xFFFF,0xFFFF,0xFFFF,0xFFFF,0xFFFF,0xFFFF,0xFFFF,0xFFFF,0xFFFF,0xFFFF,0xFFFF,0xFFFF,
    0xFFFF,0xFFFF,0xFFFF,0xFFFF,0xFFFF,0xFFFF,0xFFFF,0xFFFF,0xFFFF,0xFFFF,0xFFFF,0xFFFF,
    0xFFFF,0xFFFF,0xFFFF,0xFFFF,0xFFFF,0xFFFF,0xFFFF,0xFFFF,0xFFFF,0xFFFF,0xFFFF,0xFFFF,
    0xFFFF,0xFFFF,0xFFFF,0xFFFF,0xFFFF,0xFFFF,0xFFFF,0xFFFF,0xFFFF,0xFFFF,0xDBE6,0xCF8B,
    0x4549,0x2130,0x6238,0xE348,0xA340,0x8238,0xC248,0xA271,0xC4A2,0xA4CB,0x04E4,0x03E4,
    0xE2DB,0xC2DB,0xC2DB,0xE3DB,0xE3DB,0xC3DB,0xC2DB,0xC2DB,0xC2DB,0xE2DB,0x02DC,0x22E4,
    0x42E4,0x63E4,0x83EC,0xA3EC,0xC3EC,0xC3EC,0xC3EC,0xC3EC,0xC3EC,0xC3EC,0xC2EC,0xC2EC,
    0xC3EC,0xA2EC,0xA2EC,0xA2EC,0xA3EC,0xA2EC,0xA2EC,0xA2EC,0xA2EC,0xA2EC,0xA2EC,0xA2EC,
    0xA2EC,0xA2EC,0xA2EC,0xC2EC,0xA2EC,0xC2EC,0xC2EC,0xC2EC,0xC2EC,0xC3EC,0xC2EC,0xC3EC,
    0xC3EC,0xA3EC,0x83EC,0x63E4,0x42E4,0x22E4,0x02DC,0xE2DB,0xC2DB,0xC3DB,0xC3DB,0xC3DB,
    0xC3DB,0xC3DB,0xC3DB,0xE3DB,0xC3DB,0xE3DB,0xE3DB,0xE2DB,0xE3DB,0xC3DB,0xC2DB,0xE2DB,
    0x03E4,0x24E4,0xC4D3,0xE4AA,0xA279,0xA148,0x6238,0xA340,0xC340,0x6238,0x4130,0x4549,
    0xEF93,0xFBE6,0xFFFF,0xFFFF,0xFFFF,0xFFFF,0xFFFF,0xFFFF,0xFFFF,0xFFFF,0xFFFF,0xFFFF,
    0xFFFF,0xFFFF,0xFFFF,0xFFFF,0xFFFF,0xFFFF,0xFFFF,0xFFFF,0xFFFF,0xFFFF,0xFFFF,0xFFFF,
    0xFFFF,0xFFFF,0xFFFF,0xFFFF,0xFFFF,0xFFFF,0xFFFF,0xFFFF,0xFFFF,0xFFFF,0xFFFF,0xFFFF,
    0xFFFF,0xFFFF,0xFFFF,0xFFFF,0xFFFF,0xFFFF,0xFFFF,0xFFFF,0xFFFF,0xFFFF,0xFFFF,0xFFFF,
    0xFFFF,0xFFFF,0xFFFF,0xFFFF,0xFFFF,0xFFFF,0xFFFF,0xFFFF,0xFFFF,0xFFFF,0xFFFF,0xFFFF,
    0xFFFF,0xFFFF,0xFFFF,0xFFFF,0xFFFF,0xFFFF,0xFFFF,0xFFFF,0xFFFF,0xFFFF,0xFFFF,0xFFFF,
    0xFFFF,0xFFFF,0xFFFF,0xFFFF,0xFFFF,0xFFFF,0xFFFF,0xFFFF,0xFFFF,0xFFFF,0xFFFF,0xFFFF,
    0xFFFF,0xFFFF,0xFFFF,0xFFFF,0xFFFF,0xFFFF,0xFFFF,0xFFFF,0xFFFF,0xFFFF,0xFFFF,0xFFFF,
    0xFFFF,0xFFFF,0xFFFF,0xFFFF,0xFFFF,0xFFFF,0xFFFF,0xFFFF,0xFFFF,0xFFFF,0xFFFF,0xFFFF,
    0xFFFF,0xFFFF,0xFFFF,0xFFFF,0xFFFF,0xFFFF,0xFFFF,0xFFFF,0xFFFF,0xFFFF,0xFFFF,0xFFFF,
    0xFFFF,0xFFFF,0xFFFF,0xFFFF,0xFFFF,0xFFFF,0xFFFF,0xFFFF,0xFFFF,0xFFFF,0xFFFF,0xFFFF,
    0xFFFF,0xFFFF,0xFFFF,0xFFFF,0xFFFF,0xFFFF,0xFFFF,0xFFFF,0xFFFF,0xFFFF,0xFFFF,0xFFFF,
    0x7DEF,0x14AD,0x2862,0x8238,0x4138,0xA240,0xC340,0xA338,0x6138,0xE150,0xC379,0xE4AA,
    0xC4D3,0x24E4,0x03E4,0xE2DB,0xE2DB,0xC2DB,0xE3DB,0xE2DB,0xC3DB,0xC2DB,0xC2D3,0xC2D3,
    0xC2D3,0xC2D3,0xE2DB,0x02DC,0x03DC,0x22DC,0x42E4,0x63E4,0x83E4,0x83EC,0xA3EC,0xA3EC,
    0xA3EC,0xA3EC,0xA3EC,0xA3EC,0xC3EC,0xC3EC,0xC3EC,0xC3EC,0xA3EC,0xC3EC,0xC3EC,0xC3EC,
    0xA2EC,0xA2EC,0xA3EC,0xA2EC,0xA3EC,0xA3EC,0x83EC,0x82EC,0x62E4,0x63E4,0x22E4,0x22E4,
    0x02DC,0xE2DB,0xE2DB,0xE2DB,0xE2DB,0xE3DB,0xE3DB,0xE2DB,0xE3DB,0xE3DB,0xE3DB,0xE3DB,
    0xE3DB,0xE3DB,0xE3DB,0xE3D3,0xC3D3,0xC3D3,0xC2D3,0xE2DB,0x02E4,0x23E4,0x24E4,0xE4D3,
    0x04B3,0x0382,0x0259,0x8140,0x8240,0xA340,0xA240,0x4130,0x6130,0x2862,0x14B5,0x7DEF,
    0xFFFF,0xFFFF,0xFFFF,0xFFFF,0xFFFF,0xFFFF,0xFFFF,0xFFFF,0xFFFF,0xFFFF,0xFFFF,0xFFFF,
    0xFFFF,0xFFFF,0xFFFF,0xFFFF,0xFFFF,0xFFFF,0xFFFF,0xFFFF,0xFFFF,0xFFFF,0xFFFF,0xFFFF,
    0xFFFF,0xFFFF,0xFFFF,0xFFFF,0xFFFF,0xFFFF,0xFFFF,0xFFFF,0xFFFF,0xFFFF,0xFFFF,0xFFFF,
    0xFFFF,0xFFFF,0xFFFF,0xFFFF,0xFFFF,0xFFFF,0xFFFF,0xFFFF,0xFFFF,0xFFFF,0xFFFF,0xFFFF,
    0xFFFF,0xFFFF,0xFFFF,0xFFFF,0xFFFF,0xFFFF,0xFFFF,0xFFFF,0xFFFF,0xFFFF,0xFFFF,0xFFFF,
    0xFFFF,0xFFFF,0xFFFF,0xFFFF,0xFFFF,0xFFFF,0xFFFF,0xFFFF,0xFFFF,0xFFFF,0xFFFF,0xFFFF,
    0xFFFF,0xFFFF,0xFFFF,0xFFFF,0xFFFF,0xFFFF,0xFFFF,0xFFFF,0xFFFF,0xFFFF,0xFFFF,0xFFFF,
    0xFFFF,0xFFFF,0xFFFF,0xFFFF,0xFFFF,0xFFFF,0xFFFF,0xFFFF,0xFFFF,0xFFFF,0xFFFF,0xFFFF,
    0xFFFF,0xFFFF,0xFFFF,0xFFFF,0xFFFF,0xFFFF,0xFFFF,0xFFFF,0xFFFF,0xFFFF,0xFFFF,0xFFFF,
    0xFFFF,0xFFFF,0xFFFF,0xFFFF,0xFFFF,0xFFFF,0xFFFF,0xFFFF,0xFFFF,0xFFFF,0xFFFF,0xFFFF,
    0xFFFF,0xFFFF,0xFFFF,0xFFFF,0xFFFF,0xFFFF,0xFFFF,0xFFFF,0xFFFF,0xFFFF,0xFFFF,0xFFFF,
    0xFFFF,0xFFFF,0xFFFF,0xFFFF,0xFFFF,0xFFFF,0xFFFF,0xFFFF,0xFFFF,0xFFFF,0xFFFF,0xFFFF,
    0xFFFF,0xFFFF,0xFFFF,0x38CE,0x8D83,0x4449,0x4130,0x4138,0xA240,0xC340,0x8240,0x8140,
    0x0259,0xE379,0xE3AA,0xA4CB,0x04DC,0x23E4,0x03E4,0xE2DB,0xC2D3,0xC2D3,0xC2D3,0xC2D3,
    0xC3DB,0xE3DB,0xC3D3,0xC2DB,0xC2D3,0xE2D3,0xE2DB,0xE2DB,0xE2DB,0xE2DB,0xE2DB,0xE2DB,
    0x02DC,0x02DC,0x02DC,0x02DC,0x02DC,0x02DC,0x02DC,0x02DC,0x02DC,0x02DC,0x02DC,0x02DC,
    0x02DC,0x02DC,0x02DC,0xE2DB,0xE2DB,0xE2DB,0xE2DB,0xE2DB,0xE2DB,0xC2DB,0xE2DB,0xE3DB,
    0xE3DB,0xE3DB,0xE3DB,0xE3DB,0xE3DB,0xE3DB,0xE3DB,0xE3DB,0xE3DB,0xE2DB,0xE3DB,0xE3DB,
    0xC3DB,0xC3D3,0xC3D3,0xC3D3,0xE3DB,0x03DC,0x03DC,0x04DC,0x84CB,0xE3AA,0xE381,0x0259,
    0xA140,0x8240,0xC340,0xA240,0x4138,0x4130,0x2441,0x4D83,0x18CE,0xFFFF,0xFFFF,0xFFFF,
    0xFFFF,0xFFFF,0xFFFF,0xFFFF,0xFFFF,0xFFFF,0xFFFF,0xFFFF,0xFFFF,0xFFFF,0xFFFF,0xFFFF,
    0xFFFF,0xFFFF,0xFFFF,0xFFFF,0xFFFF,0xFFFF,0xFFFF,0xFFFF,0xFFFF,0xFFFF,0xFFFF,0xFFFF,
    0xFFFF,0xFFFF,0xFFFF,0xFFFF,0xFFFF,0xFFFF,0xFFFF,0xFFFF,0xFFFF,0xFFFF,0xFFFF,0xFFFF,
    0xFFFF,0xFFFF,0xFFFF,0xFFFF,0xFFFF,0xFFFF,0xFFFF,0xFFFF,0xFFFF,0xFFFF,0xFFFF,0xFFFF,
    0xFFFF,0xFFFF,0xFFFF,0xFFFF,0xFFFF,0xFFFF,0xFFFF,0xFFFF,0xFFFF,0xFFFF,0xFFFF,0xFFFF,
    0xFFFF,0xFFFF,0xFFFF,0xFFFF,0xFFFF,0xFFFF,0xFFFF,0xFFFF,0xFFFF,0xFFFF,0xFFFF,0xFFFF,
    0xFFFF,0xFFFF,0xFFFF,0xFFFF,0xFFFF,0xFFFF,0xFFFF,0xFFFF,0xFFFF,0xFFFF,0xFFFF,0xFFFF,
    0xFFFF,0xFFFF,0xFFFF,0xFFFF,0xFFFF,0xFFFF,0xFFFF,0xFFFF,0xFFFF,0xFFFF,0xFFFF,0xFFFF,
    0xFFFF,0xFFFF,0xFFFF,0xFFFF,0xFFFF,0xFFFF,0xFFFF,0xFFFF,0xFFFF,0xFFFF,0xFFFF,0xFFFF,
    0xFFFF,0xFFFF,0xFFFF,0xFFFF,0xFFFF,0xFFFF,0xFFFF,0xFFFF,0xFFFF,0xFFFF,0xFFFF,0xFFFF,
    0xFFFF,0xFFFF,0xFFFF,0xFFFF,0xFFFF,0xFFFF,0xFFFF,0xFFFF,0xFFFF,0xFFFF,0xFFFF,0xFFFF,
    0xFFFF,0xFFFF,0xFFFF,0xFFFF,0xFFFF,0xFFFF,0xFFFF,0xFFFF,0xFFFF,0xFFFF,0xFFFF,0xFFFF,
    0xFFFF,0xFFFF,0xFFFF,0xFFFF,0xFFFF,0x7DEF,0x54B5,0xCB72,0xE340,0x4130,0x6138,0xA348,
    0xC348,0xA248,0xA240,0xE250,0x8271,0x6392,0x24B3,0xA4CB,0xE4DB,0x03DC,0xE3DB,0xC2DB,
    0xC2D3,0xC2D3,0xC2D3,0xC2D3,0xC2D3,0xE3DB,0xE3DB,0xE3DB,0xE3DB,0xE3DB,0xE3DB,0xE3DB,
    0xE3DB,0xE3DB,0xE3DB,0xE3DB,0xC2DB,0xC2DB,0xC2DB,0xC2DB,0xC2DB,0xE2DB,0xC2D3,0xC2D3,
    0xC2DB,0xC2DB,0xC2DB,0xC3DB,0xC3DB,0xC3DB,0xE3DB,0xE3DB,0xE3DB,0xE3DB,0xE3DB,0xE3DB,
    0xE3DB,0xE3DB,0xE3DB,0xE3DB,0xE3DB,0xE3DB,0xE3DB,0xE3DB,0xC3DB,0xC2DB,0xC2DB,0xC2DB,
    0xE3DB,0x03DC,0x03DC,0x04DC,0xA4CB,0x24B3,0x438A,0x6269,0xC148,0x8238,0x8238,0xC340,
    0xC348,0x6138,0x4130,0xE340,0xCB72,0x34B5,0x5DEF,0xFFFF,0xFFFF,0xFFFF,0xFFFF,0xFFFF,
    0xFFFF,0xFFFF,0xFFFF,0xFFFF,0xFFFF,0xFFFF,0xFFFF,0xFFFF,0xFFFF,0xFFFF,0xFFFF,0xFFFF,
    0xFFFF,0xFFFF,0xFFFF,0xFFFF,0xFFFF,0xFFFF,0xFFFF,0xFFFF,0xFFFF,0xFFFF,0xFFFF,0xFFFF,
    0xFFFF,0xFFFF,0xFFFF,0xFFFF,0xFFFF,0xFFFF,0xFFFF,0xFFFF,0xFFFF,0xFFFF,0xFFFF,0xFFFF,
    0xFFFF,0xFFFF,0xFFFF,0xFFFF,0xFFFF,0xFFFF,0xFFFF,0xFFFF,0xFFFF,0xFFFF,0xFFFF,0xFFFF,
    0xFFFF,0xFFFF,0xFFFF,0xFFFF,0xFFFF,0xFFFF,0xFFFF,0xFFFF,0xFFFF,0xFFFF,0xFFFF,0xFFFF,
    0xFFFF,0xFFFF,0xFFFF,0xFFFF,0xFFFF,0xFFFF,0xFFFF,0xFFFF,0xFFFF,0xFFFF,0xFFFF,0xFFFF,
    0xFFFF,0xFFFF,0xFFFF,0xFFFF,0xFFFF,0xFFFF,0xFFFF,0xFFFF,0xFFFF,0xFFFF,0xFFFF,0xFFFF,
    0xFFFF,0xFFFF,0xFFFF,0xFFFF,0xFFFF,0xFFFF,0xFFFF,0xFFFF,0xFFFF,0xFFFF,0xFFFF,0xFFFF,
    0xFFFF,0xFFFF,0xFFFF,0xFFFF,0xFFFF,0xFFFF,0xFFFF,0xFFFF,0xFFFF,0xFFFF,0xFFFF,0xFFFF,
    0xFFFF,0xFFFF,0xFFFF,0xFFFF,0xFFFF,0xFFFF,0xFFFF,0xFFFF,0xFFFF,0xFFFF,0xFFFF,0xFFFF,
    0xFFFF,0xFFFF,0xFFFF,0xFFFF,0xFFFF,0xFFFF,0xFFFF,0xFFFF,0xFFFF,0xFFFF,0xFFFF,0xFFFF,
    0xFFFF,0xFFFF,0xFFFF,0xFFFF,0xFFFF,0xFFFF,0xFFFF,0xFFFF,0xFFFF,0xFFFF,0xFFFF,0xFFFF,
    0xFFFF,0xFFFF,0xFFFF,0xFFFF,0xFFFF,0xFFFF,0xFFFF,0xFFFF,0x1CE7,0xF3AC,0xAA6A,0xE340,
    0x4138,0x4138,0xA240,0xC348,0xA340,0x8238,0x8138,0xE250,0x8269,0x438A,0x04AB,0x84C3,
    0xE4D3,0x24DC,0x23E4,0x03E4,0x03DC,0xE2DB,0xE2DB,0xE2DB,0xE2DB,0xE3DB,0xE3DB,0xE3DB,
    0xE3DB,0xE3DB,0xE3DB,0xE3DB,0xE2DB,0xE3DB,0xE3DB,0xE3DB,0xE2DB,0xE2DB,0xE2DB,0xE2DB,
    0xE3DB,0xE2DB,0xE2DB,0xC3DB,0xE3DB,0xE2DB,0xE3DB,0xE2DB,0xE3DB,0xE3DB,0xE3DB,0xE3DB,
    0xE3DB,0xE3DB,0xE2DB,0xC2DB,0xC2DB,0xE2DB,0xE2DB,0xE3E3,0x03E4,0x23E4,0x24E4,0x24DC,
    0xC4CB,0x24B3,0x6392,0x8269,0xE150,0x8138,0x6238,0x8238,0xA338,0x8238,0x4130,0x2130,
    0xE348,0x8A72,0xF3AC,0x1CE7,0xFFFF,0xFFFF,0xFFFF,0xFFFF,0xFFFF,0xFFFF,0xFFFF,0xFFFF,
    0xFFFF,0xFFFF,0xFFFF,0xFFFF,0xFFFF,0xFFFF,0xFFFF,0xFFFF,0xFFFF,0xFFFF,0xFFFF,0xFFFF,
    0xFFFF,0xFFFF,0xFFFF,0xFFFF,0xFFFF,0xFFFF,0xFFFF,0xFFFF,0xFFFF,0xFFFF,0xFFFF,0xFFFF,
    0xFFFF,0xFFFF,0xFFFF,0xFFFF,0xFFFF,0xFFFF,0xFFFF,0xFFFF,0xFFFF,0xFFFF,0xFFFF,0xFFFF,
    0xFFFF,0xFFFF,0xFFFF,0xFFFF,0xFFFF,0xFFFF,0xFFFF,0xFFFF,0xFFFF,0xFFFF,0xFFFF,0xFFFF,
    0xFFFF,0xFFFF,0xFFFF,0xFFFF,0xFFFF,0xFFFF,0xFFFF,0xFFFF,0xFFFF,0xFFFF,0xFFFF,0xFFFF,
    0xFFFF,0xFFFF,0xFFFF,0xFFFF,0xFFFF,0xFFFF,0xFFFF,0xFFFF,0xFFFF,0xFFFF,0xFFFF,0xFFFF,
    0xFFFF,0xFFFF,0xFFFF,0xFFFF,0xFFFF,0xFFFF,0xFFFF,0xFFFF,0xFFFF,0xFFFF,0xFFFF,0xFFFF,
    0xFFFF,0xFFFF,0xFFFF,0xFFFF,0xFFFF,0xFFFF,0xFFFF,0xFFFF,0xFFFF,0xFFFF,0xFFFF,0xFFFF,
    0xFFFF,0xFFFF,0xFFFF,0xFFFF,0xFFFF,0xFFFF,0xFFFF,0xFFFF,0xFFFF,0xFFFF,0xFFFF,0xFFFF,
    0xFFFF,0xFFFF,0xFFFF,0xFFFF,0xFFFF,0xFFFF,0xFFFF,0xFFFF,0xFFFF,0xFFFF,0xFFFF,0xFFFF,
    0xFFFF,0xFFFF,0xFFFF,0xFFFF,0xFFFF,0xFFFF,0xFFFF,0xFFFF,0xFFFF,0xFFFF,0xFFFF,0xFFFF,
    0xFFFF,0xFFFF,0xFFFF,0xFFFF,0xFFFF,0xFFFF,0xFFFF,0xFFFF,0xFFFF,0xFFFF,0xFFFF,0xFFFF,
    0xFFFF,0xFFFF,0xFFFF,0xFFFF,0xFFFF,0xFFFF,0xFFFF,0xFFFF,0xFFFF,0xFFFF,0xFFFF,0x1CE7,
    0x34B5,0x0C7B,0x4549,0x4130,0x4130,0x6238,0xA338,0xA338,0x8238,0x8238,0xA240,0xE248,
    0x6261,0x0382,0xA39A,0x44BB,0xC4CB,0x05DC,0x24E4,0x24E4,0x23E4,0x23E4,0x03E4,0x02E4,
    0x02DC,0xE2DB,0xE2DB,0xE2DB,0xE2DB,0xE2DB,0xE2DB,0xE2DB,0xE2DB,0xE2DB,0xE2DB,0xE2DB,
    0xE2DB,0xE2DB,0xE2DB,0xE2DB,0xC2DB,0xE2DB,0xC2DB,0xC2DB,0xE2DB,0xE2DB,0xE2DB,0xE2DB,
    0x03E4,0x03E4,0x23E4,0x23E4,0x44E4,0x24E4,0x25DC,0xE5D3,0x64C3,0xC3AA,0x238A,0x8271,
    0x0151,0xA240,0x8238,0xA238,0xA338,0xA338,0x8238,0x2130,0x4130,0x2441,0xCB72,0xF3AC,
    0xDBE6,0xFFFF,0xFFFF,0xFFFF,0xFFFF,0xFFFF,0xFFFF,0xFFFF,0xFFFF,0xFFFF,0xFFFF,0xFFFF,
    0xFFFF,0xFFFF,0xFFFF,0xFFFF,0xFFFF,0xFFFF,0xFFFF,0xFFFF,0xFFFF,0xFFFF,0xFFFF,0xFFFF,
    0xFFFF,0xFFFF,0xFFFF,0xFFFF,0xFFFF,0xFFFF,0xFFFF,0xFFFF,0xFFFF,0xFFFF,0xFFFF,0xFFFF,
    0xFFFF,0xFFFF,0xFFFF,0xFFFF,0xFFFF,0xFFFF,0xFFFF,0xFFFF,0xFFFF,0xFFFF,0xFFFF,0xFFFF,
    0xFFFF,0xFFFF,0xFFFF,0xFFFF,0xFFFF,0xFFFF,0xFFFF,0xFFFF,0xFFFF,0xFFFF,0xFFFF,0xFFFF,
    0xFFFF,0xFFFF,0xFFFF,0xFFFF,0xFFFF,0xFFFF,0xFFFF,0xFFFF,0xFFFF,0xFFFF,0xFFFF,0xFFFF,
    0xFFFF,0xFFFF,0xFFFF,0xFFFF,0xFFFF,0xFFFF,0xFFFF,0xFFFF,0xFFFF,0xFFFF,0xFFFF,0xFFFF,
    0xFFFF,0xFFFF,0xFFFF,0xFFFF,0xFFFF,0xFFFF,0xFFFF,0xFFFF,0xFFFF,0xFFFF,0xFFFF,0xFFFF,
    0xFFFF,0xFFFF,0xFFFF,0xFFFF,0xFFFF,0xFFFF,0xFFFF,0xFFFF,0xFFFF,0xFFFF,0xFFFF,0xFFFF,
    0xFFFF,0xFFFF,0xFFFF,0xFFFF,0xFFFF,0xFFFF,0xFFFF,0xFFFF,0xFFFF,0xFFFF,0xFFFF,0xFFFF,
    0xFFFF,0xFFFF,0xFFFF,0xFFFF,0xFFFF,0xFFFF,0xFFFF,0xFFFF,0xFFFF,0xFFFF,0xFFFF,0xFFFF,
    0xFFFF,0xFFFF,0xFFFF,0xFFFF,0xFFFF,0xFFFF,0xFFFF,0xFFFF,0xFFFF,0xFFFF,0xFFFF,0xFFFF,
    0xFFFF,0xFFFF,0xFFFF,0xFFFF,0xFFFF,0xFFFF,0xFFFF,0xFFFF,0xFFFF,0xFFFF,0xFFFF,0xFFFF,
    0xFFFF,0xFFFF,0xFFFF,0xFFFF,0xFFFF,0xFFFF,0xFFFF,0xFFFF,0xFFFF,0xFFFF,0xFFFF,0xFFFF,
    0xFFFF,0xFFFF,0x7DF7,0xB6C5,0xAE8B,0xE759,0xA338,0x2130,0x2030,0x6138,0x8238,0xA240,
    0xA338,0x8240,0x8240,0xA248,0xE250,0x2261,0xA271,0x038A,0x839A,0xE4AA,0x44BB,0x84C3,
    0xA4CB,0xE4D3,0x04DC,0x04DC,0x23E4,0x23E4,0x23E4,0x23E4,0x23E4,0x23E4,0x23E4,0x23E4,
    0x23E4,0x23E4,0x23E4,0x23E4,0x23E4,0x23E4,0x23E4,0x24E4,0x24DC,0x04DC,0xE4DB,0xC4D3,
    0xA4CB,0x64BB,0x04B3,0xA3A2,0x238A,0xC279,0x6269,0xE258,0xA248,0x8240,0x8240,0xA340,
    0xC340,0xA340,0x8238,0x2130,0x2130,0xA338,0xE759,0x8E8B,0x96BD,0x5DEF,0xFFFF,0xFFFF,
    0xFFFF,0xFFFF,0xDFFF,0xFFFF,0xFFFF,0xFFFF,0xFFFF,0xFFFF,0xFFFF,0xFFFF,0xFFFF,0xFFFF,
    0xFFFF,0xFFFF,0xFFFF,0xFFFF,0xFFFF,0xFFFF,0xFFFF,0xFFFF,0xFFFF,0xFFFF,0xFFFF,0xFFFF,
    0xFFFF,0xFFFF,0xFFFF,0xFFFF,0xFFFF,0xFFFF,0xFFFF,0xFFFF,0xFFFF,0xFFFF,0xFFFF,0xFFFF,
    0xFFFF,0xFFFF,0xFFFF,0xFFFF,0xFFFF,0xFFFF,0xFFFF,0xFFFF,0xFFFF,0xFFFF,0xFFFF,0xFFFF,
    0xFFFF,0xFFFF,0xFFFF,0xFFFF,0xFFFF,0xFFFF,0xFFFF,0xFFFF,0xFFFF,0xFFFF,0xFFFF,0xFFFF,
    0xFFFF,0xFFFF,0xFFFF,0xFFFF,0xFFFF,0xFFFF,0xFFFF,0xFFFF,0xFFFF,0xFFFF,0xFFFF,0xFFFF,
    0xFFFF,0xFFFF,0xFFFF,0xFFFF,0xFFFF,0xFFFF,0xFFFF,0xFFFF,0xFFFF,0xFFFF,0xFFFF,0xFFFF,
    0xFFFF,0xFFFF,0xFFFF,0xFFFF,0xFFFF,0xFFFF,0xFFFF,0xFFFF,0xFFFF,0xFFFF,0xFFFF,0xFFFF,
    0xFFFF,0xFFFF,0xFFFF,0xFFFF,0xFFFF,0xFFFF,0xFFFF,0xFFFF,0xFFFF,0xFFFF,0xFFFF,0xFFFF,
    0xFFFF,0xFFFF,0xFFFF,0xFFFF,0xFFFF,0xFFFF,0xFFFF,0xFFFF,0xFFFF,0xFFFF,0xFFFF,0xFFFF,
    0xFFFF,0xFFFF,0xFFFF,0xFFFF,0xFFFF,0xFFFF,0xFFFF,0xFFFF,0xFFFF,0xFFFF,0xFFFF,0xFFFF,
    0xFFFF,0xFFFF,0xFFFF,0xFFFF,0xFFFF,0xFFFF,0xFFFF,0xFFFF,0xFFFF,0xFFFF,0xFFFF,0xFFFF,
    0xFFFF,0xFFFF,0xFFFF,0xFFFF,0xFFFF,0xFFFF,0xFFFF,0xFFFF,0xFFFF,0xFFFF,0xFFFF,0xFFFF,
    0xFFFF,0xFFFF,0xFFFF,0xFFFF,0xFFFF,0xFFFF,0xFFFF,0xFFFF,0xFFFF,0xFFFF,0xFFFF,0xFFFF,
    0xFFFF,0xDFFF,0xFFFF,0xFFFF,0xFFFF,0xFFFF,0xDBE6,0x54B5,0x8E8B,0x0862,0xE340,0x6130,
    0x4130,0x4138,0x8240,0xA240,0xA348,0xC340,0xA340,0xA240,0x8240,0x8240,0x8240,0xA148,
    0xE250,0x0259,0x4261,0x8269,0xC271,0xE379,0x238A,0x438A,0x6392,0x839A,0xA39A,0xA3A2,
    0xC3A2,0xA39A,0xA39A,0x8392,0x6392,0x238A,0x0382,0xC279,0x8271,0x4261,0x2259,0xE250,
    0xC148,0xA140,0x8240,0x8240,0x8240,0xA340,0xA340,0xA340,0xA240,0x8240,0x4138,0x4130,
    0x6238,0x0441,0x0862,0xAE8B,0x55B5,0xDBE6,0xFFFF,0xFFFF,0xFFFF,0xFFFF,0xFFFF,0xFFFF,
    0xFFFF,0xFFFF,0xFFFF,0xFFFF,0xFFFF,0xFFFF,0xFFFF,0xFFFF,0xFFFF,0xFFFF,0xFFFF,0xFFFF,
    0xFFFF,0xFFFF,0xFFFF,0xFFFF,0xFFFF,0xFFFF,0xFFFF,0xFFFF,0xFFFF,0xFFFF,0xFFFF,0xFFFF,
    0xFFFF,0xFFFF,0xFFFF,0xFFFF,0xFFFF,0xFFFF,0xFFFF,0xFFFF,0xFFFF,0xFFFF,0xFFFF,0xFFFF,
    0xFFFF,0xFFFF,0xFFFF,0xFFFF,0xFFFF,0xFFFF,0xFFFF,0xFFFF,0xFFFF,0xFFFF,0xFFFF,0xFFFF,
    0xFFFF,0xFFFF,0xFFFF,0xFFFF,0xFFFF,0xFFFF,0xFFFF,0xFFFF,0xFFFF,0xFFFF,0xFFFF,0xFFFF,
    0xFFFF,0xFFFF,0xFFFF,0xFFFF,0xFFFF,0xFFFF,0xFFFF,0xFFFF,0xFFFF,0xFFFF,0xFFFF,0xFFFF,
    0xFFFF,0xFFFF,0xFFFF,0xFFFF,0xFFFF,0xFFFF,0xFFFF,0xFFFF,0xFFFF,0xFFFF,0xFFFF,0xFFFF,
    0xFFFF,0xFFFF,0xFFFF,0xFFFF,0xFFFF,0xFFFF,0xFFFF,0xFFFF,0xFFFF,0xFFFF,0xFFFF,0xFFFF,
    0xFFFF,0xFFFF,0xFFFF,0xFFFF,0xFFFF,0xFFFF,0xFFFF,0xFFFF,0xFFFF,0xFFFF,0xFFFF,0xFFFF,
    0xFFFF,0xFFFF,0xFFFF,0xFFFF,0xFFFF,0xFFFF,0xFFFF,0xFFFF,0xFFFF,0xFFFF,0xFFFF,0xFFFF,
    0xFFFF,0xFFFF,0xFFFF,0xFFFF,0xFFFF,0xFFFF,0xFFFF,0xFFFF,0xFFFF,0xFFFF,0xFFFF,0xFFFF,
    0xFFFF,0xFFFF,0xFFFF,0xFFFF,0xFFFF,0xFFFF,0xFFFF,0xFFFF,0xFFFF,0xFFFF,0xFFFF,0xFFFF,
    0xFFFF,0xFFFF,0xFFFF,0xFFFF,0xFFFF,0xFFFF,0xFFFF,0xFFFF,0xFFFF,0xFFFF,0xFFFF,0xFFFF,
    0xFFFF,0xFFFF,0xFFFF,0xFFFF,0xFFFF,0xFFFF,0xFFFF,0xFFFF,0xFFFF,0xFFFF,0xFFFF,0xFFFF,
    0xFFFF,0xFFFF,0xFFFF,0xFFFF,0xFFFF,0xFFFF,0xFFFF,0xFFFF,0xFFFF,0xFFFF,0x3CEF,0x17CE,
    0xB2A4,0x4D83,0x2862,0x4449,0xA238,0x4138,0x4138,0x6138,0x6238,0x8240,0xA340,0xA340,
    0xA340,0xA338,0xA338,0x8338,0x8338,0x8238,0x8238,0x8238,0x8238,0x8238,0x8240,0x8240,
    0x8240,0x8238,0x8238,0x8238,0x8238,0x8238,0x8238,0x8238,0x8338,0xA338,0xA340,0xA340,
    0xA340,0x8340,0x8240,0x6238,0x6138,0x4130,0x4138,0xA238,0x2449,0x0862,0x4D83,0xB2A4,
    0xF7CD,0x1CE7,0xFFFF,0xFFFF,0xFFFF,0xFFFF,0xFFFF,0xFFFF,0xFFFF,0xFFFF,0xFFFF,0xFFFF,
    0xFFFF,0xFFFF,0xFFFF,0xFFFF,0xFFFF,0xFFFF,0xFFFF,0xFFFF,0xFFFF,0xFFFF,0xFFFF,0xFFFF,
    0xFFFF,0xFFFF,0xFFFF,0xFFFF,0xFFFF,0xFFFF,0xFFFF,0xFFFF,0xFFFF,0xFFFF,0xFFFF,0xFFFF,
    0xFFFF,0xFFFF,0xFFFF,0xFFFF,0xFFFF,0xFFFF,0xFFFF,0xFFFF,0xFFFF,0xFFFF,0xFFFF,0xFFFF,
    0xFFFF,0xFFFF,0xFFFF,0xFFFF,0xFFFF,0xFFFF,0xFFFF,0xFFFF,0xFFFF,0xFFFF,0xFFFF,0xFFFF,
    0xFFFF,0xFFFF,0xFFFF,0xFFFF,0xFFFF,0xFFFF,0xFFFF,0xFFFF,0xFFFF,0xFFFF,0xFFFF,0xFFFF,
    0xFFFF,0xFFFF,0xFFFF,0xFFFF,0xFFFF,0xFFFF,0xFFFF,0xFFFF,0xFFFF,0xFFFF,0xFFFF,0xFFFF,
    0xFFFF,0xFFFF,0xFFFF,0xFFFF,0xFFFF,0xFFFF,0xFFFF,0xFFFF,0xFFFF,0xFFFF,0xFFFF,0xFFFF,
    0xFFFF,0xFFFF,0xFFFF,0xFFFF,0xFFFF,0xFFFF,0xFFFF,0xFFFF,0xFFFF,0xFFFF,0xFFFF,0xFFFF,
    0xFFFF,0xFFFF,0xFFFF,0xFFFF,0xFFFF,0xFFFF,0xFFFF,0xFFFF,0xFFFF,0xFFFF,0xFFFF,0xFFFF,
    0xFFFF,0xFFFF,0xFFFF,0xFFFF,0xFFFF,0xFFFF,0xFFFF,0xFFFF,0xFFFF,0xFFFF,0xFFFF,0xFFFF,
    0xFFFF,0xFFFF,0xFFFF,0xFFFF,0xFFFF,0xFFFF,0xFFFF,0xFFFF,0xFFFF,0xFFFF,0xFFFF,0xFFFF,
    0xFFFF,0xFFFF,0xFFFF,0xFFFF,0xFFFF,0xFFFF,0xFFFF,0xFFFF,0xFFFF,0xFFFF,0xFFFF,0xFFFF,
    0xFFFF,0xFFFF,0xFFFF,0xFFFF,0xFFFF,0xFFFF,0xFFFF,0xFFFF,0xFFFF,0xFFFF,0xFFFF,0xFFFF,
    0xFFFF,0xFFFF,0xFFFF,0xFFFF,0xFFFF,0xFFFF,0xFFFF,0xFFFF,0xFFFF,0xFFFF,0xFFFF,0xFFFF,
    0xFFFF,0xFFFF,0xFFFF,0xFFFF,0xFFFF,0xFFFF,0xFFFF,0xDFFF,0xDFFF,0xFFFF,0xFFFF,0xFFFF,
    0xFFFF,0xFFFF,0xFFFF,0x7DEF,0x79D6,0x55BD,0x309C,0x0C7B,0x2862,0x8651,0x0441,0xA238,
    0x6238,0x4130,0x2130,0x2130,0x2130,0x2130,0x4130,0x4138,0x4138,0x6138,0x6138,0x6138,
    0x6138,0x6138,0x4138,0x4138,0x4130,0x4130,0x2130,0x2130,0x2130,0x2130,0x2130,0x6130,
    0xA238,0xE440,0x8651,0x4962,0x0C7B,0x309C,0x55BD,0x59D6,0x5DEF,0xFFFF,0xFFFF,0xFFFF,
    0xFFFF,0xFFFF,0xFFFF,0xFFFF,0xDFFF,0xFFFF,0xFFFF,0xFFFF,0xFFFF,0xFFFF,0xFFFF,0xFFFF,
    0xFFFF,0xFFFF,0xFFFF,0xFFFF,0xFFFF,0xFFFF,0xFFFF,0xFFFF,0xFFFF,0xFFFF,0xFFFF,0xFFFF,
    0xFFFF,0xFFFF,0xFFFF,0xFFFF,0xFFFF,0xFFFF,0xFFFF,0xFFFF,0xFFFF,0xFFFF,0xFFFF,0xFFFF,
    0xFFFF,0xFFFF,0xFFFF,0xFFFF,0xFFFF,0xFFFF,0xFFFF,0xFFFF,0xFFFF,0xFFFF,0xFFFF,0xFFFF,
    0xFFFF,0xFFFF,0xFFFF,0xFFFF,0xFFFF,0xFFFF,0xFFFF,0xFFFF,0xFFFF,0xFFFF,0xFFFF,0xFFFF,
    0xFFFF,0xFFFF,0xFFFF,0xFFFF,0xFFFF,0xFFFF,0xFFFF,0xFFFF,0xFFFF,0xFFFF,0xFFFF,0xFFFF,
    0xFFFF,0xFFFF,0xFFFF,0xFFFF,0xFFFF,0xFFFF,0xFFFF,0xFFFF,0xFFFF,0xFFFF,0xFFFF,0xFFFF,
    0xFFFF,0xFFFF,0xFFFF,0xFFFF,0xFFFF,0xFFFF,0xFFFF,0xFFFF,0xFFFF,0xFFFF,0xFFFF,0xFFFF,
    0xFFFF,0xFFFF,0xFFFF,0xFFFF,0xFFFF,0xFFFF,0xFFFF,0xFFFF,0xFFFF,0xFFFF,0xFFFF,0xFFFF,
    0xFFFF,0xFFFF,0xFFFF,0xFFFF,0xFFFF,0xFFFF,0xFFFF,0xFFFF,0xFFFF,0xFFFF,0xFFFF,0xFFFF,
    0xFFFF,0xFFFF,0xFFFF,0xFFFF,0xFFFF,0xFFFF,0xFFFF,0xFFFF,0xFFFF,0xFFFF,0xFFFF,0xFFFF,
    0xFFFF,0xFFFF,0xFFFF,0xFFFF,0xFFFF,0xFFFF,0xFFFF,0xFFFF,0xFFFF,0xFFFF,0xFFFF,0xFFFF,
    0xFFFF,0xFFFF,0xFFFF,0xFFFF,0xFFFF,0xFFFF,0xFFFF,0xFFFF,0xFFFF,0xFFFF,0xFFFF,0xFFFF,
    0xFFFF,0xFFFF,0xFFFF,0xFFFF,0xFFFF,0xFFFF,0xFFFF,0xFFFF,0xFFFF,0xFFFF,0xFFFF,0xFFFF,
    0xFFFF,0xFFFF,0xFFFF,0xFFFF,0xFFFF,0xFFFF,0xFFFF,0xFFFF,0xFFFF,0xFFFF,0xFFFF,0xFFFF,
    0xFFFF,0xFFFF,0xFFFF,0xFFFF,0xFFFF,0xFFFF,0xFFFF,0xFFFF,0xFFFF,0xFFFF,0xFFFF,0xFFFF,
    0xFFFF,0xFFFF,0xFFFF,0xFFFF,0xFFFF,0xFFFF,0xFFFF,0xFFFF,0xFFFF,0xBEF7,0x3CEF,0xDBE6,
    0x38D6,0xB6C5,0x14B5,0xB2A4,0x309C,0xCF93,0x8D8B,0x2C7B,0xEB72,0xCA72,0xAA72,0x8A72,
    0x8A72,0xAA72,0xAA72,0xCB72,0x0C7B,0x4D83,0xAE8B,0x109C,0x71A4,0xF3AC,0x55BD,0x17CE,
    0xBADE,0x3CEF,0xBEF7,0xFFFF,0xFFFF,0xFFFF,0xFFFF,0xFFFF,0xFFFF,0xFFFF,0xFFFF,0xDFFF,
    0xFFFF,0xFFFF,0xFFFF,0xFFFF,0xFFFF,0xFFFF,0xFFFF,0xFFFF,0xFFFF,0xFFFF,0xFFFF,0xFFFF,
    0xFFFF,0xFFFF,0xFFFF,0xFFFF,0xFFFF,0xFFFF,0xFFFF,0xFFFF,0xFFFF,0xFFFF,0xFFFF,0xFFFF,
    0xFFFF,0xFFFF,0xFFFF,0xFFFF,0xFFFF,0xFFFF,0xFFFF,0xFFFF,0xFFFF,0xFFFF,0xFFFF,0xFFFF,
    0xFFFF,0xFFFF,0xFFFF,0xFFFF,0xFFFF,0xFFFF,0xFFFF,0xFFFF,0xFFFF,0xFFFF,0xFFFF,0xFFFF,
    0xFFFF,0xFFFF,0xFFFF,0xFFFF,0xFFFF,0xFFFF,0xFFFF,0xFFFF,0xFFFF,0xFFFF,0xFFFF,0xFFFF,
    0xFFFF,0xFFFF,0xFFFF,0xFFFF,0xFFFF,0xFFFF,0xFFFF,0xFFFF,0xFFFF,0xFFFF,0xFFFF,0xFFFF,
    0xFFFF,0xFFFF,0xFFFF,0xFFFF,0xFFFF,0xFFFF,0xFFFF,0xFFFF,0xFFFF,0xFFFF,0xFFFF,0xFFFF,
    0xFFFF,0xFFFF,0xFFFF,0xFFFF,0xFFFF,0xFFFF,0xFFFF,0xFFFF,0xFFFF,0xFFFF,0xFFFF,0xFFFF,
    0xFFFF,0xFFFF,0xFFFF,0xFFFF,0xFFFF,0xFFFF,0xFFFF,0xFFFF,0xFFFF,0xFFFF,0xFFFF,0xFFFF,
    0xFFFF,0xFFFF,0xFFFF,0xFFFF,0xFFFF,0xFFFF,0xFFFF,0xFFFF,0xFFFF,0xFFFF,0xFFFF,0xFFFF,
    0xFFFF,0xFFFF,0xFFFF,0xFFFF,0xFFFF,0xFFFF,0xFFFF,0xFFFF,0xFFFF,0xFFFF,0xFFFF,0xFFFF,
    0xFFFF,0xFFFF,0xFFFF,0xFFFF,0xFFFF,0xFFFF,0xFFFF,0xFFFF,0xFFFF,0xFFFF,0xFFFF,0xFFFF,
    0xFFFF,0xFFFF,0xFFFF,0xFFFF,0xFFFF,0xFFFF,0xFFFF,0xFFFF,0xFFFF,0xFFFF,0xFFFF,0xFFFF,
    0xFFFF,0xFFFF,0xFFFF,0xFFFF,0xFFFF,0xFFFF,0xFFFF,0xFFFF,0xFFFF,0xFFFF,0xFFFF,0xFFFF,
    0xFFFF,0xFFFF,0xFFFF,0xFFFF,0xFFFF,0xFFFF,0xFFFF,0xFFFF,0xFFFF,0xFFFF,0xFFFF,0xFFFF,
    0xFFFF,0xFFFF,0xFFFF,0xFFFF,0xFFFF,0xFFFF,0xFFFF,0xFFFF,0xFFFF,0xFFFF,0xFFFF,0xFFFF,
    0xFFFF,0xFFFF,0xFFFF,0xFFFF,0xFFFF,0xDFFF,0xDFFF,0xDFFF,0xFFFF,0xFFFF,0xFFFF,0xFFFF,
    0xFFFF,0xFFFF,0xFFFF,0xFFFF,0xFFFF,0xFFFF,0xFFFF,0xFFFF,0xFFFF,0xFFFF,0xFFFF,0xFFFF,
    0xFFFF,0xFFFF,0xFFFF,0xFFFF,0xFFFF,0xFFFF,0xFFFF,0xFFFF,0xFFFF,0xFFFF,0xFFFF,0xFFFF,
    0xFFFF,0xFFFF,0xFFFF,0xFFFF,0xFFFF,0xDFFF,0xFFFF,0xFFFF,0xFFFF,0xFFFF,0xFFFF,0xFFFF,
    0xFFFF,0xFFFF,0xFFFF,0xFFFF,0xFFFF,0xFFFF,0xFFFF,0xFFFF,0xFFFF,0xFFFF,0xFFFF,0xFFFF,
    0xFFFF,0xFFFF,0xFFFF,0xFFFF,0xFFFF,0xFFFF,0xFFFF,0xFFFF,0xFFFF,0xFFFF,0xFFFF,0xFFFF,
    0xFFFF,0xFFFF,0xFFFF,0xFFFF,0xFFFF,0xFFFF,0xFFFF,0xFFFF,0xFFFF,0xFFFF,0xFFFF,0xFFFF,
    0xFFFF,0xFFFF,0xFFFF,0xFFFF,0xFFFF,0xFFFF,0xFFFF,0xFFFF,0xFFFF,0xFFFF,0xFFFF,0xFFFF,
    0xFFFF,0xFFFF,0xFFFF,0xFFFF,0xFFFF,0xFFFF,0xFFFF,0xFFFF,0xFFFF,0xFFFF,0xFFFF,0xFFFF,
    0xFFFF,0xFFFF,0xFFFF,0xFFFF,0xFFFF,0xFFFF,0xFFFF,0xFFFF,0xFFFF,0xFFFF,0xFFFF,0xFFFF,
    0xFFFF,0xFFFF,0xFFFF,0xFFFF,0xFFFF,0xFFFF,0xFFFF,0xFFFF,0xFFFF,0xFFFF,0xFFFF,0xFFFF,
    0xFFFF,0xFFFF,0xFFFF,0xFFFF,0xFFFF,0xFFFF,0xFFFF,0xFFFF,0xFFFF,0xFFFF,0xFFFF,0xFFFF,
};

const uint16_t clock_face_closed[57600] = {
    0xFFFF,0xFFFF,0xFFFF,0xFFFF,0xFFFF,0xFFFF,0xFFFF,0xFFFF,0xFFFF,0xFFFF,0xFFFF,0xFFFF,
    0xFFFF,0xFFFF,0xFFFF,0xFFFF,0xFFFF,0xFFFF,0xFFFF,0xFFFF,0xFFFF,0xFFFF,0xFFFF,0xFFFF,
    0xFFFF,0xFFFF,0xFFFF,0xFFFF,0xFFFF,0xFFFF,0xFFFF,0xFFFF,0xFFFF,0xFFFF,0xFFFF,0xFFFF,
    0xFFFF,0xFFFF,0xFFFF,0xFFFF,0xFFFF,0xFFFF,0xFFFF,0xFFFF,0xFFFF,0xFFFF,0xFFFF,0xFFFF,
    0xFFFF,0xFFFF,0xFFFF,0xFFFF,0xFFFF,0xFFFF,0xFFFF,0xFFFF,0xFFFF,0xFFFF,0xFFFF,0xFFFF,
    0xFFFF,0xFFFF,0xFFFF,0xFFFF,0xFFFF,0xFFFF,0xFFFF,0xFFFF,0xFFFF,0xFFFF,0xFFFF,0xFFFF,
    0xFFFF,0xFFFF,0xFFFF,0xFFFF,0xFFFF,0xFFFF,0xFFFF,0xFFFF,0xFFFF,0xFFFF,0xFFFF,0xFFFF,
    0xFFFF,0xFFFF,0xFFFF,0xFFFF,0xFFFF,0xFFFF,0xFFFF,0xFFFF,0xFFFF,0xFFFF,0xFFFF,0xFFFF,
    0xFFFF,0xFFFF,0xFFFF,0xFFFF,0xFFFF,0xFFFF,0xFFFF,0xFFFF,0xFFFF,0xFFFF,0xFFFF,0xFFFF,
    0xDFFF,0xDFFF,0xFFFF,0xFFFF,0xFFFF,0xFFFF,0xFFFF,0xFFFF,0xFFFF,0xFFFF,0xFFFF,0xFFFF,
    0xFFFF,0xFFFF,0xFFFF,0xFFFF,0xFFFF,0xFFFF,0xFFFF,0xFFFF,0xFFFF,0xFFFF,0xDFFF,0xDFFF,
    0xDFFF,0xFFFF,0xFFFF,0xFFFF,0xFFFF,0xFFFF,0xFFFF,0xFFFF,0xFFFF,0xFFFF,0xFFFF,0xFFFF,
    0xFFFF,0xFFFF,0xFFFF,0xFFFF,0xFFFF,0xFFFF,0xFFFF,0xFFFF,0xFFFF,0xFFFF,0xFFFF,0xFFFF,
    0xFFFF,0xFFFF,0xFFFF,0xFFFF,0xFFFF,0xFFFF,0xFFFF,0xFFFF,0xFFFF,0xFFFF,0xFFFF,0xFFFF,
    0xFFFF,0xFFFF,0xFFFF,0xFFFF,0xFFFF,0xFFFF,0xFFFF,0xFFFF,0xFFFF,0xFFFF,0xFFFF,0xFFFF,
    0xFFFF,0xFFFF,0xFFFF,0xFFFF,0xFFFF,0xFFFF,0xFFFF,0xFFFF,0xFFFF,0xFFFF,0xFFFF,0xFFFF,
    0xFFFF,0xFFFF,0xFFFF,0xFFFF,0xFFFF,0xFFFF,0xFFFF,0xFFFF,0xFFFF,0xFFFF,0xFFFF,0xFFFF,
    0xFFFF,0xFFFF,0xFFFF,0xFFFF,0xFFFF,0xFFFF,0xFFFF,0xFFFF,0xFFFF,0xFFFF,0xFFFF,0xFFFF,
    0xFFFF,0xFFFF,0xFFFF,0xFFFF,0xFFFF,0xFFFF,0xFFFF,0xFFFF,0xFFFF,0xFFFF,0xFFFF,0xFFFF,
    0xFFFF,0xFFFF,0xFFFF,0xFFFF,0xFFFF,0xFFFF,0xFFFF,0xFFFF,0xFFFF,0xFFFF,0xFFFF,0xFFFF,
    0xFFFF,0xFFFF,0xFFFF,0xFFFF,0xFFFF,0xFFFF,0xFFFF,0xFFFF,0xFFFF,0xFFFF,0xFFFF,0xFFFF,
    0xFFFF,0xFFFF,0xFFFF,0xFFFF,0xFFFF,0xFFFF,0xFFFF,0xFFFF,0xFFFF,0xFFFF,0xFFFF,0xFFFF,
    0xFFFF,0xFFFF,0xFFFF,0xFFFF,0xFFFF,0xFFFF,0xFFFF,0xFFFF,0xFFFF,0xFFFF,0xFFFF,0xFFFF,
    0xFFFF,0xFFFF,0xFFFF,0xFFFF,0xFFFF,0xFFFF,0xFFFF,0xFFFF,0xFFFF,0xFFFF,0xFFFF,0xFFFF,
    0xFFFF,0xFFFF,0xFFFF,0xFFFF,0xFFFF,0xFFFF,0xFFFF,0xFFFF,0xFFFF,0xFFFF,0xFFFF,0xFFFF,
    0xFFFF,0xFFFF,0xFFFF,0xFFFF,0xFFFF,0xFFFF,0xFFFF,0xFFFF,0xFFFF,0xFFFF,0xFFFF,0xFFFF,
    0xFFFF,0xFFFF,0xFFFF,0xFFFF,0xFFFF,0xFFFF,0xFFFF,0xFFFF,0xFFFF,0xFFFF,0xFFFF,0xFFFF,
    0xFFFF,0xFFFF,0xFFFF,0xFFFF,0xFFFF,0xFFFF,0xFFFF,0xFFFF,0xFFFF,0xFFFF,0xFFFF,0xFFFF,
    0xFFFF,0xFFFF,0xFFFF,0xFFFF,0xFFFF,0xFFFF,0xFFFF,0xFFFF,0xFFFF,0xFFFF,0xFFFF,0xFFFF,
    0xFFFF,0xFFFF,0xFFFF,0xFFFF,0xFFFF,0xFFFF,0xFFFF,0xFFFF,0xDFFF,0xDEFF,0xBEF7,0xBEF7,
    0xBEF7,0xBEF7,0xBEFF,0xDFFF,0xFFFF,0xFFFF,0xFFFF,0xFFFF,0xFFFF,0xFFFF,0xFFFF,0xFFFF,
    0xFFFF,0xFFFF,0xFFFF,0xFFFF,0xFFFF,0xFFFF,0xDFFF,0xFFFF,0xFFFF,0xFFFF,0xFFFF,0xFFFF,
    0xFFFF,0xFFFF,0xFFFF,0xFFFF,0xFFFF,0xFFFF,0xFFFF,0xFFFF,0xFFFF,0xFFFF,0xFFFF,0xFFFF,
    0xFFFF,0xFFFF,0xFFFF,0xFFFF,0xFFFF,0xFFFF,0xFFFF,0xFFFF,0xFFFF,0xFFFF,0xFFFF,0xFFFF,
    0xFFFF,0xFFFF,0xFFFF,0xFFFF,0xFFFF,0xFFFF,0xFFFF,0xFFFF,0xFFFF,0xFFFF,0xFFFF,0xFFFF,
    0xFFFF,0xFFFF,0xFFFF,0xFFFF,0xFFFF,0xFFFF,0xFFFF,0xFFFF,0xFFFF,0xFFFF,0xFFFF,0xFFFF,
    0xFFFF,0xFFFF,0xFFFF,0xFFFF,0xFFFF,0xFFFF,0xFFFF,0xFFFF,0xFFFF,0xFFFF,0xFFFF,0xFFFF,
    0xFFFF,0xFFFF,0xFFFF,0xFFFF,0xFFFF,0xFFFF,0xFFFF,0xFFFF,0xFFFF,0xFFFF,0xFFFF,0xFFFF,
    0xFFFF,0xFFFF,0xFFFF,0xFFFF,0xFFFF,0xFFFF,0xFFFF,0xFFFF,0xFFFF,0xFFFF,0xFFFF,0xFFFF,
    0xFFFF,0xFFFF,0xFFFF,0xFFFF,0xFFFF,0xFFFF,0xFFFF,0xFFFF,0xFFFF,0xFFFF,0xFFFF,0xFFFF,
    0xFFFF,0xFFFF,0xFFFF,0xFFFF,0xFFFF,0xFFFF,0xFFFF,0xFFFF,0xFFFF,0xFFFF,0xFFFF,0xFFFF,
    0xFFFF,0xFFFF,0xFFFF,0xFFFF,0xFFFF,0xFFFF,0xFFFF,0xFFFF,0xFFFF,0xFFFF,0xFFFF,0xFFFF,
    0xFFFF,0xFFFF,0xFFFF,0xFFFF,0xFFFF,0xFFFF,0xFFFF,0xFFFF,0xFFFF,0xFFFF,0xFFFF,0xFFFF,
    0xFFFF,0xFFFF,0xFFFF,0xFFFF,0xFFFF,0xFFFF,0xFFFF,0xFFFF,0xFFFF,0xFFFF,0xFFFF,0xFFFF,
    0xFFFF,0xFFFF,0xFFFF,0xFFFF,0xFFFF,0xFFFF,0xFFFF,0xFFFF,0xFFFF,0xFFFF,0xFFFF,0xFFFF,
    0xFFFF,0xFFFF,0xFFFF,0xFFFF,0xFFFF,0xFFFF,0xFFFF,0xFFFF,0xFFFF,0xFFFF,0xFFFF,0xFFFF,
    0xFFFF,0xFFFF,0xFFFF,0xFFFF,0xFFFF,0xFFFF,0xFFFF,0xFFFF,0xFFFF,0xFFFF,0xFFFF,0xFFFF,
    0xFFFF,0xFFFF,0xFFFF,0xFFFF,0xFFFF,0xFFFF,0xFFFF,0xFFFF,0xFFFF,0xFFFF,0xDFFF,0xDFFF,
    0xFFFF,0xFFFF,0xFFFF,0xFFFF,0xFFFF,0xFFFF,0xFFFF,0xFFFF,0x7EF7,0xFBE6,0x59D6,0xB7C5,
    0x34B5,0x92A4,0xEF93,0x4D83,0xEB72,0x8A6A,0x4962,0x085A,0xC859,0xC759,0x8651,0xA751,
    0x8651,0xA659,0xA759,0xC759,0xE859,0x4962,0x8A6A,0xEC72,0x4D83,0xCF8B,0x519C,0xF3AC,
    0x96BD,0x38CE,0xDBDE,0x5DF7,0xDFFF,0xFFFF,0xFFFF,0xFFFF,0xFFFF,0xFFFF,0xFFFF,0xFFFF,
    0xDFFF,0xFFFF,0xFFFF,0xFFFF,0xFFFF,0xFFFF,0xFFFF,0xFFFF,0xFFFF,0xFFFF,0xFFFF,0xFFFF,
    0xFFFF,0xFFFF,0xFFFF,0xFFFF,0xFFFF,0xFFFF,0xFFFF,0xFFFF,0xFFFF,0xFFFF,0xFFFF,0xFFFF,
    0xFFFF,0xFFFF,0xFFFF,0xFFFF,0xFFFF,0xFFFF,0xFFFF,0xFFFF,0xFFFF,0xFFFF,0xFFFF,0xFFFF,
    0xFFFF,0xFFFF,0xFFFF,0xFFFF,0xFFFF,0xFFFF,0xFFFF,0xFFFF,0xFFFF,0xFFFF,0xFFFF,0xFFFF,
    0xFFFF,0xFFFF,0xFFFF,0xFFFF,0xFFFF,0xFFFF,0xFFFF,0xFFFF,0xFFFF,0xFFFF,0xFFFF,0xFFFF,
    0xFFFF,0xFFFF,0xFFFF,0xFFFF,0xFFFF,0xFFFF,0xFFFF,0xFFFF,0xFFFF,0xFFFF,0xFFFF,0xFFFF,
    0xFFFF,0xFFFF,0xFFFF,0xFFFF,0xFFFF,0xFFFF,0xFFFF,0xFFFF,0xFFFF,0xFFFF,0xFFFF,0xFFFF,
    0xFFFF,0xFFFF,0xFFFF,0xFFFF,0xFFFF,0xFFFF,0xFFFF,0xFFFF,0xFFFF,0xFFFF,0xFFFF,0xFFFF,
    0xFFFF,0xFFFF,0xFFFF,0xFFFF,0xFFFF,0xFFFF,0xFFFF,0xFFFF,0xFFFF,0xFFFF,0xFFFF,0xFFFF,
    0xFFFF,0xFFFF,0xFFFF,0xFFFF,0xFFFF,0xFFFF,0xFFFF,0xFFFF,0xFFFF,0xFFFF,0xFFFF,0xFFFF,
    0xFFFF,0xFFFF,0xFFFF,0xFFFF,0xFFFF,0xFFFF,0xFFFF,0xFFFF,0xFFFF,0xFFFF,0xFFFF,0xFFFF,
    0xFFFF,0xFFFF,0xFFFF,0xFFFF,0xFFFF,0xFFFF,0xFFFF,0xFFFF,0xFFFF,0xFFFF,0xFFFF,0xFFFF,
    0xFFFF,0xFFFF,0xFFFF,0xFFFF,0xFFFF,0xFFFF,0xFFFF,0xFFFF,0xFFFF,0xFFFF,0xFFFF,0xFFFF,
    0xFFFF,0xFFFF,0xFFFF,0xFFFF,0xFFFF,0xFFFF,0xFFFF,0xFFFF,0xFFFF,0xFFFF,0xFFFF,0xFFFF,
    0xFFFF,0xFFFF,0xFFFF,0xFFFF,0xFFFF,0xFFFF,0xFFFF,0xFFFF,0xFFFF,0xFFFF,0xFFFF,0xFFFF,
    0xFFFF,0xFFFF,0xFFFF,0xFFFF,0xFFFF,0xFFFF,0xDFFF,0xDFFF,0xFFFF,0xFFFF,0xFFFF,0xFFFF,
    0xFFFF,0xDFFF,0x1CE7,0x18CE,0xF3AC,0xCF8B,0xCB72,0x0862,0x4549,0xC340,0x8238,0x4130,
    0x2130,0x2130,0x2130,0x2130,0x4130,0x6238,0x6238,0x6238,0x8238,0x8240,0x8240,0x8240,
    0x8240,0x8240,0x8240,0x8240,0x8238,0x6238,0x6138,0x4130,0x4130,0x2130,0x2130,0x2028,
    0x2130,0x6230,0xA238,0x2449,0xC759,0xCB72,0xCF8B,0xF3AC,0x18CE,0x1CEF,0xFFFF,0xFFFF,
    0xFFFF,0xFFFF,0xFFFF,0xFFFF,0xDFFF,0xDFFF,0xFFFF,0xFFFF,0xFFFF,0xFFFF,0xFFFF,0xFFFF,
    0xFFFF,0xFFFF,0xFFFF,0xFFFF,0xFFFF,0xFFFF,0xFFFF,0xFFFF,0xFFFF,0xFFFF,0xFFFF,0xFFFF,
    0xFFFF,0xFFFF,0xFFFF,0xFFFF,0xFFFF,0xFFFF,0xFFFF,0xFFFF,0xFFFF,0xFFFF,0xFFFF,0xFFFF,
    0xFFFF,0xFFFF,0xFFFF,0xFFFF,0xFFFF,0xFFFF,0xFFFF,0xFFFF,0xFFFF,0xFFFF,0xFFFF,0xFFFF,
    0xFFFF,0xFFFF,0xFFFF,0xFFFF,0xFFFF,0xFFFF,0xFFFF,0xFFFF,0xFFFF,0xFFFF,0xFFFF,0xFFFF,
    0xFFFF,0xFFFF,0xFFFF,0xFFFF,0xFFFF,0xFFFF,0xFFFF,0xFFFF,0xFFFF,0xFFFF,0xFFFF,0xFFFF,
    0xFFFF,0xFFFF,0xFFFF,0xFFFF,0xFFFF,0xFFFF,0xFFFF,0xFFFF,0xFFFF,0xFFFF,0xFFFF,0xFFFF,
    0xFFFF,0xFFFF,0xFFFF,0xFFFF,0xFFFF,0xFFFF,0xFFFF,0xFFFF,0xFFFF,0xFFFF,0xFFFF,0xFFFF,
    0xFFFF,0xFFFF,0xFFFF,0xFFFF,0xFFFF,0xFFFF,0xFFFF,0xFFFF,0xFFFF,0xFFFF,0xFFFF,0xFFFF,
    0xFFFF,0xFFFF,0xFFFF,0xFFFF,0xFFFF,0xFFFF,0xFFFF,0xFFFF,0xFFFF,0xFFFF,0xFFFF,0xFFFF,
    0xFFFF,0xFFFF,0xFFFF,0xFFFF,0xFFFF,0xFFFF,0xFFFF,0xFFFF,0xFFFF,0xFFFF,0xFFFF,0xFFFF,
    0xFFFF,0xFFFF,0xFFFF,0xFFFF,0xFFFF,0xFFFF,0xFFFF,0xFFFF,0xFFFF,0xFFFF,0xFFFF,0xFFFF,
    0xFFFF,0xFFFF,0xFFFF,0xFFFF,0xFFFF,0xFFFF,0xFFFF,0xFFFF,0xFFFF,0xFFFF,0xFFFF,0xFFFF,
    0xFFFF,0xFFFF,0xFFFF,0xFFFF,0xFFFF,0xFFFF,0xFFFF,0xFFFF,0xFFFF,0xFFFF,0xFFFF,0xFFFF,
    0xFFFF,0xFFFF,0xFFFF,0xFFFF,0xFFFF,0xFFFF,0xFFFF,0xFFFF,0xFFFF,0xFFFF,0xFFFF,0xFFFF,
    0xFFFF,0xFFFF,0xDFFF,0xDFFF,0xFFFF,0xFFFF,0xFFFF,0xFFFF,0xDFFF,0xFBE6,0xB6C5,0x3094,
    0xCB72,0xA759,0x0449,0x8238,0x4138,0x4138,0x4138,0x8238,0x8240,0x8240,0x8340,0x8338,
    0x8338,0x8238,0x6238,0x6238,0x6230,0x6138,0x6138,0x6138,0x8238,0x8238,0xA140,0xA140,
    0xA140,0xA240,0x8240,0x8238,0x8238,0x6138,0x6138,0x6230,0x6230,0x6238,0x6238,0x8338,
    0x8238,0x8240,0x8238,0x8240,0x6238,0x4138,0x4130,0x4130,0x8238,0x0449,0xE759,0x0C7B,
    0x719C,0xD7C5,0x1CE7,0xFFFF,0xFFFF,0xFFFF,0xFFFF,0xFFFF,0xDFFF,0xFFFF,0xFFFF,0xFFFF,
    0xFFFF,0xFFFF,0xFFFF,0xFFFF,0xFFFF,0xFFFF,0xFFFF,0xFFFF,0xFFFF,0xFFFF,0xFFFF,0xFFFF,
    0xFFFF,0xFFFF,0xFFFF,0xFFFF,0xFFFF,0xFFFF,0xFFFF,0xFFFF,0xFFFF,0xFFFF,0xFFFF,0xFFFF,
    0xFFFF,0xFFFF,0xFFFF,0xFFFF,0xFFFF,0xFFFF,0xFFFF,0xFFFF,0xFFFF,0xFFFF,0xFFFF,0xFFFF,
    0xFFFF,0xFFFF,0xFFFF,0xFFFF,0xFFFF,0xFFFF,0xFFFF,0xFFFF,0xFFFF,0xFFFF,0xFFFF,0xFFFF,
    0xFFFF,0xFFFF,0xFFFF,0xFFFF,0xFFFF,0xFFFF,0xFFFF,0xFFFF,0xFFFF,0xFFFF,0xFFFF,0xFFFF,
    0xFFFF,0xFFFF,0xFFFF,0xFFFF,0xFFFF,0xFFFF,0xFFFF,0xFFFF,0xFFFF,0xFFFF,0xFFFF,0xFFFF,
    0xFFFF,0xFFFF,0xFFFF,0xFFFF,0xFFFF,0xFFFF,0xFFFF,0xFFFF,0xFFFF,0xFFFF,0xFFFF,0xFFFF,
    0xFFFF,0xFFFF,0xFFFF,0xFFFF,0xFFFF,0xFFFF,0xFFFF,0xFFFF,0xFFFF,0xFFFF,0xFFFF,0xFFFF,
    0xFFFF,0xFFFF,0xFFFF,0xFFFF,0xFFFF,0xFFFF,0xFFFF,0xFFFF,0xFFFF,0xFFFF,0xFFFF,0xFFFF,
    0xFFFF,0xFFFF,0xFFFF,0xFFFF,0xFFFF,0xFFFF,0xFFFF,0xFFFF,0xFFFF,0xFFFF,0xFFFF,0xFFFF,
    0xFFFF,0xFFFF,0xFFFF,0xFFFF,0xFFFF,0xFFFF,0xFFFF,0xFFFF,0xFFFF,0xFFFF,0xFFFF,0xFFFF,
    0xFFFF,0xFFFF,0xFFFF,0xFFFF,0xFFFF,0xFFFF,0xFFFF,0xFFFF,0xFFFF,0xFFFF,0xFFFF,0xFFFF,
    0xFFFF,0xFFFF,0xFFFF,0xFFFF,0xFFFF,0xFFFF,0xFFFF,0xFFFF,0xFFFF,0xFFFF,0xFFFF,0xFFFF,
    0xFFFF,0xFFFF,0xFFFF,0xFFFF,0xFFFF,0xFFFF,0xFFFF,0xFFFF,0xFFFF,0xFFFF,0xFFFF,0xFFFF,
    0xFFFF,0xFFFF,0xFFFF,0xFFFF,0xDFFF,0x9ADE,0xF3AC,0x6D83,0xE759,0xC340,0x4130,0x2138,
    0x6138,0x8240,0xA348,0xA340,0xA340,0x8240,0x6238,0x6238,0x8138,0xC140,0x0249,0x6259,
    0xC361,0x2472,0x857A,0xE58A,0x4693,0xA6A3,0xE7AB,0x28B4,0x68BC,0x89C4,0xA9C4,0xC9CC,
    0xC9CC,0xA9C4,0x89C4,0x69BC,0x28B4,0xE7AB,0xA7A3,0x469B,0xE58A,0x857A,0x2472,0xC361,
    0x4259,0xE248,0xA140,0x6138,0x6138,0x6238,0x8238,0x8240,0xA340,0xA240,0x6240,0x4138,
    0x4138,0x6238,0xE448,0x0862,0x8E83,0x34B5,0xBADE,0xDFFF,0xFFFF,0xFFFF,0xFFFF,0xFFFF,
    0xFFFF,0xFFFF,0xFFFF,0xFFFF,0xFFFF,0xFFFF,0xFFFF,0xFFFF,0xFFFF,0xFFFF,0xFFFF,0xFFFF,
    0xFFFF,0xFFFF,0xFFFF,0xFFFF,0xFFFF,0xFFFF,0xFFFF,0xFFFF,0xFFFF,0xFFFF,0xFFFF,0xFFFF,
    0xFFFF,0xFFFF,0xFFFF,0xFFFF,0xFFFF,0xFFFF,0xFFFF,0xFFFF,0xFFFF,0xFFFF,0xFFFF,0xFFFF,
    0xFFFF,0xFFFF,0xFFFF,0xFFFF,0xFFFF,0xFFFF,0xFFFF,0xFFFF,0xFFFF,0xFFFF,0xFFFF,0xFFFF,
    0xFFFF,0xFFFF,0xFFFF,0xFFFF,0xFFFF,0xFFFF,0xFFFF,0xFFFF,0xFFFF,0xFFFF,0xFFFF,0xFFFF,
    0xFFFF,0xFFFF,0xFFFF,0xFFFF,0xFFFF,0xFFFF,0xFFFF,0xFFFF,0xFFFF,0xFFFF,0xFFFF,0xFFFF,
    0xFFFF,0xFFFF,0xFFFF,0xFFFF,0xFFFF,0xFFFF,0xFFFF,0xFFFF,0xFFFF,0xFFFF,0xFFFF,0xFFFF,
    0xFFFF,0xFFFF,0xFFFF,0xFFFF,0xFFFF,0xFFFF,0xFFFF,0xFFFF,0xFFFF,0xFFFF,0xFFFF,0xFFFF,
    0xFFFF,0xFFFF,0xFFFF,0xFFFF,0xFFFF,0xFFFF,0xFFFF,0xFFFF,0xFFFF,0xFFFF,0xFFFF,0xFFFF,
    0xFFFF,0xFFFF,0xFFFF,0xFFFF,0xFFFF,0xFFFF,0xFFFF,0xFFFF,0xFFFF,0xFFFF,0xFFFF,0xFFFF,
    0xFFFF,0xFFFF,0xFFFF,0xFFFF,0xFFFF,0xFFFF,0xFFFF,0xFFFF,0xFFFF,0xFFFF,0xFFFF,0xFFFF,
    0xFFFF,0xFFFF,0xFFFF,0xFFFF,0xFFFF,0xFFFF,0xFFFF,0xFFFF,0xFFFF,0xFFFF,0xFFFF,0xFFFF,
    0xFFFF,0xFFFF,0xFFFF,0xFFFF,0xFFFF,0xFFFF,0xFFFF,0xFFFF,0xFFFF,0xFFFF,0xFFFF,0xFFFF,
    0xFFFF,0xFFFF,0xFFFF,0xFFFF,0xFFFF,0xFFFF,0xFFFF,0xFFFF,0xFFFF,0xFFFF,0xFFFF,0xFFFF,
    0xFFFF,0x7DEF,0x96C5,0x6D83,0xA751,0x8230,0x0028,0x2030,0x6238,0x8340,0x8340,0x6238,
    0x6238,0x6138,0x8240,0x0251,0xA461,0x8582,0x669B,0x28B4,0xC9CC,0x6ADD,0xCBED,0x2CF6,
    0x4CFE,0x6CFE,0x8CFE,0xACFE,0xACFE,0xABFE,0xABFE,0x8BFE,0x8BFE,0x8BFE,0x6BFE,0x6BFE,
    0x6BFE,0x6BFE,0x6BFE,0x6BFE,0x6BFE,0x8BFE,0x8BFE,0x8BFE,0x8BFE,0x8BFE,0x6CFE,0x4BFE,
    0x0BF6,0xABE5,0x2ADD,0xA9C4,0x08B4,0x2693,0x657A,0xA361,0x0251,0x8240,0x6138,0x6238,
    0x8240,0xA340,0xA348,0x6240,0x4130,0x2028,0xA238,0xC759,0x8E8B,0xB6C5,0x7DF7,0xFFFF,
    0xFFFF,0xFFFF,0xFFFF,0xDFFF,0xFFFF,0xFFFF,0xFFFF,0xFFFF,0xFFFF,0xFFFF,0xFFFF,0xFFFF,
    0xFFFF,0xFFFF,0xFFFF,0xFFFF,0xFFFF,0xFFFF,0xFFFF,0xFFFF,0xFFFF,0xFFFF,0xFFFF,0xFFFF,
    0xFFFF,0xFFFF,0xFFFF,0xFFFF,0xFFFF,0xFFFF,0xFFFF,0xFFFF,0xFFFF,0xFFFF,0xFFFF,0xFFFF,
    0xFFFF,0xFFFF,0xFFFF,0xFFFF,0xFFFF,0xFFFF,0xFFFF,0xFFFF,0xFFFF,0xFFFF,0xFFFF,0xFFFF,
    0xFFFF,0xFFFF,0xFFFF,0xFFFF,0xFFFF,0xFFFF,0xFFFF,0xFFFF,0xFFFF,0xFFFF,0xFFFF,0xFFFF,
    0xFFFF,0xFFFF,0xFFFF,0xFFFF,0xFFFF,0xFFFF,0xFFFF,0xFFFF,0xFFFF,0xFFFF,0xFFFF,0xFFFF,
    0xFFFF,0xFFFF,0xFFFF,0xFFFF,0xFFFF,0xFFFF,0xFFFF,0xFFFF,0xFFFF,0xFFFF,0xFFFF,0xFFFF,
    0xFFFF,0xFFFF,0xFFFF,0xFFFF,0xFFFF,0xFFFF,0xFFFF,0xFFFF,0xFFFF,0xFFFF,0xFFFF,0xFFFF,
    0xFFFF,0xFFFF,0xFFFF,0xFFFF,0xFFFF,0xFFFF,0xFFFF,0xFFFF,0xFFFF,0xFFFF,0xFFFF,0xFFFF,
    0xFFFF,0xFFFF,0xFFFF,0xFFFF,0xFFFF,0xFFFF,0xFFFF,0xFFFF,0xFFFF,0xFFFF,0xFFFF,0xFFFF,
    0xFFFF,0xFFFF,0xFFFF,0xFFFF,0xFFFF,0xFFFF,0xFFFF,0xFFFF,0xFFFF,0xFFFF,0xFFFF,0xFFFF,
    0xFFFF,0xFFFF,0xFFFF,0xFFFF,0xFFFF,0xFFFF,0xFFFF,0xFFFF,0xFFFF,0xFFFF,0xFFFF,0xFFFF,
    0xFFFF,0xFFFF,0xFFFF,0xFFFF,0xFFFF,0xFFFF,0xFFFF,0xFFFF,0xFFFF,0xFFFF,0xFFFF,0xFFFF,
    0xFFFF,0xFFFF,0xFFFF,0xFFFF,0xFFFF,0xFFFF,0xFFFF,0xFFFF,0xFFFF,0xFFFF,0x3CEF,0x34B5,
    0xEB72,0x2449,0x4130,0x2030,0x4230,0x8238,0x8338,0x6230,0x4130,0x6138,0x0249,0x046A,
    0x0693,0x28B4,0x2AD5,0xEBED,0x4CFE,0x8DFE,0xACFE,0x8BFE,0x8BFE,0x6AFE,0x4AFE,0x2AFE,
    0x0AF6,0x0AF6,0x0AF6,0x0AF6,0x0AF6,0x0AF6,0x0AF6,0x0AF6,0x0AF6,0x0AF6,0x0AF6,0x0AF6,
    0x0AF6,0x09F6,0x09F6,0x0AF6,0x0AF6,0xEAF5,0x0AF6,0x0AF6,0x09F6,0x0AF6,0x0AF6,0x0AF6,
    0x0AFE,0x2AFE,0x4AFE,0x6BFE,0x6BFE,0x8BFE,0x6CFE,0x2CF6,0xCBE5,0x0ACD,0x48B4,0x2693,
    0x0472,0x2251,0x8138,0x4130,0x6230,0x8338,0xA340,0x6138,0x2128,0x4130,0x2549,0xEB72,
    0x34B5,0x3CEF,0xFFFF,0xFFFF,0xFFFF,0xFFFF,0xFFFF,0xFFFF,0xFFFF,0xFFFF,0xFFFF,0xFFFF,
    0xFFFF,0xFFFF,0xFFFF,0xFFFF,0xFFFF,0xFFFF,0xFFFF,0xFFFF,0xFFFF,0xFFFF,0xFFFF,0xFFFF,
    0xFFFF,0xFFFF,0xFFFF,0xFFFF,0xFFFF,0xFFFF,0xFFFF,0xFFFF,0xFFFF,0xFFFF,0xFFFF,0xFFFF,
    0xFFFF,0xFFFF,0xFFFF,0xFFFF,0xFFFF,0xFFFF,0xFFFF,0xFFFF,0xFFFF,0xFFFF,0xFFFF,0xFFFF,
    0xFFFF,0xFFFF,0xFFFF,0xFFFF,0xFFFF,0xFFFF,0xFFFF,0xFFFF,0xFFFF,0xFFFF,0xFFFF,0xFFFF,
    0xFFFF,0xFFFF,0xFFFF,0xFFFF,0xFFFF,0xFFFF,0xFFFF,0xFFFF,0xFFFF,0xFFFF,0xFFFF,0xFFFF,
    0xFFFF,0xFFFF,0xFFFF,0xFFFF,0xFFFF,0xFFFF,0xFFFF,0xFFFF,0xFFFF,0xFFFF,0xFFFF,0xFFFF,
    0xFFFF,0xFFFF,0xFFFF,0xFFFF,0xFFFF,0xFFFF,0xFFFF,0xFFFF,0xFFFF,0xFFFF,0xFFFF,0xFFFF,
    0xFFFF,0xFFFF,0xFFFF,0xFFFF,0xFFFF,0xFFFF,0xFFFF,0xFFFF,0xFFFF,0xFFFF,0xFFFF,0xFFFF,
    0xFFFF,0xFFFF,0xFFFF,0xFFFF,0xFFFF,0xFFFF,0xFFFF,0xFFFF,0xFFFF,0xFFFF,0xFFFF,0xFFFF,
    0xFFFF,0xFFFF,0xFFFF,0xFFFF,0xFFFF,0xFFFF,0xFFFF,0xFFFF,0xFFFF,0xFFFF,0xFFFF,0xFFFF,
    0xFFFF,0xFFFF,0xFFFF,0xFFFF,0xFFFF,0xFFFF,0xFFFF,0xFFFF,0xFFFF,0xFFFF,0xFFFF,0xFFFF,
    0xFFFF,0xFFFF,0xFFFF,0xFFFF,0xFFFF,0xFFFF,0xFFFF,0xFFFF,0xFFFF,0xFFFF,0xFFFF,0xFFFF,
    0xFFFF,0xFFFF,0xFFFF,0xFFFF,0xFFFF,0xFFFF,0xFFFF,0x5DEF,0x55B5,0xEB7A,0x2449,0x4138,
    0x6238,0xA340,0xC348,0x8240,0x4130,0x6138,0x0249,0x2472,0x679B,0xA9C4,0xAAE5,0x4BFE,
    0x8BFE,0x6BFE,0x6BFE,0x4AFE,0x2AFE,0x0AF6,0x0AF6,0x09F6,0x09F6,0x0AF6,0x0AF6,0x0AF6,
    0x0AF6,0x0AF6,0x09F6,0x0AF6,0x0AF6,0x09F6,0x29F6,0x09FE,0x29FE,0x29FE,0x29F6,0x09FE,
    0x29FE,0x29FE,0x09FE,0x09FE,0x0AF6,0x0AFE,0x09FE,0x0AF6,0x2AF6,0x0AF6,0x0AF6,0x0AF6,
    0x0AF6,0x09F6,0x0AF6,0xEAF5,0xE9F5,0xE9F5,0xE9F5,0x29F6,0x2AFE,0x4AFE,0x6BFE,0x6BFE,
    0x4BFE,0xABE5,0xA9C4,0x4693,0x046A,0xE248,0x6130,0x4130,0x8230,0xA340,0x8240,0x6138,
    0x4138,0x2449,0x0C7B,0x55B5,0x5DEF,0xFFFF,0xFFFF,0xFFFF,0xFFFF,0xFFFF,0xFFFF,0xFFFF,
    0xFFFF,0xFFFF,0xFFFF,0xFFFF,0xFFFF,0xFFFF,0xFFFF,0xFFFF,0xFFFF,0xFFFF,0xFFFF,0xFFFF,
    0xFFFF,0xFFFF,0xFFFF,0xFFFF,0xFFFF,0xFFFF,0xFFFF,0xFFFF,0xFFFF,0xFFFF,0xFFFF,0xFFFF,
    0xFFFF,0xFFFF,0xFFFF,0xFFFF,0xFFFF,0xFFFF,0xFFFF,0xFFFF,0xFFFF,0xFFFF,0xFFFF,0xFFFF,
    0xFFFF,0xFFFF,0xFFFF,0xFFFF,0xFFFF,0xFFFF,0xFFFF,0xFFFF,0xFFFF,0xFFFF,0xFFFF,0xFFFF,
    0xFFFF,0xFFFF,0xFFFF,0xFFFF,0xFFFF,0xFFFF,0xFFFF,0xFFFF,0xFFFF,0xFFFF,0xFFFF,0xFFFF,
    0xFFFF,0xFFFF,0xFFFF,0xFFFF,0xFFFF,0xFFFF,0xFFFF,0xFFFF,0xFFFF,0xFFFF,0xFFFF,0xFFFF,
    0xFFFF,0xFFFF,0xFFFF,0xFFFF,0xFFFF,0xFFFF,0xFFFF,0xFFFF,0xFFFF,0xFFFF,0xFFFF,0xFFFF,
    0xFFFF,0xFFFF,0xFFFF,0xFFFF,0xFFFF,0xFFFF,0xFFFF,0xFFFF,0xFFFF,0xFFFF,0xFFFF,0xFFFF,
    0xFFFF,0xFFFF,0xFFFF,0xFFFF,0xFFFF,0xFFFF,0xFFFF,0xFFFF,0xFFFF,0xFFFF,0xFFFF,0xFFFF,
    0xFFFF,0xFFFF,0xFFFF,0xFFFF,0xFFFF,0xFFFF,0xFFFF,0xFFFF,0xFFFF,0xFFFF,0xFFFF,0xFFFF,
    0xFFFF,0xFFFF,0xFFFF,0xFFFF,0xFFFF,0xFFFF,0xFFFF,0xFFFF,0xFFFF,0xFFFF,0xFFFF,0xFFFF,
    0xFFFF,0xFFFF,0xFFFF,0xFFFF,0xFFFF,0xFFFF,0xFFFF,0xFFFF,0xFFFF,0xFFFF,0xFFFF,0xFFFF,
    0xFFFF,0xFFFF,0xFFFF,0xFFFF,0xDEFF,0xB6C5,0x0C7B,0x0441,0x4130,0x4138,0xA348,0xA348,
    0x8240,0x6138,0xE248,0x2472,0xA7A3,0xE9CC,0xCBED,0x4BFE,0x6AFE,0x4AFE,0x29FE,0x09F6,
    0xE9F5,0x09F6,0x0AF6,0x0AF6,0x0AF6,0x0AF6,0x2AF6,0x2AF6,0x2AF6,0x2AF6,0x2AFE,0x2AFE,
    0x2AFE,0x2AFE,0x2AFE,0x0AFE,0x09FE,0xE9F5,0xE8F5,0xC8F5,0xC8F5,0xA7F5,0x87F5,0x87F5,
    0x66F5,0x66F5,0x66F5,0x66F5,0x66F5,0x66F5,0x66F5,0x87F5,0x87F5,0xA7F5,0xA8F5,0xC8F5,
    0xE8F5,0xE9F5,0x09F6,0x0AF6,0x2AFE,0x2AFE,0x2AF6,0x2AF6,0x0AF6,0x09F6,0xE9F5,0xE9F5,
    0xE9F5,0x29FE,0x4AFE,0x6AFE,0x2BFE,0xAAE5,0xA9C4,0x4693,0xC461,0xC240,0x6138,0x8240,
    0xA348,0xA348,0x6140,0x6138,0x4549,0x4D83,0xD7C5,0xDFFF,0xFFFF,0xFFFF,0xFFFF,0xFFFF,
    0xFFFF,0xFFFF,0xFFFF,0xFFFF,0xFFFF,0xFFFF,0xFFFF,0xFFFF,0xFFFF,0xFFFF,0xFFFF,0xFFFF,
    0xFFFF,0xFFFF,0xFFFF,0xFFFF,0xFFFF,0xFFFF,0xFFFF,0xFFFF,0xFFFF,0xFFFF,0xFFFF,0xFFFF,
    0xFFFF,0xFFFF,0xFFFF,0xFFFF,0xFFFF,0xFFFF,0xFFFF,0xFFFF,0xFFFF,0xFFFF,0xFFFF,0xFFFF,
    0xFFFF,0xFFFF,0xFFFF,0xFFFF,0xFFFF,0xFFFF,0xFFFF,0xFFFF,0xFFFF,0xFFFF,0xFFFF,0xFFFF,
    0xFFFF,0xFFFF,0xFFFF,0xFFFF,0xFFFF,0xFFFF,0xFFFF,0xFFFF,0xFFFF,0xFFFF,0xFFFF,0xFFFF,
    0xFFFF,0xFFFF,0xFFFF,0xFFFF,0xFFFF,0xFFFF,0xFFFF,0xFFFF,0xFFFF,0xFFFF,0xFFFF,0xFFFF,
    0xFFFF,0xFFFF,0xFFFF,0xFFFF,0xFFFF,0xFFFF,0xFFFF,0xFFFF,0xFFFF,0xFFFF,0xFFFF,0xFFFF,
    0xFFFF,0xFFFF,0xFFFF,0xFFFF,0xFFFF,0xFFFF,0xFFFF,0xFFFF,0xFFFF,0xFFFF,0xFFFF,0xFFFF,
    0xFFFF,0xFFFF,0xFFFF,0xFFFF,0xFFFF,0xFFFF,0xFFFF,0xFFFF,0xFFFF,0xFFFF,0xFFFF,0xFFFF,
    0xFFFF,0xFFFF,0xFFFF,0xFFFF,0xFFFF,0xFFFF,0xFFFF,0xFFFF,0xFFFF,0xFFFF,0xFFFF,0xFFFF,
    0xFFFF,0xFFFF,0xFFFF,0xFFFF,0xFFFF,0xFFFF,0xFFFF,0xFFFF,0xFFFF,0xFFFF,0xFFFF,0xFFFF,
    0xFFFF,0xFFFF,0xFFFF,0xFFFF,0xFFFF,0xFFFF,0xFFFF,0xFFFF,0xFFFF,0xFFFF,0xDFFF,0xFFFF,
    0xFFFF,0xFFFF,0xFBE6,0x509C,0xA651,0x2130,0x2130,0x8340,0xA340,0x8238,0x6138,0x0251,
    0x8582,0x49B4,0x8BE5,0x6CFE,0x8CFE,0x6BFE,0x2AFE,0x09F6,0xE9F5,0xE9F5,0x09F6,0x09F6,
    0x09F6,0x09F6,0x0AF6,0x0AF6,0x2AF6,0x2AFE,0x2AFE,0x2AFE,0x0AFE,0xE9F5,0xC8F5,0xA7F5,
    0x67F5,0x46ED,0x25ED,0xE4EC,0xE4EC,0xC3EC,0xC3EC,0xC3EC,0xA3EC,0xA2EC,0xA2EC,0xA2EC,
    0xA2EC,0xA2EC,0xA2EC,0xA2EC,0xA2EC,0xA2EC,0xA2EC,0xA2EC,0xA2EC,0xA2EC,0xA3EC,0xA3EC,
    0xC3EC,0xC3EC,0xE4EC,0x04ED,0x25ED,0x46ED,0x87F5,0xA8F5,0xC8F5,0xE9F5,0x09FE,0x0AFE,
    0x0AF6,0x09F6,0xE9F5,0xE9F5,0xE9F5,0x09F6,0x4AFE,0x6BFE,0x2BFE,0x6ADD,0x08B4,0x857A,
    0x2251,0x6138,0x8240,0xC348,0xA348,0x4138,0x4130,0xA651,0x519C,0xFBE6,0xFFFF,0xFFFF,
    0xFFFF,0xFFFF,0xFFFF,0xFFFF,0xFFFF,0xFFFF,0xFFFF,0xFFFF,0xFFFF,0xFFFF,0xFFFF,0xFFFF,
    0xFFFF,0xFFFF,0xFFFF,0xFFFF,0xFFFF,0xFFFF,0xFFFF,0xFFFF,0xFFFF,0xFFFF,0xFFFF,0xFFFF,
    0xFFFF,0xFFFF,0xFFFF,0xFFFF,0xFFFF,0xFFFF,0xFFFF,0xFFFF,0xFFFF,0xFFFF,0xFFFF,0xFFFF,
    0xFFFF,0xFFFF,0xFFFF,0xFFFF,0xFFFF,0xFFFF,0xFFFF,0xFFFF,0xFFFF,0xFFFF,0xFFFF,0xFFFF,
    0xFFFF,0xFFFF,0xFFFF,0xFFFF,0xFFFF,0xFFFF,0xFFFF,0xFFFF,0xFFFF,0xFFFF,0xFFFF,0xFFFF,
    0xFFFF,0xFFFF,0xFFFF,0xFFFF,0xFFFF,0xFFFF,0xFFFF,0xFFFF,0xFFFF,0xFFFF,0xFFFF,0xFFFF,
    0xFFFF,0xFFFF,0xFFFF,0xFFFF,0xFFFF,0xFFFF,0xFFFF,0xFFFF,0xFFFF,0xFFFF,0xFFFF,0xFFFF,
    0xFFFF,0xFFFF,0xFFFF,0xFFFF,0xFFFF,0xFFFF,0xFFFF,0xFFFF,0xFFFF,0xFFFF,0xFFFF,0xFFFF,
    0xFFFF,0xFFFF,0xFFFF,0xFFFF,0xFFFF,0xFFFF,0xFFFF,0xFFFF,0xFFFF,0xFFFF,0xFFFF,0xFFFF,
    0xFFFF,0xFFFF,0xFFFF,0xFFFF,0xFFFF,0xFFFF,0xFFFF,0xFFFF,0xFFFF,0xFFFF,0xFFFF,0xFFFF,
    0xFFFF,0xFFFF,0xFFFF,0xFFFF,0xFFFF,0xFFFF,0xFFFF,0xFFFF,0xFFFF,0xFFFF,0xFFFF,0xFFFF,
    0xFFFF,0xFFFF,0xFFFF,0xFFFF,0xFFFF,0xFFFF,0xFFFF,0xFFFF,0xFFFF,0xFFFF,0xFFFF,0xFFFF,
    0xD7C5,0x0C7B,0xC340,0x2130,0x8240,0xC340,0x6238,0x4130,0xC248,0x4472,0x28B4,0xCBED,
    0x8CFE,0xACFE,0x4BFE,0x0AFE,0x0AF6,0x0AF6,0x0AF6,0x0AF6,0x09F6,0x09F6,0x09F6,0x09F6,
    0x2AFE,0x2AFE,0x09FE,0xE9F5,0xC8F5,0x87F5,0x46F5,0x25ED,0xE4EC,0xC3EC,0xA3EC,0xA2EC,
    0xA2EC,0xA2EC,0xA2EC,0xA2EC,0xA2EC,0xA2EC,0xA2EC,0xA2EC,0xA2EC,0xA2EC,0xA3EC,0xC2EC,
    0xA2EC,0xA3EC,0xA2EC,0xA2EC,0xA3EC,0xC3EC,0xC3F4,0xA3EC,0xC3EC,0xC2EC,0xA2EC,0xA3EC,
    0xA3EC,0xA2EC,0xA2EC,0xA2EC,0xA2EC,0x82EC,0x82EC,0xA3EC,0xA3EC,0xC3EC,0x04ED,0x25ED,
    0x46F5,0x87F5,0xC8F5,0xE9F5,0x09FE,0x09F6,0x09F6,0xE9F5,0x09F6,0x2AFE,0x6BFE,0x6CFE,
    0xCCED,0x49BC,0x657A,0xE248,0x4138,0x8238,0xC340,0x6238,0x2030,0xC340,0x2C7B,0xF7C5,
    0xFFFF,0xFFFF,0xFFFF,0xDFFF,0xFFFF,0xFFFF,0xFFFF,0xFFFF,0xFFFF,0xFFFF,0xFFFF,0xFFFF,
    0xFFFF,0xFFFF,0xFFFF,0xFFFF,0xFFFF,0xFFFF,0xFFFF,0xFFFF,0xFFFF,0xFFFF,0xFFFF,0xFFFF,
    0xFFFF,0xFFFF,0xFFFF,0xFFFF,0xFFFF,0xFFFF,0xFFFF,0xFFFF,0xFFFF,0xFFFF,0xFFFF,0xFFFF,
    0xFFFF,0xFFFF,0xFFFF,0xFFFF,0xFFFF,0xFFFF,0xFFFF,0xFFFF,0xFFFF,0xFFFF,0xFFFF,0xFFFF,
    0xFFFF,0xFFFF,0xFFFF,0xFFFF,0xFFFF,0xFFFF,0xFFFF,0xFFFF,0xFFFF,0xFFFF,0xFFFF,0xFFFF,
    0xFFFF,0xFFFF,0xFFFF,0xFFFF,0xFFFF,0xFFFF,0xFFFF,0xFFFF,0xFFFF,0xFFFF,0xFFFF,0xFFFF,
    0xFFFF,0xFFFF,0xFFFF,0xFFFF,0xFFFF,0xFFFF,0xFFFF,0xFFFF,0xFFFF,0xFFFF,0xFFFF,0xFFFF,
    0xFFFF,0xFFFF,0xFFFF,0xFFFF,0xFFFF,0xFFFF,0xFFFF,0xFFFF,0xFFFF,0xFFFF,0xFFFF,0xFFFF,
    0xFFFF,0xFFFF,0xFFFF,0xFFFF,0xFFFF,0xFFFF,0xFFFF,0xFFFF,0xFFFF,0xFFFF,0xFFFF,0xFFFF,
    0xFFFF,0xFFFF,0xFFFF,0xFFFF,0xFFFF,0xFFFF,0xFFFF,0xFFFF,0xFFFF,0xFFFF,0xFFFF,0xFFFF,
    0xFFFF,0xFFFF,0xFFFF,0xFFFF,0xFFFF,0xFFFF,0xFFFF,0xFFFF,0xFFFF,0xFFFF,0xFFFF,0xFFFF,
    0xFFFF,0xFFFF,0xFFFF,0xFFFF,0xFFFF,0xFFFF,0xFFFF,0xFFFF,0xFFFF,0xBEF7,0xF3AC,0xE759,
    0x4130,0x4138,0xA348,0xC340,0x4138,0x8140,0xE469,0xC7AB,0x8AE5,0x6CFE,0x6BFE,0x4AFE,
    0x0AF6,0x0AF6,0x2AF6,0x0AFE,0x2AFE,0x0AFE,0x0AF6,0x0AFE,0x2AFE,0x2AFE,0x09FE,0xE8F5,
    0xA7F5,0x46F5,0x04ED,0xC3EC,0xA2EC,0xA2EC,0x82EC,0xA2EC,0xA2EC,0xA2EC,0xC3EC,0xA3F4,
    0xC3F4,0xC3F4,0xC3EC,0xA2EC,0xA2EC,0xA2EC,0xA2EC,0xA2EC,0xA2EC,0xA2EC,0xA3EC,0xA3EC,
    0xA3EC,0xA3EC,0xC3EC,0xA3EC,0xC3EC,0xC3EC,0xC3EC,0xC3EC,0xC3EC,0xA3EC,0xA3EC,0xA3EC,
    0xC3EC,0xA3EC,0xA3EC,0xA3EC,0xA3EC,0xA3EC,0xA3EC,0xA3EC,0xA3EC,0xA2EC,0xA2EC,0x82EC,
    0x82EC,0x82EC,0xA3EC,0xC4EC,0x05ED,0x66F5,0xA7F5,0xE9FD,0x2AFE,0x2AFE,0x09F6,0x0AF6,
    0x2AFE,0x8BFE,0x6CFE,0x8BE5,0xC8A3,0xC461,0x6138,0x4130,0xA340,0xA340,0x4138,0x6130,
    0x2862,0x34B5,0xDFFF,0xFFFF,0xFFFF,0xFFFF,0xFFFF,0xFFFF,0xFFFF,0xFFFF,0xFFFF,0xFFFF,
    0xFFFF,0xFFFF,0xFFFF,0xFFFF,0xFFFF,0xFFFF,0xFFFF,0xFFFF,0xFFFF,0xFFFF,0xFFFF,0xFFFF,
    0xFFFF,0xFFFF,0xFFFF,0xFFFF,0xFFFF,0xFFFF,0xFFFF,0xFFFF,0xFFFF,0xFFFF,0xFFFF,0xFFFF,
    0xFFFF,0xFFFF,0xFFFF,0xFFFF,0xFFFF,0xFFFF,0xFFFF,0xFFFF,0xFFFF,0xFFFF,0xFFFF,0xFFFF,
    0xFFFF,0xFFFF,0xFFFF,0xFFFF,0xFFFF,0xFFFF,0xFFFF,0xFFFF,0xFFFF,0xFFFF,0xFFFF,0xFFFF,
    0xFFFF,0xFFFF,0xFFFF,0xFFFF,0xFFFF,0xFFFF,0xFFFF,0xFFFF,0xFFFF,0xFFFF,0xFFFF,0xFFFF,
    0xFFFF,0xFFFF,0xFFFF,0xFFFF,0xFFFF,0xFFFF,0xFFFF,0xFFFF,0xFFFF,0xFFFF,0xFFFF,0xFFFF,
    0xFFFF,0xFFFF,0xFFFF,0xFFFF,0xFFFF,0xFFFF,0xFFFF,0xFFFF,0xFFFF,0xFFFF,0xFFFF,0xFFFF,
    0xFFFF,0xFFFF,0xFFFF,0xFFFF,0xFFFF,0xFFFF,0xFFFF,0xFFFF,0xFFFF,0xFFFF,0xFFFF,0xFFFF,
    0xFFFF,0xFFFF,0xFFFF,0xFFFF,0xFFFF,0xFFFF,0xFFFF,0xFFFF,0xFFFF,0xFFFF,0xFFFF,0xFFFF,
    0xFFFF,0xFFFF,0xFFFF,0xFFFF,0xFFFF,0xFFFF,0xFFFF,0xFFFF,0xFFFF,0xFFFF,0xFFFF,0xFFFF,
    0xFFFF,0xFFFF,0xFFFF,0xFFFF,0xFFFF,0xFFFF,0xFFFF,0x9EF7,0xD2A4,0x8651,0x4130,0x6238,
    0xC348,0xA340,0x6140,0x0251,0x068B,0x2AD5,0x6CFE,0x8BFE,0x4AFE,0x09F6,0xE9F5,0x0AF6,
    0x0AF6,0x0AFE,0x0AFE,0x2AFE,0x2AFE,0x2AFE,0x2AFE,0x09FE,0xA8F5,0x46ED,0x04ED,0xA3EC,
    0x82EC,0x82EC,0x82EC,0xA2EC,0xA2EC,0xA3EC,0xA3EC,0xA3EC,0xC2EC,0xA3EC,0xA3EC,0xA2EC,
    0xA2EC,0xA2EC,0xA2EC,0xA2EC,0xA2EC,0xA2EC,0xA2EC,0xA2EC,0xA2EC,0xA2EC,0xA3EC,0xA3EC,
    0xC2EC,0xC3EC,0xC3EC,0xA3EC,0xA3EC,0xA3EC,0xA3EC,0xA3EC,0xA3EC,0xA3EC,0xA3EC,0xA3EC,
    0xA3EC,0xA3EC,0xA3EC,0xA3EC,0xA3EC,0xA3EC,0xA2EC,0xA3EC,0xA3EC,0xA3EC,0xA3EC,0xA3EC,
    0xA3EC,0xA3EC,0xA2EC,0x82EC,0x82EC,0x82EC,0xA3EC,0xC3EC,0x05ED,0x67F5,0xC8F5,0x09FE,
    0x2AFE,0x0AF6,0x09F6,0x2AFE,0x6BFE,0x2CF6,0xCACC,0xC682,0xE248,0x4130,0x8240,0xC348,
    0x6240,0x4130,0xC759,0xF3AC,0x9EF7,0xFFFF,0xFFFF,0xFFFF,0xFFFF,0xFFFF,0xFFFF,0xFFFF,
    0xFFFF,0xFFFF,0xFFFF,0xFFFF,0xFFFF,0xFFFF,0xFFFF,0xFFFF,0xFFFF,0xFFFF,0xFFFF,0xFFFF,
    0xFFFF,0xFFFF,0xFFFF,0xFFFF,0xFFFF,0xFFFF,0xFFFF,0xFFFF,0xFFFF,0xFFFF,0xFFFF,0xFFFF,
    0xFFFF,0xFFFF,0xFFFF,0xFFFF,0xFFFF,0xFFFF,0xFFFF,0xFFFF,0xFFFF,0xFFFF,0xFFFF,0xFFFF,
    0xFFFF,0xFFFF,0xFFFF,0xFFFF,0xFFFF,0xFFFF,0xFFFF,0xFFFF,0xFFFF,0xFFFF,0xFFFF,0xFFFF,
    0xFFFF,0xFFFF,0xFFFF,0xFFFF,0xFFFF,0xFFFF,0xFFFF,0xFFFF,0xFFFF,0xFFFF,0xFFFF,0xFFFF,
    0xFFFF,0xFFFF,0xFFFF,0xFFFF,0xFFFF,0xFFFF,0xFFFF,0xFFFF,0xFFFF,0xFFFF,0xFFFF,0xFFFF,
    0xFFFF,0xFFFF,0xFFFF,0xFFFF,0xFFFF,0xFFFF,0xFFFF,0xFFFF,0xFFFF,0xFFFF,0xFFFF,0xFFFF,
    0xFFFF,0xFFFF,0xFFFF,0xFFFF,0xFFFF,0xFFFF,0xFFFF,0xFFFF,0xFFFF,0xFFFF,0xFFFF,0xFFFF,
    0xFFFF,0xFFFF,0xFFFF,0xFFFF,0xFFFF,0xFFFF,0xFFFF,0xFFFF,0xFFFF,0xFFFF,0xFFFF,0xFFFF,
    0xFFFF,0xFFFF,0xFFFF,0xFFFF,0xFFFF,0xFFFF,0xFFFF,0xFFFF,0xFFFF,0xFFFF,0xFFFF,0xFFFF,
    0xFFFF,0xFFFF,0xFFFF,0xFFFF,0xFFFF,0xBEF7,0xD3AC,0x8651,0x2028,0x8238,0xC348,0x8240,
    0x6138,0xA361,0xE8AB,0xECED,0x8CFE,0x6BFE,0x0AF6,0x0AF6,0x0AF6,0x0AF6,0x0AF6,0x0AF6,
    0x0AF6,0x2AF6,0x2AFE,0x2AFE,0x09FE,0x87F5,0x25ED,0xE4EC,0xA3EC,0x82EC,0x82EC,0xA2EC,
    0xA2EC,0xA2EC,0xA2EC,0xA2EC,0xA2EC,0xA2EC,0xA3EC,0xA3EC,0xC3EC,0xA2EC,0xA2EC,0xA2EC,
    0xC2EC,0xA2EC,0xA2EC,0xA2EC,0xA2EC,0xA2EC,0xA2EC,0xA2EC,0xA2EC,0xA2EC,0xA2EC,0xA2EC,
    0xC2EC,0xA3EC,0xA3EC,0xA3EC,0xA3EC,0xA3EC,0xA3EC,0xA3EC,0xA3EC,0xA3EC,0xA3EC,0xA3EC,
    0xA3EC,0xA3EC,0xA3EC,0xA3EC,0xA3EC,0xA3EC,0xA3EC,0xA3EC,0xA3EC,0xA3EC,0xA3EC,0xA3EC,
    0xA3EC,0xA3EC,0xA3EC,0xA3EC,0xA3EC,0xA3EC,0xA3EC,0xA3EC,0xA2EC,0xA2EC,0xC3EC,0xE4EC,
    0x46ED,0xA8F5,0xE9F5,0x0AF6,0x09F6,0x09F6,0x4AFE,0x6CFE,0xABE5,0xA7A3,0x8361,0x6138,
    0x8240,0xE348,0x8240,0x2030,0x8651,0x14AD,0xDFFF,0xFFFF,0xFFFF,0xFFFF,0xFFFF,0xFFFF,
    0xFFFF,0xFFFF,0xFFFF,0xFFFF,0xFFFF,0xFFFF,0xFFFF,0xFFFF,0xFFFF,0xFFFF,0xFFFF,0xFFFF,
    0xFFFF,0xFFFF,0xFFFF,0xFFFF,0xFFFF,0xFFFF,0xFFFF,0xFFFF,0xFFFF,0xFFFF,0xFFFF,0xFFFF,
    0xFFFF,0xFFFF,0xFFFF,0xFFFF,0xFFFF,0xFFFF,0xFFFF,0xFFFF,0xFFFF,0xFFFF,0xFFFF,0xFFFF,
    0xFFFF,0xFFFF,0xFFFF,0xFFFF,0xFFFF,0xFFFF,0xFFFF,0xFFFF,0xFFFF,0xFFFF,0xFFFF,0xFFFF,
    0xFFFF,0xFFFF,0xFFFF,0xFFFF,0xFFFF,0xFFFF,0xFFFF,0xFFFF,0xFFFF,0xFFFF,0xFFFF,0xFFFF,
    0xFFFF,0xFFFF,0xFFFF,0xFFFF,0xFFFF,0xFFFF,0xFFFF,0xFFFF,0xFFFF,0xFFFF,0xFFFF,0xFFFF,
    0xFFFF,0xFFFF,0xFFFF,0xFFFF,0xFFFF,0xFFFF,0xFFFF,0xFFFF,0xFFFF,0xFFFF,0xFFFF,0xFFFF,
    0xFFFF,0xFFFF,0xFFFF,0xFFFF,0xFFFF,0xFFFF,0xFFFF,0xFFFF,0xFFFF,0xFFFF,0xFFFF,0xFFFF,
    0xFFFF,0xFFFF,0xFFFF,0xFFFF,0xFFFF,0xFFFF,0xFFFF,0xFFFF,0xFFFF,0xFFFF,0xFFFF,0xFFFF,
    0xFFFF,0xFFFF,0xFFFF,0xFFFF,0xFFFF,0xFFFF,0xFFFF,0xFFFF,0xFFFF,0xFFFF,0xFFFF,0xFFFF,
    0xFFFF,0xFFFF,0xFFFF,0xFFFF,0x14B5,0x8651,0x0028,0x6238,0xC340,0x6230,0x6138,0x2472,
    0x89C4,0x2CF6,0x8CFE,0x2AFE,0x0AF6,0x0AF6,0x2AF6,0x0AF6,0x0AF6,0x0AF6,0x0AF6,0x2AFE,
    0x2AFE,0xE9F5,0x87F5,0x05ED,0xC3EC,0xA2EC,0xA2EC,0xA2EC,0xC3EC,0xA3EC,0xA3EC,0xA3EC,
    0xA3EC,0xA3EC,0xA2EC,0xA3EC,0xA3EC,0xA3EC,0xA3EC,0xA3EC,0xA3EC,0xA2EC,0xA2EC,0xA2EC,
    0xC2EC,0xA2EC,0xA2EC,0xA2EC,0xA2EC,0xA2EC,0xA2EC,0xA2EC,0xA2EC,0xA2EC,0xC2EC,0xA3EC,
    0xA2EC,0xC2EC,0xA3EC,0xA3EC,0xC3EC,0xA3EC,0xA3EC,0xA3EC,0xA3EC,0xA3EC,0xA3EC,0xA3EC,
    0xA3EC,0xA3EC,0xA3EC,0xA3EC,0xA3EC,0xA3EC,0xA3EC,0xA2EC,0xA3EC,0xA2EC,0xA3EC,0xA2EC,
    0xA2EC,0xA3EC,0xA3EC,0xC3EC,0xA3EC,0xA3EC,0xA3EC,0xC3EC,0xA3EC,0xA3EC,0xA3EC,0xA2EC,
    0xA2EC,0xA2EC,0xC3EC,0x25ED,0x87F5,0xE9F5,0x09F6,0x09F6,0x2AFE,0x6BFE,0x0CF6,0xA9C4,
    0x2572,0x6138,0x6238,0xC340,0x8238,0x2028,0xC759,0x55B5,0xFFFF,0xFFFF,0xFFFF,0xFFFF,
    0xFFFF,0xFFFF,0xFFFF,0xFFFF,0xFFFF,0xFFFF,0xFFFF,0xFFFF,0xFFFF,0xFFFF,0xFFFF,0xFFFF,
    0xFFFF,0xFFFF,0xFFFF,0xFFFF,0xFFFF,0xFFFF,0xFFFF,0xFFFF,0xFFFF,0xFFFF,0xFFFF,0xFFFF,
    0xFFFF,0xFFFF,0xFFFF,0xFFFF,0xFFFF,0xFFFF,0xFFFF,0xFFFF,0xFFFF,0xFFFF,0xFFFF,0xFFFF,
    0xFFFF,0xFFFF,0xFFFF,0xFFFF,0xFFFF,0xFFFF,0xFFFF,0xFFFF,0xFFFF,0xFFFF,0xFFFF,0xFFFF,
    0xFFFF,0xFFFF,0xFFFF,0xFFFF,0xFFFF,0xFFFF,0xFFFF,0xFFFF,0xFFFF,0xFFFF,0xFFFF,0xFFFF,
    0xFFFF,0xFFFF,0xFFFF,0xFFFF,0xFFFF,0xFFFF,0xFFFF,0xFFFF,0xFFFF,0xFFFF,0xFFFF,0xFFFF,
    0xFFFF,0xFFFF,0xFFFF,0xFFFF,0xFFFF,0xFFFF,0xFFFF,0xFFFF,0xFFFF,0xFFFF,0xFFFF,0xFFFF,
    0xFFFF,0xFFFF,0xFFFF,0xFFFF,0xFFFF,0xFFFF,0xFFFF,0xFFFF,0xFFFF,0xFFFF,0xFFFF,0xFFFF,
    0xFFFF,0xFFFF,0xFFFF,0xFFFF,0xFFFF,0xFFFF,0xFFFF,0xFFFF,0xFFFF,0xFFFF,0xFFFF,0xFFFF,
    0xFFFF,0xFFFF,0xFFFF,0xFFFF,0xFFFF,0xFFFF,0xFFFF,0xFFFF,0xFFFF,0xFFFF,0xFFFF,0xDFFF,
    0xFFFF,0xFFFF,0xB6C5,0x085A,0x2130,0x6238,0xC340,0x4230,0x6138,0x2472,0xC9CC,0x4BFE,
    0x6AFE,0x09FE,0x09F6,0x0AFE,0x0AF6,0x2AFE,0x0AF6,0x0AF6,0x2AFE,0x2AFE,0xE9F5,0x87F5,
    0x25ED,0xC3EC,0x82EC,0xA2EC,0xA2EC,0xA3EC,0xA3EC,0xA3EC,0xA3EC,0xA3EC,0xA3EC,0xA3EC,
    0xA3EC,0xA3EC,0xA3EC,0xA3EC,0xA3EC,0xA3EC,0xA3EC,0xA3EC,0xA3EC,0xA3EC,0xA3EC,0xA3EC,
    0xA2EC,0xA2EC,0xA2EC,0xA2EC,0xA2EC,0xA2EC,0xA2EC,0xA2EC,0xA2EC,0xC2EC,0xA2EC,0xC3EC,
    0xC2EC,0xC2EC,0xC3EC,0xC3EC,0xC3EC,0xA3EC,0xA3EC,0xA3EC,0xA3EC,0xA3EC,0xA3EC,0xA3EC,
    0xA3EC,0xA3EC,0xA3EC,0xA3EC,0xA3EC,0xA3EC,0xA3EC,0xA3EC,0xA3EC,0xA3EC,0xA3EC,0xA3EC,
    0xA3EC,0xA3EC,0xC3EC,0xC2EC,0xC3EC,0xC3EC,0xC3EC,0xC3EC,0xC3EC,0xA3EC,0xA3EC,0xA3EC,
    0xA3EC,0xA2EC,0xA2EC,0x82EC,0xA3EC,0xC3EC,0x46F5,0xA8F5,0x09FE,0x09F6,0x09FE,0x6AFE,
    0x4CFE,0xCACC,0x4472,0x6138,0x6230,0xC340,0x6238,0x4028,0x085A,0xD6C5,0xFFFF,0xFFFF,
    0xDFFF,0xFFFF,0xFFFF,0xFFFF,0xFFFF,0xFFFF,0xFFFF,0xFFFF,0xFFFF,0xFFFF,0xFFFF,0xFFFF,
    0xFFFF,0xFFFF,0xFFFF,0xFFFF,0xFFFF,0xFFFF,0xFFFF,0xFFFF,0xFFFF,0xFFFF,0xFFFF,0xFFFF,
    0xFFFF,0xFFFF,0xFFFF,0xFFFF,0xFFFF,0xFFFF,0xFFFF,0xFFFF,0xFFFF,0xFFFF,0xFFFF,0xFFFF,
    0xFFFF,0xFFFF,0xFFFF,0xFFFF,0xFFFF,0xFFFF,0xFFFF,0xFFFF,0xFFFF,0xFFFF,0xFFFF,0xFFFF,
    0xFFFF,0xFFFF,0xFFFF,0xFFFF,0xFFFF,0xFFFF,0xFFFF,0xFFFF,0xFFFF,0xFFFF,0xFFFF,0xFFFF,
    0xFFFF,0xFFFF,0xFFFF,0xFFFF,0xFFFF,0xFFFF,0xFFFF,0xFFFF,0xFFFF,0xFFFF,0xFFFF,0xFFFF,
    0xFFFF,0xFFFF,0xFFFF,0xFFFF,0xFFFF,0xFFFF,0xFFFF,0xFFFF,0xFFFF,0xFFFF,0xFFFF,0xFFFF,
    0xFFFF,0xFFFF,0xFFFF,0xFFFF,0xFFFF,0xFFFF,0xFFFF,0xFFFF,0xFFFF,0xFFFF,0xFFFF,0xFFFF,
    0xFFFF,0xFFFF,0xFFFF,0xFFFF,0xFFFF,0xFFFF,0xFFFF,0xFFFF,0xFFFF,0xFFFF,0xFFFF,0xFFFF,
    0xFFFF,0xFFFF,0xFFFF,0xFFFF,0xFFFF,0xFFFF,0xFFFF,0xFFFF,0xFFFF,0xDFFF,0xFFFF,0xFFFF,
    0x79D6,0xAA72,0x6130,0x6238,0xC348,0x6238,0x6130,0x2472,0xC9CC,0x6BFE,0x4AFE,0x09F6,
    0xE9F5,0x09F6,0x09F6,0x2AF6,0x0AF6,0x2AF6,0x2AFE,0x2AFE,0xC8F5,0x46F5,0xC3EC,0x82EC,
    0x82EC,0xA2EC,0xA3EC,0xA3EC,0xC3EC,0xA3EC,0xA3EC,0xA3EC,0xA3EC,0xA3EC,0xA3EC,0xA3EC,
    0xA3EC,0xA3EC,0xA3EC,0xA3EC,0xA2EC,0xA3EC,0xA3EC,0xA3EC,0xA3EC,0xA3EC,0xA3EC,0xA3EC,
    0xA2EC,0xA2EC,0xA2EC,0xA2EC,0xA2EC,0xA2EC,0xC2EC,0xA2EC,0xA2EC,0xC2EC,0xA2EC,0xC2EC,
    0xA3EC,0xA3EC,0xA3EC,0xA3EC,0xA3EC,0xA3EC,0xA3EC,0xA3EC,0xA3EC,0xA3EC,0xA3EC,0xA3EC,
    0xA3EC,0xA3EC,0xA3EC,0xA3EC,0xA3EC,0xA3EC,0xA3EC,0xA3EC,0xA3EC,0xA3EC,0xA3EC,0xA3EC,
    0xA3EC,0xA3EC,0xA2EC,0xA3EC,0xA3EC,0xA3EC,0xC3EC,0xA3EC,0xA3EC,0xA3EC,0xA3EC,0xA3EC,
    0xA3EC,0xA3EC,0xA3EC,0xA3EC,0xA3EC,0xA2EC,0x82EC,0xA3EC,0xE4EC,0x67F5,0xE9F5,0x09FE,
    0x09F6,0x4AFE,0x4BFE,0xC9C4,0x046A,0x6130,0x6230,0xC340,0x6138,0x4130,0xCB72,0x79D6,
    0xFFFF,0xFFFF,0xFFFF,0xFFFF,0xFFFF,0xFFFF,0xFFFF,0xFFFF,0xFFFF,0xFFFF,0xFFFF,0xFFFF,
    0xFFFF,0xFFFF,0xFFFF,0xFFFF,0xFFFF,0xFFFF,0xFFFF,0xFFFF,0xFFFF,0xFFFF,0xFFFF,0xFFFF,
    0xFFFF,0xFFFF,0xFFFF,0xFFFF,0xFFFF,0xFFFF,0xFFFF,0xFFFF,0xFFFF,0xFFFF,0xFFFF,0xFFFF,
    0xFFFF,0xFFFF,0xFFFF,0xFFFF,0xFFFF,0xFFFF,0xFFFF,0xFFFF,0xFFFF,0xFFFF,0xFFFF,0xFFFF,
    0xFFFF,0xFFFF,0xFFFF,0xFFFF,0xFFFF,0xFFFF,0xFFFF,0xFFFF,0xFFFF,0xFFFF,0xFFFF,0xFFFF,
    0xFFFF,0xFFFF,0xFFFF,0xFFFF,0xFFFF,0xFFFF,0xFFFF,0xFFFF,0xFFFF,0xFFFF,0xFFFF,0xFFFF,
    0xFFFF,0xFFFF,0xFFFF,0xFFFF,0xFFFF,0xFFFF,0xFFFF,0xFFFF,0xFFFF,0xFFFF,0xFFFF,0xFFFF,
    0xFFFF,0xFFFF,0xFFFF,0xFFFF,0xFFFF,0xFFFF,0xFFFF,0xFFFF,0xFFFF,0xFFFF,0xFFFF,0xFFFF,
    0xFFFF,0xFFFF,0xFFFF,0xFFFF,0xFFFF,0xFFFF,0xFFFF,0xFFFF,0xFFFF,0xFFFF,0xFFFF,0xFFFF,
    0xFFFF,0xFFFF,0xFFFF,0xFFFF,0xFFFF,0xFFFF,0xFFFF,0xFFFF,0xDFFF,0xFFFF,0x7DF7,0xAE8B,
    0x8238,0x4138,0xC348,0x8240,0x4138,0x0472,0xC9CC,0x4BFE,0x4AFE,0x09F6,0x09F6,0x09F6,
    0x09F6,0x09F6,0x09F6,0x0AF6,0x2AFE,0x09FE,0x87F5,0x04ED,0xA3EC,0x82EC,0xA2EC,0xA3EC,
    0xA3EC,0xA3EC,0xA3EC,0xA3EC,0xA3EC,0xA3EC,0xA3EC,0xA3EC,0xA3EC,0xA3EC,0xA2EC,0xA3EC,
    0xA3EC,0xA3EC,0xA3EC,0xA3EC,0xA3EC,0xA3EC,0xA3EC,0xA3EC,0xA3EC,0xA2EC,0xA3EC,0xA2EC,
    0xA2EC,0xA2EC,0xA2EC,0xA2EC,0xA2EC,0xA2EC,0xA2EC,0xA2EC,0xA2EC,0xA2EC,0xA2EC,0xA2EC,
    0xA2EC,0xA2EC,0xA3EC,0xA3EC,0xA3EC,0xA3EC,0xA3EC,0xC3EC,0xA3EC,0xA3EC,0xC3EC,0xA3EC,
    0xA3EC,0xA3EC,0xA3EC,0xA3EC,0xA3EC,0xA3EC,0xA2EC,0xA3EC,0xA2EC,0xA3EC,0xA3EC,0xA3EC,
    0xA3EC,0xA3EC,0xA2EC,0xA3EC,0xA3EC,0xA3EC,0xA3EC,0xA3EC,0xA3EC,0xA3EC,0xA3EC,0xA3EC,
    0xA3EC,0xA2EC,0xA2EC,0xA2EC,0xA3EC,0xA3EC,0xA3EC,0xA3EC,0xA2EC,0xA2EC,0xC3EC,0x25ED,
    0xA7F5,0xE9FD,0x09F6,0x4AFE,0x4BFE,0xA9C4,0xE469,0x4130,0x8238,0xC340,0x4138,0xA238,
    0xCF8B,0x7DF7,0xFFFF,0xFFFF,0xFFFF,0xFFFF,0xFFFF,0xFFFF,0xFFFF,0xFFFF,0xFFFF,0xFFFF,
    0xFFFF,0xFFFF,0xFFFF,0xFFFF,0xFFFF,0xFFFF,0xFFFF,0xFFFF,0xFFFF,0xFFFF,0xFFFF,0xFFFF,
    0xFFFF,0xFFFF,0xFFFF,0xFFFF,0xFFFF,0xFFFF,0xFFFF,0xFFFF,0xFFFF,0xFFFF,0xFFFF,0xFFFF,
    0xFFFF,0xFFFF,0xFFFF,0xFFFF,0xFFFF,0xFFFF,0xFFFF,0xFFFF,0xFFFF,0xFFFF,0xFFFF,0xFFFF,
    0xFFFF,0xFFFF,0xFFFF,0xFFFF,0xFFFF,0xFFFF,0xFFFF,0xFFFF,0xFFFF,0xFFFF,0xFFFF,0xFFFF,
    0xFFFF,0xFFFF,0xFFFF,0xFFFF,0xFFFF,0xFFFF,0xFFFF,0xFFFF,0xFFFF,0xFFFF,0xFFFF,0xFFFF,
    0xFFFF,0xFFFF,0xFFFF,0xFFFF,0xFFFF,0xFFFF,0xFFFF,0xFFFF,0xFFFF,0xFFFF,0xFFFF,0xFFFF,
    0xFFFF,0xFFFF,0xFFFF,0xFFFF,0xFFFF,0xFFFF,0xFFFF,0xFFFF,0xFFFF,0xFFFF,0xFFFF,0xFFFF,
    0xFFFF,0xFFFF,0xFFFF,0xFFFF,0xFFFF,0xFFFF,0xFFFF,0xFFFF,0xFFFF,0xFFFF,0xFFFF,0xFFFF,
    0xFFFF,0xFFFF,0xFFFF,0xFFFF,0xFFFF,0xFFFF,0xDFFF,0xFFFF,0xFFFF,0x55B5,0x4549,0x2130,
    0xC348,0xC348,0x6138,0x8361,0x89C4,0x6CFE,0x6BFE,0x09F6,0x09F6,0x09F6,0x09F6,0x09F6,
    0x09F6,0x09F6,0x2AFE,0xE9FD,0x46F5,0xC3EC,0x82EC,0xA2EC,0xA2EC,0xA3EC,0xA3EC,0xA3EC,
    0xA3EC,0xA3EC,0xA3EC,0xA2EC,0xA2EC,0xA3EC,0xA3EC,0xC3EC,0xA3EC,0xA3EC,0xC3EC,0xC3EC,
    0xA3EC,0xC3EC,0xA3EC,0xA3EC,0xA3EC,0xA3EC,0xA3EC,0xA2EC,0xA3EC,0xA3EC,0xA3EC,0xA3EC,
    0xA2EC,0xA2EC,0xA2EC,0xA2EC,0xA2EC,0xA2EC,0xA2EC,0xA2EC,0xA2EC,0xA2EC,0xA2EC,0xA2EC,
    0xA2EC,0xA2EC,0xA2EC,0xA2EC,0xA2EC,0xA2EC,0xA2EC,0xA3EC,0xA3EC,0xA3EC,0xA3EC,0xA3EC,
    0xA3EC,0xA3EC,0xA3EC,0xA3EC,0xA3EC,0xA2EC,0xA2EC,0xA3EC,0xA3EC,0xA3EC,0xA3EC,0xA3EC,
    0xA3EC,0xA3EC,0xA3EC,0xC3EC,0xA3EC,0xC3EC,0xC3EC,0xC3EC,0xA3EC,0xA3EC,0xA3EC,0xA3EC,
    0xA3EC,0xA3EC,0xA3EC,0xA3EC,0xA3EC,0xA3EC,0xA3EC,0xA3EC,0xA3EC,0xA2EC,0xA3EC,0x82EC,
    0xA3EC,0x04ED,0x87F5,0xE9F5,0x09F6,0x4AFE,0x2BFE,0x48BC,0x6359,0x4130,0xC340,0xC348,
    0x4130,0x6551,0x55B5,0xFFFF,0xFFFF,0xDFFF,0xFFFF,0xFFFF,0xFFFF,0xFFFF,0xFFFF,0xFFFF,
    0xFFFF,0xFFFF,0xFFFF,0xFFFF,0xFFFF,0xFFFF,0xFFFF,0xFFFF,0xFFFF,0xFFFF,0xFFFF,0xFFFF,
    0xFFFF,0xFFFF,0xFFFF,0xFFFF,0xFFFF,0xFFFF,0xFFFF,0xFFFF,0xFFFF,0xFFFF,0xFFFF,0xFFFF,
    0xFFFF,0xFFFF,0xFFFF,0xFFFF,0xFFFF,0xFFFF,0xFFFF,0xFFFF,0xFFFF,0xFFFF,0xFFFF,0xFFFF,
    0xFFFF,0xFFFF,0xFFFF,0xFFFF,0xFFFF,0xFFFF,0xFFFF,0xFFFF,0xFFFF,0xFFFF,0xFFFF,0xFFFF,
    0xFFFF,0xFFFF,0xFFFF,0xFFFF,0xFFFF,0xFFFF,0xFFFF,0xFFFF,0xFFFF,0xFFFF,0xFFFF,0xFFFF,
    0xFFFF,0xFFFF,0xFFFF,0xFFFF,0xFFFF,0xFFFF,0xFFFF,0xFFFF,0xFFFF,0xFFFF,0xFFFF,0xFFFF,
    0xFFFF,0xFFFF,0xFFFF,0xFFFF,0xFFFF,0xFFFF,0xFFFF,0xFFFF,0xFFFF,0xFFFF,0xFFFF,0xFFFF,
    0xFFFF,0xFFFF,0xFFFF,0xFFFF,0xFFFF,0xFFFF,0xFFFF,0xFFFF,0xFFFF,0xFFFF,0xFFFF,0xFFFF,
    0xFFFF,0xFFFF,0xFFFF,0xFFFF,0xFFFF,0xFFFF,0xFFFF,0x3CEF,0x0C73,0x4130,0x8240,0xC348,
    0x4138,0xE248,0xC8A3,0x4DF6,0x8BFE,0x0AF6,0x0AF6,0x0AFE,0x0AF6,0x09F6,0x09F6,0x09F6,
    0x2AFE,0xE8F5,0x45ED,0xC3EC,0x82EC,0xA2EC,0xA2EC,0xA2EC,0xA3EC,0xA3EC,0xA3EC,0xA3EC,
    0xA3EC,0xA3EC,0xA3EC,0xA3EC,0xA3EC,0xA3EC,0xA3EC,0xA2EC,0xA3EC,0xA3EC,0xA3EC,0xA3EC,
    0xA3EC,0xA3EC,0xA3EC,0xA3EC,0xA3EC,0xA3EC,0xA3EC,0xA3EC,0xA2EC,0x82EC,0x82EC,0xA2EC,
    0xA2EC,0xC2EC,0xC2F4,0xE3F4,0xE3F4,0x03F5,0x03FD,0x03FD,0x03FD,0x04FD,0x04FD,0x04FD,
    0x04FD,0x04F5,0x04F5,0x03FD,0x04FD,0x04FD,0x03FD,0xE3F4,0xE3F4,0xC3F4,0xC2EC,0xA2EC,
    0xA2EC,0xA2EC,0x82EC,0x82EC,0xA2EC,0xA2EC,0xA2EC,0xA2EC,0xA2EC,0xA3EC,0xA3EC,0xA3EC,
    0xA3EC,0xA3EC,0xA3EC,0xA3EC,0xA3EC,0xA3EC,0xA3EC,0xA3EC,0xA3EC,0xA3EC,0xA3EC,0xA3EC,
    0xA3EC,0xA3EC,0xA3EC,0xA3EC,0xA3EC,0xA3EC,0xA3EC,0xA3EC,0xA3EC,0xA3EC,0xA3EC,0xA3EC,
    0xA3EC,0x82EC,0xA2E4,0xE4EC,0x67F5,0xE9F5,0x09FE,0x6AFE,0x0CF6,0x879B,0xE248,0x6238,
    0xE450,0x8240,0x6130,0xEB72,0xFBE6,0xFFFF,0xFFFF,0xFFFF,0xFFFF,0xFFFF,0xFFFF,0xFFFF,
    0xFFFF,0xFFFF,0xFFFF,0xFFFF,0xFFFF,0xFFFF,0xFFFF,0xFFFF,0xFFFF,0xFFFF,0xFFFF,0xFFFF,
    0xFFFF,0xFFFF,0xFFFF,0xFFFF,0xFFFF,0xFFFF,0xFFFF,0xFFFF,0xFFFF,0xFFFF,0xFFFF,0xFFFF,
    0xFFFF,0xFFFF,0xFFFF,0xFFFF,0xFFFF,0xFFFF,0xFFFF,0xFFFF,0xFFFF,0xFFFF,0xFFFF,0xFFFF,
    0xFFFF,0xFFFF,0xFFFF,0xFFFF,0xFFFF,0xFFFF,0xFFFF,0xFFFF,0xFFFF,0xFFFF,0xFFFF,0xFFFF,
    0xFFFF,0xFFFF,0xFFFF,0xFFFF,0xFFFF,0xFFFF,0xFFFF,0xFFFF,0xFFFF,0xFFFF,0xFFFF,0xFFFF,
    0xFFFF,0xFFFF,0xFFFF,0xFFFF,0xFFFF,0xFFFF,0xFFFF,0xFFFF,0xFFFF,0xFFFF,0xFFFF,0xFFFF,
    0xFFFF,0xFFFF,0xFFFF,0xFFFF,0xFFFF,0xFFFF,0xFFFF,0xFFFF,0xFFFF,0xFFFF,0xFFFF,0xFFFF,
    0xFFFF,0xFFFF,0xFFFF,0xFFFF,0xFFFF,0xFFFF,0xFFFF,0xFFFF,0xFFFF,0xFFFF,0xFFFF,0xFFFF,
    0xFFFF,0xFFFF,0xFFFF,0xDFFF,0xFFFF,0xFFFF,0xF3AC,0x0441,0x4130,0xE348,0xA240,0x8140,
    0xA582,0x8BE5,0x8CFE,0x2AF6,0x0AF6,0x2AF6,0x0AF6,0x0AF6,0x0AF6,0x0AF6,0x2AFE,0xC8F5,
    0x25ED,0xA3EC,0x82EC,0xA2EC,0xA2EC,0xA3EC,0xA3EC,0xA3EC,0xA3EC,0xA3EC,0xA3EC,0xA3EC,
    0xA3EC,0xA3EC,0xA3EC,0xA2EC,0xA2EC,0xA3EC,0xA2EC,0xA2EC,0xA3EC,0xA3EC,0xA3EC,0xA3EC,
    0xA3EC,0xA3EC,0xA3EC,0x82EC,0x82EC,0xA2EC,0xC2F4,0xE2F4,0x03F5,0xE3F4,0x03F5,0xE4F4,
    0xC4EC,0xA4E4,0x64DC,0x24D4,0xC4C3,0x84BB,0x43B3,0x23AB,0x03A3,0xE39A,0xC39A,0xA39A,
    0xA39A,0xA39A,0xC39A,0xE3A2,0x04AB,0x44B3,0x84BB,0xC4C3,0x04D4,0x44DC,0x84E4,0xC5EC,
    0xE4F4,0xE4F4,0xE3FC,0xE3F4,0xC2F4,0xA2EC,0xA2EC,0x82EC,0x82EC,0xA2EC,0xA3EC,0xA3EC,
    0xA3EC,0xC3EC,0xA2EC,0xA3EC,0xA3EC,0xA3EC,0xA3EC,0xA3EC,0xA3EC,0xA3EC,0xA3EC,0xA3EC,
    0xA3EC,0xA3EC,0xA3EC,0xA3EC,0xA3EC,0xA3EC,0xA3EC,0xA3EC,0xA3EC,0xA2EC,0xA3EC,0xA3EC,
    0xA3EC,0xA3EC,0xA3EC,0xA2EC,0x82EC,0xC4EC,0x67F5,0xE9F5,0x2AFE,0x8BFE,0x8BE5,0xA582,
    0x8138,0xA340,0xE348,0x2130,0x0441,0xF3AC,0xFFFF,0xFFFF,0xFFFF,0xFFFF,0xFFFF,0xFFFF,
    0xFFFF,0xFFFF,0xFFFF,0xFFFF,0xFFFF,0xFFFF,0xFFFF,0xFFFF,0xFFFF,0xFFFF,0xFFFF,0xFFFF,
    0xFFFF,0xFFFF,0xFFFF,0xFFFF,0xFFFF,0xFFFF,0xFFFF,0xFFFF,0xFFFF,0xFFFF,0xFFFF,0xFFFF,
    0xFFFF,0xFFFF,0xFFFF,0xFFFF,0xFFFF,0xFFFF,0xFFFF,0xFFFF,0xFFFF,0xFFFF,0xFFFF,0xFFFF,
    0xFFFF,0xFFFF,0xFFFF,0xFFFF,0xFFFF,0xFFFF,0xFFFF,0xFFFF,0xFFFF,0xFFFF,0xFFFF,0xFFFF,
    0xFFFF,0xFFFF,0xFFFF,0xFFFF,0xFFFF,0xFFFF,0xFFFF,0xFFFF,0xFFFF,0xFFFF,0xFFFF,0xFFFF,
    0xFFFF,0xFFFF,0xFFFF,0xFFFF,0xFFFF,0xFFFF,0xFFFF,0xFFFF,0xFFFF,0xFFFF,0xFFFF,0xFFFF,
    0xFFFF,0xFFFF,0xFFFF,0xFFFF,0xFFFF,0xFFFF,0xFFFF,0xFFFF,0xFFFF,0xFFFF,0xFFFF,0xFFFF,
    0xFFFF,0xFFFF,0xFFFF,0xFFFF,0xFFFF,0xFFFF,0xFFFF,0xFFFF,0xFFFF,0xFFFF,0xFFFF,0xFFFF,
    0xFFFF,0xFFFF,0xDFFF,0xFFFF,0x1CE7,0xAA6A,0x0028,0x8238,0xC340,0x4130,0x8361,0xC9C4,
    0x8CFE,0x4AFE,0x09F6,0x0AF6,0x2AFE,0x2AF6,0x0AF6,0x0AF6,0x2AFE,0xE9FD,0x46ED,0xA3EC,
    0x82EC,0xA2EC,0xA2EC,0xA2EC,0xA2EC,0xA3EC,0xA3EC,0xA3EC,0xA3EC,0xA3EC,0xA3EC,0xA3EC,
    0xA3EC,0xA3EC,0xA3EC,0xA2EC,0xA3EC,0xA3EC,0xA3EC,0xA3EC,0xA3EC,0xA3EC,0xA3EC,0xA2EC,
    0xA2EC,0xC3F4,0xE3F4,0x03FD,0x04F5,0xC5EC,0x65DC,0xE4C3,0x64B3,0xC39A,0x4382,0xC271,
    0x6261,0x0259,0xC148,0xA140,0x8140,0x8240,0x8240,0x6238,0x6138,0x8138,0x8238,0x6238,
    0x6238,0x6238,0x6238,0x6138,0x6138,0x6140,0x8240,0x8240,0xA148,0xC150,0x0259,0x4261,
    0xA269,0x2282,0xA39A,0x44AB,0xE5C3,0x64DC,0xC4EC,0xE3F4,0xE3F4,0xE3F4,0xC3F4,0xA2EC,
    0xA2EC,0xA2EC,0xC3EC,0xA3EC,0xA3EC,0xA2EC,0xA3EC,0xA2EC,0xA3EC,0xA3EC,0xA3EC,0xA3EC,
    0xA3EC,0xA3EC,0xA3EC,0xA3EC,0xA3EC,0xA3EC,0xA3EC,0xA3EC,0xA3EC,0xA3EC,0xA3EC,0xA3EC,
    0xA3EC,0xA3EC,0xA3EC,0xA3EC,0xA3EC,0xA2EC,0xA2EC,0xE4EC,0x87F5,0xE9F5,0x4AFE,0x6CFE,
    0x89C4,0x6359,0x4130,0xC340,0x8240,0x2028,0xCB72,0x1CEF,0xFFFF,0xDFFF,0xFFFF,0xFFFF,
    0xFFFF,0xFFFF,0xFFFF,0xFFFF,0xFFFF,0xFFFF,0xFFFF,0xFFFF,0xFFFF,0xFFFF,0xFFFF,0xFFFF,
    0xFFFF,0xFFFF,0xFFFF,0xFFFF,0xFFFF,0xFFFF,0xFFFF,0xFFFF,0xFFFF,0xFFFF,0xFFFF,0xFFFF,
    0xFFFF,0xFFFF,0xFFFF,0xFFFF,0xFFFF,0xFFFF,0xFFFF,0xFFFF,0xFFFF,0xFFFF,0xFFFF,0xFFFF,
    0xFFFF,0xFFFF,0xFFFF,0xFFFF,0xFFFF,0xFFFF,0xFFFF,0xFFFF,0xFFFF,0xFFFF,0xFFFF,0xFFFF,
    0xFFFF,0xFFFF,0xFFFF,0xFFFF,0xFFFF,0xFFFF,0xFFFF,0xFFFF,0xFFFF,0xFFFF,0xFFFF,0xFFFF,
    0xFFFF,0xFFFF,0xFFFF,0xFFFF,0xFFFF,0xFFFF,0xFFFF,0xFFFF,0xFFFF,0xFFFF,0xFFFF,0xFFFF,
    0xFFFF,0xFFFF,0xFFFF,0xFFFF,0xFFFF,0xFFFF,0xFFFF,0xFFFF,0xFFFF,0xFFFF,0xFFFF,0xFFFF,
    0xFFFF,0xFFFF,0xFFFF,0xFFFF,0xFFFF,0xFFFF,0xFFFF,0xFFFF,0xFFFF,0xFFFF,0xFFFF,0xFFFF,
    0xFFFF,0xFFFF,0xFFFF,0x55B5,0xE440,0x0028,0xC340,0x6238,0x8138,0x2693,0x0BF6,0x6BFE,
    0x0AF6,0x0AF6,0x2AFE,0x0AFE,0x2AFE,0x2AF6,0x2AFE,0x09FE,0x66F5,0xC3EC,0x82EC,0xA2EC,
    0xA2EC,0xA3EC,0xA3EC,0xA3EC,0xA3EC,0xA3EC,0xA3EC,0xA3EC,0xA3EC,0xA3EC,0xA3EC,0xA3EC,
    0xA3EC,0xA3EC,0xA3EC,0xA3EC,0xA3EC,0xA3EC,0xA3EC,0xA2EC,0xA2EC,0xC2EC,0xE3F4,0x04FD,
    0xE5F4,0x85E4,0x05CC,0x24AB,0x438A,0x8269,0xE150,0x8240,0x6138,0x4130,0x6230,0x6238,
    0x8238,0x8238,0x8238,0xA338,0xA238,0xA240,0xA340,0x8240,0x8240,0x8240,0x8240,0x8240,
    0x8238,0x8240,0x8240,0x8240,0x8240,0x8240,0x8340,0xA340,0xA340,0xA340,0x8240,0x8238,
    0x8238,0x6230,0x4130,0x6138,0x8138,0xE148,0x8269,0x438A,0x24AB,0x05CC,0x85E4,0xE5F4,
    0x04FD,0xE3F4,0xC3F4,0xA2EC,0xA2EC,0xA3EC,0xA3EC,0xA3EC,0xA3EC,0xA3EC,0xA3EC,0xA3EC,
    0xA3EC,0xA3EC,0xA3EC,0xA3EC,0xA3EC,0xA3EC,0xA3EC,0xA3EC,0xA3EC,0xA3EC,0xA3EC,0xA3EC,
    0xA3EC,0xA3EC,0xC3EC,0xA3EC,0xA3EC,0xA3EC,0xA3EC,0xA2EC,0xA2EC,0xE5EC,0xA8F5,0x09FE,
    0x6BFE,0xECF5,0x2693,0x8138,0x6238,0xE448,0x2130,0x2441,0x96BD,0xFFFF,0xFFFF,0xFFFF,
    0xFFFF,0xFFFF,0xFFFF,0xFFFF,0xFFFF,0xFFFF,0xFFFF,0xFFFF,0xFFFF,0xFFFF,0xFFFF,0xFFFF,
    0xFFFF,0xFFFF,0xFFFF,0xFFFF,0xFFFF,0xFFFF,0xFFFF,0xFFFF,0xFFFF,0xFFFF,0xFFFF,0xFFFF,
    0xFFFF,0xFFFF,0xFFFF,0xFFFF,0xFFFF,0xFFFF,0xFFFF,0xFFFF,0xFFFF,0xFFFF,0xFFFF,0xFFFF,
    0xFFFF,0xFFFF,0xFFFF,0xFFFF,0xFFFF,0xFFFF,0xFFFF,0xFFFF,0xFFFF,0xFFFF,0xFFFF,0xFFFF,
    0xFFFF,0xFFFF,0xFFFF,0xFFFF,0xFFFF,0xFFFF,0xFFFF,0xFFFF,0xFFFF,0xFFFF,0xFFFF,0xFFFF,
    0xFFFF,0xFFFF,0xFFFF,0xFFFF,0xFFFF,0xFFFF,0xFFFF,0xFFFF,0xFFFF,0xFFFF,0xFFFF,0xFFFF,
    0xFFFF,0xFFFF,0xFFFF,0xFFFF,0xFFFF,0xFFFF,0xFFFF,0xFFFF,0xFFFF,0xFFFF,0xFFFF,0xFFFF,
    0xFFFF,0xFFFF,0xFFFF,0xFFFF,0xFFFF,0xFFFF,0xFFFF,0xFFFF,0xFFFF,0xFFFF,0xFFFF,0xDFFF,
    0xFFFF,0xBEFF,0x4D83,0x2028,0x6238,0xA340,0x2128,0x8359,0xE9D4,0x8BFE,0x09F6,0xE9F5,
    0x0AF6,0x09FE,0x0AF6,0x0AF6,0x2AFE,0x0AFE,0x87F5,0xE4EC,0x82EC,0xA2EC,0xA3EC,0xA3EC,
    0xA3EC,0xA3EC,0xA3EC,0xA3EC,0xA3EC,0xA3EC,0xA3EC,0xA3EC,0xA3EC,0xA3EC,0xA3EC,0xA3EC,
    0xA3EC,0xA3EC,0xA3EC,0xA2EC,0xA2EC,0xA2EC,0xC3F4,0xE3F4,0xE4F4,0x85DC,0xA4BB,0x8392,
    0xA271,0x0251,0x8140,0x6138,0x6238,0x8240,0xA340,0xA340,0x8240,0x6238,0x6238,0x4138,
    0x4138,0x6138,0x8140,0xA140,0xE250,0x2259,0x6261,0x8269,0xA271,0xC379,0xE379,0x0382,
    0xE381,0xE379,0xC379,0xC271,0xA271,0x8269,0x4261,0x2259,0xE150,0xA140,0x8138,0x6138,
    0x4230,0x6230,0x6238,0x8238,0xA238,0xA338,0x8238,0x8238,0x8238,0xA140,0x0259,0xC271,
    0xA39A,0xA4C3,0x85E4,0xE4F4,0xE3F4,0xC3F4,0xA2EC,0x82EC,0xA3EC,0xA3EC,0xA3EC,0xA3EC,
    0xA3EC,0xA3EC,0xA3EC,0xA3EC,0xA3EC,0xA3EC,0xA3EC,0xA3EC,0xA3EC,0xA3EC,0xA3EC,0xA3EC,
    0xA3EC,0xA3EC,0xA3EC,0xA3EC,0xA3EC,0xA3EC,0xA3EC,0xA3EC,0xA3F4,0xA2EC,0xA3EC,0x05ED,
    0xA8F5,0x29FE,0x6BFE,0xCACC,0x6359,0x4130,0xC340,0x8238,0x4130,0x8E83,0xBFFF,0xFFFF,
    0xDFFF,0xFFFF,0xFFFF,0xFFFF,0xFFFF,0xFFFF,0xFFFF,0xFFFF,0xFFFF,0xFFFF,0xFFFF,0xFFFF,
    0xFFFF,0xFFFF,0xFFFF,0xFFFF,0xFFFF,0xFFFF,0xFFFF,0xFFFF,0xFFFF,0xFFFF,0xFFFF,0xFFFF,
    0xFFFF,0xFFFF,0xFFFF,0xFFFF,0xFFFF,0xFFFF,0xFFFF,0xFFFF,0xFFFF,0xFFFF,0xFFFF,0xFFFF,
    0xFFFF,0xFFFF,0xFFFF,0xFFFF,0xFFFF,0xFFFF,0xFFFF,0xFFFF,0xFFFF,0xFFFF,0xFFFF,0xFFFF,
    0xFFFF,0xFFFF,0xFFFF,0xFFFF,0xFFFF,0xFFFF,0xFFFF,0xFFFF,0xFFFF,0xFFFF,0xFFFF,0xFFFF,
    0xFFFF,0xFFFF,0xFFFF,0xFFFF,0xFFFF,0xFFFF,0xFFFF,0xFFFF,0xFFFF,0xFFFF,0xFFFF,0xFFFF,
    0xFFFF,0xFFFF,0xFFFF,0xFFFF,0xFFFF,0xFFFF,0xFFFF,0xFFFF,0xFFFF,0xFFFF,0xFFFF,0xFFFF,
    0xFFFF,0xFFFF,0xFFFF,0xFFFF,0xFFFF,0xFFFF,0xFFFF,0xFFFF,0xFFFF,0xFFFF,0xDFFF,0xFFFF,
    0x9ADE,0xC759,0x0028,0xC340,0x6230,0x6030,0x2693,0x0BF6,0x4AFE,0xE9F5,0x09F6,0x0AF6,
    0x0AF6,0x09F6,0x0AF6,0x2AFE,0xA8F5,0x04ED,0x82EC,0xA2EC,0xC3EC,0xA3EC,0xA3EC,0xA3EC,
    0xA3EC,0xA3EC,0xA3EC,0xA3EC,0xA3EC,0xA2EC,0xA3EC,0xA3EC,0xA3EC,0xA2EC,0xA3EC,0xA3EC,
    0xA3EC,0xA2EC,0xA2EC,0xC2F4,0x04F5,0xC4EC,0x25D4,0x23AB,0xE271,0xE248,0x6138,0x6238,
    0x8238,0xA340,0xA340,0xA240,0x6238,0x6238,0x8140,0xC250,0x2259,0xA269,0x037A,0xA392,
    0x04AB,0x65BB,0xC5C3,0x05CC,0x45DC,0x65E4,0x85E4,0xA5EC,0xC5EC,0xC5F4,0xE5F4,0xE5F4,
    0xE5F4,0xE5F4,0xC5EC,0xC5EC,0xC5EC,0xA5EC,0x85E4,0x65DC,0x25D4,0xE5CB,0x85BB,0x24AB,
    0xA392,0x237A,0x8269,0x0251,0xC240,0x8138,0x6238,0x8238,0xA340,0xA340,0xA340,0xA340,
    0x8240,0x8140,0x0151,0xE279,0x03A3,0x25D4,0xC4EC,0x03F5,0xC3F4,0xA2EC,0xA2EC,0xA3EC,
    0xA3EC,0xA3EC,0xA3EC,0xA2EC,0xA3EC,0xA3EC,0xA3EC,0xA3EC,0xA3EC,0xA3EC,0xA2EC,0xA3EC,
    0xA3EC,0xA3EC,0xA3EC,0xA3EC,0xA3EC,0xA3EC,0xA3EC,0xA3EC,0xA3EC,0xA3EC,0xA3EC,0x82EC,
    0xA3EC,0x26ED,0xC8F5,0x4AFE,0xEBF5,0x068B,0x4030,0x8238,0xC348,0x0028,0xE859,0xBADE,
    0xFFFF,0xDFFF,0xFFFF,0xFFFF,0xFFFF,0xFFFF,0xFFFF,0xFFFF,0xFFFF,0xFFFF,0xFFFF,0xFFFF,
    0xFFFF,0xFFFF,0xFFFF,0xFFFF,0xFFFF,0xFFFF,0xFFFF,0xFFFF,0xFFFF,0xFFFF,0xFFFF,0xFFFF,
    0xFFFF,0xFFFF,0xFFFF,0xFFFF,0xFFFF,0xFFFF,0xFFFF,0xFFFF,0xFFFF,0xFFFF,0xFFFF,0xFFFF,
    0xFFFF,0xFFFF,0xFFFF,0xFFFF,0xFFFF,0xFFFF,0xFFFF,0xFFFF,0xFFFF,0xFFFF,0xFFFF,0xFFFF,
    0xFFFF,0xFFFF,0xFFFF,0xFFFF,0xFFFF,0xFFFF,0xFFFF,0xFFFF,0xFFFF,0xFFFF,0xFFFF,0xFFFF,
    0xFFFF,0xFFFF,0xFFFF,0xFFFF,0xFFFF,0xFFFF,0xFFFF,0xFFFF,0xFFFF,0xFFFF,0xFFFF,0xFFFF,
    0xFFFF,0xFFFF,0xFFFF,0xFFFF,0xFFFF,0xFFFF,0xFFFF,0xFFFF,0xFFFF,0xFFFF,0xFFFF,0xFFFF,
    0xFFFF,0xFFFF,0xFFFF,0xFFFF,0xFFFF,0xFFFF,0xFFFF,0xFFFF,0xFFFF,0xFFFF,0xFFFF,0x14B5,
    0xA338,0x6238,0xE448,0x2130,0x4251,0xEACC,0x8BFE,0x09F6,0x09F6,0x0AF6,0x0AF6,0x0AF6,
    0x09F6,0x2AF6,0xE9FD,0x25ED,0xA2EC,0xA2EC,0xA2EC,0xA3EC,0xA3EC,0xA3EC,0xA3EC,0xA3EC,
    0xA3EC,0xA3EC,0xA3EC,0xA3EC,0xA3EC,0xA2EC,0xA2EC,0xA2EC,0xA2EC,0xA3EC,0xA2EC,0xA2EC,
    0xC2F4,0x04F5,0x05F5,0x45D4,0xE4A2,0x8269,0xA148,0x4138,0x6238,0x8338,0xA338,0x6238,
    0x4238,0x6138,0xC148,0x4261,0x0382,0xC39A,0x85BB,0x25D4,0x85E4,0xC5EC,0xE4F4,0xC4F4,
    0xC4F4,0xC3F4,0xA3EC,0xA3EC,0x83EC,0x83EC,0x62EC,0x82EC,0x82EC,0x63EC,0x83EC,0x83EC,
    0x83EC,0x83EC,0x83EC,0x83EC,0x83EC,0x83EC,0x83EC,0x83EC,0x83EC,0xA3EC,0xC3F4,0xC3F4,
    0xC4F4,0xC4F4,0xA5EC,0x65DC,0x05CC,0xA4BB,0xE4A2,0x2382,0x4261,0xC248,0x8138,0x6238,
    0xA340,0xA340,0xA340,0x6238,0x4130,0xA140,0xA269,0xE4A2,0x25D4,0xE5EC,0x04F5,0xC2F4,
    0xA2EC,0xA3EC,0xA3EC,0xA3EC,0xA3EC,0xA3EC,0xA3EC,0xA3EC,0xA3EC,0xA3EC,0xA3EC,0xA3EC,
    0xA3EC,0xC3EC,0xA3EC,0xA3EC,0xA3EC,0xA3EC,0xA3EC,0xA3EC,0xA3EC,0xA3EC,0xA3EC,0xA3EC,
    0xA2EC,0x82EC,0xC4EC,0x67F5,0x09FE,0x8CFE,0x89BC,0x0249,0x4130,0xE448,0x4138,0xC338,
    0x34B5,0xFFFF,0xFFFF,0xFFFF,0xFFFF,0xFFFF,0xFFFF,0xFFFF,0xFFFF,0xFFFF,0xFFFF,0xFFFF,
    0xFFFF,0xFFFF,0xFFFF,0xFFFF,0xFFFF,0xFFFF,0xFFFF,0xFFFF,0xFFFF,0xFFFF,0xFFFF,0xFFFF,
    0xFFFF,0xFFFF,0xFFFF,0xFFFF,0xFFFF,0xFFFF,0xFFFF,0xFFFF,0xFFFF,0xFFFF,0xFFFF,0xFFFF,
    0xFFFF,0xFFFF,0xFFFF,0xFFFF,0xFFFF,0xFFFF,0xFFFF,0xFFFF,0xFFFF,0xFFFF,0xFFFF,0xFFFF,
    0xFFFF,0xFFFF,0xFFFF,0xFFFF,0xFFFF,0xFFFF,0xFFFF,0xFFFF,0xFFFF,0xFFFF,0xFFFF,0xFFFF,
    0xFFFF,0xFFFF,0xFFFF,0xFFFF,0xFFFF,0xFFFF,0xFFFF,0xFFFF,0xFFFF,0xFFFF,0xFFFF,0xFFFF,
    0xFFFF,0xFFFF,0xFFFF,0xFFFF,0xFFFF,0xFFFF,0xFFFF,0xFFFF,0xFFFF,0xFFFF,0xFFFF,0xFFFF,
    0xFFFF,0xFFFF,0xFFFF,0xFFFF,0xFFFF,0xFFFF,0xFFFF,0xDFFF,0xFFFF,0xFFFF,0xCF93,0x2130,
    0xA240,0xC348,0x4138,0x857A,0xECED,0x6BFE,0xE9F5,0x0AF6,0x0AF6,0x0AF6,0x09F6,0x09F6,
    0x09FE,0x87F5,0xC3EC,0x82EC,0xA2EC,0xA2EC,0xA3EC,0xA3EC,0xA3EC,0xA3EC,0xA3EC,0xA3EC,
    0xA3F4,0xA3EC,0xA3EC,0xA3EC,0xA3EC,0xA3EC,0xA3EC,0xA3EC,0x82EC,0xA2EC,0xC2F4,0xE4F4,
    0x65DC,0x24AB,0xA371,0xC148,0x4138,0x8240,0xA340,0xA340,0x6238,0x4138,0xA140,0x4261,
    0x2382,0x44AB,0x04CC,0xA4E4,0xE5F4,0xE4F4,0xC4F4,0xA3F4,0x83EC,0x63EC,0x63EC,0x63E4,
    0x63E4,0x63E4,0x83E4,0x63E4,0x83E4,0x63E4,0x83EC,0x83EC,0x83EC,0x83EC,0x83EC,0x83EC,
    0x83EC,0x83EC,0x83EC,0x83EC,0x83EC,0x83EC,0x83EC,0x83EC,0x83E4,0x83E4,0x63E4,0x63E4,
    0x63E4,0x62E4,0x62EC,0x82EC,0xA3EC,0xC4F4,0xE4F4,0xE5F4,0xA5EC,0x45D4,0x64B3,0x638A,
    0x6261,0xA140,0x4130,0x6238,0xA340,0xA340,0x8238,0x6138,0xA148,0xA371,0x24AB,0x85DC,
    0x04F5,0xE3F4,0xA2EC,0x82EC,0xA3EC,0xA3EC,0xA3EC,0xA3EC,0xA2EC,0xA3EC,0xA3EC,0xA3EC,
    0xA3EC,0xA3EC,0xA3EC,0xC3EC,0xA3EC,0xA3EC,0xA3EC,0xA3EC,0xA3EC,0xA3EC,0xA2EC,0xA3EC,
    0xA3EC,0xA3EC,0xA2EC,0x83EC,0x05ED,0xA8F5,0x6BFE,0xABE5,0x2472,0x4130,0xC348,0xA340,
    0x4130,0xCE8B,0xDFFF,0xFFFF,0xFFFF,0xFFFF,0xFFFF,0xFFFF,0xFFFF,0xFFFF,0xFFFF,0xFFFF,
    0xFFFF,0xFFFF,0xFFFF,0xFFFF,0xFFFF,0xFFFF,0xFFFF,0xFFFF,0xFFFF,0xFFFF,0xFFFF,0xFFFF,
    0xFFFF,0xFFFF,0xFFFF,0xFFFF,0xFFFF,0xFFFF,0xFFFF,0xFFFF,0xFFFF,0xFFFF,0xFFFF,0xFFFF,
    0xFFFF,0xFFFF,0xFFFF,0xFFFF,0xFFFF,0xFFFF,0xFFFF,0xFFFF,0xFFFF,0xFFFF,0xFFFF,0xFFFF,
    0xFFFF,0xFFFF,0xFFFF,0xFFFF,0xFFFF,0xFFFF,0xFFFF,0xFFFF,0xFFFF,0xFFFF,0xFFFF,0xFFFF,
    0xFFFF,0xFFFF,0xFFFF,0xFFFF,0xFFFF,0xFFFF,0xFFFF,0xFFFF,0xFFFF,0xFFFF,0xFFFF,0xFFFF,
    0xFFFF,0xFFFF,0xFFFF,0xFFFF,0xFFFF,0xFFFF,0xFFFF,0xFFFF,0xFFFF,0xFFFF,0xFFFF,0xFFFF,
    0xFFFF,0xFFFF,0xFFFF,0xFFFF,0xFFFF,0xFFFF,0xDFFF,0xFFFF,0x5DEF,0x8A6A,0x2130,0xC348,
    0x6238,0x8140,0xE8AB,0x8DFE,0x2AFE,0x0AF6,0x0AF6,0x0AF6,0x0AF6,0x09F6,0x2AF6,0xE8F5,
    0x05ED,0x82EC,0xA2EC,0xA2EC,0xA3EC,0xA3EC,0xA3EC,0xA3EC,0xA2EC,0xA3EC,0xA3EC,0xA3EC,
    0xC3EC,0xC3EC,0xA3EC,0xA3EC,0xA2EC,0xA2EC,0xA2EC,0xA2EC,0xE3F4,0xA4EC,0xA4C3,0x037A,
    0xC248,0x4138,0x6238,0xA340,0xA340,0x6238,0x6140,0xE250,0xC379,0x04AB,0x05CC,0xA4E4,
    0xC4F4,0xA3F4,0x83EC,0x62EC,0x62EC,0x62EC,0x63EC,0x63EC,0x83EC,0x83EC,0x83EC,0x83EC,
    0x83EC,0x83EC,0x83E4,0x83E4,0x83EC,0x83EC,0x63EC,0x83EC,0x83EC,0x83EC,0x83EC,0x83EC,
    0x83EC,0xA3EC,0x83EC,0x83EC,0x83EC,0x83EC,0x83EC,0x83EC,0x83E4,0x83E4,0x83E4,0x83EC,
    0x83EC,0x83EC,0x83EC,0x83EC,0x83EC,0x83EC,0x63EC,0x62EC,0x83EC,0xA3EC,0xC3F4,0xC4F4,
    0xA4EC,0x05CC,0x04A3,0xC371,0xE250,0x6138,0x6238,0xA340,0xC348,0x8240,0x6240,0xE250,
    0x438A,0xC4C3,0xC4EC,0xE3F4,0xA2EC,0x82EC,0xA3EC,0xA3EC,0xA3EC,0xA3EC,0xA3EC,0xA3EC,
    0xA3EC,0xA3EC,0xC3EC,0xC3EC,0xC3EC,0xA3EC,0xA3EC,0xA3EC,0xA3EC,0xA3EC,0xA3EC,0xA3EC,
    0xA3EC,0xA3EC,0xA3EC,0xA3EC,0x82EC,0xA3EC,0x66ED,0x4AFE,0x6CFE,0xA7A3,0xA140,0x8240,
    0xE348,0x2030,0x6962,0x3CEF,0xFFFF,0xFFFF,0xFFFF,0xFFFF,0xFFFF,0xFFFF,0xFFFF,0xFFFF,
    0xFFFF,0xFFFF,0xFFFF,0xFFFF,0xFFFF,0xFFFF,0xFFFF,0xFFFF,0xFFFF,0xFFFF,0xFFFF,0xFFFF,
    0xFFFF,0xFFFF,0xFFFF,0xFFFF,0xFFFF,0xFFFF,0xFFFF,0xFFFF,0xFFFF,0xFFFF,0xFFFF,0xFFFF,
    0xFFFF,0xFFFF,0xFFFF,0xFFFF,0xFFFF,0xFFFF,0xFFFF,0xFFFF,0xFFFF,0xFFFF,0xFFFF,0xFFFF,
    0xFFFF,0xFFFF,0xFFFF,0xFFFF,0xFFFF,0xFFFF,0xFFFF,0xFFFF,0xFFFF,0xFFFF,0xFFFF,0xFFFF,
    0xFFFF,0xFFFF,0xFFFF,0xFFFF,0xFFFF,0xFFFF,0xFFFF,0xFFFF,0xFFFF,0xFFFF,0xFFFF,0xFFFF,
    0xFFFF,0xFFFF,0xFFFF,0xFFFF,0xFFFF,0xFFFF,0xFFFF,0xFFFF,0xFFFF,0xFFFF,0xFFFF,0xFFFF,
    0xFFFF,0xFFFF,0xFFFF,0xFFFF,0xFFFF,0xDFFF,0xFFFF,0x9ADE,0x8651,0x2130,0xE348,0x4138,
    0x2259,0x0AD5,0x8CFE,0x0AF6,0x0AF6,0x2AF6,0x0AF6,0x0AF6,0x0AF6,0x2AFE,0x87F5,0xA3EC,
    0x82EC,0xA2EC,0xA2EC,0xA2EC,0xA3EC,0xA3EC,0xA3EC,0xA2EC,0xA2EC,0xA2EC,0xA3EC,0xA3EC,
    0xC3EC,0xC3EC,0xA3EC,0xA2EC,0xA2EC,0xC2F4,0x04F5,0x84E4,0x04A3,0x6261,0x6138,0x4230,
    0x8240,0xA340,0x6238,0x6138,0x0251,0x2382,0x64BB,0x65DC,0xC5F4,0xC3F4,0xA3F4,0x83EC,
    0x62EC,0x62EC,0x63EC,0x63EC,0x63EC,0x63EC,0x63EC,0x63EC,0x83EC,0x83EC,0x83EC,0x83EC,
    0x83EC,0x83EC,0x83E4,0x63E4,0x62E4,0x63E4,0x62E4,0x63E4,0x63E4,0x63EC,0xA3EC,0xE5F4,
    0xE5F4,0xA3EC,0x83E4,0x83EC,0x63E4,0x63E4,0x63E4,0x63E4,0x63EC,0x63EC,0x63EC,0x83EC,
    0x83EC,0x83EC,0x83EC,0x83EC,0x83EC,0x83EC,0x83EC,0x83EC,0x83EC,0x63EC,0x62E4,0x62E4,
    0x62EC,0xA3EC,0xC3F4,0xC4EC,0x45DC,0x64B3,0x0382,0xE250,0x6140,0x6240,0xC340,0xA340,
    0x6238,0x8140,0x8261,0x24AB,0x84E4,0xE3F4,0xA2EC,0x82EC,0xA3EC,0xA3EC,0xA3EC,0xC3EC,
    0xC3EC,0xA3EC,0xA3EC,0xA3EC,0xA3EC,0xA3EC,0xA3EC,0xA3EC,0xA3EC,0xA3EC,0xA3EC,0xA3EC,
    0xA3EC,0xA3EC,0xA2EC,0xA3EC,0xA3EC,0xA2EC,0xA2EC,0x05ED,0xE8F5,0x8CFE,0xEACC,0x4359,
    0x6238,0xE448,0x4130,0x6549,0x79D6,0xFFFF,0xDFFF,0xFFFF,0xFFFF,0xFFFF,0xFFFF,0xFFFF,
    0xFFFF,0xFFFF,0xFFFF,0xFFFF,0xFFFF,0xFFFF,0xFFFF,0xFFFF,0xFFFF,0xFFFF,0xFFFF,0xFFFF,
    0xFFFF,0xFFFF,0xFFFF,0xFFFF,0xFFFF,0xFFFF,0xFFFF,0xFFFF,0xFFFF,0xFFFF,0xFFFF,0xFFFF,
    0xFFFF,0xFFFF,0xFFFF,0xFFFF,0xFFFF,0xFFFF,0xFFFF,0xFFFF,0xFFFF,0xFFFF,0xFFFF,0xFFFF,
    0xFFFF,0xFFFF,0xFFFF,0xFFFF,0xFFFF,0xFFFF,0xFFFF,0xFFFF,0xFFFF,0xFFFF,0xFFFF,0xFFFF,
    0xFFFF,0xFFFF,0xFFFF,0xFFFF,0xFFFF,0xFFFF,0xFFFF,0xFFFF,0xFFFF,0xFFFF,0xFFFF,0xFFFF,
    0xFFFF,0xFFFF,0xFFFF,0xFFFF,0xFFFF,0xFFFF,0xFFFF,0xFFFF,0xFFFF,0xFFFF,0xFFFF,0xFFFF,
    0xFFFF,0xFFFF,0xFFFF,0xFFFF,0xDFFF,0xFFFF,0xB6C5,0xC338,0x4138,0xE348,0x2130,0x0472,
    0xECED,0x6BFE,0x09F6,0x0AF6,0x2AFE,0x2AF6,0x0AF6,0x2AFE,0x09FE,0x25ED,0x82EC,0xA2EC,
    0xA2EC,0xA2EC,0xA3EC,0xA3EC,0xA2EC,0xA2EC,0xA2EC,0xA2EC,0xA2EC,0xA3EC,0xA3EC,0xC3EC,
    0xC3EC,0xA3EC,0xA2EC,0xE3F4,0x04F5,0x65DC,0xA39A,0x0251,0x2130,0x6238,0xA340,0x8238,
    0x4130,0xA140,0xC271,0x44B3,0x65DC,0xE4F4,0xC3F4,0x83EC,0x83EC,0x63EC,0x63EC,0x63EC,
    0x63EC,0x83EC,0x83EC,0x83EC,0x63EC,0x63EC,0x83EC,0x63EC,0x63EC,0x62EC,0x63E4,0x63E4,
    0x83E4,0x83EC,0xA4EC,0xA4EC,0xC5EC,0xC5EC,0xE5EC,0xE6EC,0x06F5,0x27F5,0x08ED,0x638A,
    0x638A,0xE8E4,0x47F5,0x27F5,0x06F5,0xE5EC,0xC5EC,0xC5EC,0xC4EC,0xA4EC,0x84EC,0x83EC,
    0x63E4,0x63E4,0x63E4,0x63EC,0x63EC,0x83EC,0x83EC,0x83EC,0x83EC,0x83EC,0x63EC,0x63EC,
    0x63EC,0x63EC,0x63EC,0x62EC,0x83EC,0xC3F4,0xC4F4,0x65DC,0x64B3,0x037A,0xE248,0x6138,
    0x8238,0xC340,0x8238,0x4130,0x0251,0xC39A,0x64DC,0x04F5,0xC2F4,0xA2EC,0xA3EC,0xC3EC,
    0xC3EC,0xA3EC,0xA3EC,0xA3EC,0xA3EC,0xA3EC,0xA3EC,0xA3EC,0xA3EC,0xA3EC,0xA3EC,0xA2EC,
    0xA2EC,0xA3EC,0xA3EC,0xA3EC,0xA3EC,0xA3EC,0xA3EC,0xA2EC,0xC4EC,0x67F5,0x6BFE,0xCCED,
    0x0472,0x4138,0xE348,0x6138,0xC338,0xB6C5,0xFFFF,0xFFFF,0xFFFF,0xFFFF,0xFFFF,0xFFFF,
    0xFFFF,0xFFFF,0xFFFF,0xFFFF,0xFFFF,0xFFFF,0xFFFF,0xFFFF,0xFFFF,0xFFFF,0xFFFF,0xFFFF,
    0xFFFF,0xFFFF,0xFFFF,0xFFFF,0xFFFF,0xFFFF,0xFFFF,0xFFFF,0xFFFF,0xFFFF,0xFFFF,0xFFFF,
    0xFFFF,0xFFFF,0xFFFF,0xFFFF,0xFFFF,0xFFFF,0xFFFF,0xFFFF,0xFFFF,0xFFFF,0xFFFF,0xFFFF,
    0xFFFF,0xFFFF,0xFFFF,0xFFFF,0xFFFF,0xFFFF,0xFFFF,0xFFFF,0xFFFF,0xFFFF,0xFFFF,0xFFFF,
    0xFFFF,0xFFFF,0xFFFF,0xFFFF,0xFFFF,0xFFFF,0xFFFF,0xFFFF,0xFFFF,0xFFFF,0xFFFF,0xFFFF,
    0xFFFF,0xFFFF,0xFFFF,0xFFFF,0xFFFF,0xFFFF,0xFFFF,0xFFFF,0xFFFF,0xFFFF,0xFFFF,0xFFFF,
    0xFFFF,0xFFFF,0xFFFF,0xFFFF,0xFFFF,0xF4AC,0x6130,0xA240,0xC340,0x4030,0xC68A,0x4CFE,
    0x2AFE,0x09F6,0x0AFE,0x2AF6,0x2AFE,0x0AFE,0x2AFE,0xC8F5,0xE4EC,0x82EC,0xA2EC,0xA2EC,
    0xA3EC,0xA2EC,0xA2EC,0xA2EC,0xA2EC,0xA2EC,0xA2EC,0xA2EC,0xA2EC,0xA3EC,0xA3EC,0xA3EC,
    0xA2EC,0xC3F4,0x25FD,0x85DC,0xA39A,0xE150,0x4238,0x8240,0xA340,0x6230,0x6138,0x2259,
    0xA392,0x05CC,0xA4EC,0xC3F4,0x82EC,0x62EC,0x63EC,0x83EC,0x83EC,0x83EC,0x83EC,0x83EC,
    0x83EC,0x83EC,0x83EC,0x63EC,0x63E4,0x63E4,0x63E4,0x83E4,0xA4EC,0xC5EC,0x06F5,0x27F5,
    0x67F5,0x68FD,0x89FD,0xA9FD,0xA9FD,0xA9FD,0xA9FD,0xA9FD,0x89FD,0x2BFE,0x46A3,0x0038,
    0x2138,0x46A3,0x0BFE,0x89FD,0xA9FD,0xA9FD,0xA9FD,0xA9FD,0xA9FD,0x89FD,0x88FD,0x68FD,
    0x47F5,0x06F5,0xE5EC,0xC4EC,0x84EC,0x83E4,0x63E4,0x62E4,0x62EC,0x83EC,0x83EC,0x83EC,
    0x83EC,0x83EC,0x83EC,0x83EC,0x83EC,0x82EC,0x82EC,0xA3EC,0xC3F4,0xC4EC,0x45D4,0xC49A,
    0x2259,0x6130,0x6230,0xA340,0x8238,0x4130,0xE150,0xA39A,0x65DC,0x24F5,0xC3F4,0xA2EC,
    0xC3EC,0xA3EC,0xC3EC,0xA3EC,0xA3EC,0xA3EC,0xA2EC,0xA3EC,0xA3EC,0xA3EC,0xA3EC,0xA2EC,
    0xC2EC,0xA3EC,0xA3EC,0xA3EC,0xA3EC,0xA3EC,0xA3EC,0xC3F4,0xA3EC,0xA3EC,0x05ED,0x0AFE,
    0x4CFE,0xC68A,0x2030,0xC340,0x8238,0x6230,0x14AD,0xFFFF,0xFFFF,0xFFFF,0xFFFF,0xFFFF,
    0xFFFF,0xFFFF,0xFFFF,0xFFFF,0xFFFF,0xFFFF,0xFFFF,0xFFFF,0xFFFF,0xFFFF,0xFFFF,0xFFFF,
    0xFFFF,0xFFFF,0xFFFF,0xFFFF,0xFFFF,0xFFFF,0xFFFF,0xFFFF,0xFFFF,0xFFFF,0xFFFF,0xFFFF,
    0xFFFF,0xFFFF,0xFFFF,0xFFFF,0xFFFF,0xFFFF,0xFFFF,0xFFFF,0xFFFF,0xFFFF,0xFFFF,0xFFFF,
    0xFFFF,0xFFFF,0xFFFF,0xFFFF,0xFFFF,0xFFFF,0xFFFF,0xFFFF,0xFFFF,0xFFFF,0xFFFF,0xFFFF,
    0xFFFF,0xFFFF,0xFFFF,0xFFFF,0xFFFF,0xFFFF,0xFFFF,0xFFFF,0xFFFF,0xFFFF,0xFFFF,0xFFFF,
    0xFFFF,0xFFFF,0xFFFF,0xFFFF,0xFFFF,0xFFFF,0xFFFF,0xFFFF,0xFFFF,0xFFFF,0xFFFF,0xFFFF,
    0xFFFF,0xFFFF,0xFFFF,0xFFFF,0x719C,0x4130,0xA340,0xC340,0x6138,0xA7A3,0x6CFE,0x0AF6,
    0x0AF6,0x0AFE,0x0AFE,0x2AF6,0x2AF6,0x2AFE,0x67F5,0xA3EC,0xA2EC,0xA2EC,0xA3EC,0xA3EC,
    0xA3EC,0xA2EC,0xA2EC,0xA2EC,0xA2EC,0xA2EC,0xA3EC,0xA3EC,0xA3EC,0xA3EC,0xA2EC,0xA2EC,
    0x04F5,0x85E4,0xC49A,0xC150,0x4140,0xA348,0xA348,0x6240,0xA140,0xC271,0x64B3,0x85E4,
    0xC4F4,0x82EC,0x62E4,0x62EC,0x63EC,0x83EC,0x83EC,0x83EC,0x83EC,0x83EC,0x83EC,0x83EC,
    0x63EC,0x63E4,0x83E4,0xA4EC,0xE5EC,0x26F5,0x48F5,0x88FD,0xA9FD,0xA9FD,0xAAFD,0xAAFD,
    0xA9FD,0xA9FD,0xA9FD,0xA9FD,0xA9FD,0x89FD,0x89FD,0x89FD,0x69FD,0x0BFE,0xA592,0x6238,
    0x6238,0xC592,0xEAFD,0x68FD,0x89FD,0x89FD,0x89FD,0xA9FD,0xA9FD,0xA9FD,0xA9FD,0xA9FD,
    0xAAFD,0xA9FD,0xA9FD,0xA9FD,0x88FD,0x47F5,0x27F5,0xE5EC,0xA4EC,0x63E4,0x62E4,0x62E4,
    0x62EC,0x83EC,0x83EC,0x83EC,0x83EC,0x83EC,0x83EC,0x83EC,0x63EC,0x62E4,0xA3EC,0xC4F4,
    0x85E4,0x64B3,0xA369,0x8138,0x6230,0xC340,0xC348,0x6240,0xE150,0xC49A,0xA5E4,0x24FD,
    0xC3EC,0xA2EC,0xA3EC,0xA3EC,0xA3EC,0xA3EC,0xA2EC,0xA3EC,0xA3EC,0xA3EC,0xA3EC,0xA3EC,
    0xA3EC,0xA3EC,0xA3EC,0xA3EC,0xA3EC,0xA3EC,0xA3EC,0xA3EC,0xA3EC,0xA3EC,0xA2EC,0xC4EC,
    0xC8F5,0x6CFE,0x679B,0x4030,0xA340,0xC348,0x4130,0x719C,0xFFFF,0xFFFF,0xFFFF,0xFFFF,
    0xFFFF,0xFFFF,0xFFFF,0xFFFF,0xFFFF,0xFFFF,0xFFFF,0xFFFF,0xFFFF,0xFFFF,0xFFFF,0xFFFF,
    0xFFFF,0xFFFF,0xFFFF,0xFFFF,0xFFFF,0xFFFF,0xFFFF,0xFFFF,0xFFFF,0xFFFF,0xFFFF,0xFFFF,
    0xFFFF,0xFFFF,0xFFFF,0xFFFF,0xFFFF,0xFFFF,0xFFFF,0xFFFF,0xFFFF,0xFFFF,0xFFFF,0xFFFF,
    0xFFFF,0xFFFF,0xFFFF,0xFFFF,0xFFFF,0xFFFF,0xFFFF,0xFFFF,0xFFFF,0xFFFF,0xFFFF,0xFFFF,
    0xFFFF,0xFFFF,0xFFFF,0xFFFF,0xFFFF,0xFFFF,0xFFFF,0xFFFF,0xFFFF,0xFFFF,0xFFFF,0xFFFF,
    0xFFFF,0xFFFF,0xFFFF,0xFFFF,0xFFFF,0xFFFF,0xFFFF,0xFFFF,0xFFFF,0xFFFF,0xFFFF,0xFFFF,
    0xFFFF,0xFFFF,0xFFFF,0xEF93,0x2030,0xC340,0x8238,0x8138,0x48B4,0x8BFE,0x09F6,0x0AF6,
    0x0AF6,0x0AFE,0x0AF6,0x2AF6,0x0AFE,0x25F5,0x82EC,0xA2EC,0xA2EC,0xA3EC,0xA3EC,0xA3EC,
    0xA3EC,0xA3EC,0xA3EC,0xA3EC,0xA2EC,0xA2EC,0xA3EC,0xA3EC,0x82EC,0x82EC,0xE3F4,0xA5E4,
    0xE4A2,0x0159,0x4138,0xA348,0xA348,0x6240,0xC150,0x438A,0xE5CB,0xC5EC,0xC3F4,0x82EC,
    0x62E4,0x82E4,0x82EC,0x62EC,0x83EC,0x63EC,0x63EC,0x83EC,0x62EC,0x63EC,0x63E4,0xA4EC,
    0xE5EC,0x27F5,0x68FD,0x89FD,0xA9FD,0xA9FD,0xA9FD,0x89FD,0xA9FD,0xA9FD,0xA9FD,0x89FD,
    0xA9FD,0xA9FD,0xA9FD,0xA9FD,0xA9FD,0x89FD,0x89FD,0x89FD,0x69FD,0xEBFD,0xC592,0x4138,
    0x6238,0xC592,0xEAFD,0x88FD,0x89FD,0x89FD,0xA9FD,0xA9FD,0xA9FD,0xA9FD,0xA9FD,0xA9FD,
    0xA9FD,0xA9FD,0xA9FD,0xA9FD,0xA9FD,0xA9FD,0xA9FD,0xA9FD,0xA9FD,0x68FD,0x27F5,0xE5EC,
    0xA4EC,0x83E4,0x62E4,0x62EC,0x83EC,0x83EC,0x83EC,0x83E4,0x83EC,0x83EC,0x63EC,0x62E4,
    0x82EC,0xC3F4,0xC4EC,0xC5C3,0x2382,0xC148,0x6240,0xC348,0xA348,0x6140,0x2259,0x24AB,
    0xC5EC,0x03F5,0xA2EC,0xA3EC,0xA3EC,0xA2EC,0xA2EC,0xA3EC,0xA3EC,0xA3EC,0xA3EC,0xA3EC,
    0xA3EC,0xA3EC,0xA3EC,0xA3EC,0xA3EC,0xA2EC,0xA3EC,0xA3EC,0xA3EC,0xA3EC,0xA3EC,0xA2EC,
    0xA3E4,0x67F5,0x8CFE,0x29B4,0x8138,0x8238,0xA340,0x2028,0xEF8B,0xFFFF,0xFFFF,0xFFFF,
    0xFFFF,0xFFFF,0xFFFF,0xFFFF,0xFFFF,0xFFFF,0xFFFF,0xFFFF,0xFFFF,0xFFFF,0xFFFF,0xFFFF,
    0xFFFF,0xFFFF,0xFFFF,0xFFFF,0xFFFF,0xFFFF,0xFFFF,0xFFFF,0xFFFF,0xFFFF,0xFFFF,0xFFFF,
    0xFFFF,0xFFFF,0xFFFF,0xFFFF,0xFFFF,0xFFFF,0xFFFF,0xFFFF,0xFFFF,0xFFFF,0xFFFF,0xFFFF,
    0xFFFF,0xFFFF,0xFFFF,0xFFFF,0xFFFF,0xFFFF,0xFFFF,0xFFFF,0xFFFF,0xFFFF,0xFFFF,0xFFFF,
    0xFFFF,0xFFFF,0xFFFF,0xFFFF,0xFFFF,0xFFFF,0xFFFF,0xFFFF,0xFFFF,0xFFFF,0xFFFF,0xFFFF,
    0xFFFF,0xFFFF,0xFFFF,0xFFFF,0xFFFF,0xFFFF,0xFFFF,0xFFFF,0xFFFF,0xFFFF,0xFFFF,0xFFFF,
    0xFFFF,0xFFFF,0x8E83,0x0028,0xE340,0x6238,0xA140,0xC9C4,0x6BFE,0xE9F5,0x0AF6,0x0AF6,
    0x0AF6,0x0AF6,0x2AFE,0xE9F5,0xE4EC,0x82EC,0xA2EC,0xC3EC,0xA3EC,0xA3EC,0xA3EC,0xA3EC,
    0xA3EC,0xA3EC,0xA3EC,0xA3EC,0xA2EC,0xA3EC,0xA3EC,0x82EC,0xC2F4,0xC4F4,0x64B3,0x2259,
    0x4130,0x8240,0xC348,0x6238,0xC148,0x438A,0x25D4,0xE5F4,0xA3F4,0x63EC,0x62EC,0x63EC,
    0x63EC,0x63EC,0x83EC,0x83EC,0x83EC,0x63EC,0x62EC,0x63EC,0xA4EC,0x06F5,0x68FD,0x89FD,
    0xA9FD,0xA9FD,0xA9FD,0xA9FD,0xA9FD,0x89FD,0x89FD,0xA9FD,0xA9FD,0x89FD,0xA9FD,0xA9FD,
    0xA9FD,0xA9FD,0xA9FD,0xA9FD,0xA9FD,0xA9FD,0x89FD,0x89FD,0x89FD,0xEBFD,0xA592,0x4130,
    0x6238,0xA58A,0xCAFD,0x89FD,0x89FD,0x89FD,0x89FD,0x89FD,0x89FD,0x89FD,0xA9FD,0x89FD,
    0x89FD,0xA9FD,0x89FD,0xA9FD,0x89FD,0x89FD,0xA9FD,0xA9FD,0x89FD,0xA9FD,0xAAFD,0xA9FD,
    0x89FD,0x68FD,0x06F5,0xC4EC,0x83EC,0x62EC,0x82EC,0x83EC,0x83EC,0x83EC,0x83EC,0x83EC,
    0x83EC,0x62E4,0x82EC,0xC3EC,0xE4F4,0x25D4,0x638A,0xC148,0x6240,0xC348,0xA348,0x6140,
    0x4261,0x64B3,0xE5EC,0xC3F4,0x82EC,0xA2EC,0xA3EC,0xA2EC,0xA3EC,0xA3EC,0xA3EC,0xA3EC,
    0xA3EC,0xA3EC,0xC3EC,0xA3EC,0xC3EC,0xC3EC,0xC3EC,0xA3EC,0xC3EC,0xA3EC,0xA3EC,0xA3EC,
    0xA2EC,0x82EC,0x05ED,0x6BFE,0xCAC4,0xC140,0x6238,0xC348,0x2028,0x6D83,0xFFFF,0xFFFF,
    0xFFFF,0xFFFF,0xFFFF,0xFFFF,0xFFFF,0xFFFF,0xFFFF,0xFFFF,0xFFFF,0xFFFF,0xFFFF,0xFFFF,
    0xFFFF,0xFFFF,0xFFFF,0xFFFF,0xFFFF,0xFFFF,0xFFFF,0xFFFF,0xFFFF,0xFFFF,0xFFFF,0xFFFF,
    0xFFFF,0xFFFF,0xFFFF,0xFFFF,0xFFFF,0xFFFF,0xFFFF,0xFFFF,0xFFFF,0xFFFF,0xFFFF,0xFFFF,
    0xFFFF,0xFFFF,0xFFFF,0xFFFF,0xFFFF,0xFFFF,0xFFFF,0xFFFF,0xFFFF,0xFFFF,0xFFFF,0xFFFF,
    0xFFFF,0xFFFF,0xFFFF,0xFFFF,0xFFFF,0xFFFF,0xFFFF,0xFFFF,0xFFFF,0xFFFF,0xFFFF,0xFFFF,
    0xFFFF,0xFFFF,0xFFFF,0xFFFF,0xFFFF,0xFFFF,0xFFFF,0xFFFF,0xFFFF,0xFFFF,0xFFFF,0xFFFF,
    0xFFFF,0x4D83,0x2030,0xE348,0x4130,0x0249,0x4AD5,0x6AFE,0xE9F5,0x0AF6,0x0AF6,0x0AF6,
    0x0AF6,0x2AFE,0xA8F5,0xA3EC,0x82EC,0xA2EC,0xA3EC,0xA3EC,0xA3EC,0xA3EC,0xA3EC,0xA3EC,
    0xC2EC,0xA3EC,0xA3EC,0xA3EC,0xA3EC,0xA2EC,0xA2EC,0xE4F4,0xE4CB,0xA271,0x4130,0x6238,
    0xA340,0x6238,0x8140,0x2382,0x25D4,0xE5F4,0xA3F4,0x62EC,0x63EC,0x63EC,0x63EC,0x63EC,
    0x83EC,0x63EC,0x63EC,0x62E4,0x63E4,0xA4EC,0x06F5,0x68FD,0x89FD,0xA9FD,0xA9FD,0xA9FD,
    0xA9FD,0x89FD,0x89FD,0x89FD,0x89FD,0xA9FD,0x89FD,0xA9FD,0xA9FD,0xA9FD,0xA9FD,0x89FD,
    0xA9FD,0xA9FD,0x89FD,0x89FD,0xA9FD,0x89FD,0x89FD,0x89FD,0x89FD,0xEAFD,0xA58A,0x4130,
    0x6230,0xA58A,0xCAFD,0x89FD,0xA9FD,0xA9FD,0xA9FD,0x89FD,0x89FD,0x89FD,0xA9FD,0x89FD,
    0x89FD,0x89FD,0x89FD,0x89FD,0x89FD,0x89FD,0x89FD,0xA9FD,0xA9FD,0xA9FD,0xA9FD,0xA9FD,
    0x89FD,0xAAFD,0xAAFD,0xA9FD,0x68FD,0x06F5,0xC4EC,0x83E4,0x62E4,0x83EC,0x83EC,0x83EC,
    0x83EC,0x83EC,0x83EC,0x83EC,0x82EC,0xA3EC,0xE5F4,0x25D4,0x438A,0xA148,0x6240,0xC348,
    0xA240,0x6138,0xA269,0xE4C3,0xE4F4,0xA2EC,0x82EC,0xA3EC,0xA3EC,0xA3EC,0xA3EC,0xA3EC,
    0xA2EC,0xA3EC,0xA3EC,0xA3EC,0xA3EC,0xC3EC,0xC3EC,0xA3EC,0xA3EC,0xA3EC,0xA3EC,0xA3EC,
    0xA3EC,0xA3EC,0x82EC,0xC4E4,0x2AFE,0x2AD5,0x0249,0x6238,0xE348,0x2030,0x0C7B,0xDFFF,
    0xFFFF,0xFFFF,0xFFFF,0xFFFF,0xFFFF,0xFFFF,0xFFFF,0xFFFF,0xFFFF,0xFFFF,0xFFFF,0xFFFF,
    0xFFFF,0xFFFF,0xFFFF,0xFFFF,0xFFFF,0xFFFF,0xFFFF,0xFFFF,0xFFFF,0xFFFF,0xFFFF,0xFFFF,
    0xFFFF,0xFFFF,0xFFFF,0xFFFF,0xFFFF,0xFFFF,0xFFFF,0xFFFF,0xFFFF,0xFFFF,0xFFFF,0xFFFF,
    0xFFFF,0xFFFF,0xFFFF,0xFFFF,0xFFFF,0xFFFF,0xFFFF,0xFFFF,0xFFFF,0xFFFF,0xFFFF,0xFFFF,
    0xFFFF,0xFFFF,0xFFFF,0xFFFF,0xFFFF,0xFFFF,0xFFFF,0xFFFF,0xFFFF,0xFFFF,0xFFFF,0xFFFF,
    0xFFFF,0xFFFF,0xFFFF,0xFFFF,0xFFFF,0xFFFF,0xFFFF,0xFFFF,0xFFFF,0xFFFF,0xFFFF,0xDFFF,
    0x0C7B,0x0028,0xE348,0x6138,0x4359,0xABE5,0x6AFE,0xE9F5,0x0AF6,0x09F6,0x0AF6,0x0AF6,
    0x2AFE,0x87F5,0xA2EC,0xA2EC,0xA2EC,0xA2EC,0xA3EC,0xA3EC,0xA3EC,0xA3EC,0xA3EC,0xC3EC,
    0xC3EC,0xC3EC,0xC3EC,0xA3EC,0xA2EC,0xE3F4,0xA5EC,0xA392,0x8140,0x4130,0xA338,0x6230,
    0x4138,0xA271,0xC4C3,0xC4F4,0xA3EC,0x62EC,0x63EC,0x63EC,0x83EC,0x83EC,0x83EC,0x83EC,
    0x62EC,0x62E4,0x84E4,0xE5EC,0x47F5,0x89FD,0xA9FD,0xA9FD,0x89FD,0x89FD,0x89FD,0x89FD,
    0xA9FD,0x89FD,0x89FD,0x89FD,0x89FD,0x89FD,0x89FD,0x89FD,0x89FD,0x89FD,0xA9FD,0x89FD,
    0x89FD,0x89FD,0x89FD,0x89FD,0x89FD,0x89FD,0x89FD,0xA9FD,0x89FD,0xEAFD,0xA58A,0x4130,
    0x6230,0xA58A,0xEAFD,0x89FD,0xA9FD,0xA9FD,0xA9FD,0xA9FD,0x89FD,0xA9FD,0xA9FD,0xA9FD,
    0xA9FD,0x89FD,0x89FD,0x89FD,0x89FD,0x89FD,0x89FD,0x89FD,0x89FD,0x89FD,0xA9FD,0x89FD,
    0x89FD,0x89FD,0x89FD,0xA9FD,0xA9FD,0xA9FD,0xA9FD,0x68F5,0x06ED,0xA4EC,0x63E4,0x63E4,
    0x83EC,0x83EC,0x83EC,0x83EC,0x83EC,0x83EC,0x82EC,0xA3F4,0xE5F4,0x05CC,0xE379,0x6138,
    0x8238,0xC340,0x6238,0x8140,0x8392,0xA4E4,0xC3F4,0x82EC,0xA2EC,0xA2EC,0xA3EC,0xA3EC,
    0xA3EC,0xA3EC,0xA3EC,0xC3EC,0xA3EC,0xA3EC,0xC3EC,0xA3EC,0xC3EC,0xA3EC,0xA3EC,0xA3EC,
    0xA3EC,0xA3EC,0xA3EC,0x82EC,0xA3E4,0x09FE,0x8BE5,0x4259,0x6238,0x0449,0x2030,0xCB72,
    0xDFFF,0xFFFF,0xFFFF,0xFFFF,0xFFFF,0xFFFF,0xFFFF,0xFFFF,0xFFFF,0xFFFF,0xFFFF,0xFFFF,
    0xFFFF,0xFFFF,0xFFFF,0xFFFF,0xFFFF,0xFFFF,0xFFFF,0xFFFF,0xFFFF,0xFFFF,0xFFFF,0xFFFF,
    0xFFFF,0xFFFF,0xFFFF,0xFFFF,0xFFFF,0xFFFF,0xFFFF,0xFFFF,0xFFFF,0xFFFF,0xFFFF,0xFFFF,
    0xFFFF,0xFFFF,0xFFFF,0xFFFF,0xFFFF,0xFFFF,0xFFFF,0xFFFF,0xFFFF,0xFFFF,0xFFFF,0xFFFF,
    0xFFFF,0xFFFF,0xFFFF,0xFFFF,0xFFFF,0xFFFF,0xFFFF,0xFFFF,0xFFFF,0xFFFF,0xFFFF,0xFFFF,
    0xFFFF,0xFFFF,0xFFFF,0xFFFF,0xFFFF,0xFFFF,0xFFFF,0xFFFF,0xFFFF,0xFFFF,0xFFFF,0x0C7B,
    0x0028,0x0451,0x6238,0x8361,0xCCED,0x4AFE,0xE9F5,0x0AF6,0x09F6,0x09F6,0x09F6,0x09FE,
    0x45F5,0x82EC,0xA2EC,0xA2EC,0xA2EC,0xA3EC,0xA3EC,0xA3EC,0xA3EC,0xA3EC,0xA3EC,0xC3EC,
    0xC3EC,0xC3EC,0xA3EC,0xA2EC,0x04F5,0xC5C3,0x4261,0x4130,0xA338,0xA238,0x2128,0x2251,
    0x64B3,0xA4EC,0xA2EC,0x62E4,0x63EC,0x63EC,0x63EC,0x63EC,0x83EC,0x83EC,0x63E4,0x63E4,
    0xA4EC,0x27F5,0x89FD,0xA9FD,0xA9FD,0xA9FD,0x89FD,0x89FD,0x89FD,0x89FD,0x89FD,0x89FD,
    0x89FD,0x89FD,0xA9FD,0xA9FD,0xA9FD,0xA9FD,0xA9FD,0xA9FD,0xA9FD,0xA9FD,0x89FD,0x89FD,
    0x89FD,0x89FD,0x89FD,0x89FD,0x89FD,0x89FD,0x89FD,0xA9FD,0x89FD,0xEAFD,0xA58A,0x4130,
    0x6230,0xA58A,0xEAFD,0x89FD,0xA9FD,0xA9FD,0xA9FD,0xA9FD,0xA9FD,0xA9FD,0xA9FD,0xA9FD,
    0xA9FD,0xA9FD,0x89FD,0x89FD,0x89FD,0x89FD,0x89FD,0x89FD,0x89FD,0x89FD,0x89FD,0x89FD,
    0x89FD,0x89FD,0x89FD,0x89FD,0x89FD,0x89FD,0xA9FD,0xA9FD,0xA9FD,0x89FD,0x27F5,0xC4EC,
    0x83E4,0x63EC,0x83EC,0x83EC,0x83EC,0x83EC,0x83EC,0x83EC,0x83EC,0xA3EC,0xC5EC,0x84BB,
    0x4261,0x4130,0xA340,0xA240,0x2130,0x4259,0xE5C3,0xE4F4,0xA2EC,0xA2EC,0xC3EC,0xC3EC,
    0xC3EC,0xC3EC,0xC3EC,0xC3EC,0xA3EC,0xA3EC,0xC3EC,0xA3EC,0xA3EC,0xA3EC,0xA3EC,0xA3EC,
    0xA3EC,0xA3EC,0xA3EC,0xA3EC,0xA2EC,0x83E4,0xC8FD,0xCCED,0x8359,0x4238,0xE448,0x4130,
    0xEB72,0xDFFF,0xFFFF,0xFFFF,0xFFFF,0xFFFF,0xFFFF,0xFFFF,0xFFFF,0xFFFF,0xFFFF,0xFFFF,
    0xFFFF,0xFFFF,0xFFFF,0xFFFF,0xFFFF,0xFFFF,0xFFFF,0xFFFF,0xFFFF,0xFFFF,0xFFFF,0xFFFF,
    0xFFFF,0xFFFF,0xFFFF,0xFFFF,0xFFFF,0xFFFF,0xFFFF,0xFFFF,0xFFFF,0xFFFF,0xFFFF,0xFFFF,
    0xFFFF,0xFFFF,0xFFFF,0xFFFF,0xFFFF,0xFFFF,0xFFFF,0xFFFF,0xFFFF,0xFFFF,0xFFFF,0xFFFF,
    0xFFFF,0xFFFF,0xFFFF,0xFFFF,0xFFFF,0xFFFF,0xFFFF,0xFFFF,0xFFFF,0xFFFF,0xFFFF,0xFFFF,
    0xFFFF,0xFFFF,0xFFFF,0xFFFF,0xFFFF,0xFFFF,0xFFFF,0xFFFF,0xFFFF,0xFFFF,0x4D83,0x0030,
    0xE348,0x8240,0xC369,0xECED,0x4AFE,0xEAF5,0x0AF6,0x0AF6,0x0AF6,0x09F6,0x09FE,0x25ED,
    0x82EC,0xA2EC,0xA2EC,0xA2EC,0xA3EC,0xA3EC,0xA3EC,0xA3EC,0xA3EC,0xA3EC,0xA3EC,0xC3EC,
    0xA3EC,0xA2EC,0xE3F4,0xE5EC,0x8492,0x6140,0x6238,0xC340,0x4130,0xA140,0xC492,0x84E4,
    0xA3EC,0x62E4,0x62E4,0x62EC,0x62EC,0x63EC,0x63EC,0x63EC,0x63E4,0x63E4,0xC5EC,0x48F5,
    0xA9FD,0xA9FD,0xA9FD,0x89FD,0x89FD,0x89FD,0x89FD,0x89FD,0x89FD,0x89FD,0x89FD,0x89FD,
    0x89FD,0x89FD,0x89FD,0x89FD,0x89FD,0xA9FD,0xA9FD,0xA9FD,0xA9FD,0xA9FD,0xA9FD,0xA9FD,
    0xA9FD,0x89FD,0x89FD,0x89FD,0x89FD,0x89FD,0x89FD,0x89FD,0x89FD,0xEBFD,0xA592,0x4130,
    0x6238,0xC592,0xEAFD,0x89FD,0x89FD,0x89FD,0xA9FD,0x89FD,0x89FD,0x89FD,0xA9FD,0xA9FD,
    0xA9FD,0xA9FD,0xA9FD,0x89FD,0x89FD,0x89FD,0x89FD,0x89FD,0x89FD,0x89FD,0x89FD,0x89FD,
    0x89FD,0x89FD,0x89FD,0x89FD,0x89FD,0x89FD,0x89FD,0x89FD,0xA9FD,0xA9FD,0xA9FD,0xA9FD,
    0x48F5,0xE5EC,0x83E4,0x62EC,0x83EC,0x83EC,0x83EC,0x83EC,0x83EC,0x63EC,0x62E4,0xC3F4,
    0x84E4,0xC49A,0xA140,0x6130,0xC340,0x6238,0x8140,0xA392,0xC5EC,0xE3F4,0xA2EC,0xC3EC,
    0xC2EC,0xC3EC,0xC3EC,0xC3EC,0xA3EC,0xA3EC,0xA3EC,0xA3EC,0xA3EC,0xA3EC,0xA3EC,0xA2EC,
    0xA3EC,0xA3EC,0xA3EC,0xA3EC,0xA3EC,0xA3EC,0x83E4,0xA7F5,0xECED,0xA361,0x6238,0x0451,
    0x4030,0x0B7B,0xFFFF,0xFFFF,0xFFFF,0xFFFF,0xFFFF,0xFFFF,0xFFFF,0xFFFF,0xFFFF,0xFFFF,
    0xFFFF,0xFFFF,0xFFFF,0xFFFF,0xFFFF,0xFFFF,0xFFFF,0xFFFF,0xFFFF,0xFFFF,0xFFFF,0xFFFF,
    0xFFFF,0xFFFF,0xFFFF,0xFFFF,0xFFFF,0xFFFF,0xFFFF,0xFFFF,0xFFFF,0xFFFF,0xFFFF,0xFFFF,
    0xFFFF,0xFFFF,0xFFFF,0xFFFF,0xFFFF,0xFFFF,0xFFFF,0xFFFF,0xFFFF,0xFFFF,0xFFFF,0xFFFF,
    0xFFFF,0xFFFF,0xFFFF,0xFFFF,0xFFFF,0xFFFF,0xFFFF,0xFFFF,0xFFFF,0xFFFF,0xFFFF,0xFFFF,
    0xFFFF,0xFFFF,0xFFFF,0xFFFF,0xFFFF,0xFFFF,0xFFFF,0xDFFF,0xFFFF,0xAE8B,0x2028,0x0449,
    0x6138,0xA361,0xECED,0x4AFE,0x0AF6,0x0AF6,0x0AFE,0x0AF6,0x2AF6,0x09FE,0x04ED,0x82EC,
    0xA2EC,0xA2EC,0xA2EC,0xA3EC,0xA3EC,0xA3EC,0xA3EC,0xA3EC,0xA3EC,0xA3EC,0xA3EC,0xA2EC,
    0xA2EC,0x24F5,0x25D4,0x6269,0x4138,0xA348,0xA240,0x6138,0xC271,0x24D4,0xC4F4,0x62E4,
    0x62E4,0x83E4,0x62EC,0x62EC,0x63EC,0x83EC,0x62E4,0x63E4,0xC5EC,0x68F5,0xA9FD,0xA9FD,
    0xA9FD,0xA9FD,0xA9FD,0xA9FD,0xA9FD,0x89FD,0x89FD,0x89FD,0x89FD,0x89FD,0xA9FD,0xA9FD,
    0xA9FD,0xA9FD,0xA9FD,0xA9FD,0xA9FD,0xA9FD,0xA9FD,0xA9FD,0xA9FD,0xA9FD,0xA9FD,0xA9FD,
    0x89FD,0x89FD,0x89FD,0x89FD,0x89FD,0x89FD,0x89FD,0x89FD,0x89FD,0x0BFE,0xC592,0x4138,
    0x6238,0xC592,0xEAFD,0x89FD,0xA9FD,0xA9FD,0xA9FD,0x89FD,0x89FD,0xA9FD,0xA9FD,0xA9FD,
    0xA9FD,0xA9FD,0xA9FD,0xA9FD,0x89FD,0x89FD,0x89FD,0x89FD,0x89FD,0x89FD,0x89FD,0x89FD,
    0x89FD,0xA9FD,0x89FD,0x89FD,0x89FD,0x89FD,0xA9FD,0x89FD,0xA9FD,0xA9FD,0xA9FD,0xA9FD,
    0xA9FD,0xA9FD,0x68FD,0xE5EC,0x83EC,0x62E4,0x83EC,0x83EC,0x83EC,0x83EC,0x63EC,0x62E4,
    0x62EC,0xC4F4,0x25D4,0xC371,0x4130,0x8240,0xC348,0x4138,0x8269,0x45D4,0x24FD,0xC2EC,
    0xC3EC,0xC3EC,0xC3EC,0xC3EC,0xC3EC,0xA3EC,0xA3EC,0xA3EC,0xA3EC,0xA3EC,0xA3EC,0xA3EC,
    0xA3EC,0xA3EC,0xA3EC,0xA3EC,0xA3EC,0xA3EC,0xA3EC,0x82E4,0x87F5,0xECED,0xA461,0x6138,
    0x0449,0x2030,0x6D83,0xFFFF,0xFFFF,0xFFFF,0xFFFF,0xFFFF,0xFFFF,0xFFFF,0xFFFF,0xFFFF,
    0xFFFF,0xFFFF,0xFFFF,0xFFFF,0xFFFF,0xFFFF,0xFFFF,0xFFFF,0xFFFF,0xFFFF,0xFFFF,0xFFFF,
    0xFFFF,0xFFFF,0xFFFF,0xFFFF,0xFFFF,0xFFFF,0xFFFF,0xFFFF,0xFFFF,0xFFFF,0xFFFF,0xFFFF,
    0xFFFF,0xFFFF,0xFFFF,0xFFFF,0xFFFF,0xFFFF,0xFFFF,0xFFFF,0xFFFF,0xFFFF,0xFFFF,0xFFFF,
    0xFFFF,0xFFFF,0xFFFF,0xFFFF,0xFFFF,0xFFFF,0xFFFF,0xFFFF,0xFFFF,0xFFFF,0xFFFF,0xFFFF,
    0xFFFF,0xFFFF,0xFFFF,0xFFFF,0xFFFF,0xFFFF,0xDFFF,0xFFFF,0x1094,0x0028,0xE348,0x6230,
    0x6359,0xCBED,0x4AFE,0x0AF6,0x0AFE,0x0AF6,0x0AF6,0x2AF6,0x09FE,0xE4EC,0x82EC,0xA2EC,
    0xA2EC,0xA3EC,0xA3EC,0xA3EC,0xA3EC,0xA3EC,0xA3EC,0xA3EC,0xA3EC,0xA3EC,0xA2EC,0xC3F4,
    0x05F5,0x24AB,0xA148,0x8240,0xC348,0x6238,0xE150,0x44AB,0xC5EC,0x82EC,0x62E4,0x62E4,
    0x63E4,0x62E4,0x62EC,0x82EC,0x62E4,0x63E4,0xC5EC,0x67FD,0xA9FD,0xA9FD,0x89FD,0x89FD,
    0x89FD,0xA9FD,0xA9FD,0x89FD,0x89FD,0x89FD,0x89FD,0x89FD,0x89FD,0xA9FD,0xA9FD,0xA9FD,
    0x89FD,0xA9FD,0xA9FD,0xA9FD,0xA9FD,0x89FD,0xA9FD,0xA9FD,0xA9FD,0xA9FD,0xA9FD,0x89FD,
    0xA9FD,0xA9FD,0xA9FD,0xA9FD,0x89FD,0x89FD,0x89FD,0x89FD,0x89FD,0x0BFE,0xC592,0x6138,
    0x6238,0xC592,0xEAFD,0x89FD,0x89FD,0x89FD,0x89FD,0x89FD,0x89FD,0x89FD,0x89FD,0x89FD,
    0xA9FD,0xA9FD,0xA9FD,0xA9FD,0xA9FD,0x89FD,0x89FD,0x89FD,0x89FD,0x89FD,0x89FD,0x89FD,
    0x89FD,0x89FD,0x89FD,0x89FD,0x89FD,0xA9FD,0x89FD,0xA9FD,0xA9FD,0x89FD,0x89FD,0xA9FD,
    0xA9FD,0xA9FD,0xA9FD,0xA9FD,0x68FD,0xE5EC,0x83E4,0x62E4,0x83EC,0x83EC,0x63EC,0x83EC,
    0x83EC,0x62E4,0x82EC,0xC4EC,0x44AB,0x0151,0x6238,0xE348,0x8240,0xC150,0x44AB,0x05F5,
    0xE3F4,0xA3EC,0xC3EC,0xC3EC,0xA3EC,0xA3EC,0xA3EC,0xA3EC,0xA3EC,0xA3EC,0xA2EC,0xA2EC,
    0xA3EC,0xA3EC,0xA3EC,0xA3EC,0xA3EC,0xA3EC,0xA3EC,0xA3EC,0x82E4,0x66F5,0xECED,0xA461,
    0x6138,0xE448,0x2028,0xCF8B,0xFFFF,0xFFFF,0xFFFF,0xFFFF,0xFFFF,0xFFFF,0xFFFF,0xFFFF,
    0xFFFF,0xFFFF,0xFFFF,0xFFFF,0xFFFF,0xFFFF,0xFFFF,0xFFFF,0xFFFF,0xFFFF,0xFFFF,0xFFFF,
    0xFFFF,0xFFFF,0xFFFF,0xFFFF,0xFFFF,0xFFFF,0xFFFF,0xFFFF,0xFFFF,0xFFFF,0xFFFF,0xFFFF,
    0xFFFF,0xFFFF,0xFFFF,0xFFFF,0xFFFF,0xFFFF,0xFFFF,0xFFFF,0xFFFF,0xFFFF,0xFFFF,0xFFFF,
    0xFFFF,0xFFFF,0xFFFF,0xFFFF,0xFFFF,0xFFFF,0xFFFF,0xFFFF,0xFFFF,0xFFFF,0xFFFF,0xFFFF,
    0xFFFF,0xFFFF,0xFFFF,0xFFFF,0xFFFF,0xDFFF,0xFFFF,0x92A4,0x2030,0xE340,0x6230,0x4251,
    0xABE5,0x4AFE,0x09F6,0x0AF6,0x0AFE,0x0AF6,0x2AF6,0x09FE,0xE4EC,0x82EC,0xA2EC,0xA2EC,
    0xA2EC,0xA3EC,0xA2EC,0xA3EC,0xA3EC,0xA3EC,0xA3EC,0xA3EC,0xA3EC,0x82EC,0xE3F4,0xC5E4,
    0x0382,0x6140,0xA348,0xA348,0x6140,0xE279,0x65DC,0xC3F4,0x62EC,0x63EC,0x63EC,0x63EC,
    0x63EC,0x63EC,0x62EC,0x62E4,0xC4EC,0x48F5,0xA9FD,0xA9FD,0xA9FD,0x89FD,0xA9FD,0x89FD,
    0x89FD,0xA9FD,0x89FD,0x89FD,0x89FD,0x89FD,0x89FD,0x89FD,0x89FD,0x89FD,0x89FD,0x89FD,
    0x89FD,0xA9FD,0xA9FD,0xA9FD,0xA9FD,0xA9FD,0xA9FD,0xA9FD,0xAAFD,0xAAFD,0xAAFD,0xAAFD,
    0xAAFD,0x89FD,0xA9FD,0xA9FD,0x89FD,0xA9FD,0xA9FD,0x89FD,0x89FD,0x0BFE,0xE592,0x6138,
    0x8238,0xC592,0xEBFD,0x89FD,0x89FD,0x89FD,0x89FD,0x89FD,0x89FD,0x89FD,0x89FD,0x89FD,
    0xA9FD,0xA9FD,0xA9FD,0xA9FD,0x89FD,0xA9FD,0x89FD,0x89FD,0x89FD,0xA9FD,0x89FD,0x89FD,
    0xA9FD,0xA9FD,0xA9FD,0x89FD,0xA9FD,0x89FD,0x89FD,0xA9FD,0x89FD,0x89FD,0x8AFD,0xA9FD,
    0xA9FD,0xA9FD,0xA9FD,0xA9FD,0xA9FD,0xA9FD,0x68FD,0xC5EC,0x62E4,0x63EC,0x83EC,0x63EC,
    0x63EC,0x83EC,0x63EC,0x62EC,0xC3F4,0x85DC,0x2382,0x6140,0xA348,0xC348,0x6140,0x2282,
    0xC5E4,0x03F5,0xA2EC,0xC3EC,0xA3EC,0xA3EC,0xC3EC,0xA3EC,0xA3EC,0xA3EC,0xA3EC,0xA3EC,
    0xA3EC,0xA3EC,0xA3EC,0xA3EC,0xA3EC,0xA3EC,0xA3EC,0xA3EC,0xA3EC,0x62E4,0x46F5,0xABED,
    0x6359,0x8238,0xE348,0x2028,0x519C,0xFFFF,0xDFFF,0xFFFF,0xFFFF,0xFFFF,0xFFFF,0xFFFF,
    0xFFFF,0xFFFF,0xFFFF,0xFFFF,0xFFFF,0xFFFF,0xFFFF,0xFFFF,0xFFFF,0xFFFF,0xFFFF,0xFFFF,
    0xFFFF,0xFFFF,0xFFFF,0xFFFF,0xFFFF,0xFFFF,0xFFFF,0xFFFF,0xFFFF,0xFFFF,0xFFFF,0xFFFF,
    0xFFFF,0xFFFF,0xFFFF,0xFFFF,0xFFFF,0xFFFF,0xFFFF,0xFFFF,0xFFFF,0xFFFF,0xFFFF,0xFFFF,
    0xFFFF,0xFFFF,0xFFFF,0xFFFF,0xFFFF,0xFFFF,0xFFFF,0xFFFF,0xFFFF,0xFFFF,0xFFFF,0xFFFF,
    0xFFFF,0xFFFF,0xFFFF,0xFFFF,0xDFFF,0xFFFF,0x14B5,0x4128,0xC340,0x6238,0x0249,0x8BE5,
    0x4AFE,0xE9F5,0x2AFE,0x0AFE,0x0AF6,0x2AFE,0xE9FD,0xE4EC,0xA2EC,0xC2EC,0xA2EC,0xA2EC,
    0xA3EC,0xA3EC,0xA2EC,0xA3EC,0xA3EC,0xA3EC,0xA2EC,0xA3EC,0x82EC,0xE3F4,0x25CC,0x4261,
    0x4138,0xC348,0x8240,0xA148,0x04AB,0xE5F4,0xA3EC,0x62EC,0x83EC,0x63EC,0x63EC,0x83EC,
    0x62EC,0x62E4,0xA4EC,0x47F5,0xA9FD,0xA9FD,0xA9FD,0xA9FD,0x89FD,0x89FD,0xA9FD,0xA9FD,
    0x89FD,0x89FD,0x89FD,0xA9FD,0xA9FD,0x89FD,0x89FD,0xA9FD,0xA9FD,0x89FD,0xA9FD,0xA9FD,
    0xA9FD,0xA9FD,0xA9FD,0xA9FD,0xA9FD,0xA9FD,0xA9FD,0xAAFD,0xAAFD,0xAAFD,0xAAFD,0xAAFD,
    0xAAFD,0xA9FD,0x89FD,0xA9FD,0x89FD,0x89FD,0x89FD,0xA9FD,0x89FD,0x0BFE,0xA592,0x6138,
    0x8238,0xA592,0xEBFD,0x89FD,0x89FD,0x89FD,0x89FD,0xA9FD,0x89FD,0x89FD,0x89FD,0x89FD,
    0x89FD,0x89FD,0xA9FD,0xA9FD,0x89FD,0xA9FD,0xA9FD,0x89FD,0xA9FD,0xA9FD,0xA9FD,0xA9FD,
    0xA9FD,0xA9FD,0xA9FD,0xA9FD,0x89FD,0x89FD,0x89FD,0xA9FD,0xA9FD,0xA9FD,0x89FD,0x89FD,
    0xA9FD,0xA9FD,0xA9FD,0xA9FD,0x89FD,0x89FD,0xA9FD,0xA9FD,0x27F5,0xA4EC,0x62E4,0x63EC,
    0x83EC,0x83EC,0x83EC,0x83EC,0x62EC,0xA3EC,0x05F5,0x44AB,0xA148,0x8240,0xE348,0x6240,
    0x4161,0x25CC,0x03F5,0xA2EC,0xA3EC,0xA3EC,0xA3EC,0xA3EC,0xA3EC,0xA3EC,0xA3EC,0xA3EC,
    0xA3EC,0xA3EC,0xA3EC,0xA3EC,0xA3EC,0xA3EC,0xA3EC,0xA2F4,0xA3EC,0xA3EC,0x82E4,0x46F5,
    0x6BE5,0x2249,0x8238,0xC340,0x4128,0x14AD,0xFFFF,0xDFFF,0xFFFF,0xFFFF,0xFFFF,0xFFFF,
    0xFFFF,0xFFFF,0xFFFF,0xFFFF,0xFFFF,0xFFFF,0xFFFF,0xFFFF,0xFFFF,0xFFFF,0xFFFF,0xFFFF,
    0xFFFF,0xFFFF,0xFFFF,0xFFFF,0xFFFF,0xFFFF,0xFFFF,0xFFFF,0xFFFF,0xFFFF,0xFFFF,0xFFFF,
    0xFFFF,0xFFFF,0xFFFF,0xFFFF,0xFFFF,0xFFFF,0xFFFF,0xFFFF,0xFFFF,0xFFFF,0xFFFF,0xFFFF,
    0xFFFF,0xFFFF,0xFFFF,0xFFFF,0xFFFF,0xFFFF,0xFFFF,0xFFFF,0xFFFF,0xFFFF,0xFFFF,0xFFFF,
    0xFFFF,0xFFFF,0xFFFF,0xDFFF,0xFFFF,0x18CE,0x6230,0xC340,0xA340,0xA140,0x2AD5,0x6AFE,
    0xE9F5,0x0AF6,0x0AF6,0x0AF6,0x2AF6,0xE9FD,0xE4EC,0xA2EC,0xC3EC,0xA3EC,0xA3EC,0xA3EC,
    0xA3EC,0xA3EC,0xA3EC,0xA3EC,0xA3EC,0xA2EC,0xA3EC,0x82EC,0x04F5,0x84B3,0xA148,0x6238,
    0xC348,0x6138,0x4261,0x05D4,0xE4F4,0x83EC,0x83EC,0x83EC,0x83EC,0x63EC,0x83EC,0x62E4,
    0x83E4,0x06F5,0xA9FD,0xA9FD,0x89FD,0x89FD,0xA9FD,0xA9FD,0x89FD,0x89FD,0x89FD,0xA9FD,
    0x89FD,0x89FD,0xA9FD,0xA9FD,0x89FD,0xA9FD,0x89FD,0x89FD,0x89FD,0xA9FD,0x89FD,0xA9FD,
    0xA9FD,0xA9FD,0xA9FD,0xA9FD,0xA9FD,0xAAFD,0xAAFD,0xAAFD,0xAAFD,0xAAFD,0xAAFD,0xAAFD,
    0xAAFD,0x8AFD,0xAAFD,0xA9FD,0x89FD,0x89FD,0xA9FD,0x89FD,0x89FD,0xEAFD,0x87AB,0x2030,
    0x2030,0x67AB,0x0AFE,0x89FD,0xA9FD,0x89FD,0x89FD,0xA9FD,0x89FD,0x89FD,0xA9FD,0x89FD,
    0x89FD,0x89FD,0x89FD,0x89FD,0xA9FD,0x89FD,0x89FD,0xA9FD,0xA9FD,0x89FD,0xA9FD,0xA9FD,
    0xA9FD,0xA9FD,0xA9FD,0xA9FD,0xA9FD,0xA9FD,0xA9FD,0x89FD,0xA9FD,0xA9FD,0xA9FD,0xA9FD,
    0x89FD,0x89FD,0x89FD,0x89FD,0x89FD,0x89FD,0x89FD,0x89FD,0xA9FD,0x88FD,0x06ED,0x83E4,
    0x62EC,0x83EC,0x83EC,0x83EC,0xA3EC,0x83EC,0x83EC,0x05F5,0x05CC,0x4261,0x6140,0xE350,
    0xA248,0xC148,0x84B3,0x04F5,0x82EC,0xA2EC,0xA3EC,0xA2EC,0xA3EC,0xA3EC,0xA3EC,0xA3EC,
    0xA3EC,0xA3EC,0xA3EC,0xA3EC,0xC3EC,0xA3EC,0xA3EC,0xA3EC,0xA3EC,0xA3EC,0xA3EC,0x82E4,
    0x45F5,0x09D5,0xC140,0x8238,0xA340,0x8230,0x17CE,0xFFFF,0xFFFF,0xFFFF,0xFFFF,0xFFFF,
    0xFFFF,0xFFFF,0xFFFF,0xFFFF,0xFFFF,0xFFFF,0xFFFF,0xFFFF,0xFFFF,0xFFFF,0xFFFF,0xFFFF,
    0xFFFF,0xFFFF,0xFFFF,0xFFFF,0xFFFF,0xFFFF,0xFFFF,0xFFFF,0xFFFF,0xFFFF,0xFFFF,0xFFFF,
    0xFFFF,0xFFFF,0xFFFF,0xFFFF,0xFFFF,0xFFFF,0xFFFF,0xFFFF,0xFFFF,0xFFFF,0xFFFF,0xFFFF,
    0xFFFF,0xFFFF,0xFFFF,0xFFFF,0xFFFF,0xFFFF,0xFFFF,0xFFFF,0xFFFF,0xFFFF,0xFFFF,0xFFFF,
    0xFFFF,0xFFFF,0xFFFF,0xFFFF,0xFBE6,0x0441,0x8238,0xC340,0x8138,0xA9C4,0x6AFE,0xE9F5,
    0x0AF6,0x0AF6,0x09F6,0x2AF6,0xE9FD,0xE4EC,0x82EC,0xA3EC,0xA3EC,0xA3EC,0xA3EC,0xA3EC,
    0xA3EC,0xA2EC,0xA3EC,0xA3EC,0xA3EC,0xA2EC,0xA2EC,0xE4F4,0xC49A,0x4138,0x8238,0xA340,
    0x4138,0x0382,0xA5E4,0xA3F4,0x62E4,0x63EC,0x83EC,0x83EC,0x83EC,0x83EC,0x63E4,0xC5EC,
    0x68FD,0xA9FD,0xA9FD,0x89FD,0x89FD,0x89FD,0xA9FD,0x89FD,0x89FD,0xA9FD,0xA9FD,0xA9FD,
    0x89FD,0xA9FD,0xA9FD,0xA9FD,0xA9FD,0x89FD,0x89FD,0x89FD,0xA9FD,0xA9FD,0xA9FD,0xA9FD,
    0xAAFD,0xA9FD,0xAAFD,0xAAFD,0xA9FD,0xA9FD,0xA9FD,0xAAFD,0x8AFD,0xAAFD,0xA9FD,0xA9FD,
    0xA9FD,0xA9FD,0xA9FD,0xA9FD,0xA9FD,0x89FD,0x89FD,0x89FD,0x89FD,0xA9FD,0xABFD,0xC8B3,
    0xA8AB,0xABF5,0xA9FD,0xA9FD,0x89FD,0xA9FD,0x89FD,0x89FD,0x89FD,0x89FD,0x89FD,0x89FD,
    0x89FD,0x89FD,0x89FD,0xA9FD,0xA9FD,0xA9FD,0xA9FD,0xA9FD,0xA9FD,0xA9FD,0xA9FD,0xA9FD,
    0xA9FD,0xA9FD,0xA9FD,0xA9FD,0xA9FD,0xA9FD,0x89FD,0xA9FD,0xA9FD,0x89FD,0x89FD,0x89FD,
    0x89FD,0x89FD,0x89FD,0x89FD,0x89FD,0x89FD,0x89FD,0x89FD,0x89FD,0x89FD,0xA9FD,0x68FD,
    0xC5EC,0x83EC,0x83EC,0x83EC,0x83EC,0xA3EC,0xA3EC,0x83EC,0xC4F4,0xA5E4,0x2382,0x6138,
    0xC348,0xA240,0x6138,0xC49A,0xE4F4,0xA2EC,0xA2EC,0xA2EC,0xA3EC,0xA3EC,0xA3EC,0xA3EC,
    0xA3EC,0xA3EC,0xA3EC,0xC3EC,0xC3EC,0xA3EC,0xA3EC,0xA3EC,0xA3EC,0xA3EC,0xA2EC,0xA3EC,
    0x62E4,0x46F5,0x89C4,0x8138,0xA340,0x8240,0x0441,0xDBDE,0xFFFF,0xFFFF,0xFFFF,0xFFFF,
    0xFFFF,0xFFFF,0xFFFF,0xFFFF,0xFFFF,0xFFFF,0xFFFF,0xFFFF,0xFFFF,0xFFFF,0xFFFF,0xFFFF,
    0xFFFF,0xFFFF,0xFFFF,0xFFFF,0xFFFF,0xFFFF,0xFFFF,0xFFFF,0xFFFF,0xFFFF,0xFFFF,0xFFFF,
    0xFFFF,0xFFFF,0xFFFF,0xFFFF,0xFFFF,0xFFFF,0xFFFF,0xFFFF,0xFFFF,0xFFFF,0xFFFF,0xFFFF,
    0xFFFF,0xFFFF,0xFFFF,0xFFFF,0xFFFF,0xFFFF,0xFFFF,0xFFFF,0xFFFF,0xFFFF,0xFFFF,0xFFFF,
    0xFFFF,0xFFFF,0xFFFF,0x9EF7,0xC759,0x4138,0xC340,0x4138,0x08B4,0x8BFE,0xE9F5,0x0AF6,
    0x0AF6,0x0AF6,0x0AF6,0x09FE,0xE4EC,0x82EC,0xA3EC,0xA3EC,0xA3EC,0xA3EC,0xA3EC,0xA3EC,
    0xA3EC,0xA2EC,0xA3EC,0xA3EC,0xA2EC,0xA2EC,0xC5EC,0x4382,0x4130,0xA240,0x8238,0x6138,
    0xA39A,0xA4EC,0x83EC,0x63EC,0x83EC,0x83EC,0x83EC,0x83EC,0x62E4,0x83E4,0x27F5,0xA9FD,
    0xA9FD,0x89FD,0x89FD,0x89FD,0xA9FD,0xA9FD,0xA9FD,0xA9FD,0xA9FD,0xA9FD,0xA9FD,0xA9FD,
    0xA9FD,0xA9FD,0xA9FD,0xA9FD,0xA9FD,0xA9FD,0x89FD,0x89FD,0xA9FD,0xA9FD,0x89FD,0xA9FD,
    0xAAFD,0xAAFD,0xAAFD,0xAAFD,0xA9FD,0xA9FD,0xA9FD,0xA9FD,0xA9FD,0xA9FD,0xA9FD,0xA9FD,
    0xA9FD,0xA9FD,0xA9FD,0xA9FD,0xA9FD,0x89FD,0x89FD,0x89FD,0xA9FD,0xA9FD,0xA9FD,0xEAFD,
    0x0BFE,0xA9FD,0x89FD,0xA9FD,0x89FD,0x89FD,0x89FD,0x89FD,0x89FD,0x89FD,0x89FD,0x89FD,
    0x89FD,0x89FD,0x89FD,0xA9FD,0xA9FD,0xA9FD,0xA9FD,0xA9FD,0xA9FD,0xA9FD,0xA9FD,0xA9FD,
    0xA9FD,0xA9FD,0xA9FD,0xA9FD,0xA9FD,0xA9FD,0xA9FD,0x89FD,0x89FD,0x89FD,0x89FD,0x89FD,
    0x89FD,0x89FD,0xA9FD,0x89FD,0x89FD,0x89FD,0x89FD,0x89FD,0x89FD,0x89FD,0x89FD,0xA9FD,
    0xA9FD,0x27F5,0x83EC,0x83EC,0x83EC,0x83EC,0x83EC,0x83EC,0x83EC,0xA3EC,0xE5EC,0xC49A,
    0x6138,0x8238,0xA340,0x4130,0x2382,0xC5EC,0xA2F4,0xA2EC,0xA3EC,0xA3EC,0xA3EC,0xA3EC,
    0xC3EC,0xC3EC,0xA3EC,0xC3EC,0xA3EC,0xA3EC,0xA3EC,0xA3EC,0xA3EC,0xA3EC,0xA3EC,0xA3EC,
    0xA3EC,0x62E4,0x86FD,0xE8B3,0x6130,0xE340,0x4130,0xC751,0x9EF7,0xFFFF,0xFFFF,0xFFFF,
    0xFFFF,0xFFFF,0xFFFF,0xFFFF,0xFFFF,0xFFFF,0xFFFF,0xFFFF,0xFFFF,0xFFFF,0xFFFF,0xFFFF,
    0xFFFF,0xFFFF,0xFFFF,0xFFFF,0xFFFF,0xFFFF,0xFFFF,0xFFFF,0xFFFF,0xFFFF,0xFFFF,0xFFFF,
    0xFFFF,0xFFFF,0xFFFF,0xFFFF,0xFFFF,0xFFFF,0xFFFF,0xFFFF,0xFFFF,0xFFFF,0xFFFF,0xFFFF,
    0xFFFF,0xFFFF,0xFFFF,0xFFFF,0xFFFF,0xFFFF,0xFFFF,0xFFFF,0xFFFF,0xFFFF,0xFFFF,0xFFFF,
    0xFFFF,0xDFFF,0xFFFF,0xEB72,0x2030,0xE348,0x2028,0x669B,0x8CFE,0xE9F5,0x0AF6,0x0AF6,
    0x0AF6,0x0AF6,0x09FE,0x04ED,0x82EC,0xA3EC,0xA3EC,0xA3EC,0xA3EC,0xA3EC,0xA3EC,0xA3EC,
    0xA3EC,0xC3EC,0xA3EC,0x82EC,0xC2EC,0xA5E4,0x8269,0x4130,0xA340,0x6238,0xA140,0x44B3,
    0xC4F4,0x62EC,0x63EC,0x83EC,0x83EC,0x83EC,0x83EC,0x63E4,0xC5EC,0x88FD,0xCAFD,0xA9FD,
    0xA9FD,0x89FD,0xA9FD,0xA9FD,0x89FD,0xA9FD,0xA9FD,0xA9FD,0x89FD,0x89FD,0xA9FD,0xA9FD,
    0xA9FD,0xA9FD,0xA9FD,0xA9FD,0xA9FD,0xA9FD,0xA9FD,0xA9FD,0xA9FD,0xA9FD,0xA9FD,0xA9FD,
    0xAAFD,0xAAFD,0xAAFD,0xA9FD,0xA9FD,0xA9FD,0xA9FD,0xA9FD,0xA9FD,0x89FD,0x89FD,0xA9FD,
    0xA9FD,0xA9FD,0xA9FD,0xA9FD,0xA9FD,0x89FD,0x89FD,0x89FD,0xA9FD,0xA9FD,0xA9FD,0x89FD,
    0x89FD,0xA9FD,0xA9FD,0xA9FD,0xA9FD,0x89FD,0x89FD,0x89FD,0x89FD,0x89FD,0x89FD,0x89FD,
    0x89FD,0x89FD,0x89FD,0x89FD,0xA9FD,0xA9FD,0xA9FD,0xA9FD,0xA9FD,0xA9FD,0xA9FD,0xA9FD,
    0xA9FD,0xA9FD,0xA9FD,0xA9FD,0xA9FD,0xA9FD,0xA9FD,0xA9FD,0xA9FD,0xA9FD,0x89FD,0x89FD,
    0x89FD,0x89FD,0x89FD,0x89FD,0x89FD,0x89FD,0x89FD,0x89FD,0xA9FD,0x89FD,0xA9FD,0xA9FD,
    0xA9FD,0xCAFD,0x88FD,0xC5EC,0x63EC,0x83EC,0xA3EC,0x83EC,0x83EC,0x83EC,0x62E4,0xC4F4,
    0x44B3,0x8140,0x6238,0xC340,0x4130,0xC269,0xA5E4,0xC2F4,0xA2EC,0xA3EC,0xA3EC,0xA3EC,
    0xC3EC,0xA3EC,0xA3EC,0xA3EC,0xC3EC,0xC3EC,0xC3EC,0xA3EC,0xA3EC,0xA3EC,0xA3EC,0xA3EC,
    0xA2EC,0xA3EC,0x82E4,0x87F5,0x269B,0x6138,0xE448,0x4130,0xEB72,0xFFFF,0xFFFF,0xFFFF,
    0xFFFF,0xFFFF,0xFFFF,0xFFFF,0xFFFF,0xFFFF,0xFFFF,0xFFFF,0xFFFF,0xFFFF,0xFFFF,0xFFFF,
    0xFFFF,0xFFFF,0xFFFF,0xFFFF,0xFFFF,0xFFFF,0xFFFF,0xFFFF,0xFFFF,0xFFFF,0xFFFF,0xFFFF,
    0xFFFF,0xFFFF,0xFFFF,0xFFFF,0xFFFF,0xFFFF,0xFFFF,0xFFFF,0xFFFF,0xFFFF,0xFFFF,0xFFFF,
    0xFFFF,0xFFFF,0xFFFF,0xFFFF,0xFFFF,0xFFFF,0xFFFF,0xFFFF,0xFFFF,0xFFFF,0xFFFF,0xFFFF,
    0xDFFF,0xFFFF,0x71A4,0x2030,0xE348,0x2130,0x657A,0x6CFE,0x09F6,0x0AF6,0x0AF6,0x0AF6,
    0x0AF6,0x09FE,0x05ED,0x82EC,0xA2EC,0xA2EC,0xA3EC,0xA3EC,0xA3EC,0xA3EC,0xA3EC,0xC3EC,
    0xC3EC,0xA3F4,0x82EC,0xC3F4,0x85E4,0x4261,0x2130,0xC340,0x4130,0xE150,0xE5C3,0xC3F4,
    0x42E4,0x63EC,0x63EC,0x63EC,0x83EC,0x62E4,0x63E4,0x06F5,0xA9FD,0xA9FD,0xA9FD,0xA9FD,
    0xA9FD,0xA9FD,0xA9FD,0xA9FD,0xA9FD,0xA9FD,0xA9FD,0xA9FD,0xA9FD,0xA9FD,0xA9FD,0xA9FD,
    0xA9FD,0x89FD,0xA9FD,0xA9FD,0xA9FD,0xA9FD,0xA9FD,0x89FD,0xA9FD,0xA9FD,0xA9FD,0xA9FD,
    0xAAFD,0xAAFD,0xAAFD,0x89FD,0xA9FD,0xA9FD,0xA9FD,0x89FD,0xA9FD,0xA9FD,0xA9FD,0xA9FD,
    0xA9FD,0xA9FD,0xA9FD,0xA9FD,0xA9FD,0x89FD,0x89FD,0xA9FD,0xA9FD,0xA9FD,0x89FD,0xA9FD,
    0x89FD,0x89FD,0x89FD,0x89FD,0xA9FD,0x89FD,0x89FD,0x89FD,0x89FD,0x89FD,0x89FD,0xA9FD,
    0x89FD,0x89FD,0xA9FD,0xA9FD,0xA9FD,0xA9FD,0xA9FD,0xA9FD,0xA9FD,0xA9FD,0xA9FD,0xA9FD,
    0xA9FD,0xA9FD,0xA9FD,0xA9FD,0xA9FD,0xA9FD,0xA9FD,0xA9FD,0xA9FD,0xA9FD,0x89FD,0x89FD,
    0xA9FD,0x89FD,0x89FD,0x89FD,0x89FD,0x89FD,0x89FD,0x89FD,0x89FD,0x89FD,0xA9FD,0xA9FD,
    0xA9FD,0xA9FD,0xAAFD,0xA9FD,0x26F5,0x83E4,0x83EC,0x83EC,0x83EC,0x83EC,0x63EC,0x62E4,
    0xA3F4,0xC5C3,0xE150,0x6130,0xC340,0x4130,0x6261,0x85DC,0xC3F4,0xA2EC,0xC3EC,0xC3F4,
    0xC3EC,0xA2EC,0xA3EC,0xA3EC,0xA3EC,0xC3EC,0xA3EC,0xA3EC,0xA2EC,0xA3EC,0xA3EC,0xA3EC,
    0xA2EC,0xA3EC,0xA3EC,0x82EC,0x67F5,0x4482,0x6238,0xE448,0x2028,0x719C,0xFFFF,0xDFFF,
    0xFFFF,0xFFFF,0xFFFF,0xFFFF,0xFFFF,0xFFFF,0xFFFF,0xFFFF,0xFFFF,0xFFFF,0xFFFF,0xFFFF,
    0xFFFF,0xFFFF,0xFFFF,0xFFFF,0xFFFF,0xFFFF,0xFFFF,0xFFFF,0xFFFF,0xFFFF,0xFFFF,0xFFFF,
    0xFFFF,0xFFFF,0xFFFF,0xFFFF,0xFFFF,0xFFFF,0xFFFF,0xFFFF,0xFFFF,0xFFFF,0xFFFF,0xFFFF,
    0xFFFF,0xFFFF,0xFFFF,0xFFFF,0xFFFF,0xFFFF,0xFFFF,0xFFFF,0xFFFF,0xFFFF,0xFFFF,0xFFFF,
    0xFFFF,0x18CE,0x6130,0xC340,0x6238,0x8361,0x2CF6,0x2AFE,0x0AF6,0x09F6,0x0AF6,0x09F6,
    0x2AFE,0x25ED,0x82EC,0xA2EC,0xA2EC,0xA2EC,0xA2EC,0xA3EC,0xA3EC,0xA3EC,0xA3EC,0xC3EC,
    0xA3F4,0xA2EC,0xE3F4,0x85E4,0x2261,0x4138,0xC340,0x4130,0x4259,0x25D4,0xA3F4,0x42E4,
    0x63EC,0x63E4,0x63EC,0x62EC,0x62E4,0x84E4,0x48F5,0xAAFD,0xA9FD,0xA9FD,0xA9FD,0xA9FD,
    0xA9FD,0xA9FD,0xA9FD,0xA9FD,0xA9FD,0xA9FD,0xA9FD,0xA9FD,0xA9FD,0xA9FD,0xA9FD,0xA9FD,
    0xA9FD,0xA9FD,0xA9FD,0xA9FD,0xA9FD,0xA9FD,0xA9FD,0xA9FD,0xA9FD,0xA9FD,0xA9FD,0xA9FD,
    0xA9FD,0xAAFD,0x8AFD,0x89FD,0xA9FD,0xA9FD,0xA9FD,0xA9FD,0xA9FD,0xA9FD,0xA9FD,0xA9FD,
    0xA9FD,0xA9FD,0xA9FD,0xA9FD,0xA9FD,0xA9FD,0x89FD,0x89FD,0x89FD,0x89FD,0x89FD,0x89FD,
    0x89FD,0x89FD,0x89FD,0x89FD,0x89FD,0x89FD,0x89FD,0x89FD,0x89FD,0x89FD,0xA9FD,0xA9FD,
    0xA9FD,0x89FD,0xA9FD,0xA9FD,0xA9FD,0xA9FD,0xA9FD,0xA9FD,0xA9FD,0xA9FD,0xA9FD,0xA9FD,
    0xA9FD,0xA9FD,0xA9FD,0xA9FD,0xA9FD,0xA9FD,0xA9FD,0xA9FD,0x89FD,0x89FD,0x89FD,0xA9FD,
    0xA9FD,0x89FD,0x89FD,0x89FD,0x89FD,0x89FD,0x89FD,0x89FD,0x89FD,0x89FD,0x89FD,0x89FD,
    0xA9FD,0xA9FD,0xA9FD,0xA9FD,0xCAFD,0x48F5,0xA4EC,0x63E4,0x83EC,0x83EC,0x63EC,0x63EC,
    0x62E4,0xA3F4,0x25D4,0x4261,0x4130,0xC348,0x6238,0x4261,0x85DC,0xE3F4,0xA3EC,0xC3F4,
    0xC3EC,0xC3EC,0xC3EC,0xC3EC,0xC3EC,0xA3EC,0xA2EC,0xA3EC,0xA3EC,0xA3EC,0xA3EC,0xA2EC,
    0xA2EC,0xA3EC,0xA3EC,0xA3EC,0xA3EC,0xE6EC,0x6261,0xA340,0xC348,0x6230,0xF8CD,0xFFFF,
    0xFFFF,0xFFFF,0xFFFF,0xFFFF,0xFFFF,0xFFFF,0xFFFF,0xFFFF,0xFFFF,0xFFFF,0xFFFF,0xFFFF,
    0xFFFF,0xFFFF,0xFFFF,0xFFFF,0xFFFF,0xFFFF,0xFFFF,0xFFFF,0xFFFF,0xFFFF,0xFFFF,0xFFFF,
    0xFFFF,0xFFFF,0xFFFF,0xFFFF,0xFFFF,0xFFFF,0xFFFF,0xFFFF,0xFFFF,0xFFFF,0xFFFF,0xFFFF,
    0xFFFF,0xFFFF,0xFFFF,0xFFFF,0xFFFF,0xFFFF,0xFFFF,0xFFFF,0xFFFF,0xFFFF,0xFFFF,0xFFFF,
    0x3CEF,0x4549,0xA240,0xA240,0xE148,0x8BE5,0x4BFE,0xE9F5,0x0AFE,0x0AF6,0x09F6,0x2AFE,
    0x46F5,0x82EC,0xA2EC,0xA2EC,0xA3EC,0xA3EC,0xA3EC,0xA3EC,0xA3EC,0xA3EC,0xA3EC,0xC3EC,
    0xA2EC,0xE3F4,0x86E4,0x4261,0x6238,0xC348,0x2138,0x8269,0x65E4,0x82EC,0x62E4,0x63EC,
    0x63EC,0x63EC,0x62EC,0x62E4,0xC4EC,0x89FD,0xA9FD,0xA9FD,0xA9FD,0xA9FD,0xA9FD,0xA9FD,
    0x89FD,0x89FD,0xA9FD,0xA9FD,0x89FD,0x89FD,0xA9FD,0xA9FD,0xA9FD,0xA9FD,0xA9FD,0xA9FD,
    0xA9FD,0xA9FD,0xA9FD,0xA9FD,0xA9FD,0xA9FD,0xA9FD,0xA9FD,0xA9FD,0xA9FD,0x89FD,0x89FD,
    0xA9FD,0xA9FD,0xA9FD,0xA9FD,0xA9FD,0xA9FD,0xA9FD,0x89FD,0x89FD,0xA9FD,0xA9FD,0xA9FD,
    0xA9FD,0xA9FD,0xA9FD,0xAAFD,0xAAFD,0xAAFD,0xA9FD,0x89FD,0x89FD,0xA9FD,0x89FD,0x89FD,
    0x89FD,0x89FD,0xA9FD,0x89FD,0x89FD,0x89FD,0x89FD,0x8AFD,0xAAFD,0x8AFD,0x89FD,0x89FD,
    0x89FD,0x89FD,0x89FD,0x89FD,0x89FD,0xA9FD,0xA9FD,0xA9FD,0xA9FD,0xA9FD,0xA9FD,0xA9FD,
    0xA9FD,0xA9FD,0xA9FD,0xA9FD,0xA9FD,0xA9FD,0xA9FD,0xA9FD,0xA9FD,0xA9FD,0x89FD,0xA9FD,
    0x89FD,0x89FD,0x89FD,0x89FD,0x89FD,0x89FD,0x89FD,0x89FD,0x89FD,0xA9FD,0xA9FD,0xA9FD,
    0x89FD,0xA9FD,0xA9FD,0xA9FD,0xA9FD,0xAAFD,0x89FD,0xC5EC,0x62E4,0x63EC,0x83EC,0x63EC,
    0x63EC,0x42E4,0x82EC,0x65E4,0x8269,0x4138,0xE348,0x8240,0x4261,0x85DC,0x04F5,0xA3EC,
    0xC3EC,0xC3EC,0xA3EC,0xC3EC,0xA3EC,0xA3EC,0xA2EC,0xA2EC,0xA3EC,0xA3EC,0xA3EC,0xA3EC,
    0xA3EC,0xA3EC,0xA3EC,0xA3EC,0xA3EC,0xC3F4,0x05CC,0xA148,0xC348,0x8240,0x2549,0x3CEF,
    0xFFFF,0xFFFF,0xFFFF,0xFFFF,0xFFFF,0xFFFF,0xFFFF,0xFFFF,0xFFFF,0xFFFF,0xFFFF,0xFFFF,
    0xFFFF,0xFFFF,0xFFFF,0xFFFF,0xFFFF,0xFFFF,0xFFFF,0xFFFF,0xFFFF,0xFFFF,0xFFFF,0xFFFF,
    0xFFFF,0xFFFF,0xFFFF,0xFFFF,0xFFFF,0xFFFF,0xFFFF,0xFFFF,0xFFFF,0xFFFF,0xFFFF,0xFFFF,
    0xFFFF,0xFFFF,0xFFFF,0xFFFF,0xFFFF,0xFFFF,0xFFFF,0xFFFF,0xFFFF,0xFFFF,0xFFFF,0xFFFF,
    0xAA6A,0x4138,0xE448,0x6138,0x89C4,0x8CFE,0x0AF6,0x0AF6,0x0AFE,0x0AF6,0x2AFE,0x87F5,
    0x82EC,0xA2EC,0xA2EC,0xA3EC,0xA3EC,0xA3EC,0xA3EC,0xA3EC,0xA3EC,0xA3EC,0xA3F4,0xA3EC,
    0xE3F4,0x86DC,0x2261,0x6240,0xC348,0x4138,0x0382,0xA5EC,0x82EC,0x62E4,0x63EC,0x62EC,
    0x63EC,0x62EC,0x62E4,0xE6EC,0xA9FD,0xA9FD,0x89FD,0xA9FD,0xA9FD,0xA9FD,0xA9FD,0xA9FD,
    0x89FD,0x89FD,0x89FD,0x89FD,0xA9FD,0xA9FD,0xA9FD,0xA9FD,0xA9FD,0xA9FD,0xA9FD,0xA9FD,
    0xA9FD,0xA9FD,0xA9FD,0xA9FD,0xA9FD,0xA9FD,0xA9FD,0xA9FD,0xA9FD,0xA9FD,0xA9FD,0xA9FD,
    0xA9FD,0xA9FD,0xA9FD,0xA9FD,0xA9FD,0xA9FD,0x89FD,0x89FD,0xA9FD,0xA9FD,0xA9FD,0xA9FD,
    0xAAFD,0xAAFD,0xAAFD,0xAAFD,0xAAFD,0xAAFD,0xAAFD,0x89FD,0xA9FD,0xA9FD,0xA9FD,0xA9FD,
    0xA9FD,0xA9FD,0xA9FD,0xA9FD,0xA9FD,0x89FD,0x8AFD,0xAAFD,0xAAFD,0xAAFD,0xA9FD,0xA9FD,
    0x89FD,0x89FD,0x89FD,0x89FD,0x89FD,0xA9FD,0xA9FD,0xA9FD,0xA9FD,0xA9FD,0xA9FD,0xA9FD,
    0xA9FD,0xA9FD,0xA9FD,0xA9FD,0xA9FD,0xA9FD,0xA9FD,0xA9FD,0xA9FD,0xA9FD,0xA9FD,0x89FD,
    0x89FD,0x89FD,0x89FD,0x89FD,0x89FD,0x89FD,0x89FD,0x89FD,0xA9FD,0xA9FD,0xA9FD,0xA9FD,
    0xA9FD,0xA9FD,0xA9FD,0xA9FD,0xA9FD,0xA9FD,0xA9FD,0xA9FD,0x05F5,0x62E4,0x62E4,0x63EC,
    0x63EC,0x63E4,0x62E4,0x62EC,0x85E4,0x0382,0x4140,0xC350,0x8240,0x2161,0x85DC,0x03F5,
    0xA3EC,0xC3EC,0xC3EC,0xA3EC,0xA2EC,0xA3EC,0xA3EC,0xA2EC,0xA2EC,0xA2EC,0xA3EC,0xA3EC,
    0xA3EC,0xA3EC,0xA3EC,0xA3EC,0xA3EC,0x83EC,0x04F5,0x24AB,0x6140,0xE448,0x2130,0x8A6A,
    0xFFFF,0xFFFF,0xFFFF,0xFFFF,0xFFFF,0xFFFF,0xFFFF,0xFFFF,0xFFFF,0xFFFF,0xFFFF,0xFFFF,
    0xFFFF,0xFFFF,0xFFFF,0xFFFF,0xFFFF,0xFFFF,0xFFFF,0xFFFF,0xFFFF,0xFFFF,0xFFFF,0xFFFF,
    0xFFFF,0xFFFF,0xFFFF,0xFFFF,0xFFFF,0xFFFF,0xFFFF,0xFFFF,0xFFFF,0xFFFF,0xFFFF,0xFFFF,
    0xFFFF,0xFFFF,0xFFFF,0xFFFF,0xFFFF,0xFFFF,0xFFFF,0xFFFF,0xFFFF,0xDFFF,0xFFFF,0x91A4,
    0x0028,0xE448,0x4138,0x0693,0x8DFE,0x0AF6,0x2AFE,0x0AF6,0x0AF6,0x2AFE,0xC8F5,0xA3EC,
    0xA2EC,0xA2EC,0xA2EC,0xA3EC,0xA3EC,0xA3EC,0xA3EC,0xA3EC,0xA3EC,0xA3EC,0xA2EC,0xE3F4,
    0x86DC,0x2261,0x6240,0xC348,0x4138,0x4392,0xC5F4,0x82EC,0x63EC,0x63EC,0x63EC,0x63EC,
    0x62E4,0x63E4,0x26F5,0xA9FD,0xA9FD,0x89FD,0x89FD,0x89FD,0xA9FD,0xA9FD,0xA9FD,0xA9FD,
    0xA9FD,0x89FD,0xA9FD,0x89FD,0xA9FD,0xA9FD,0x89FD,0xA9FD,0xA9FD,0xA9FD,0xA9FD,0xA9FD,
    0xA9FD,0xA9FD,0xA9FD,0xA9FD,0xA9FD,0xA9FD,0xA9FD,0xA9FD,0xA9FD,0xA9FD,0xA9FD,0xA9FD,
    0xA9FD,0xA9FD,0xA9FD,0xA9FD,0xA9FD,0xA9FD,0xA9FD,0xA9FD,0xA9FD,0xA9FD,0x89FD,0xA9FD,
    0xAAFD,0xAAFD,0xAAFD,0xAAFD,0xAAFD,0xAAFD,0xAAFD,0x89FD,0xA9FD,0xA9FD,0xA9FD,0xAAFD,
    0xAAFD,0xAAFD,0xAAFD,0xAAFD,0xAAFD,0xAAFD,0xAAFD,0xAAFD,0xAAFD,0xAAFD,0xAAFD,0x89FD,
    0x89FD,0x89FD,0xA9FD,0xA9FD,0x89FD,0x89FD,0xA9FD,0xA9FD,0xA9FD,0xA9FD,0xA9FD,0xA9FD,
    0xA9FD,0xA9FD,0xA9FD,0xA9FD,0xA9FD,0xA9FD,0xA9FD,0xA9FD,0x89FD,0xA9FD,0xA9FD,0xA9FD,
    0xA9FD,0xA9FD,0x89FD,0x89FD,0x89FD,0x89FD,0x89FD,0xA9FD,0xA9FD,0xA9FD,0xA9FD,0xA9FD,
    0xA9FD,0x89FD,0x89FD,0x89FD,0xA9FD,0xA9FD,0xA9FD,0x89FD,0xA9FD,0x26F5,0x63E4,0x62E4,
    0x63EC,0x63EC,0x63EC,0x63EC,0x82EC,0xC5EC,0x438A,0x6140,0xC348,0x8240,0x4161,0x86DC,
    0xE3F4,0xA3EC,0xC3EC,0xA3EC,0xA3EC,0xA3EC,0xA3EC,0xA3EC,0xA3EC,0xA3EC,0xA3EC,0xA3EC,
    0xA3EC,0xA3EC,0xA3EC,0xA3EC,0xA3EC,0xA3EC,0xA2EC,0xE5F4,0x2382,0x6138,0xE448,0x2128,
    0x719C,0xFFFF,0xFFFF,0xFFFF,0xFFFF,0xFFFF,0xFFFF,0xFFFF,0xFFFF,0xFFFF,0xFFFF,0xFFFF,
    0xFFFF,0xFFFF,0xFFFF,0xFFFF,0xFFFF,0xFFFF,0xFFFF,0xFFFF,0xFFFF,0xFFFF,0xFFFF,0xFFFF,
    0xFFFF,0xFFFF,0xFFFF,0xFFFF,0xFFFF,0xFFFF,0xFFFF,0xFFFF,0xFFFF,0xFFFF,0xFFFF,0xFFFF,
    0xFFFF,0xFFFF,0xFFFF,0xFFFF,0xFFFF,0xFFFF,0xFFFF,0xFFFF,0xFFFF,0xFFFF,0x59D6,0x6130,
    0xA340,0x6238,0xA361,0x4DF6,0x2AFE,0x2AF6,0x2AFE,0x0AF6,0x2AF6,0xE9FD,0xC3EC,0xA2EC,
    0xA2EC,0xA2EC,0xA3EC,0xA3EC,0xA3EC,0xA3EC,0xA3EC,0xA3EC,0xA3EC,0x82EC,0xC3F4,0xA5E4,
    0x4261,0x6240,0xC348,0x4138,0x6392,0xE5F4,0x83EC,0x83EC,0x83EC,0x63EC,0x63EC,0x62EC,
    0x83E4,0x47F5,0xA9FD,0x89FD,0xA9FD,0x89FD,0x89FD,0xA9FD,0xA9FD,0xA9FD,0xA9FD,0xA9FD,
    0x89FD,0xA9FD,0xA9FD,0xA9FD,0x89FD,0x89FD,0xA9FD,0xA9FD,0xA9FD,0xA9FD,0xA9FD,0xA9FD,
    0xA9FD,0xA9FD,0xA9FD,0xA9FD,0xA9FD,0xA9FD,0xA9FD,0xA9FD,0xA9FD,0xA9FD,0xA9FD,0xA9FD,
    0xA9FD,0xA9FD,0xA9FD,0xA9FD,0x89FD,0xA9FD,0xA9FD,0xA9FD,0xA9FD,0xA9FD,0xA9FD,0xAAFD,
    0xAAFD,0xAAFD,0xAAFD,0xAAFD,0xAAFD,0xAAFD,0xAAFD,0xAAFD,0xA9FD,0xAAFD,0xAAFD,0xAAFD,
    0xAAFD,0xAAFD,0xAAFD,0xAAFD,0xAAFD,0xAAFD,0x8AFD,0xAAFD,0xAAFD,0xAAFD,0xAAFD,0xAAFD,
    0x89FD,0x89FD,0x89FD,0xA9FD,0xA9FD,0xA9FD,0xA9FD,0xA9FD,0xA9FD,0xA9FD,0xAAFD,0xA9FD,
    0xA9FD,0xA9FD,0xA9FD,0xA9FD,0x89FD,0xAAFD,0xA9FD,0xA9FD,0xA9FD,0xA9FD,0x89FD,0xA9FD,
    0xA9FD,0x89FD,0xA9FD,0x89FD,0x89FD,0x89FD,0x89FD,0xA9FD,0xA9FD,0xA9FD,0x89FD,0x89FD,
    0xA9FD,0xA9FD,0x89FD,0x89FD,0x89FD,0x89FD,0x89FD,0x89FD,0x89FD,0xA9FD,0x47F5,0x83E4,
    0x62E4,0x63EC,0x63EC,0x83EC,0x83EC,0xA3EC,0xE5F4,0x638A,0x6138,0xC348,0x8240,0x6261,
    0xA5E4,0xE3F4,0xA2EC,0xA3EC,0xA3EC,0xA2EC,0xA3EC,0xA3EC,0xA2EC,0xA3EC,0xA3EC,0xA3EC,
    0xA3EC,0xA3EC,0xA3EC,0xA3EC,0xA3EC,0xA3EC,0xA3EC,0xA3EC,0x65E4,0x4261,0x8238,0xC340,
    0x8230,0x59D6,0xFFFF,0xFFFF,0xFFFF,0xFFFF,0xFFFF,0xFFFF,0xFFFF,0xFFFF,0xFFFF,0xFFFF,
    0xFFFF,0xFFFF,0xFFFF,0xFFFF,0xFFFF,0xFFFF,0xFFFF,0xFFFF,0xFFFF,0xFFFF,0xFFFF,0xFFFF,
    0xFFFF,0xFFFF,0xFFFF,0xFFFF,0xFFFF,0xFFFF,0xFFFF,0xFFFF,0xFFFF,0xFFFF,0xFFFF,0xFFFF,
    0xFFFF,0xFFFF,0xFFFF,0xFFFF,0xFFFF,0xFFFF,0xFFFF,0xFFFF,0xFFFF,0x9EF7,0xA651,0x4130,
    0x8238,0xA140,0x4BDD,0x4AFE,0x0AF6,0x2AF6,0x0AFE,0x2AF6,0x0AFE,0xE4EC,0x82EC,0xA2EC,
    0xA3EC,0xA3EC,0xA3EC,0xA3EC,0xA3EC,0xA2EC,0xA3EC,0xA2EC,0x82EC,0xA2EC,0xA5E4,0x6261,
    0x4238,0xC348,0x4138,0x6392,0xE5F4,0x83EC,0x83EC,0x83EC,0x83EC,0x63EC,0x62EC,0xA3EC,
    0x68FD,0xA9FD,0x89FD,0x89FD,0x89FD,0x89FD,0x89FD,0x89FD,0x89FD,0x89FD,0x89FD,0x89FD,
    0x89FD,0x89FD,0x89FD,0x89FD,0xA9FD,0x89FD,0xA9FD,0xA9FD,0xA9FD,0xA9FD,0xA9FD,0xA9FD,
    0xA9FD,0xA9FD,0xA9FD,0xA9FD,0xA9FD,0xA9FD,0xA9FD,0x89FD,0xA9FD,0xA9FD,0xA9FD,0x89FD,
    0x89FD,0x89FD,0xA9FD,0x89FD,0x89FD,0x89FD,0x89FD,0xA9FD,0xA9FD,0xA9FD,0xA9FD,0xA9FD,
    0xAAFD,0xAAFD,0xAAFD,0xAAFD,0xAAFD,0xAAFD,0xAAFD,0xAAFD,0xAAFD,0xAAFD,0xAAFD,0xAAFD,
    0x8AFD,0xAAFD,0x8AFD,0xAAFD,0x8AFD,0x8AFD,0x8AFD,0x8AFD,0x8AFD,0x8AFD,0xAAFD,0xAAFD,
    0xA9FD,0x89FD,0x89FD,0x89FD,0x89FD,0xA9FD,0xA9FD,0xA9FD,0xA9FD,0xAAFD,0xAAFD,0xA9FD,
    0xA9FD,0xA9FD,0xA9FD,0x89FD,0x89FD,0x89FD,0xA9FD,0x89FD,0x89FD,0x89FD,0x89FD,0x89FD,
    0x89FD,0x89FD,0x89FD,0xA9FD,0xA9FD,0xA9FD,0xA9FD,0xA9FD,0xA9FD,0xA9FD,0xA9FD,0x89FD,
    0xA9FD,0xA9FD,0xA9FD,0xA9FD,0x89FD,0x89FD,0x89FD,0x89FD,0x89FD,0x89FD,0xA9FD,0x68FD,
    0x84EC,0x62E4,0x83EC,0x83EC,0x83EC,0x83EC,0xA3EC,0xE5EC,0x438A,0x6138,0xC348,0x8240,
    0x8269,0xA5E4,0xC2EC,0xA3EC,0xA3EC,0xA3EC,0xA3EC,0xA3EC,0xA3EC,0xA3EC,0xA3EC,0xA3EC,
    0xA3EC,0xA3EC,0xA3EC,0xA3EC,0xA3EC,0xA3EC,0xA3EC,0xA3EC,0xC3F4,0x84C3,0xA140,0xC340,
    0x6138,0xC759,0xBEFF,0xFFFF,0xFFFF,0xFFFF,0xFFFF,0xFFFF,0xFFFF,0xFFFF,0xFFFF,0xFFFF,
    0xFFFF,0xFFFF,0xFFFF,0xFFFF,0xFFFF,0xFFFF,0xFFFF,0xFFFF,0xFFFF,0xFFFF,0xFFFF,0xFFFF,
    0xFFFF,0xFFFF,0xFFFF,0xFFFF,0xFFFF,0xFFFF,0xFFFF,0xFFFF,0xFFFF,0xFFFF,0xFFFF,0xFFFF,
    0xFFFF,0xFFFF,0xFFFF,0xFFFF,0xFFFF,0xFFFF,0xFFFF,0xFFFF,0xFFFF,0xCE8B,0x0028,0xC340,
    0x2028,0xE8AB,0x6BFE,0xE9F5,0x0AFE,0x0AFE,0x0AF6,0x2AFE,0x46ED,0x82EC,0xA2EC,0xA2EC,
    0xA2EC,0xA3EC,0xA3EC,0xA3EC,0xA3EC,0xA3EC,0xA3EC,0xA2EC,0xA2EC,0xC5EC,0xA269,0x2130,
    0xC340,0x4138,0x238A,0xE5F4,0x82EC,0x83EC,0x83EC,0x83EC,0x83EC,0x62E4,0xA4EC,0x88FD,
    0xA9FD,0x89FD,0x89FD,0xA9FD,0x89FD,0x89FD,0x89FD,0x89FD,0x89FD,0x89FD,0xA9FD,0x89FD,
    0xA9FD,0x89FD,0x89FD,0xA9FD,0xA9FD,0xA9FD,0xA9FD,0xA9FD,0xA9FD,0xA9FD,0xA9FD,0xA9FD,
    0xA9FD,0xA9FD,0xA9FD,0xA9FD,0xA9FD,0xA9FD,0xA9FD,0xA9FD,0xA9FD,0x89FD,0x89FD,0xA9FD,
    0x89FD,0xA9FD,0xA9FD,0xA9FD,0xA9FD,0xA9FD,0xA9FD,0xA9FD,0xA9FD,0xA9FD,0xA9FD,0xA9FD,
    0xAAFD,0xAAFD,0xAAFD,0xAAFD,0xAAFD,0xAAFD,0xAAFD,0xAAFD,0xAAFD,0xAAFD,0xAAFD,0xAAFD,
    0xAAFD,0xAAFD,0x8AFD,0xAAFD,0xAAFD,0x8AFD,0x8AFD,0xAAFD,0xAAFD,0xAAFD,0xAAFD,0xAAFD,
    0xA9FD,0xA9FD,0xA9FD,0xA9FD,0x89FD,0xA9FD,0xA9FD,0x89FD,0xA9FD,0xA9FD,0x89FD,0xAAFD,
    0xAAFD,0xA9FD,0xA9FD,0xAAFD,0xAAFD,0xAAFD,0x89FD,0x89FD,0xA9FD,0xA9FD,0xA9FD,0xAAFD,
    0xA9FD,0xA9FD,0xA9FD,0xA9FD,0xA9FD,0xA9FD,0xA9FD,0xA9FD,0xA9FD,0xA9FD,0xA9FD,0x89FD,
    0xA9FD,0xA9FD,0x89FD,0xA9FD,0xA9FD,0x89FD,0x89FD,0x89FD,0x89FD,0x89FD,0x89FD,0xA9FD,
    0x88FD,0xA4EC,0x63EC,0x83EC,0x83EC,0x83EC,0x83EC,0xA3EC,0xE6EC,0x0382,0x6238,0xE350,
    0x6238,0xA269,0xC5EC,0xA2EC,0x83EC,0xA3EC,0xA3EC,0xA3EC,0xA3EC,0xA3EC,0xA3EC,0xA3EC,
    0xA3EC,0xA3EC,0xA3EC,0xA3EC,0xA3EC,0xA2EC,0xA3EC,0xA3EC,0xA3EC,0xA4EC,0x839A,0x6138,
    0xE340,0x2130,0xEF93,0xFFFF,0xFFFF,0xFFFF,0xFFFF,0xFFFF,0xFFFF,0xFFFF,0xFFFF,0xFFFF,
    0xFFFF,0xFFFF,0xFFFF,0xFFFF,0xFFFF,0xFFFF,0xFFFF,0xFFFF,0xFFFF,0xFFFF,0xFFFF,0xFFFF,
    0xFFFF,0xFFFF,0xFFFF,0xFFFF,0xFFFF,0xFFFF,0xFFFF,0xFFFF,0xFFFF,0xFFFF,0xFFFF,0xFFFF,
    0xFFFF,0xFFFF,0xFFFF,0xFFFF,0xFFFF,0xFFFF,0xFFFF,0xFFFF,0x18CE,0x4130,0xA340,0x2128,
    0x4472,0x4CFE,0xE9F5,0x0AF6,0x0AF6,0x0AF6,0x2BFE,0x88F5,0x82EC,0xA2EC,0xA2EC,0xA3EC,
    0xA3EC,0xA3EC,0xA3EC,0xA3EC,0xA3EC,0xA3EC,0xA3EC,0x82EC,0xE4F4,0x2382,0x2130,0xC340,
    0x2130,0xE379,0xC5EC,0x82EC,0x83EC,0x83EC,0x83EC,0x83EC,0x62E4,0xC4EC,0x89FD,0xA9FD,
    0xA9FD,0x89FD,0x89FD,0xA9FD,0x89FD,0x89FD,0xA9FD,0x89FD,0xA9FD,0x89FD,0xA9FD,0x89FD,
    0xA9FD,0xA9FD,0xA9FD,0xA9FD,0xA9FD,0x89FD,0xA9FD,0xA9FD,0xA9FD,0xA9FD,0xA9FD,0xA9FD,
    0xA9FD,0xA9FD,0xAAFD,0xAAFD,0xAAFD,0xAAFD,0xAAFD,0xA9FD,0xA9FD,0xA9FD,0xA9FD,0xA9FD,
    0xA9FD,0xA9FD,0xA9FD,0xA9FD,0xA9FD,0xA9FD,0xA9FD,0xA9FD,0xA9FD,0xA9FD,0xA9FD,0xAAFD,
    0xAAFD,0xAAFD,0xAAFD,0xAAFD,0xAAFD,0xAAFD,0xAAFD,0xAAFD,0xAAFD,0xAAFD,0x8AFD,0xAAFD,
    0xAAFD,0xAAFD,0xAAFD,0xAAFD,0xAAFD,0xAAFD,0xAAFD,0x8AFD,0xAAFD,0xAAFD,0xAAFD,0xAAFD,
    0xAAFD,0xA9FD,0x8AFD,0x8AFD,0xAAFD,0xAAFD,0xAAFD,0xAAFD,0xAAFD,0xAAFD,0xAAFD,0xA9FD,
    0xA9FD,0xAAFD,0xAAFD,0xAAFD,0xAAFD,0x8AFD,0xAAFD,0xA9FD,0x8AFD,0x89FD,0xAAFD,0xAAFD,
    0xAAFD,0xAAFD,0xAAFD,0xAAFD,0xAAFD,0xAAFD,0xA9FD,0xA9FD,0xA9FD,0xA9FD,0xA9FD,0xA9FD,
    0xA9FD,0x89FD,0x89FD,0x89FD,0xA9FD,0x89FD,0x89FD,0x89FD,0x89FD,0x89FD,0x89FD,0x89FD,
    0xA9FD,0x89FD,0xC5EC,0x63EC,0x83EC,0x83EC,0x83EC,0x83EC,0xA3EC,0xC6EC,0xC271,0x4138,
    0xE348,0x4130,0x037A,0xE4EC,0x82EC,0xA3EC,0xA3EC,0xA3EC,0xA3EC,0xA3EC,0xA3EC,0xA3EC,
    0xA3EC,0xA3EC,0xA3EC,0xA3EC,0xA3EC,0xA2EC,0xA3EC,0xA3EC,0xA3EC,0xA3EC,0x44E4,0x8271,
    0x6238,0xC340,0x6230,0x38CE,0xFFFF,0xFFFF,0xFFFF,0xFFFF,0xFFFF,0xFFFF,0xFFFF,0xFFFF,
    0xFFFF,0xFFFF,0xFFFF,0xFFFF,0xFFFF,0xFFFF,0xFFFF,0xFFFF,0xFFFF,0xFFFF,0xFFFF,0xFFFF,
    0xFFFF,0xFFFF,0xFFFF,0xFFFF,0xFFFF,0xFFFF,0xFFFF,0xFFFF,0xFFFF,0xFFFF,0xFFFF,0xFFFF,
    0xFFFF,0xFFFF,0xFFFF,0xFFFF,0xFFFF,0xFFFF,0xFFFF,0xBEFF,0xC759,0x4138,0x8238,0xE240,
    0xABE5,0x2AFE,0x0AF6,0x0AF6,0x0AF6,0x2AFE,0xC8F5,0xA3EC,0xA2EC,0xA2EC,0xA2EC,0xA3EC,
    0xA3EC,0xA3EC,0xA3EC,0xA3EC,0xA3EC,0xA3EC,0x82EC,0xE4F4,0xA492,0x2130,0xC340,0x4230,
    0x6261,0x85E4,0x83EC,0x63EC,0x83EC,0x83EC,0x83EC,0x63E4,0xC4EC,0xA9FD,0xA9FD,0xA9FD,
    0xA9FD,0xA9FD,0x89FD,0x89FD,0x89FD,0x89FD,0x89FD,0xA9FD,0x89FD,0x89FD,0x89FD,0xA9FD,
    0x89FD,0x89FD,0xA9FD,0xA9FD,0xA9FD,0xA9FD,0xA9FD,0xA9FD,0xA9FD,0xA9FD,0xA9FD,0xA9FD,
    0x89FD,0xA9FD,0xAAFD,0xAAFD,0xAAFD,0xAAFD,0x8AFD,0xA9FD,0x89FD,0x89FD,0x89FD,0x89FD,
    0xA9FD,0x89FD,0x89FD,0x89FD,0xA9FD,0xA9FD,0xA9FD,0xA9FD,0xA9FD,0xA9FD,0xA9FD,0xAAFD,
    0xAAFD,0xAAFD,0xAAFD,0xAAFD,0xAAFD,0xAAFD,0xAAFD,0xAAFD,0xAAFD,0xAAFD,0x8AFD,0x8AFD,
    0x8AFD,0xAAFD,0x8AFD,0x8AFD,0x8AFD,0x8AFD,0x8AFD,0x8AFD,0x8AFD,0x8AFD,0xAAFD,0xAAFD,
    0xAAFD,0xAAFD,0x8AFD,0xAAFD,0xAAFD,0xAAFD,0xAAFD,0xAAFD,0xAAFD,0xAAFD,0xAAFD,0xA9FD,
    0xAAFD,0xAAFD,0x8AFD,0x8AFD,0x8AFD,0x8AFD,0x8AFD,0x8AFD,0x8AFD,0x8AFD,0x8AFD,0xAAFD,
    0xAAFD,0x8AFD,0xAAFD,0xAAFD,0xAAFD,0xA9FD,0xA9FD,0xA9FD,0xA9FD,0xA9FD,0xA9FD,0x89FD,
    0x89FD,0xA9FD,0x89FD,0x89FD,0xA9FD,0x89FD,0x89FD,0x89FD,0xA9FD,0x89FD,0x89FD,0xA9FD,
    0xA9FD,0xA9FD,0xA9FD,0xC5EC,0x83EC,0x83EC,0x83EC,0x83EC,0x83EC,0xA3EC,0x85E4,0x6269,
    0x6238,0xC340,0x4130,0x838A,0xE4F4,0x82EC,0xA3EC,0xA2EC,0xA3EC,0xA3EC,0xA3EC,0xA3EC,
    0xA3EC,0xA3EC,0xA3EC,0xA3EC,0xA3EC,0xA3EC,0xA3EC,0xA2EC,0xA3EC,0xA3EC,0x83EC,0xA5CB,
    0xC150,0xA340,0x6238,0xC751,0xBEFF,0xFFFF,0xFFFF,0xFFFF,0xFFFF,0xFFFF,0xFFFF,0xFFFF,
    0xFFFF,0xFFFF,0xFFFF,0xFFFF,0xFFFF,0xFFFF,0xFFFF,0xFFFF,0xFFFF,0xFFFF,0xFFFF,0xFFFF,
    0xFFFF,0xFFFF,0xFFFF,0xFFFF,0xFFFF,0xFFFF,0xFFFF,0xFFFF,0xFFFF,0xFFFF,0xFFFF,0xFFFF,
    0xFFFF,0xFFFF,0xFFFF,0xFFFF,0xFFFF,0xFFFF,0xFFFF,0x309C,0x0028,0xC340,0x4030,0x28B4,
    0x6BFE,0xE9F5,0x0AF6,0x0AF6,0x0AF6,0x09FE,0xE4EC,0xA2EC,0xC2EC,0xA3EC,0xA2EC,0xA3EC,
    0xA3EC,0xA3EC,0xA3EC,0xA3EC,0xA3EC,0x82EC,0xE4F4,0x44AB,0x4130,0xA340,0x6230,0x0259,
    0x45DC,0x82EC,0x62EC,0x83EC,0x83EC,0x83EC,0x62E4,0xA4EC,0xA9FD,0xA9FD,0xA9FD,0xA9FD,
    0xA9FD,0x89FD,0xA9FD,0xA9FD,0x89FD,0xA9FD,0x89FD,0x89FD,0x89FD,0xA9FD,0x89FD,0xA9FD,
    0xA9FD,0xA9FD,0xA9FD,0xA9FD,0xA9FD,0xA9FD,0xA9FD,0xA9FD,0xA9FD,0xA9FD,0xA9FD,0xA9FD,
    0xAAFD,0xAAFD,0xAAFD,0xAAFD,0xAAFD,0xAAFD,0xAAFD,0xA9FD,0x89FD,0x89FD,0xA9FD,0x89FD,
    0x89FD,0xA9FD,0xA9FD,0x89FD,0xA9FD,0x89FD,0xA9FD,0xA9FD,0xA9FD,0xA9FD,0xA9FD,0xA9FD,
    0xAAFD,0xA9FD,0xAAFD,0xAAFD,0xAAFD,0xAAFD,0xAAFD,0xAAFD,0xAAFD,0x8AFD,0xAAFD,0x8AFD,
    0x8AFD,0xAAFD,0xAAFD,0x8AFD,0x8AFD,0x8AFD,0xAAFD,0xAAFD,0xAAFD,0xAAFD,0xAAFD,0xAAFD,
    0xAAFD,0xAAFD,0xAAFD,0xAAFD,0xAAFD,0xAAFD,0xAAFD,0xAAFD,0xAAFD,0xAAFD,0xAAFD,0x8AFD,
    0xAAFD,0xAAFD,0x8AFD,0x8AFD,0x8AFD,0x8AFD,0xAAFD,0xAAFD,0xAAFD,0xAAFD,0xAAFD,0xAAFD,
    0xAAFD,0xAAFD,0xAAFD,0xAAFD,0xAAFD,0xAAFD,0xAAFD,0xA9FD,0x89FD,0xA9FD,0xA9FD,0xA9FD,
    0xA9FD,0xA9FD,0xA9FD,0xA9FD,0x89FD,0x89FD,0x89FD,0x89FD,0xA9FD,0x89FD,0xA9FD,0x89FD,
    0xA9FD,0xA9FD,0xA9FD,0xA9FD,0xC5EC,0x83EC,0x83EC,0x83EC,0x83EC,0x83EC,0x82EC,0x45DC,
    0x0251,0x6238,0xA340,0x4130,0x24AB,0xE4F4,0x82EC,0xA3EC,0xA3EC,0xA3EC,0xA3EC,0xA3EC,
    0xA3EC,0xA3EC,0xA3EC,0xA3EC,0xA3EC,0xA3EC,0xA3EC,0xA2EC,0xA3EC,0xA3EC,0xA2EC,0x63EC,
    0xC4A2,0x6138,0xC340,0x2028,0x1094,0xFFFF,0xFFFF,0xFFFF,0xFFFF,0xFFFF,0xFFFF,0xFFFF,
    0xFFFF,0xFFFF,0xFFFF,0xFFFF,0xFFFF,0xFFFF,0xFFFF,0xFFFF,0xFFFF,0xFFFF,0xFFFF,0xFFFF,
    0xFFFF,0xFFFF,0xFFFF,0xFFFF,0xFFFF,0xFFFF,0xFFFF,0xFFFF,0xFFFF,0xFFFF,0xFFFF,0xFFFF,
    0xFFFF,0xFFFF,0xFFFF,0xFFFF,0xFFFF,0xFFFF,0x9ADE,0x8238,0xA340,0x4130,0x4472,0x6BFE,
    0x09F6,0x0AF6,0x0AF6,0x0AF6,0x2AFE,0x25ED,0x82EC,0xA2EC,0xA2EC,0xA3EC,0xA3EC,0xA3EC,
    0xA3EC,0xA3EC,0xA3EC,0xA3EC,0xA3EC,0xE3F4,0xE5C3,0x8140,0xA238,0x8238,0xA148,0x05D4,
    0x82EC,0x62E4,0x62EC,0x62EC,0x83EC,0x62EC,0xA4EC,0x89FD,0xAAFD,0xA9FD,0xA9FD,0xA9FD,
    0xA9FD,0xA9FD,0xA9FD,0xA9FD,0xA9FD,0xA9FD,0xA9FD,0xA9FD,0xA9FD,0xA9FD,0xA9FD,0xA9FD,
    0xA9FD,0xA9FD,0xA9FD,0xA9FD,0xA9FD,0x89FD,0xA9FD,0xA9FD,0xA9FD,0xA9FD,0xA9FD,0xA9FD,
    0xA9FD,0xAAFD,0xAAFD,0xAAFD,0xAAFD,0xAAFD,0xAAFD,0xA9FD,0xA9FD,0xA9FD,0xA9FD,0xA9FD,
    0xA9FD,0x89FD,0xA9FD,0xA9FD,0xA9FD,0xA9FD,0xA9FD,0xA9FD,0xA9FD,0xA9FD,0xA9FD,0xA9FD,
    0xAAFD,0xAAFD,0xAAFD,0xAAFD,0xAAFD,0xAAFD,0xAAFD,0xAAFD,0xAAFD,0xAAFD,0xAAFD,0xAAFD,
    0xAAFD,0xAAFD,0xAAFD,0xAAFD,0xAAFD,0xAAFD,0xAAFD,0xAAFD,0xAAFD,0xAAFD,0x8AFD,0xAAFD,
    0xAAFD,0xAAFD,0x8AFD,0xAAFD,0x8AFD,0xAAFD,0xAAFD,0xAAFD,0xAAFD,0xAAFD,0xAAFD,0xAAFD,
    0xAAFD,0xAAFD,0xAAFD,0xAAFD,0xAAFD,0xAAFD,0xAAFD,0xAAFD,0xAAFD,0xAAFD,0xAAFD,0xAAFD,
    0xAAFD,0xAAFD,0xAAFD,0xA9FD,0xAAFD,0xAAFD,0xAAFD,0xAAFD,0xA9FD,0xA9FD,0xA9FD,0xA9FD,
    0xA9FD,0xA9FD,0xA9FD,0xA9FD,0xA9FD,0xA9FD,0xA9FD,0xA9FD,0xA9FD,0xA9FD,0xAAFD,0xA9FD,
    0xA9FD,0xA9FD,0xA9FD,0xAAFD,0xA9FD,0xC5EC,0x83EC,0x83EC,0x83EC,0x83EC,0x62E4,0xA3EC,
    0xE5CB,0xA140,0x8238,0x8238,0x8140,0xE5CB,0xE3F4,0xA3EC,0xA3EC,0xA3EC,0xA3EC,0xA3EC,
    0xA3EC,0xA3EC,0xA3EC,0xA3EC,0xA3EC,0xA3EC,0xA3EC,0xA3EC,0xA3EC,0xA3EC,0xA3EC,0x82E4,
    0x24DC,0xA271,0x8238,0xC340,0x8238,0x9ADE,0xFFFF,0xFFFF,0xFFFF,0xFFFF,0xFFFF,0xFFFF,
    0xFFFF,0xFFFF,0xFFFF,0xFFFF,0xFFFF,0xFFFF,0xFFFF,0xFFFF,0xFFFF,0xFFFF,0xFFFF,0xFFFF,
    0xFFFF,0xFFFF,0xFFFF,0xFFFF,0xFFFF,0xFFFF,0xFFFF,0xFFFF,0xFFFF,0xFFFF,0xFFFF,0xFFFF,
    0xFFFF,0xFFFF,0xFFFF,0xFFFF,0xFFFF,0xFFFF,0x8A6A,0x4138,0xC340,0xC140,0x6BDD,0x2AFE,
    0x0AF6,0x0AF6,0x0AF6,0x2AF6,0xA7F5,0x82EC,0xA2EC,0xA2EC,0xA2EC,0xA3EC,0xA3EC,0xA3EC,
    0xA3EC,0xA3EC,0xA3EC,0xA2EC,0xC2F4,0xA5E4,0x0251,0x6238,0xA238,0x6138,0x84BB,0xA3F4,
    0x62E4,0x62EC,0x62E4,0x83EC,0x62EC,0xA4EC,0x88FD,0xA9FD,0xA9FD,0xA9FD,0xA9FD,0xA9FD,
    0xA9FD,0xA9FD,0xA9FD,0xA9FD,0x89FD,0x89FD,0x89FD,0xA9FD,0xA9FD,0xA9FD,0xA9FD,0x89FD,
    0xA9FD,0xA9FD,0xA9FD,0xA9FD,0xA9FD,0xA9FD,0xA9FD,0xA9FD,0xA9FD,0xA9FD,0xA9FD,0xAAFD,
    0xAAFD,0xAAFD,0xAAFD,0x8AFD,0x8AFD,0x8AFD,0xAAFD,0xA9FD,0x89FD,0x89FD,0xA9FD,0xA9FD,
    0x89FD,0x89FD,0xA9FD,0xA9FD,0xA9FD,0xA9FD,0xA9FD,0xA9FD,0xA9FD,0xA9FD,0xA9FD,0xAAFD,
    0xAAFD,0xAAFD,0xAAFD,0xAAFD,0xAAFD,0xAAFD,0xAAFD,0xAAFD,0x8AFD,0x8AFD,0x8AFD,0x8AFD,
    0xAAFD,0x8AFD,0x8AFD,0xAAFD,0xAAFD,0xAAFD,0xAAFD,0xAAFD,0xAAFD,0xAAFD,0xAAFD,0xAAFD,
    0xAAFD,0xAAFD,0xAAFD,0xAAFD,0xAAFD,0xAAFD,0xAAFD,0xAAFD,0xAAFD,0xAAFD,0x8AFD,0xAAFD,
    0xAAFD,0xA9FD,0xAAFD,0x89FD,0xA9FD,0xA9FD,0xA9FD,0xAAFD,0xAAFD,0xAAFD,0xAAFD,0xAAFD,
    0xAAFD,0xAAFD,0xAAFD,0xAAFD,0xAAFD,0xAAFD,0xA9FD,0xAAFD,0xAAFD,0xA9FD,0xA9FD,0x89FD,
    0x89FD,0xA9FD,0x89FD,0x89FD,0x89FD,0xA9FD,0xA9FD,0xA9FD,0xA9FD,0xA9FD,0xA9FD,0xA9FD,
    0xA9FD,0xA9FD,0xA9FD,0xA9FD,0xAAFD,0x89FD,0xA4EC,0x82EC,0x83EC,0x62EC,0x63EC,0x62E4,
    0xA3EC,0x64BB,0x6138,0xA338,0x6238,0x2159,0xA5E4,0xC2F4,0xA3EC,0xA3EC,0xA3EC,0xA3EC,
    0xA3EC,0xA3EC,0xA3EC,0xA3EC,0xA3EC,0xA3EC,0xA3EC,0xA3EC,0xA2EC,0xA3EC,0xA2EC,0xA3EC,
    0x63E4,0x84C3,0xC148,0xC340,0x4138,0x8A6A,0xFFFF,0xFFFF,0xFFFF,0xFFFF,0xFFFF,0xFFFF,
    0xFFFF,0xFFFF,0xFFFF,0xFFFF,0xFFFF,0xFFFF,0xFFFF,0xFFFF,0xFFFF,0xFFFF,0xFFFF,0xFFFF,
    0xFFFF,0xFFFF,0xFFFF,0xFFFF,0xFFFF,0xFFFF,0xFFFF,0xFFFF,0xFFFF,0xFFFF,0xFFFF,0xFFFF,
    0xFFFF,0xFFFF,0xFFFF,0xDFFF,0xFFFF,0x75BD,0x4030,0xE348,0x4138,0xA7A3,0x8BFE,0xE9F5,
    0x0AF6,0x0AF6,0x0AF6,0xE9FD,0xC3EC,0x82EC,0xA2EC,0xA2EC,0xA3EC,0xA3EC,0xA2EC,0xA3EC,
    0xA3EC,0xA3EC,0xA3EC,0xA2EC,0xE5F4,0xE379,0x4130,0xC340,0x4130,0xE4A2,0xC3F4,0x42E4,
    0x62EC,0x62EC,0x63EC,0x62E4,0x83E4,0x88FD,0xA9FD,0x89FD,0xA9FD,0xA9FD,0xA9FD,0xA9FD,
    0x89FD,0xA9FD,0xA9FD,0xA9FD,0x89FD,0x89FD,0xA9FD,0x89FD,0x89FD,0xA9FD,0xA9FD,0xA9FD,
    0xA9FD,0xA9FD,0xA9FD,0xA9FD,0xA9FD,0xA9FD,0xA9FD,0xA9FD,0xA9FD,0xA9FD,0xA9FD,0x8AFD,
    0x8AFD,0x8AFD,0xAAFD,0xAAFD,0xAAFD,0xAAFD,0xAAFD,0xA9FD,0x89FD,0x89FD,0xA9FD,0xA9FD,
    0xA9FD,0xA9FD,0x89FD,0xA9FD,0xA9FD,0xA9FD,0x89FD,0xA9FD,0xAAFD,0xA9FD,0xAAFD,0xAAFD,
    0xAAFD,0xAAFD,0xAAFD,0xAAFD,0xAAFD,0xAAFD,0xAAFD,0xAAFD,0xAAFD,0xAAFD,0xAAFD,0xAAFD,
    0xAAFD,0xAAFD,0x8AFD,0xAAFD,0xAAFD,0xAAFD,0xAAFD,0xAAFD,0xAAFD,0xAAFD,0xAAFD,0xA9FD,
    0xAAFD,0xAAFD,0xAAFD,0xAAFD,0xAAFD,0xAAFD,0xAAFD,0xAAFD,0xAAFD,0xAAFD,0xAAFD,0xAAFD,
    0xAAFD,0x89FD,0x89FD,0xA9FD,0xA9FD,0xA9FD,0xA9FD,0xA9FD,0xAAFD,0xA9FD,0xAAFD,0xAAFD,
    0xAAFD,0xAAFD,0xAAFD,0xAAFD,0xAAFD,0xAAFD,0xAAFD,0xAAFD,0xA9FD,0xA9FD,0x89FD,0x89FD,
    0x89FD,0x89FD,0x89FD,0xA9FD,0xA9FD,0x89FD,0xA9FD,0xA9FD,0x89FD,0x89FD,0xA9FD,0xA9FD,
    0xA9FD,0xA9FD,0xA9FD,0xA9FD,0xA9FD,0xA9FD,0x88FD,0x83E4,0x62E4,0x62E4,0x63EC,0x63EC,
    0x42E4,0xC3F4,0xC49A,0x4130,0xC340,0x4238,0x037A,0x05F5,0xA3EC,0xA3EC,0xA3EC,0xA3EC,
    0xA3EC,0xA3EC,0xA3EC,0xA3EC,0xA3EC,0xA3EC,0xA3EC,0xA2EC,0xA3EC,0xA3EC,0xA2EC,0xA3EC,
    0x83EC,0x43E4,0x8392,0x6238,0xE348,0x4130,0x55B5,0xFFFF,0xFFFF,0xFFFF,0xFFFF,0xFFFF,
    0xFFFF,0xFFFF,0xFFFF,0xFFFF,0xFFFF,0xFFFF,0xFFFF,0xFFFF,0xFFFF,0xFFFF,0xFFFF,0xFFFF,
    0xFFFF,0xFFFF,0xFFFF,0xFFFF,0xFFFF,0xFFFF,0xFFFF,0xFFFF,0xFFFF,0xFFFF,0xFFFF,0xFFFF,
    0xFFFF,0xFFFF,0xFFFF,0xFFFF,0x9EF7,0x8651,0x8240,0xA240,0xA361,0x2CF6,0x2AFE,0x0AF6,
    0x0AF6,0x0AF6,0x2AFE,0x25ED,0x82EC,0xA2EC,0xA2EC,0xA3EC,0xA2EC,0xA3EC,0xA3EC,0xC3EC,
    0xA3EC,0xC3EC,0xA2EC,0x24FD,0xE4A2,0x4140,0xC348,0x4138,0x438A,0xC4F4,0x62E4,0x62EC,
    0x62EC,0x62EC,0x62EC,0x62E4,0x47F5,0xA9FD,0x89FD,0xA9FD,0xA9FD,0xA9FD,0xA9FD,0xA9FD,
    0xA9FD,0xA9FD,0xA9FD,0xA9FD,0xA9FD,0xA9FD,0xA9FD,0xA9FD,0x89FD,0xA9FD,0xA9FD,0xA9FD,
    0xA9FD,0xA9FD,0xA9FD,0xA9FD,0xA9FD,0xA9FD,0xA9FD,0xA9FD,0xA9FD,0xA9FD,0xA9FD,0xAAFD,
    0xA9FD,0xAAFD,0xAAFD,0xAAFD,0xAAFD,0xAAFD,0xAAFD,0xA9FD,0xA9FD,0xA9FD,0xA9FD,0xA9FD,
    0xA9FD,0xA9FD,0xA9FD,0xA9FD,0xA9FD,0xA9FD,0xAAFD,0x8AFD,0xAAFD,0xA9FD,0xA9FD,0xAAFD,
    0xAAFD,0xAAFD,0xAAFD,0xAAFD,0xAAFD,0xAAFD,0xAAFD,0xAAFD,0xAAFD,0xAAFD,0xAAFD,0xAAFD,
    0xAAFD,0xAAFD,0xAAFD,0xAAFD,0xAAFD,0xAAFD,0xAAFD,0xAAFD,0xAAFD,0xAAFD,0xAAFD,0xA9FD,
    0xAAFD,0xAAFD,0xAAFD,0xAAFD,0xAAFD,0xAAFD,0xAAFD,0xAAFD,0xAAFD,0xAAFD,0xAAFD,0xAAFD,
    0xAAFD,0xA9FD,0x89FD,0xA9FD,0xA9FD,0xA9FD,0xA9FD,0xA9FD,0xA9FD,0xA9FD,0xAAFD,0xAAFD,
    0xAAFD,0xAAFD,0xAAFD,0xA9FD,0xAAFD,0xAAFD,0xA9FD,0xA9FD,0xA9FD,0xA9FD,0xA9FD,0x89FD,
    0xA9FD,0xA9FD,0xA9FD,0x89FD,0x89FD,0xA9FD,0xA9FD,0xA9FD,0xA9FD,0xA9FD,0xA9FD,0xA9FD,
    0x89FD,0xA9FD,0xA9FD,0x89FD,0x89FD,0x89FD,0xA9FD,0x47FD,0x62E4,0x62E4,0x63E4,0x63EC,
    0x63EC,0x62E4,0xC4EC,0x0382,0x4130,0xC348,0x6140,0x04A3,0x25F5,0xA2EC,0xA3EC,0xA3EC,
    0xA3EC,0xA3EC,0xA2EC,0xA3EC,0xA2EC,0xA3EC,0xA3EC,0xA2EC,0xA3EC,0xA3EC,0xA3EC,0xA3EC,
    0xC3EC,0x42E4,0x05DC,0x4261,0xA340,0xA240,0x8651,0x9EF7,0xFFFF,0xFFFF,0xFFFF,0xFFFF,
    0xFFFF,0xFFFF,0xFFFF,0xFFFF,0xFFFF,0xFFFF,0xFFFF,0xFFFF,0xFFFF,0xFFFF,0xFFFF,0xFFFF,
    0xFFFF,0xFFFF,0xFFFF,0xFFFF,0xFFFF,0xFFFF,0xFFFF,0xFFFF,0xFFFF,0xFFFF,0xFFFF,0xFFFF,
    0xFFFF,0xFFFF,0xFFFF,0xFFFF,0x71A4,0x2030,0xE348,0x8140,0xA9C4,0x6BFE,0x0AF6,0x2AF6,
    0x0AF6,0x2AFE,0xA7F5,0x82EC,0xA2EC,0xA2EC,0xA2EC,0xA3EC,0xA3EC,0xA3EC,0xA2EC,0xA3EC,
    0xA3EC,0xA2EC,0x03F5,0x05CC,0xA148,0xA348,0x6240,0xA271,0xA5EC,0x62EC,0x63E4,0x63E4,
    0x63EC,0x62EC,0x42E4,0x26F5,0xA9FD,0x89FD,0x89FD,0xA9FD,0xA9FD,0xA9FD,0xA9FD,0xA9FD,
    0xA9FD,0xA9FD,0xA9FD,0xA9FD,0xA9FD,0xA9FD,0xA9FD,0xA9FD,0xA9FD,0xA9FD,0x89FD,0xA9FD,
    0xA9FD,0xA9FD,0xA9FD,0xA9FD,0xA9FD,0xA9FD,0xA9FD,0xA9FD,0xA9FD,0xA9FD,0xA9FD,0xA9FD,
    0xA9FD,0xA9FD,0x8AFD,0xAAFD,0xAAFD,0xAAFD,0xA9FD,0xA9FD,0xA9FD,0xA9FD,0xA9FD,0xA9FD,
    0xA9FD,0xA9FD,0xA9FD,0xA9FD,0x89FD,0xA9FD,0xAAFD,0xAAFD,0xAAFD,0xA9FD,0xA9FD,0xAAFD,
    0xAAFD,0xAAFD,0xAAFD,0xAAFD,0xAAFD,0xAAFD,0xAAFD,0xAAFD,0xAAFD,0xAAFD,0xAAFD,0xAAFD,
    0xAAFD,0x8AFD,0xAAFD,0xAAFD,0xAAFD,0xAAFD,0xAAFD,0xA9FD,0xA9FD,0xA9FD,0xA9FD,0xAAFD,
    0xAAFD,0xAAFD,0xAAFD,0xAAFD,0xAAFD,0xAAFD,0xAAFD,0xAAFD,0xAAFD,0xAAFD,0xAAFD,0x8AFD,
    0x8AFD,0xA9FD,0xA9FD,0xA9FD,0xA9FD,0xA9FD,0xA9FD,0xA9FD,0xA9FD,0xA9FD,0xAAFD,0xAAFD,
    0xA9FD,0xA9FD,0xA9FD,0xA9FD,0xA9FD,0xA9FD,0xA9FD,0xA9FD,0x89FD,0xA9FD,0xA9FD,0x89FD,
    0x89FD,0x89FD,0xA9FD,0xA9FD,0xA9FD,0xA9FD,0xA9FD,0xA9FD,0xA9FD,0xA9FD,0xA9FD,0xA9FD,
    0x89FD,0xA9FD,0x89FD,0x89FD,0xA9FD,0xA9FD,0x89FD,0xA9FD,0x26F5,0x42E4,0x62E4,0x63E4,
    0x63E4,0x63E4,0x62EC,0xA5E4,0x6269,0x6240,0xC348,0xA148,0x05CC,0x04F5,0xA3EC,0xA3F4,
    0xA3EC,0xA3EC,0xA3EC,0xA3EC,0xA2EC,0xA3EC,0xA2EC,0xA3EC,0xA3EC,0xA3EC,0xA3EC,0xA3EC,
    0xA3EC,0x83EC,0x43E4,0x24B3,0x8140,0xE448,0x2130,0x519C,0xFFFF,0xFFFF,0xFFFF,0xFFFF,
    0xFFFF,0xFFFF,0xFFFF,0xFFFF,0xFFFF,0xFFFF,0xFFFF,0xFFFF,0xFFFF,0xFFFF,0xFFFF,0xFFFF,
    0xFFFF,0xFFFF,0xFFFF,0xFFFF,0xFFFF,0xFFFF,0xFFFF,0xFFFF,0xFFFF,0xFFFF,0xFFFF,0xFFFF,
    0xFFFF,0xFFFF,0xFFFF,0x3CEF,0x0441,0xA240,0x6138,0x657A,0x8DFE,0x0AF6,0x2AF6,0x2AF6,
    0x2AF6,0x09FE,0xC3EC,0x82EC,0xA2EC,0xA2EC,0xA3EC,0xA2EC,0xA3EC,0xA3EC,0xA3EC,0xA3EC,
    0xA3EC,0xC3EC,0xC6E4,0x4261,0x8240,0xA348,0xC150,0x25D4,0xA3EC,0x62EC,0x62EC,0x63EC,
    0x63EC,0x42E4,0xE5EC,0xA9FD,0x89FD,0x89FD,0xA9FD,0x89FD,0x89FD,0xA9FD,0xA9FD,0xA9FD,
    0xA9FD,0xA9FD,0x89FD,0xA9FD,0xA9FD,0xA9FD,0xA9FD,0xA9FD,0xA9FD,0x89FD,0x89FD,0xA9FD,
    0xA9FD,0xA9FD,0xA9FD,0xA9FD,0x89FD,0xA9FD,0xA9FD,0xA9FD,0xA9FD,0xA9FD,0xA9FD,0xA9FD,
    0x89FD,0xA9FD,0xA9FD,0x8AFD,0xAAFD,0xAAFD,0x89FD,0xA9FD,0xA9FD,0xA9FD,0xA9FD,0xAAFD,
    0xA9FD,0x89FD,0xA9FD,0xA9FD,0xA9FD,0xA9FD,0xAAFD,0xAAFD,0xAAFD,0xA9FD,0xA9FD,0xAAFD,
    0xAAFD,0xAAFD,0xAAFD,0x8AFD,0xAAFD,0xAAFD,0xAAFD,0xAAFD,0xAAFD,0xAAFD,0xAAFD,0xAAFD,
    0xAAFD,0xAAFD,0xAAFD,0xAAFD,0xAAFD,0xAAFD,0xA9FD,0xA9FD,0xA9FD,0xA9FD,0xA9FD,0xAAFD,
    0xAAFD,0xAAFD,0x8AFD,0xAAFD,0xAAFD,0xAAFD,0xAAFD,0xAAFD,0xAAFD,0xAAFD,0x8AFD,0xAAFD,
    0xAAFD,0x89FD,0xA9FD,0xA9FD,0xA9FD,0xA9FD,0xA9FD,0xA9FD,0xA9FD,0xA9FD,0xA9FD,0xA9FD,
    0xA9FD,0xA9FD,0xA9FD,0xA9FD,0xA9FD,0xA9FD,0x89FD,0xA9FD,0x89FD,0x89FD,0x89FD,0x89FD,
    0x89FD,0x89FD,0xA9FD,0x89FD,0xA9FD,0xA9FD,0xA9FD,0xA9FD,0xA9FD,0xA9FD,0xA9FD,0xA9FD,
    0xA9FD,0xA9FD,0xA9FD,0xA9FD,0xA9FD,0xA9FD,0x89FD,0x89FD,0xA9FD,0xE5EC,0x42E4,0x63EC,
    0x63EC,0x63EC,0x63E4,0xC3EC,0x25D4,0xC150,0xA348,0x8240,0x4161,0xC5E4,0xC3EC,0xA3EC,
    0xA3EC,0xA3EC,0xA3EC,0xA3EC,0xA3EC,0xA2EC,0xA2EC,0xA2EC,0xA2EC,0xA3EC,0xA3EC,0xA3EC,
    0xA3EC,0xC3EC,0x42E4,0x24E4,0xC379,0x8238,0xA340,0x0441,0x1CE7,0xFFFF,0xFFFF,0xFFFF,
    0xFFFF,0xFFFF,0xFFFF,0xFFFF,0xFFFF,0xFFFF,0xFFFF,0xFFFF,0xFFFF,0xFFFF,0xFFFF,0xFFFF,
    0xFFFF,0xFFFF,0xFFFF,0xFFFF,0xFFFF,0xFFFF,0xFFFF,0xFFFF,0xFFFF,0xFFFF,0xFFFF,0xFFFF,
    0xFFFF,0xFFFF,0xFFFF,0xCF8B,0x2030,0xC340,0x8140,0x4BDD,0x6BFE,0x0AF6,0x2AFE,0x2AF6,
    0x2AFE,0x46F5,0x82EC,0xA2EC,0xA2EC,0xA2EC,0xA3EC,0xA3EC,0xA3EC,0xA3EC,0xA3EC,0xA3EC,
    0xA2EC,0x05F5,0x638A,0x4138,0xC348,0x6140,0x44B3,0xE4F4,0x63EC,0x83EC,0x63EC,0x63EC,
    0x62E4,0xC5EC,0xA9FD,0x89FD,0x89FD,0x89FD,0x89FD,0x89FD,0xA9FD,0xA9FD,0xA9FD,0xA9FD,
    0xA9FD,0xA9FD,0xA9FD,0x89FD,0xA9FD,0xA9FD,0xA9FD,0xA9FD,0xA9FD,0x89FD,0xA9FD,0xA9FD,
    0xA9FD,0xA9FD,0xA9FD,0xA9FD,0xA9FD,0xA9FD,0xA9FD,0x89FD,0xA9FD,0xA9FD,0xA9FD,0x89FD,
    0xA9FD,0x89FD,0xA9FD,0x89FD,0xAAFD,0xAAFD,0xAAFD,0xA9FD,0xAAFD,0xA9FD,0xA9FD,0xAAFD,
    0xA9FD,0xA9FD,0xA9FD,0xA9FD,0xA9FD,0xAAFD,0xAAFD,0xAAFD,0xAAFD,0xAAFD,0xAAFD,0xAAFD,
    0x8AFD,0xAAFD,0xAAFD,0x8AFD,0x8AFD,0xAAFD,0xAAFD,0xAAFD,0xAAFD,0xAAFD,0xAAFD,0xAAFD,
    0xAAFD,0xAAFD,0xAAFD,0xAAFD,0xAAFD,0xAAFD,0xA9FD,0xA9FD,0xA9FD,0xA9FD,0xA9FD,0x8AFD,
    0xAAFD,0xAAFD,0xAAFD,0xAAFD,0xAAFD,0xAAFD,0x8AFD,0xAAFD,0xAAFD,0x8AFD,0xAAFD,0xAAFD,
    0xAAFD,0xAAFD,0xA9FD,0xA9FD,0xA9FD,0xA9FD,0xA9FD,0xA9FD,0xA9FD,0xA9FD,0xA9FD,0xA9FD,
    0xA9FD,0xA9FD,0xA9FD,0xA9FD,0xA9FD,0xA9FD,0x89FD,0x89FD,0x89FD,0x89FD,0x89FD,0x89FD,
    0x89FD,0xA9FD,0xA9FD,0xA9FD,0xA9FD,0xAAFD,0xA9FD,0xA9FD,0xA9FD,0xA9FD,0xA9FD,0xA9FD,
    0xA9FD,0xA9FD,0xA9FD,0xA9FD,0xA9FD,0xA9FD,0xA9FD,0x89FD,0x89FD,0xA9FD,0xC5EC,0x42E4,
    0x83EC,0x63EC,0x83EC,0x83E4,0xE4F4,0x64B3,0x6140,0xC348,0x6138,0x638A,0x25F5,0xA2EC,
    0xA3EC,0xA3EC,0xA3EC,0xA3EC,0xA3EC,0xA2EC,0xC2EC,0xA2EC,0xA2EC,0xA3EC,0xA3EC,0xA3EC,
    0xA3EC,0xA3EC,0xA3EC,0x03E4,0x85C3,0xA148,0xC340,0x2130,0x6D83,0xFFFF,0xFFFF,0xFFFF,
    0xFFFF,0xFFFF,0xFFFF,0xFFFF,0xFFFF,0xFFFF,0xFFFF,0xFFFF,0xFFFF,0xFFFF,0xFFFF,0xFFFF,
    0xFFFF,0xFFFF,0xFFFF,0xFFFF,0xFFFF,0xFFFF,0xFFFF,0xFFFF,0xFFFF,0xFFFF,0xFFFF,0xFFFF,
    0xFFFF,0xFFFF,0xFBE6,0xC338,0xA340,0x2130,0xE68A,0x8CFE,0x09F6,0x2AFE,0x2AFE,0x2AFE,
    0xE9FD,0xA3EC,0xA2EC,0xA2EC,0xA2EC,0xA3EC,0xA2EC,0xA3EC,0xA3EC,0xA3EC,0xA3EC,0xA2EC,
    0x04F5,0xA5BB,0x6140,0xC348,0x4138,0x2382,0x05F5,0x82EC,0x83EC,0x83EC,0x83EC,0x63E4,
    0xA4E4,0x88FD,0xA9FD,0x89FD,0x89FD,0x89FD,0x89FD,0xA9FD,0xA9FD,0xA9FD,0xA9FD,0xA9FD,
    0xA9FD,0xA9FD,0xA9FD,0xA9FD,0x89FD,0xA9FD,0xA9FD,0x89FD,0x89FD,0x89FD,0x89FD,0x89FD,
    0x89FD,0x89FD,0x89FD,0x89FD,0x89FD,0x89FD,0xA9FD,0x89FD,0x89FD,0xA9FD,0xA9FD,0x89FD,
    0x89FD,0xA9FD,0xA9FD,0xA9FD,0xAAFD,0xAAFD,0xAAFD,0xAAFD,0xAAFD,0xA9FD,0xAAFD,0xAAFD,
    0xA9FD,0xAAFD,0xAAFD,0xA9FD,0xAAFD,0xAAFD,0xA9FD,0xAAFD,0xAAFD,0xAAFD,0xAAFD,0xAAFD,
    0xAAFD,0xAAFD,0xAAFD,0xAAFD,0xAAFD,0xAAFD,0xAAFD,0xAAFD,0xAAFD,0xAAFD,0xAAFD,0xAAFD,
    0xAAFD,0xA9FD,0xAAFD,0xAAFD,0xAAFD,0xA9FD,0xA9FD,0xA9FD,0xA9FD,0xA9FD,0xAAFD,0xAAFD,
    0xAAFD,0xAAFD,0xAAFD,0xAAFD,0xAAFD,0xAAFD,0xAAFD,0xAAFD,0xAAFD,0xAAFD,0xAAFD,0xAAFD,
    0xAAFD,0x8AFD,0xAAFD,0xA9FD,0xA9FD,0xA9FD,0xA9FD,0xA9FD,0xA9FD,0xA9FD,0xA9FD,0xA9FD,
    0xA9FD,0x89FD,0xA9FD,0xA9FD,0x89FD,0xA9FD,0x89FD,0x89FD,0x89FD,0x89FD,0x89FD,0x89FD,
    0xA9FD,0xA9FD,0xA9FD,0xA9FD,0xA9FD,0xAAFD,0xA9FD,0xA9FD,0xA9FD,0xA9FD,0xA9FD,0xA9FD,
    0xA9FD,0x89FD,0x89FD,0xA9FD,0x89FD,0xA9FD,0xA9FD,0x89FD,0x89FD,0xA9FD,0x88FD,0xA4EC,
    0x62EC,0x83EC,0x83EC,0x83EC,0x83E4,0x05F5,0x2382,0x6140,0xC348,0x6140,0xA4B3,0xE3F4,
    0x82EC,0xA2EC,0xA3EC,0xA3EC,0xA2EC,0xA2EC,0xA2EC,0xA2EC,0xA2EC,0xA3EC,0xA3EC,0xA3EC,
    0xA3EC,0xA2EC,0xC3EC,0x22E4,0x24E4,0x238A,0x6238,0xC340,0xA238,0xBADE,0xFFFF,0xFFFF,
    0xFFFF,0xFFFF,0xFFFF,0xFFFF,0xFFFF,0xFFFF,0xFFFF,0xFFFF,0xFFFF,0xFFFF,0xFFFF,0xFFFF,
    0xFFFF,0xFFFF,0xFFFF,0xFFFF,0xFFFF,0xFFFF,0xFFFF,0xFFFF,0xFFFF,0xFFFF,0xFFFF,0xFFFF,
    0xFFFF,0xFFFF,0x6D83,0x2028,0xA338,0xC140,0xABE5,0x4AFE,0x0AF6,0x2AFE,0x2AFE,0x2AFE,
    0x05ED,0x82EC,0xA2EC,0xA2EC,0xA3EC,0xA3EC,0xA3EC,0xA2EC,0xA3EC,0xA3EC,0xA3EC,0xA2EC,
    0xA5E4,0x0259,0x8240,0x8240,0x0159,0xA5E4,0xA3EC,0x83EC,0x83EC,0x83EC,0x83E4,0x83E4,
    0x68FD,0xA9FD,0x89FD,0x89FD,0xA9FD,0x89FD,0x89FD,0xA9FD,0xA9FD,0xA9FD,0x89FD,0x89FD,
    0xA9FD,0xA9FD,0xA9FD,0xA9FD,0xA9FD,0xA9FD,0xA9FD,0x89FD,0xA9FD,0xA9FD,0xA9FD,0x89FD,
    0x89FD,0x89FD,0x89FD,0x89FD,0x89FD,0x89FD,0x89FD,0x89FD,0x89FD,0x89FD,0x89FD,0x89FD,
    0x89FD,0x89FD,0x89FD,0x89FD,0xA9FD,0xAAFD,0xAAFD,0xAAFD,0xAAFD,0xAAFD,0xAAFD,0xAAFD,
    0xAAFD,0xAAFD,0xAAFD,0xAAFD,0xAAFD,0xAAFD,0xAAFD,0xAAFD,0xAAFD,0xAAFD,0xAAFD,0xAAFD,
    0xAAFD,0xAAFD,0xAAFD,0x8AFD,0x8AFD,0xAAFD,0xAAFD,0xAAFD,0xAAFD,0xAAFD,0xAAFD,0xAAFD,
    0xAAFD,0xAAFD,0xAAFD,0xAAFD,0xAAFD,0xAAFD,0xA9FD,0xA9FD,0xA9FD,0xAAFD,0xAAFD,0xAAFD,
    0xAAFD,0xAAFD,0xAAFD,0xAAFD,0xAAFD,0x8AFD,0xAAFD,0xAAFD,0xAAFD,0x8AFD,0xAAFD,0xAAFD,
    0xAAFD,0xAAFD,0xAAFD,0xAAFD,0xA9FD,0xA9FD,0xA9FD,0xA9FD,0xA9FD,0xA9FD,0xA9FD,0xA9FD,
    0xA9FD,0xA9FD,0xA9FD,0xA9FD,0xA9FD,0x89FD,0x89FD,0x89FD,0x89FD,0x89FD,0x89FD,0x89FD,
    0xA9FD,0xA9FD,0xA9FD,0xA9FD,0xA9FD,0xA9FD,0xA9FD,0xAAFD,0xAAFD,0xAAFD,0xA9FD,0xA9FD,
    0xA9FD,0xA9FD,0xA9FD,0xA9FD,0xA9FD,0xA9FD,0xA9FD,0x89FD,0x89FD,0x89FD,0xA9FD,0x68F5,
    0x83E4,0x83EC,0x83EC,0x83EC,0x83EC,0xA3EC,0x85DC,0x0159,0xA248,0x8240,0x2151,0x85DC,
    0xA2EC,0xA2EC,0xA2EC,0xA2EC,0xA3EC,0xC3EC,0xC3EC,0xA3EC,0xC2EC,0xA3EC,0xA3EC,0xA3EC,
    0xA3EC,0xA3EC,0xA2EC,0x83EC,0x02E4,0xA5CB,0xC148,0xC340,0x2130,0x0C7B,0xFFFF,0xFFFF,
    0xFFFF,0xFFFF,0xFFFF,0xFFFF,0xFFFF,0xFFFF,0xFFFF,0xFFFF,0xFFFF,0xFFFF,0xFFFF,0xFFFF,
    0xFFFF,0xFFFF,0xFFFF,0xFFFF,0xFFFF,0xFFFF,0xFFFF,0xFFFF,0xFFFF,0xFFFF,0xFFFF,0xFFFF,
    0xFFFF,0xDBE6,0xC338,0xA240,0x2128,0x2693,0x8BFE,0xE9F5,0x2AFE,0x2AF6,0x2AFE,0xA8F5,
    0x82EC,0xA2EC,0xA3EC,0xA3EC,0xA3EC,0xA3EC,0xA3EC,0xA3EC,0xA2EC,0xA2EC,0x82EC,0xE4F4,
    0x4382,0x2130,0xC340,0x4138,0x84BB,0xE4F4,0x62EC,0x83EC,0x83EC,0x83EC,0x63E4,0x27F5,
    0xCAFD,0x89FD,0x89FD,0xA9FD,0xA9FD,0x89FD,0x89FD,0x89FD,0xA9FD,0x89FD,0x89FD,0xA9FD,
    0xA9FD,0xA9FD,0xA9FD,0xA9FD,0xA9FD,0xA9FD,0xA9FD,0x89FD,0xA9FD,0xA9FD,0xA9FD,0xA9FD,
    0xA9FD,0x89FD,0x89FD,0x89FD,0x89FD,0x89FD,0x89FD,0x89FD,0x89FD,0x89FD,0x89FD,0x89FD,
    0x89FD,0x89FD,0x89FD,0x89FD,0xA9FD,0xAAFD,0xAAFD,0xAAFD,0xAAFD,0xAAFD,0xAAFD,0xA9FD,
    0xAAFD,0xAAFD,0x8AFD,0xAAFD,0xAAFD,0xAAFD,0xAAFD,0xAAFD,0xAAFD,0xAAFD,0xAAFD,0xAAFD,
    0xAAFD,0xAAFD,0xAAFD,0xAAFD,0x8AFD,0xAAFD,0xAAFD,0xAAFD,0xAAFD,0xAAFD,0xAAFD,0xAAFD,
    0xAAFD,0xAAFD,0xAAFD,0xAAFD,0xAAFD,0xAAFD,0xAAFD,0xAAFD,0xAAFD,0xAAFD,0xAAFD,0xAAFD,
    0xAAFD,0xAAFD,0xAAFD,0xAAFD,0xAAFD,0xAAFD,0xAAFD,0xAAFD,0xAAFD,0xAAFD,0xAAFD,0xAAFD,
    0xAAFD,0xAAFD,0xAAFD,0xAAFD,0xAAFD,0xA9FD,0xA9FD,0xA9FD,0xA9FD,0xA9FD,0xA9FD,0xA9FD,
    0xA9FD,0x89FD,0xA9FD,0x89FD,0x89FD,0x89FD,0x89FD,0x89FD,0x89FD,0x89FD,0x89FD,0xA9FD,
    0xA9FD,0xA9FD,0xA9FD,0xA9FD,0xA9FD,0xA9FD,0xA9FD,0xAAFD,0xAAFD,0xA9FD,0xA9FD,0xA9FD,
    0xA9FD,0xA9FD,0xA9FD,0x89FD,0x89FD,0xA9FD,0xA9FD,0x89FD,0x89FD,0x89FD,0x89FD,0xAAFD,
    0x27F5,0x83E4,0x83EC,0x83EC,0x83EC,0x83E4,0xE4F4,0x65B3,0x6140,0xC348,0x4130,0x4382,
    0xE4F4,0x82EC,0xA3EC,0xA2EC,0xA3EC,0xA3EC,0xC3EC,0xA3EC,0xA2EC,0xA2EC,0xC3EC,0xA3EC,
    0xA3EC,0xA3EC,0xA3EC,0xC3EC,0x22E4,0x04E4,0x438A,0x6138,0xC340,0x8230,0x99D6,0xFFFF,
    0xFFFF,0xFFFF,0xFFFF,0xFFFF,0xFFFF,0xFFFF,0xFFFF,0xFFFF,0xFFFF,0xFFFF,0xFFFF,0xFFFF,
    0xFFFF,0xFFFF,0xFFFF,0xFFFF,0xFFFF,0xFFFF,0xFFFF,0xFFFF,0xFFFF,0xFFFF,0xFFFF,0xFFFF,
    0xFFFF,0x6D83,0x4130,0xA338,0xE240,0xABE5,0x29FE,0x0AF6,0x2AF6,0x2AF6,0x2AFE,0xE4EC,
    0xA2EC,0xC2EC,0xA3EC,0xA3EC,0xA3EC,0xA3EC,0xA3EC,0xA3EC,0xA2EC,0x82EC,0xC2F4,0xA5BB,
    0x6138,0xA340,0x4130,0x0282,0xC4F4,0x62EC,0x83EC,0x83EC,0x83EC,0x62E4,0xE5EC,0xCAFD,
    0xA9FD,0xA9FD,0xA9FD,0xA9FD,0x89FD,0x89FD,0x89FD,0x89FD,0xA9FD,0xA9FD,0x89FD,0xA9FD,
    0xA9FD,0xA9FD,0xA9FD,0xA9FD,0xA9FD,0xA9FD,0xA9FD,0xA9FD,0xA9FD,0xA9FD,0xA9FD,0xA9FD,
    0xA9FD,0x89FD,0x89FD,0x89FD,0x89FD,0x89FD,0x89FD,0x89FD,0x89FD,0x89FD,0xAAFD,0x89FD,
    0x89FD,0x89FD,0x89FD,0x89FD,0x89FD,0xA9FD,0xAAFD,0xAAFD,0xAAFD,0xA9FD,0xAAFD,0xAAFD,
    0xAAFD,0xAAFD,0xAAFD,0xAAFD,0xAAFD,0xAAFD,0xAAFD,0xAAFD,0xAAFD,0xAAFD,0xAAFD,0xAAFD,
    0xAAFD,0xAAFD,0xAAFD,0xAAFD,0xAAFD,0xAAFD,0xAAFD,0xAAFD,0xAAFD,0xAAFD,0xA9FD,0xAAFD,
    0xAAFD,0xAAFD,0xAAFD,0xAAFD,0xAAFD,0xA9FD,0xAAFD,0xA9FD,0xAAFD,0xAAFD,0xAAFD,0xAAFD,
    0xAAFD,0xAAFD,0xAAFD,0xAAFD,0xAAFD,0xAAFD,0xAAFD,0xAAFD,0xAAFD,0xAAFD,0xAAFD,0xAAFD,
    0xAAFD,0xAAFD,0xAAFD,0xAAFD,0xAAFD,0xA9FD,0xA9FD,0x89FD,0xA9FD,0x89FD,0x89FD,0x89FD,
    0x89FD,0x89FD,0x89FD,0x89FD,0x89FD,0x89FD,0x69FD,0x89FD,0x89FD,0x89FD,0x89FD,0xAAFD,
    0xA9FD,0xA9FD,0xA9FD,0xA9FD,0xA9FD,0xA9FD,0xA9FD,0xA9FD,0xA9FD,0xA9FD,0xAAFD,0xA9FD,
    0xA9FD,0xA9FD,0x89FD,0xA9FD,0xA9FD,0xA9FD,0x89FD,0x89FD,0x89FD,0xA9FD,0xA9FD,0xA9FD,
    0xCAFD,0xE6EC,0x63EC,0x83EC,0x83EC,0x83EC,0x83EC,0xE5F4,0xE379,0x4130,0xA338,0x6138,
    0xA4BB,0xC2F4,0x82EC,0xA3EC,0xA3EC,0xA3EC,0xA3EC,0xA3EC,0xA2EC,0xA2EC,0xA3EC,0xA3EC,
    0xA3EC,0xA3EC,0xA3EC,0xA3EC,0x83EC,0xE2DB,0xA5CB,0xC148,0xA340,0x4130,0xEC72,0xFFFF,
    0xFFFF,0xFFFF,0xFFFF,0xFFFF,0xFFFF,0xFFFF,0xFFFF,0xFFFF,0xFFFF,0xFFFF,0xFFFF,0xFFFF,
    0xFFFF,0xFFFF,0xFFFF,0xFFFF,0xFFFF,0xFFFF,0xFFFF,0xFFFF,0xFFFF,0xFFFF,0xFFFF,0xFFFF,
    0xDBE6,0xA238,0xC340,0x4130,0x4793,0x6BFE,0xE9F5,0x0AF6,0x0AF6,0x2AFE,0x87F5,0x82EC,
    0xA2EC,0xC2EC,0xA3EC,0xA3EC,0xC3EC,0xA3EC,0xA3EC,0xA2EC,0xA3EC,0x82EC,0xA4E4,0x4259,
    0x4230,0x8238,0xC148,0x44DC,0x82EC,0x82EC,0x83EC,0x83EC,0x63EC,0xA4EC,0xA9FD,0xAAFD,
    0xA9FD,0xA9FD,0xA9FD,0xA9FD,0xA9FD,0x89FD,0x89FD,0x89FD,0x89FD,0xA9FD,0xA9FD,0xA9FD,
    0xA9FD,0xA9FD,0xA9FD,0xA9FD,0xA9FD,0x89FD,0xA9FD,0xA9FD,0xA9FD,0xA9FD,0xA9FD,0xA9FD,
    0x89FD,0x89FD,0x89FD,0x89FD,0xA9FD,0xA9FD,0xA9FD,0xA9FD,0xA9FD,0xA9FD,0x89FD,0x69FD,
    0x89FD,0x89FD,0x89FD,0x89FD,0xA9FD,0x89FD,0xAAFD,0xA9FD,0xAAFD,0xA9FD,0xAAFD,0xAAFD,
    0xAAFD,0xAAFD,0xAAFD,0xAAFD,0xAAFD,0xAAFD,0xAAFD,0xAAFD,0xAAFD,0xAAFD,0xAAFD,0xAAFD,
    0xAAFD,0xAAFD,0xAAFD,0xAAFD,0xAAFD,0xAAFD,0xAAFD,0xAAFD,0xAAFD,0xAAFD,0xAAFD,0xAAFD,
    0xAAFD,0xA9FD,0xAAFD,0xAAFD,0xAAFD,0xAAFD,0xAAFD,0xAAFD,0xAAFD,0xAAFD,0xAAFD,0xAAFD,
    0xAAFD,0xAAFD,0xAAFD,0xAAFD,0xAAFD,0xAAFD,0xAAFD,0xAAFD,0xAAFD,0x8AFD,0xAAFD,0xAAFD,
    0xAAFD,0xAAFD,0xAAFD,0xAAFD,0xAAFD,0xA9FD,0xA9FD,0x89FD,0x89FD,0x89FD,0x89FD,0x89FD,
    0x89F5,0x89FD,0xA9FD,0xA9FD,0xA9FD,0xA9FD,0xA9FD,0xA9FD,0xA9FD,0x89FD,0x89FD,0x89FD,
    0xAAFD,0xA9FD,0xA9FD,0xA9FD,0xA9FD,0xA9FD,0xA9FD,0xA9FD,0xA9FD,0xA9FD,0xA9FD,0xA9FD,
    0xA9FD,0xA9FD,0x89FD,0xA9FD,0xA9FD,0x89FD,0xA9FD,0xA9FD,0xA9FD,0xA9FD,0xA9FD,0xA9FD,
    0xAAFD,0xA9FD,0xA4EC,0x83EC,0x83EC,0x83EC,0x83EC,0xA2EC,0x25D4,0xA148,0x8238,0x8238,
    0x6261,0xA4E4,0xA2EC,0xA2EC,0xA3EC,0xA3EC,0xA3EC,0xA3EC,0xA2EC,0xA2EC,0xA2EC,0xC3EC,
    0xA3EC,0xA3EC,0xA3EC,0xA2EC,0xA3EC,0x02DC,0x03DC,0x438A,0x6238,0xA340,0x8230,0x9ADE,
    0xFFFF,0xFFFF,0xFFFF,0xFFFF,0xFFFF,0xFFFF,0xFFFF,0xFFFF,0xFFFF,0xFFFF,0xFFFF,0xFFFF,
    0xFFFF,0xFFFF,0xFFFF,0xFFFF,0xFFFF,0xFFFF,0xFFFF,0xFFFF,0xFFFF,0xFFFF,0xFFFF,0xFFFF,
    0x8E8B,0x2130,0xA340,0xE240,0xABE5,0x29FE,0x0AF6,0x0AF6,0x0AF6,0x09FE,0xC3EC,0xA2EC,
    0xA3EC,0xA3EC,0xA3EC,0xA3EC,0xC3EC,0xA3EC,0xA3EC,0xA3EC,0x82EC,0xE3F4,0xE49A,0x2130,
    0xA240,0x4130,0x04AB,0xA3F4,0x62E4,0x83EC,0x83EC,0x83EC,0x63E4,0x47F5,0xCAFD,0xA9FD,
    0xAAFD,0xA9FD,0xA9FD,0xA9FD,0xA9FD,0xA9FD,0x89FD,0x89FD,0x89FD,0xA9FD,0xA9FD,0x89FD,
    0xA9FD,0xA9FD,0xA9FD,0xA9FD,0xA9FD,0xA9FD,0xA9FD,0xA9FD,0xA9FD,0xA9FD,0xA9FD,0xCAFD,
    0x0AFE,0x2BFE,0xEBFD,0x8BF5,0x2AE5,0xEADC,0xE9DC,0x0ADD,0x4AED,0x8AF5,0xCAFD,0xEAFD,
    0xEAFD,0xA9FD,0x89FD,0xA9FD,0x89FD,0x89FD,0xA9FD,0xA9FD,0xA9FD,0xAAFD,0xAAFD,0xAAFD,
    0xAAFD,0xAAFD,0xAAFD,0xAAFD,0xAAFD,0xAAFD,0xAAFD,0xAAFD,0xAAFD,0xAAFD,0xAAFD,0xAAFD,
    0xAAFD,0xAAFD,0xAAFD,0xAAFD,0xAAFD,0xAAFD,0xAAFD,0xAAFD,0xAAFD,0xAAFD,0xAAFD,0xAAFD,
    0xAAFD,0xAAFD,0xAAFD,0xAAFD,0xAAFD,0xAAFD,0xAAFD,0xAAFD,0xAAFD,0xAAFD,0xAAFD,0xAAFD,
    0xAAFD,0xAAFD,0xAAFD,0xAAFD,0xAAFD,0x8AFD,0xAAFD,0xAAFD,0xAAFD,0xAAFD,0xAAFD,0xAAFD,
    0xA9FD,0xAAFD,0xAAFD,0xAAFD,0xAAFD,0xAAFD,0xA9FD,0x89FD,0x89FD,0x89FD,0x89FD,0xEAFD,
    0xEAFD,0xCBFD,0x8BF5,0x2AE5,0xEADC,0xE9DC,0xEADC,0x2AE5,0x8BF5,0xCBFD,0x2BFE,0x0BFE,
    0xCAFD,0xA9FD,0x89FD,0xA9FD,0xA9FD,0xA9FD,0xA9FD,0xA9FD,0xA9FD,0xA9FD,0xA9FD,0x89FD,
    0xA9FD,0xA9FD,0xA9FD,0xA9FD,0x89FD,0x89FD,0x89FD,0x89FD,0xA9FD,0xA9FD,0xA9FD,0xA9FD,
    0xA9FD,0xCAFD,0x67F5,0x83E4,0x83EC,0x83EC,0x83EC,0x62E4,0xC3F4,0xE4A2,0x4130,0xC340,
    0x4130,0xE39A,0xE3F4,0x82EC,0xA3EC,0xA3EC,0xA3EC,0xA2EC,0xC2EC,0xC2EC,0xC2EC,0xA2EC,
    0xA2EC,0xA2EC,0xC2EC,0xA2EC,0xA3EC,0x63E4,0xC2DB,0xA5CB,0xC248,0xA340,0x2130,0x6D83,
    0xFFFF,0xFFFF,0xFFFF,0xFFFF,0xFFFF,0xFFFF,0xFFFF,0xFFFF,0xFFFF,0xFFFF,0xFFFF,0xFFFF,
    0xFFFF,0xFFFF,0xFFFF,0xFFFF,0xFFFF,0xFFFF,0xFFFF,0xFFFF,0xFFFF,0xFFFF,0xFFFF,0x1CEF,
    0xE340,0xC340,0x4130,0x2693,0x6BFE,0xE9F5,0x0AF6,0x0AF6,0x2AFE,0x66F5,0x82EC,0xA2EC,
    0xA2EC,0xA3EC,0xA3EC,0xA3EC,0xA3EC,0xC3EC,0xA3EC,0xA3EC,0xA2EC,0x65DC,0xE148,0x8238,
    0x4130,0x8269,0xA4EC,0x62E4,0x62EC,0x82EC,0x83EC,0x62E4,0xE5EC,0xAAFD,0xA9FD,0xA9FD,
    0xA9FD,0xA9FD,0xA9FD,0xA9FD,0xA9FD,0xA9FD,0x89FD,0x89FD,0xA9FD,0xA9FD,0x89FD,0xA9FD,
    0x89FD,0x89FD,0x89FD,0x89FD,0x89FD,0xA9FD,0xA9FD,0x89FD,0xA9FD,0x0AFE,0x0BFE,0x4AED,
    0x28BC,0xE692,0xE371,0x4251,0xC248,0xA140,0x8138,0xA240,0xE248,0x4251,0xE471,0x0693,
    0x28BC,0x8AF5,0xA9FD,0x89FD,0x89FD,0x89FD,0xA9FD,0xA9FD,0xAAFD,0xAAFD,0xAAFD,0xAAFD,
    0xAAFD,0xAAFD,0xAAFD,0xAAFD,0xAAFD,0xAAFD,0xAAFD,0xAAFD,0xAAFD,0xAAFD,0xAAFD,0xAAFD,
    0xAAFD,0xAAFD,0xAAFD,0xAAFD,0xAAFD,0xAAFD,0xAAFD,0xAAFD,0xAAFD,0xAAFD,0xAAFD,0xAAFD,
    0xAAFD,0xAAFD,0xAAFD,0xAAFD,0xAAFD,0xAAFD,0xAAFD,0xAAFD,0xAAFD,0xAAFD,0xAAFD,0xAAFD,
    0xAAFD,0xAAFD,0xAAFD,0xAAFD,0xAAFD,0xAAFD,0xAAFD,0xAAFD,0xAAFD,0xAAFD,0xAAFD,0xAAFD,
    0xAAFD,0xAAFD,0xAAFD,0xAAFD,0xAAFD,0xA9FD,0xA9FD,0x89FD,0x89FD,0xA9FD,0xAAF5,0x28C4,
    0xE692,0xE369,0x2251,0xC240,0xA140,0x8138,0xA140,0xC240,0x2251,0xE371,0xE592,0x08BC,
    0x4AE5,0x0BFE,0x0BFE,0xA9FD,0x89FD,0xA9FD,0xA9FD,0xA9FD,0x89FD,0xA9FD,0x89FD,0x89FD,
    0x89FD,0x89FD,0x89FD,0x89FD,0x89FD,0x89FD,0x89FD,0x89FD,0xA9FD,0xA9FD,0xA9FD,0xA9FD,
    0xA9FD,0xA9FD,0xCAFD,0xE6EC,0x83E4,0x83EC,0x83EC,0x63EC,0x62E4,0xA4EC,0x6261,0x6230,
    0xA240,0xC148,0x44DC,0xC2EC,0xA3EC,0xC3EC,0xA3EC,0xA3EC,0xA2EC,0xA2EC,0xA2EC,0xA2EC,
    0xC2EC,0xA2EC,0xA2EC,0xA2EC,0xA2EC,0xA3EC,0xE2DB,0x04DC,0x238A,0x6238,0xC340,0xE340,
    0xFBE6,0xFFFF,0xFFFF,0xFFFF,0xFFFF,0xFFFF,0xFFFF,0xFFFF,0xFFFF,0xFFFF,0xFFFF,0xFFFF,
    0xFFFF,0xFFFF,0xFFFF,0xFFFF,0xFFFF,0xFFFF,0xFFFF,0xFFFF,0xFFFF,0xFFFF,0xFFFF,0x309C,
    0x2030,0xC348,0xE248,0x8BE5,0x2AFE,0x0AF6,0x0AF6,0x0AF6,0xE9FD,0xC3EC,0xA2EC,0xA2EC,
    0xA3EC,0xA3EC,0xA3EC,0xA3EC,0xC3EC,0xC3EC,0xA3EC,0xA2EC,0x04F5,0x638A,0x2130,0xA340,
    0x6138,0xA4C3,0x82EC,0x62E4,0x62E4,0x62EC,0x62EC,0x83E4,0x88FD,0xA9FD,0xA9FD,0xA9FD,
    0xA9FD,0xA9FD,0xA9FD,0xA9FD,0xA9FD,0xA9FD,0x89FD,0x89FD,0xA9FD,0x89FD,0x89FD,0x89FD,
    0x89FD,0x89FD,0x89FD,0x89FD,0x89FD,0x89FD,0x89FD,0xEAFD,0xABFD,0x48C4,0x6582,0x0251,
    0x8140,0x6238,0x8240,0xA340,0xA240,0xA238,0xA238,0x8238,0x8238,0x8238,0x6230,0x6130,
    0x2130,0x6482,0xCAFD,0x89FD,0x89FD,0xA9FD,0xA9FD,0xA9FD,0xAAFD,0xAAFD,0xAAFD,0x8AFD,
    0xAAFD,0xAAFD,0xAAFD,0xAAFD,0xAAFD,0xAAFD,0xAAFD,0xAAFD,0xAAFD,0xAAFD,0xAAFD,0xAAFD,
    0xAAFD,0xAAFD,0xAAFD,0xAAFD,0xAAFD,0xAAFD,0xAAFD,0xA9FD,0xA9FD,0xAAFD,0x8AFD,0xAAFD,
    0x8AFD,0xA9FD,0xA9FD,0xAAFD,0xAAFD,0xA9FD,0xAAFD,0xAAFD,0xAAFD,0xAAFD,0xAAFD,0xAAFD,
    0xAAFD,0xAAFD,0xAAFD,0xAAFD,0xAAFD,0xAAFD,0xAAFD,0xAAFD,0xAAFD,0xAAFD,0xAAFD,0xAAFD,
    0xA9FD,0xA9FD,0xAAFD,0xAAFD,0xAAFD,0xA9FD,0x89FD,0x89FD,0x89FD,0xCAFD,0x8582,0x2128,
    0x6130,0x6230,0x8238,0xA238,0xA238,0x8238,0xA238,0xA238,0xA238,0x8238,0x6238,0x6140,
    0xE250,0x447A,0x48C4,0xCBFD,0x0AFE,0xA9FD,0x89FD,0xA9FD,0x89FD,0x89FD,0x89FD,0x89FD,
    0x89FD,0x89FD,0x89FD,0x89FD,0x89FD,0x89FD,0x89FD,0x89FD,0xA9FD,0xA9FD,0xA9FD,0xA9FD,
    0x89FD,0xA9FD,0xA9FD,0x88FD,0x83E4,0x62EC,0x83E4,0x63EC,0x62E4,0xA3EC,0xA4C3,0x8138,
    0xC340,0x4130,0x638A,0x04F5,0xA2EC,0xC3EC,0xC3EC,0xA3EC,0xA3EC,0xA3EC,0xA2EC,0xA2EC,
    0xA2EC,0xA2EC,0xA3EC,0xA3EC,0xA2EC,0xC3EC,0x42E4,0xC2DB,0x85C3,0xC148,0xE348,0x4130,
    0x1094,0xFFFF,0xFFFF,0xFFFF,0xFFFF,0xFFFF,0xFFFF,0xFFFF,0xFFFF,0xFFFF,0xFFFF,0xFFFF,
    0xFFFF,0xFFFF,0xFFFF,0xFFFF,0xFFFF,0xFFFF,0xFFFF,0xFFFF,0xFFFF,0xFFFF,0x9EF7,0x6551,
    0x8240,0x6238,0xE68A,0x8CFE,0x09F6,0x0AF6,0x0AF6,0x2AFE,0x66F5,0x82EC,0xA2EC,0xA2EC,
    0xA3EC,0xA3EC,0xA3EC,0xA3EC,0xC3EC,0xC3EC,0xA3EC,0xC3F4,0x45D4,0xA148,0xA238,0x4130,
    0x037A,0xA4EC,0x42E4,0x62EC,0x63E4,0x82EC,0x62E4,0x27F5,0xC9FD,0x89FD,0xA9FD,0xA9FD,
    0xA9FD,0xA9FD,0xA9FD,0x89FD,0xA9FD,0xA9FD,0xA9FD,0xA9FD,0xA9FD,0xA9FD,0xA9FD,0xA9FD,
    0x89FD,0x89FD,0x89FD,0x89FD,0x89FD,0xC9FD,0xCBFD,0x08BC,0x8361,0x6138,0x8238,0xC340,
    0xC340,0x8240,0x6238,0x8140,0xA240,0xA140,0xC140,0xA140,0x8138,0x4130,0x4130,0x8238,
    0x6238,0x0151,0xAAF5,0xA9FD,0x89FD,0xA9FD,0xA9FD,0xA9FD,0xAAFD,0xAAFD,0xAAFD,0xAAFD,
    0xAAFD,0xAAFD,0xAAFD,0xAAFD,0xAAFD,0xAAFD,0xAAFD,0xAAFD,0xAAFD,0xAAFD,0xAAFD,0xAAFD,
    0xAAFD,0xAAFD,0xAAFD,0xAAFD,0xAAFD,0xAAFD,0xAAFD,0xAAFD,0xAAFD,0xAAFD,0xAAFD,0xAAFD,
    0xAAFD,0xAAFD,0xAAFD,0xAAFD,0xAAFD,0xAAFD,0xAAFD,0x8AFD,0xAAFD,0xAAFD,0xAAFD,0xAAFD,
    0xAAFD,0xAAFD,0xAAFD,0xAAFD,0xAAFD,0x8AFD,0x8AFD,0x8AFD,0xAAFD,0xAAFD,0xAAFD,0xAAFD,
    0xAAFD,0xAAFD,0xAAFD,0xAAFD,0xAAFD,0xAAFD,0xA9FD,0x89FD,0xA9FD,0xAAF5,0xE150,0x6230,
    0xA238,0x6130,0x4130,0x8138,0xA138,0xC140,0xC240,0xA140,0x6138,0x6138,0x6238,0xC340,
    0xC348,0x8240,0x8140,0x8361,0x08BC,0xEBFD,0xCAFD,0x89FD,0x89FD,0x89FD,0x89FD,0x89FD,
    0x89FD,0x89FD,0x89FD,0x89FD,0x89FD,0x89FD,0x89FD,0x89FD,0x89FD,0x89FD,0xA9FD,0x89FD,
    0x89FD,0xA9FD,0xA9FD,0xA9FD,0x26F5,0x62E4,0x82EC,0x83EC,0x83EC,0x62E4,0xC4F4,0x0382,
    0x4130,0xA340,0xA148,0x45D4,0xE3F4,0xC3EC,0xC3EC,0xC3EC,0xC3EC,0xA3EC,0xA3EC,0xA2EC,
    0xA2EC,0xA2EC,0xA3EC,0xA3EC,0xA2EC,0xA2EC,0x83EC,0xC2DB,0x04E4,0x037A,0x8238,0xC340,
    0x6549,0x7DF7,0xFFFF,0xFFFF,0xFFFF,0xFFFF,0xFFFF,0xFFFF,0xFFFF,0xFFFF,0xFFFF,0xFFFF,
    0xFFFF,0xFFFF,0xFFFF,0xFFFF,0xFFFF,0xFFFF,0xFFFF,0xFFFF,0xDFFF,0xFFFF,0x34B5,0x2030,
    0xC340,0xA140,0x2AD5,0x6BFE,0x0AF6,0x0AF6,0x0AF6,0xE9FD,0xC3EC,0xA2EC,0xA2EC,0xA2EC,
    0xA3EC,0xA3EC,0xA3EC,0xA3EC,0xA3EC,0xC3EC,0xA2EC,0x05F5,0x438A,0x6138,0xA240,0xA140,
    0x04D4,0x62EC,0x62E4,0x62E4,0x63EC,0x62E4,0xC4EC,0xA9FD,0x89FD,0x89FD,0xA9FD,0xA9FD,
    0xA9FD,0xA9FD,0xA9FD,0xA9FD,0xA9FD,0xA9FD,0xA9FD,0xA9FD,0x89FD,0xA9FD,0xA9FD,0x89FD,
    0x89FD,0x89FD,0x89FD,0x88FD,0xEAFD,0xA9D4,0xC469,0x4130,0x8230,0xC340,0x8238,0x6138,
    0x0251,0x457A,0x67A3,0x69C4,0xEBD4,0x2BDD,0x2BE5,0x0ADD,0xAAD4,0x08BC,0x269B,0xE471,
    0x4259,0xC8B3,0xEBFD,0x89FD,0xA9FD,0x89FD,0x89FD,0xA9FD,0xA9FD,0xAAFD,0xAAFD,0xAAFD,
    0xAAFD,0xAAFD,0xAAFD,0xAAFD,0xAAFD,0xAAFD,0xAAFD,0xAAFD,0xAAFD,0xAAFD,0xAAFD,0xAAFD,
    0xAAFD,0xAAFD,0xAAFD,0xAAFD,0xAAFD,0xAAFD,0x8AFD,0xAAFD,0xAAFD,0xAAFD,0xAAFD,0xAAFD,
    0xAAFD,0xAAFD,0xAAFD,0x8AFD,0xAAFD,0xAAFD,0xAAFD,0xAAFD,0xAAFD,0xAAFD,0xAAFD,0xAAFD,
    0x8AFD,0xAAFD,0xAAFD,0xAAFD,0xAAFD,0xAAFD,0xAAFD,0xAAFD,0xAAFD,0xAAFD,0xAAFD,0xAAFD,
    0xAAFD,0xAAFD,0xA9FD,0xA9FD,0xAAFD,0xA9FD,0x89FD,0x89FD,0x89FD,0xEBFD,0xA7AB,0x4359,
    0x0472,0x069B,0x08BC,0xAAD4,0x0ADD,0x2AE5,0x2BE5,0xEADC,0x69C4,0x67A3,0x447A,0x2251,
    0x8140,0x8240,0xC348,0xA240,0x6138,0xE369,0xA9D4,0xEAFD,0x89FD,0x89FD,0x89FD,0x89FD,
    0x89FD,0x89FD,0x89FD,0x89FD,0x89FD,0x89FD,0x89FD,0x89FD,0x89FD,0x89FD,0x89FD,0x89FD,
    0x89FD,0xA9FD,0xA9FD,0xA9FD,0xA9FD,0xA4EC,0x62E4,0x83EC,0x83EC,0x62EC,0x82EC,0x04D4,
    0xA148,0xA340,0x6238,0x4382,0x25F5,0xA2EC,0xC3EC,0xC3EC,0xC3EC,0xA3EC,0xA3EC,0xA2EC,
    0xA2EC,0xA3EC,0xA3EC,0xA3EC,0xA3EC,0xA3EC,0xA3EC,0x22E4,0xE3DB,0x64BB,0xC248,0xE448,
    0x4130,0x14B5,0xFFFF,0xFFFF,0xFFFF,0xFFFF,0xFFFF,0xFFFF,0xFFFF,0xFFFF,0xFFFF,0xFFFF,
    0xFFFF,0xFFFF,0xFFFF,0xFFFF,0xFFFF,0xFFFF,0xFFFF,0xFFFF,0xFFFF,0xFFFF,0x2962,0x4138,
    0x6238,0x2472,0x6CFE,0x09FE,0x2AFE,0x0AFE,0x2AFE,0x66F5,0x82EC,0xA2EC,0xA2EC,0xA3EC,
    0xA3EC,0xA3EC,0xA3EC,0xA3EC,0xC3EC,0xA2EC,0xE3F4,0x25CC,0xA148,0xC348,0x4138,0x8392,
    0xC3F4,0x62E4,0x82E4,0x63E4,0x62E4,0x63E4,0x68F5,0xA9FD,0x89FD,0xA9FD,0x89FD,0xA9FD,
    0xA9FD,0xA9FD,0xA9FD,0xA9FD,0xA9FD,0xA9FD,0xA9FD,0xA9FD,0xA9FD,0xA9FD,0xA9FD,0xA9FD,
    0xA9FD,0x89FD,0xA9FD,0xCBFD,0x269B,0x6138,0x4230,0xC338,0x6230,0x4130,0xA469,0xC8B3,
    0x4BED,0xECFD,0x0BFE,0xEBFD,0xEAFD,0xCAFD,0xA9FD,0xA9FD,0xC9FD,0xEAFD,0xEBFD,0xCBFD,
    0x8BF5,0xEBFD,0xA9FD,0x89FD,0xA9FD,0x89FD,0x89FD,0xA9FD,0xA9FD,0x8AFD,0xAAFD,0xAAFD,
    0x8AFD,0xAAFD,0xAAFD,0xAAFD,0xAAFD,0x8AFD,0xAAFD,0xAAFD,0xAAFD,0x8AFD,0xAAFD,0xAAFD,
    0xAAFD,0xAAFD,0xAAFD,0xAAFD,0xAAFD,0xAAFD,0xAAFD,0xAAFD,0xAAFD,0xAAFD,0xAAFD,0xAAFD,
    0xAAFD,0xAAFD,0xAAFD,0xAAFD,0xAAFD,0xAAFD,0xAAFD,0xAAFD,0x8AFD,0xAAFD,0x8AFD,0xAAFD,
    0xAAFD,0xAAFD,0xAAFD,0xAAFD,0xAAFD,0xAAFD,0xAAFD,0xAAFD,0xAAFD,0xAAFD,0xAAFD,0xAAFD,
    0xA9FD,0x8AFD,0xA9FD,0xAAFD,0xAAFD,0xA9FD,0x89FD,0x89FD,0x89FD,0x89FD,0xCBFD,0x8BF5,
    0xCBFD,0xEBFD,0xEAFD,0xC9FD,0xA9FD,0xA9FD,0xCAFD,0xEAFD,0x0BFE,0x0BFE,0xECFD,0x4BED,
    0x08BC,0x0472,0x8140,0x6238,0xC340,0x6230,0x8138,0x469B,0xCBFD,0x89FD,0x69FD,0x89FD,
    0x89FD,0x89FD,0x89FD,0x89FD,0x89FD,0x89FD,0xA9FD,0x89FD,0x89FD,0x89FD,0x89FD,0x89FD,
    0x89FD,0x89FD,0xA9FD,0xA9FD,0xA9FD,0x48F5,0x63E4,0x62EC,0x83EC,0x63EC,0x62E4,0xC4F4,
    0x8492,0x4138,0xC348,0x8148,0x05CC,0xE3F4,0xC3EC,0xC3EC,0xA3EC,0xA3EC,0xA3EC,0xA2EC,
    0xA2EC,0xA3EC,0xA3EC,0xA3EC,0xA3EC,0xA3EC,0xC3EC,0x63E4,0xC2DB,0x24DC,0xA271,0xA340,
    0x6238,0x2862,0xFFFF,0xFFFF,0xFFFF,0xFFFF,0xFFFF,0xFFFF,0xFFFF,0xFFFF,0xFFFF,0xFFFF,
    0xFFFF,0xFFFF,0xFFFF,0xFFFF,0xFFFF,0xFFFF,0xFFFF,0xFFFF,0xFFFF,0x59D6,0x6130,0xA340,
    0x4130,0x48BC,0x8BFE,0x09F6,0x2AF6,0x2AFE,0x09FE,0xC3EC,0xA2EC,0xA2EC,0xA2EC,0xA3EC,
    0xA3EC,0xA3EC,0xA3EC,0xA3EC,0xA3EC,0xA2EC,0x25F5,0x2382,0x6138,0xA340,0xE158,0x65DC,
    0x82EC,0x62E4,0x63EC,0x82EC,0x62E4,0xE5EC,0xA9FD,0x89FD,0x89FD,0xA9FD,0xA9FD,0xA9FD,
    0xA9FD,0xA9FD,0xA9FD,0xA9FD,0xA9FD,0xA9FD,0xA9FD,0xA9FD,0xA9FD,0xA9FD,0xA9FD,0xA9FD,
    0x89FD,0xC9FD,0x6BED,0xE471,0x2028,0xA338,0xA238,0x2130,0x8361,0x48C4,0xCBFD,0xEAFD,
    0xA9FD,0x89FD,0x89FD,0x89FD,0x89FD,0x89FD,0x89FD,0x89FD,0x89FD,0x89FD,0x89FD,0x89FD,
    0xA9FD,0x89FD,0xA9FD,0x89FD,0x89FD,0xA9FD,0xA9FD,0xA9FD,0xA9FD,0xAAFD,0xAAFD,0x8AFD,
    0xAAFD,0xAAFD,0xAAFD,0xAAFD,0xAAFD,0xAAFD,0xAAFD,0x8AFD,0xAAFD,0xAAFD,0xAAFD,0xAAFD,
    0xAAFD,0xAAFD,0xAAFD,0xAAFD,0xAAFD,0xAAFD,0xAAFD,0xAAFD,0xAAFD,0xAAFD,0xAAFD,0xAAFD,
    0xAAFD,0xAAFD,0xAAFD,0xAAFD,0xAAFD,0xAAFD,0xAAFD,0xAAFD,0xAAFD,0xAAFD,0x8AFD,0x8AFD,
    0xAAFD,0xAAFD,0x8AFD,0xAAFD,0xAAFD,0xAAFD,0xAAFD,0xAAFD,0xAAFD,0xAAFD,0xAAFD,0xAAFD,
    0xAAFD,0xA9FD,0xAAFD,0xA9FD,0xA9FD,0xA9FD,0x89FD,0x89FD,0x89FD,0x89FD,0x89FD,0x89FD,
    0x89FD,0x89FD,0x89FD,0x89FD,0x89FD,0x89FD,0x89FD,0x89FD,0x89FD,0x89FD,0x89FD,0xCAFD,
    0xEBFD,0xEBFD,0xAACC,0x0472,0x4130,0x8238,0xA338,0x2028,0x0472,0x8BED,0xA9FD,0x89FD,
    0x89FD,0x89FD,0x89FD,0x89FD,0x89FD,0x89FD,0xA9FD,0x89FD,0x89FD,0x89FD,0x89FD,0x89FD,
    0x89FD,0x89FD,0xA9FD,0xA9FD,0x89FD,0xA9FD,0xE5EC,0x62E4,0x62EC,0x63EC,0x63EC,0x83EC,
    0x65DC,0xE258,0xA340,0x6238,0x037A,0x05F5,0xA2EC,0xC2EC,0xA3EC,0xA3EC,0xA3EC,0xA3EC,
    0xA3EC,0xA3EC,0xA3EC,0xA3EC,0xA3EC,0xA3EC,0xA3EC,0xA3EC,0xE2DB,0x03E4,0x24B3,0xA240,
    0xC340,0x6130,0x18CE,0xFFFF,0xFFFF,0xFFFF,0xFFFF,0xFFFF,0xFFFF,0xFFFF,0xFFFF,0xFFFF,
    0xFFFF,0xFFFF,0xFFFF,0xFFFF,0xFFFF,0xFFFF,0xFFFF,0xDFFF,0xFFFF,0x6E83,0x2028,0x8238,
    0x4251,0x0BF6,0x29FE,0x0AF6,0x0AF6,0x2AFE,0x87F5,0x82EC,0xA2EC,0xA2EC,0xA2EC,0xA2EC,
    0xA3EC,0xA3EC,0xA2EC,0xA3EC,0xA2EC,0xE3F4,0x25CC,0xA148,0xC348,0x4138,0xE4A2,0xE4F4,
    0x62EC,0x83EC,0x83EC,0x62EC,0x83E4,0x68FD,0xA9FD,0x89FD,0x89FD,0x89FD,0x89FD,0xA9FD,
    0xA9FD,0xA9FD,0xA9FD,0xA9FD,0xA9FD,0xA9FD,0xA9FD,0xA9FD,0xA9FD,0xA9FD,0xA9FD,0xA9FD,
    0xC9FD,0x6AED,0x8361,0x2128,0xC340,0x6130,0xA140,0x67A3,0xAAFD,0xC9FD,0x89FD,0x69FD,
    0x89FD,0x89FD,0x89FD,0xA9FD,0x89FD,0xA9FD,0xA9FD,0x89FD,0x89FD,0x8AFD,0x89FD,0x89FD,
    0x89FD,0xA9FD,0x89FD,0x89FD,0xA9FD,0xA9FD,0x89FD,0xA9FD,0xA9FD,0xA9FD,0xAAFD,0xAAFD,
    0xAAFD,0xAAFD,0xAAFD,0xAAFD,0xAAFD,0xAAFD,0xAAFD,0xAAFD,0xAAFD,0xAAFD,0xAAFD,0xAAFD,
    0xAAFD,0xAAFD,0xAAFD,0xAAFD,0xAAFD,0xA9FD,0xAAFD,0xAAFD,0xAAFD,0xAAFD,0xAAFD,0xAAFD,
    0xAAFD,0xAAFD,0xAAFD,0xAAFD,0xAAFD,0xAAFD,0x8AFD,0xAAFD,0xAAFD,0x8AFD,0xAAFD,0x8AFD,
    0xAAFD,0xAAFD,0xAAFD,0xAAFD,0xAAFD,0xAAFD,0xAAFD,0xAAFD,0xAAFD,0xAAFD,0x8AFD,0xAAFD,
    0xAAFD,0xAAFD,0xAAFD,0xAAFD,0xAAFD,0xA9FD,0x89FD,0x89FD,0x89FD,0x89FD,0x89FD,0x89FD,
    0x89FD,0x89FD,0x89FD,0xA9FD,0xA9FD,0xA9FD,0xA9FD,0xA9FD,0xA9FD,0xA9FD,0xA9FD,0xA9FD,
    0x89FD,0x89FD,0xEAFD,0xEBFD,0xE8B3,0xE248,0x4130,0xE340,0x2130,0x8361,0x6BED,0xA9FD,
    0x89FD,0x89FD,0xA9FD,0x89FD,0x89FD,0x89FD,0x89FD,0x89FD,0x89FD,0x89FD,0x89FD,0x89FD,
    0x89FD,0x89FD,0x89FD,0x89FD,0x89FD,0xA9FD,0x68FD,0x83E4,0x62E4,0x63EC,0x83EC,0x63E4,
    0xE5F4,0xC49A,0x4138,0xA348,0xA148,0x25CC,0xE3F4,0xA2EC,0xA3EC,0xA3EC,0xA3EC,0xA2EC,
    0xA3EC,0xA3EC,0xA3EC,0xA3EC,0xA3EC,0xC3EC,0xA2EC,0xC3EC,0x22E4,0xC2DB,0x05DC,0x4261,
    0xA340,0x4130,0x4D83,0xFFFF,0xFFFF,0xFFFF,0xFFFF,0xFFFF,0xFFFF,0xFFFF,0xFFFF,0xFFFF,
    0xFFFF,0xFFFF,0xFFFF,0xFFFF,0xFFFF,0xFFFF,0xFFFF,0xFFFF,0x7DF7,0x2449,0x8238,0x2128,
    0x4793,0x8BFE,0xE9F5,0x0AF6,0x2AF6,0x0AFE,0xE4EC,0xA2EC,0xA2EC,0xA2EC,0xA3EC,0xA3EC,
    0xA3EC,0xA3EC,0xA3EC,0xA3EC,0xA2EC,0x04F5,0x2382,0x8240,0xA240,0x0159,0x85E4,0xA3EC,
    0x83EC,0x83EC,0x83EC,0x62E4,0xE6F4,0xA9FD,0x89FD,0x89FD,0x89FD,0x89FD,0x89FD,0xA9FD,
    0xA9FD,0xA9FD,0xA9FD,0xA9FD,0xA9FD,0xA9FD,0xA9FD,0xA9FD,0xA9FD,0xA9FD,0xA9FD,0x89FD,
    0x0BFE,0xE592,0x2130,0xE348,0x2130,0x6361,0xEADC,0xEAFD,0x88FD,0x69FD,0x89FD,0x89FD,
    0x89FD,0x89FD,0xA9FD,0xAAFD,0x89FD,0xAAFD,0xAAFD,0xA9FD,0x8AFD,0xAAFD,0x89FD,0x89FD,
    0x89FD,0x89FD,0x89FD,0x89FD,0x89FD,0x89FD,0x89FD,0xA9FD,0xA9FD,0xA9FD,0xAAFD,0xAAFD,
    0xAAFD,0xAAFD,0x8AFD,0x8AFD,0xAAFD,0xAAFD,0xAAFD,0x8AFD,0xAAFD,0x8AFD,0xAAFD,0xAAFD,
    0xAAFD,0xAAFD,0xAAFD,0xAAFD,0xAAFD,0xAAFD,0xAAFD,0xAAFD,0xAAFD,0xAAFD,0xAAFD,0xAAFD,
    0xAAFD,0xAAFD,0xAAFD,0xAAFD,0xAAFD,0x8AFD,0xAAFD,0x8AFD,0x8AFD,0xAAFD,0xAAFD,0xAAFD,
    0xAAFD,0xAAFD,0xAAFD,0xAAFD,0xAAFD,0xA9FD,0xAAFD,0xAAFD,0xAAFD,0xAAFD,0xAAFD,0xAAFD,
    0xAAFD,0xAAFD,0xAAFD,0xAAFD,0xAAFD,0xA9FD,0x89FD,0x89FD,0x89FD,0x89FD,0x89FD,0x89FD,
    0x89FD,0xA9FD,0xA9FD,0xA9FD,0xA9FD,0x89FD,0xA9FD,0xA9FD,0xA9FD,0xAAFD,0xA9FD,0xA9FD,
    0xA9FD,0x89FD,0x89FD,0x68FD,0xEAFD,0x4AED,0xC371,0x4130,0xE448,0x2130,0xA58A,0x0BFE,
    0x89FD,0x89FD,0xA9FD,0x89FD,0x89FD,0x89FD,0x89FD,0x89FD,0xA9FD,0x89FD,0x89FD,0x89FD,
    0x89FD,0x89FD,0x89FD,0x89FD,0xA9FD,0x89FD,0xA9FD,0xE5EC,0x62E4,0x83EC,0x83EC,0x83EC,
    0xA3EC,0x85DC,0x0259,0x8240,0x6238,0x4382,0x04F5,0xA2EC,0xA3EC,0xA3EC,0xA3EC,0xA3EC,
    0xC3EC,0xA3EC,0xA3EC,0xA3EC,0xA3EC,0xA3EC,0xC2EC,0xC3EC,0x63E4,0xC2DB,0x24E4,0x8492,
    0x6238,0xA340,0x0441,0x5DEF,0xFFFF,0xFFFF,0xFFFF,0xFFFF,0xFFFF,0xFFFF,0xFFFF,0xFFFF,
    0xFFFF,0xFFFF,0xFFFF,0xFFFF,0xFFFF,0xFFFF,0xFFFF,0xFFFF,0x75BD,0x2030,0xA338,0x8138,
    0x2AD5,0x4AFE,0x09F6,0x0AF6,0x2AFE,0xA8F5,0xA2EC,0xA2EC,0xA2EC,0xA3EC,0xA3EC,0xA3EC,
    0xA3EC,0xA3EC,0xA3EC,0xA3EC,0xC2F4,0x45D4,0xA148,0xC348,0x6138,0xE4A2,0xE4F4,0x82EC,
    0x83EC,0x83EC,0x83EC,0x83E4,0x88FD,0xA9FD,0x89FD,0x89FD,0x89FD,0x89FD,0x89FD,0xA9FD,
    0xA9FD,0xA9FD,0xA9FD,0xA9FD,0xA9FD,0xA9FD,0xA9FD,0xA9FD,0xA9FD,0xA9FD,0xA9FD,0x89FD,
    0x0BFE,0x66AB,0x0030,0x4130,0x247A,0x8BF5,0xC9FD,0x68F5,0x89FD,0x89FD,0x89FD,0x89FD,
    0x89FD,0x89FD,0x89FD,0x8AFD,0x8AFD,0x8AFD,0xAAFD,0xAAFD,0xAAFD,0xAAFD,0xAAFD,0xAAFD,
    0x89FD,0x89FD,0x89FD,0x89FD,0x89FD,0x89FD,0x89FD,0xA9FD,0xA9FD,0xA9FD,0xAAFD,0xAAFD,
    0xAAFD,0xAAFD,0xAAFD,0xAAFD,0xAAFD,0xAAFD,0xAAFD,0xAAFD,0xAAFD,0xAAFD,0xAAFD,0xAAFD,
    0xAAFD,0xAAFD,0xAAFD,0xAAFD,0xAAFD,0x8AFD,0xAAFD,0xAAFD,0xAAFD,0xAAFD,0xAAFD,0xAAFD,
    0xAAFD,0xAAFD,0xAAFD,0xAAFD,0xAAFD,0xAAFD,0xAAFD,0xAAFD,0xAAFD,0xAAFD,0xAAFD,0xAAFD,
    0xAAFD,0xAAFD,0xAAFD,0xAAFD,0xAAFD,0xA9FD,0xAAFD,0xAAFD,0xAAFD,0xAAFD,0xAAFD,0xAAFD,
    0xAAFD,0xAAFD,0xAAFD,0xAAFD,0x8AFD,0xAAFD,0xAAFD,0x8AFD,0x89FD,0xA9FD,0x89FD,0x89FD,
    0xA9FD,0xA9FD,0xA9FD,0xA9FD,0xA9FD,0xA9FD,0xA9FD,0xA9FD,0xA9FD,0xA9FD,0xA9FD,0xA9FD,
    0x89FD,0x89FD,0x89FD,0x89FD,0x69F5,0xA9FD,0xABFD,0x6582,0x4130,0x0030,0x069B,0x0BFE,
    0x89FD,0xAAFD,0xA9FD,0x89FD,0x89FD,0x89FD,0xA9FD,0xA9FD,0xA9FD,0x89FD,0x89FD,0x89FD,
    0x89FD,0x89FD,0x89FD,0x89FD,0x89FD,0x89FD,0x89FD,0x68FD,0x83E4,0x83EC,0x83EC,0x83EC,
    0x83EC,0xE4F4,0xC49A,0x4138,0xA340,0xA148,0x45D4,0xC2F4,0xA3EC,0xA2EC,0xA3EC,0xA3EC,
    0xA3EC,0xA3EC,0xA3EC,0xA3EC,0xA3EC,0xA3EC,0xA2EC,0xA3EC,0xA3EC,0xE2DB,0xE3DB,0xA5C3,
    0xC248,0xC340,0x2130,0x14B5,0xFFFF,0xFFFF,0xFFFF,0xFFFF,0xFFFF,0xFFFF,0xFFFF,0xFFFF,
    0xFFFF,0xFFFF,0xFFFF,0xFFFF,0xFFFF,0xFFFF,0xFFFF,0xFFFF,0x0C7B,0x2130,0x6230,0xE469,
    0x4BFE,0xE9F5,0x09F6,0x0AF6,0x0AFE,0x05ED,0x82EC,0xA3EC,0xA2EC,0xA3EC,0xA3EC,0xA3EC,
    0xA3EC,0xA3EC,0xA3EC,0x82EC,0x04F5,0x8392,0x4130,0xA340,0x0159,0x85E4,0xA3EC,0x83EC,
    0x83EC,0x83EC,0x62E4,0x06F5,0xA9FD,0x89FD,0x89FD,0x89FD,0x89FD,0x89FD,0x89FD,0xA9FD,
    0x89FD,0x89FD,0xA9FD,0x89FD,0xA9FD,0xA9FD,0xA9FD,0xA9FD,0xA9FD,0xA9FD,0xA9FD,0xAAFD,
    0xCAFD,0xCBFD,0x87B3,0xA7AB,0xECFD,0xA9FD,0x89FD,0x89FD,0x89FD,0x89FD,0x89FD,0x89FD,
    0x89FD,0x89FD,0x89FD,0x89FD,0x8AFD,0xAAFD,0x8AFD,0xAAFD,0xAAFD,0xAAFD,0xAAFD,0xAAFD,
    0xA9FD,0x89FD,0xA9FD,0xA9FD,0x89FD,0x89FD,0x89FD,0x89FD,0x89FD,0x89FD,0xA9FD,0x89FD,
    0x8AFD,0x8AFD,0x8AFD,0x8AFD,0x8AFD,0x8AFD,0x8AFD,0xAAFD,0xAAFD,0xAAFD,0xAAFD,0xAAFD,
    0xAAFD,0xAAFD,0xAAFD,0xAAFD,0xAAFD,0xAAFD,0xAAFD,0xAAFD,0xAAFD,0xAAFD,0xAAFD,0xAAFD,
    0xAAFD,0xAAFD,0x8AFD,0x8AFD,0x8AFD,0x8AFD,0xAAFD,0xAAFD,0xAAFD,0xAAFD,0xAAFD,0xAAFD,
    0xAAFD,0xAAFD,0xAAFD,0xA9FD,0xAAFD,0xAAFD,0xAAFD,0xAAFD,0xAAFD,0xAAFD,0xAAFD,0xAAFD,
    0xAAFD,0xAAFD,0xAAFD,0xAAFD,0x8AFD,0x8AFD,0x8AFD,0x8AFD,0xA9FD,0x89FD,0x89FD,0xA9FD,
    0x89FD,0xA9FD,0xA9FD,0xA9FD,0xA9FD,0xA9FD,0x89FD,0xA9FD,0xA9FD,0xA9FD,0xA9FD,0x89FD,
    0xA9FD,0x89FD,0x89FD,0x89FD,0x89FD,0x89FD,0xA9FD,0xEBFD,0xC8B3,0x87AB,0xABFD,0xAAFD,
    0x89FD,0xA9FD,0x89FD,0x89FD,0x89FD,0x89FD,0xA9FD,0xA9FD,0xA9FD,0xA9FD,0xA9FD,0x89FD,
    0x89FD,0x89FD,0x89FD,0xA9FD,0x89FD,0x89FD,0x89FD,0xA9FD,0x06ED,0x62E4,0x83EC,0x83EC,
    0x83EC,0xA3EC,0x45DC,0xC150,0x8340,0x6238,0x638A,0xE4F4,0x82EC,0xA3EC,0xA3EC,0xA3EC,
    0xA3EC,0xA3EC,0xA3EC,0xA3EC,0xA3EC,0xA3EC,0xA2EC,0xA2EC,0xC3EC,0x23E4,0xC2DB,0x04DC,
    0xA371,0x8338,0x4138,0x8A6A,0xFFFF,0xFFFF,0xFFFF,0xFFFF,0xFFFF,0xFFFF,0xFFFF,0xFFFF,
    0xFFFF,0xFFFF,0xFFFF,0xFFFF,0xFFFF,0xFFFF,0xFFFF,0x5CEF,0x0449,0x8240,0x4130,0xC8AB,
    0x6AFE,0xE9F5,0x09F6,0x0AF6,0xC9F5,0xA3EC,0xA2EC,0xA3EC,0xA3EC,0xA3EC,0xA3EC,0xA3EC,
    0xA3EC,0xA3EC,0xA3EC,0xC2F4,0x65DC,0xC148,0x8238,0x6138,0x8392,0xC4F4,0x82EC,0x83EC,
    0x83EC,0x83EC,0x84E4,0x89FD,0xA9FD,0x89FD,0xA9FD,0x89FD,0x89FD,0x89FD,0xA9FD,0xA9FD,
    0xA9FD,0xA9FD,0xA9FD,0xA9FD,0xA9FD,0xA9FD,0xA9FD,0xA9FD,0xA9FD,0xA9FD,0xA9FD,0xAAFD,
    0xAAFD,0xAAFD,0x0BFE,0x0BFE,0xA9FD,0x89FD,0x89FD,0x89FD,0x89FD,0x89FD,0x89FD,0x89FD,
    0xA9FD,0xA9FD,0x89FD,0x89FD,0xA9FD,0x8AFD,0x89FD,0xAAFD,0xAAFD,0xAAFD,0xAAFD,0xAAFD,
    0xA9FD,0xA9FD,0xA9FD,0x89FD,0x89FD,0x89FD,0xA9FD,0xA9FD,0xA9FD,0xA9FD,0xA9FD,0xA9FD,
    0xAAFD,0xAAFD,0xAAFD,0x8AFD,0xAAFD,0xAAFD,0x8AFD,0xAAFD,0x8AFD,0x8AFD,0xAAFD,0xAAFD,
    0xAAFD,0xAAFD,0xAAFD,0xAAFD,0xAAFD,0xAAFD,0xAAFD,0xAAFD,0xAAFD,0xAAFD,0xAAFD,0xAAFD,
    0xAAFD,0xAAFD,0xAAFD,0xAAFD,0xAAFD,0x8AFD,0x8AFD,0xAAFD,0xAAFD,0xAAFD,0xAAFD,0xAAFD,
    0xAAFD,0xAAFD,0xAAFD,0xAAFD,0xAAFD,0xAAFD,0xAAFD,0xAAFD,0xAAFD,0xAAFD,0xAAFD,0xAAFD,
    0xAAFD,0x8AFD,0x8AFD,0x8AFD,0xAAFD,0xAAFD,0xAAFD,0xAAFD,0x89FD,0xA9FD,0xA9FD,0xA9FD,
    0xA9FD,0xA9FD,0xA9FD,0xA9FD,0xA9FD,0x89FD,0x89FD,0xA9FD,0xA9FD,0xA9FD,0xA9FD,0xA9FD,
    0xA9FD,0x89FD,0x89FD,0x89FD,0x89FD,0x89FD,0x89FD,0xA9FD,0x0BFE,0x0BFE,0xAAFD,0xA9FD,
    0x89FD,0xA9FD,0xA9FD,0xA9FD,0xA9FD,0xA9FD,0xA9FD,0xA9FD,0xA9FD,0xA9FD,0xA9FD,0x89FD,
    0x89FD,0x89FD,0x89FD,0xA9FD,0x89FD,0x89FD,0x89FD,0xA9FD,0x89FD,0x83E4,0x83EC,0x83EC,
    0x83EC,0x83EC,0xE4F4,0x438A,0x4138,0xA340,0xE250,0x64DC,0xA2F4,0xA3EC,0xA3EC,0xA3EC,
    0xA3EC,0xA3EC,0xA3EC,0xA3EC,0xA3EC,0xA2EC,0xA3EC,0xA3EC,0xC3EC,0x63EC,0xC2DB,0x03E4,
    0xC4A2,0x8238,0xA340,0xC340,0xFBE6,0xFFFF,0xFFFF,0xFFFF,0xFFFF,0xFFFF,0xFFFF,0xFFFF,
    0xFFFF,0xFFFF,0xFFFF,0xFFFF,0xFFFF,0xFFFF,0xFFFF,0x14B5,0x4138,0xA348,0xE248,0x8BE5,
    0x29FE,0x09F6,0x09F6,0x2AFE,0x46ED,0x82EC,0xA2EC,0xA3EC,0xA3EC,0xA3EC,0xA3EC,0xA3EC,
    0xA3EC,0xA3EC,0x82EC,0xE3F4,0xE4A2,0x4130,0xA238,0xA148,0x25D4,0xA2EC,0x83EC,0x83EC,
    0x83EC,0x62EC,0x06ED,0xCAFD,0x89FD,0xA9FD,0xA9FD,0xA9FD,0x89FD,0xA9FD,0xA9FD,0xA9FD,
    0x89FD,0x89FD,0xA9FD,0x89FD,0xA9FD,0xA9FD,0xA9FD,0xA9FD,0xA9FD,0xA9FD,0xA9FD,0xA9FD,
    0xA9FD,0xA9FD,0x89FD,0x89F5,0xAAFD,0x89FD,0x89FD,0x89FD,0x89FD,0x89FD,0x89FD,0xA9FD,
    0xA9FD,0xA9FD,0x89FD,0xA9FD,0x89FD,0xAAFD,0xA9FD,0xAAFD,0xAAFD,0xAAFD,0xAAFD,0xAAFD,
    0xA9FD,0xA9FD,0x89FD,0x89FD,0x89FD,0x89FD,0xA9FD,0xA9FD,0xA9FD,0xA9FD,0xA9FD,0xA9FD,
    0xAAFD,0xAAFD,0xAAFD,0xAAFD,0xAAFD,0xAAFD,0xAAFD,0xAAFD,0x8AFD,0x8AFD,0xAAFD,0xAAFD,
    0xAAFD,0xAAFD,0xAAFD,0xAAFD,0xAAFD,0xAAFD,0xAAFD,0xAAFD,0xAAFD,0xAAFD,0xAAFD,0xAAFD,
    0xAAFD,0xAAFD,0xAAFD,0xAAFD,0xAAFD,0x8AFD,0xAAFD,0xAAFD,0xAAFD,0xAAFD,0xAAFD,0xAAFD,
    0xAAFD,0xAAFD,0xAAFD,0xAAFD,0xAAFD,0xAAFD,0xAAFD,0xAAFD,0xAAFD,0xAAFD,0xAAFD,0xAAFD,
    0xAAFD,0x8AFD,0x8AFD,0xAAFD,0xAAFD,0xAAFD,0xAAFD,0xAAFD,0xA9FD,0xA9FD,0xA9FD,0xA9FD,
    0xA9FD,0xA9FD,0xA9FD,0xA9FD,0xA9FD,0xA9FD,0x89FD,0xA9FD,0xA9FD,0xA9FD,0xA9FD,0xA9FD,
    0xA9FD,0x89FD,0x89FD,0x89FD,0x89FD,0x89FD,0x89FD,0xA9FD,0x89FD,0x89FD,0xA9FD,0xA9FD,
    0xA9FD,0xA9FD,0xA9FD,0xA9FD,0x89FD,0xA9FD,0xA9FD,0xA9FD,0xA9FD,0xA9FD,0xA9FD,0x89FD,
    0x89FD,0x89FD,0x89FD,0x89FD,0xA9FD,0xA9FD,0x89FD,0x89FD,0xAAFD,0x06ED,0x63E4,0x83EC,
    0x83EC,0x83EC,0xA3EC,0xE5CB,0x8140,0xA340,0x4138,0x03A3,0xE3F4,0xA2EC,0xA3EC,0xA3EC,
    0xA3EC,0xA3EC,0xA3EC,0xA3EC,0xA3EC,0xA3EC,0xA3EC,0xA3EC,0xA2EC,0xA3EC,0xC2DB,0xC2DB,
    0xA4CB,0xE250,0xC340,0x4138,0xB2AC,0xFFFF,0xDFFF,0xFFFF,0xFFFF,0xFFFF,0xFFFF,0xFFFF,
    0xFFFF,0xFFFF,0xFFFF,0xFFFF,0xFFFF,0xFFFF,0xFFFF,0xAA72,0x6140,0x6240,0x6582,0x6CFE,
    0x09F6,0x0AF6,0x09F6,0x09F6,0xC3EC,0x82EC,0xA2EC,0xA3EC,0xA3EC,0xA3EC,0xA3EC,0xA3F4,
    0xA3EC,0xA3EC,0xA2EC,0xC4EC,0x4261,0x8238,0x4130,0x037A,0xC4F4,0x62E4,0x82EC,0x83EC,
    0x83EC,0x83EC,0x89FD,0xAAFD,0xA9FD,0xA9FD,0x89FD,0x89FD,0x89FD,0x89FD,0x89FD,0x89FD,
    0xA9FD,0xA9FD,0xA9FD,0xA9FD,0xA9FD,0xA9FD,0xA9FD,0xA9FD,0xA9FD,0xA9FD,0xA9FD,0xA9FD,
    0xA9FD,0x89FD,0xAAFD,0xAAFD,0xA9FD,0xA9FD,0x89FD,0x89FD,0x89FD,0x89FD,0x89FD,0x89FD,
    0x89FD,0xA9FD,0x89FD,0xA9FD,0x89FD,0xA9FD,0x8AFD,0xAAFD,0xAAFD,0xAAFD,0xAAFD,0xAAFD,
    0xAAFD,0x89FD,0xA9FD,0xA9FD,0x89FD,0x89FD,0x89FD,0xA9FD,0xA9FD,0x89FD,0x89FD,0x89FD,
    0x8AFD,0x8AFD,0xAAFD,0x8AFD,0x8AFD,0xAAFD,0xAAFD,0xAAFD,0xAAFD,0xAAFD,0xAAFD,0xAAFD,
    0xAAFD,0xAAFD,0xAAFD,0xAAFD,0xAAFD,0xAAFD,0xAAFD,0xAAFD,0xAAFD,0xAAFD,0x8AFD,0x8AFD,
    0xAAFD,0xAAFD,0x8AFD,0x8AFD,0x8AFD,0x8AFD,0x8AFD,0xAAFD,0xAAFD,0xAAFD,0xAAFD,0xAAFD,
    0xAAFD,0xAAFD,0xAAFD,0xAAFD,0xAAFD,0xAAFD,0xAAFD,0xAAFD,0xAAFD,0xAAFD,0xAAFD,0xAAFD,
    0x8AFD,0x8AFD,0x8AFD,0xAAFD,0x8AFD,0xAAFD,0xAAFD,0xAAFD,0x89FD,0xA9FD,0xA9FD,0xA9FD,
    0xA9FD,0xA9FD,0xA9FD,0xA9FD,0xA9FD,0xA9FD,0xA9FD,0xA9FD,0xA9FD,0x89FD,0x89FD,0x89FD,
    0x89FD,0x89FD,0x89FD,0x89FD,0x89FD,0x89FD,0xA9FD,0xA9FD,0xA9FD,0xA9FD,0x89FD,0x89FD,
    0xA9FD,0x89FD,0x89FD,0x89FD,0x89FD,0xA9FD,0xA9FD,0xA9FD,0xA9FD,0xA9FD,0x89FD,0x89FD,
    0x89FD,0x89FD,0x89FD,0x89FD,0x89FD,0x89FD,0x89FD,0x89FD,0xAAFD,0x88FD,0x83E4,0x83EC,
    0x83EC,0x83EC,0x62E4,0xA4EC,0xA271,0x6238,0x8238,0x6261,0xC4EC,0xA2EC,0xA3EC,0xA3EC,
    0xA3EC,0xA3EC,0xA3EC,0xA3EC,0xA3EC,0xA3EC,0xA3EC,0xA3EC,0xA3EC,0xA3EC,0x02E4,0xA2DB,
    0x24E4,0xC379,0x8240,0x6140,0x696A,0xFFFF,0xFFFF,0xFFFF,0xFFFF,0xFFFF,0xFFFF,0xFFFF,
    0xFFFF,0xFFFF,0xFFFF,0xFFFF,0xFFFF,0xFFFF,0x3CEF,0x0441,0xC348,0x6138,0x49BC,0x8BFE,
    0x0AF6,0x0AF6,0x2AFE,0xA7F5,0x82EC,0xA2EC,0xA2EC,0xA3EC,0xA3EC,0xA3EC,0xA3EC,0xA3EC,
    0xA3EC,0xA3EC,0xE3F4,0xC4C3,0x6138,0xA338,0x6130,0x84BB,0xA3F4,0x62E4,0x63EC,0x83EC,
    0x62E4,0xE6EC,0xCAFD,0xA9FD,0xA9FD,0x89FD,0x89FD,0xA9FD,0x89FD,0x89FD,0xA9FD,0x89FD,
    0xA9FD,0xA9FD,0xA9FD,0xA9FD,0xA9FD,0xA9FD,0xA9FD,0xA9FD,0xA9FD,0xA9FD,0xA9FD,0xA9FD,
    0xCAFD,0xCAFD,0xAAFD,0xAAFD,0xAAFD,0xA9FD,0x89FD,0x89FD,0x89FD,0x89FD,0x89FD,0x89FD,
    0xA9FD,0x89FD,0xA9FD,0x89FD,0xA9FD,0xA9FD,0xAAFD,0xAAFD,0xAAFD,0xAAFD,0xAAFD,0x8AFD,
    0xAAFD,0xA9FD,0xA9FD,0xA9FD,0xA9FD,0x89FD,0xA9FD,0xA9FD,0x89FD,0xA9FD,0xA9FD,0x89FD,
    0xAAFD,0xAAFD,0xAAFD,0x8AFD,0xAAFD,0xAAFD,0xAAFD,0xAAFD,0xAAFD,0xAAFD,0xAAFD,0xAAFD,
    0xAAFD,0xAAFD,0xAAFD,0xAAFD,0xAAFD,0xAAFD,0xAAFD,0xAAFD,0xAAFD,0xAAFD,0xAAFD,0x8AFD,
    0xAAFD,0xAAFD,0x8AFD,0xAAFD,0xAAFD,0xAAFD,0x8AFD,0xAAFD,0xAAFD,0xAAFD,0xAAFD,0xAAFD,
    0xAAFD,0xAAFD,0xAAFD,0xAAFD,0xAAFD,0xAAFD,0xAAFD,0xAAFD,0xAAFD,0xAAFD,0xAAFD,0xAAFD,
    0x8AFD,0xAAFD,0x8AFD,0x8AFD,0x8AFD,0x8AFD,0x8AFD,0x8AFD,0xA9FD,0x89FD,0x89FD,0xA9FD,
    0x89FD,0xA9FD,0xA9FD,0xA9FD,0xA9FD,0xA9FD,0xA9FD,0xA9FD,0xA9FD,0x89FD,0x89FD,0x89FD,
    0x89FD,0x89FD,0x89FD,0x89FD,0x89FD,0xA9FD,0xA9FD,0xA9FD,0xAAFD,0x89FD,0xCAFD,0xAAFD,
    0x89FD,0x89FD,0x89FD,0x89FD,0x89FD,0x89FD,0xA9FD,0xA9FD,0x89FD,0x89FD,0x89FD,0x89FD,
    0x89FD,0x89FD,0x89FD,0x89FD,0x89FD,0xA9FD,0xA9FD,0xA9FD,0x89FD,0xAAFD,0xE5EC,0x63E4,
    0x83EC,0x83EC,0x62EC,0xA3EC,0x64B3,0x6138,0xA340,0x6138,0xE4C3,0xE3F4,0xA3EC,0xA3EC,
    0xA3EC,0xA3EC,0xA3EC,0xA3EC,0xA3EC,0xA3EC,0xA3EC,0xA2EC,0xA2EC,0xC3EC,0x43E4,0xA2DB,
    0x03E4,0xE4AA,0x8240,0xA340,0xE340,0x1CE7,0xFFFF,0xFFFF,0xFFFF,0xFFFF,0xFFFF,0xFFFF,
    0xFFFF,0xFFFF,0xFFFF,0xFFFF,0xDFFF,0xFFFF,0x55BD,0x6138,0xC348,0x0251,0xCCED,0x4AFE,
    0x0AFE,0x0AF6,0x2AFE,0x25ED,0x82EC,0xA2EC,0xA2EC,0xA3EC,0xA3EC,0xA3EC,0xA3EC,0xA2EC,
    0xA3EC,0xA2EC,0x04F5,0x4382,0x4130,0x6238,0x2259,0x84E4,0x82EC,0x63EC,0x63EC,0x63EC,
    0x63E4,0x68FD,0xAAFD,0xA9FD,0xA9FD,0x89FD,0x89FD,0xA9FD,0xA9FD,0x89FD,0xA9FD,0xA9FD,
    0x89FD,0xA9FD,0xA9FD,0xA9FD,0xA9FD,0x89FD,0xA9FD,0xA9FD,0xA9FD,0xA9FD,0x89FD,0xCAFD,
    0x8AF5,0x2AED,0xEBFD,0xAAFD,0xAAFD,0xA9FD,0xA9FD,0x89FD,0x89FD,0x89FD,0x89FD,0xA9FD,
    0xA9FD,0xA9FD,0x89FD,0x89FD,0xA9FD,0xA9FD,0x89FD,0xA9FD,0xA9FD,0xA9FD,0xA9FD,0x89FD,
    0x8AFD,0xA9FD,0xA9FD,0xA9FD,0x89FD,0xA9FD,0xA9FD,0xA9FD,0x89FD,0xA9FD,0xA9FD,0xA9FD,
    0xA9FD,0xAAFD,0x8AFD,0x8AFD,0xAAFD,0x8AFD,0xAAFD,0xAAFD,0xAAFD,0xAAFD,0xAAFD,0xAAFD,
    0xAAFD,0xAAFD,0xAAFD,0xAAFD,0xAAFD,0xAAFD,0xAAFD,0x8AFD,0xAAFD,0xAAFD,0xAAFD,0xAAFD,
    0x8AFD,0xAAFD,0xAAFD,0xAAFD,0xAAFD,0xAAFD,0xAAFD,0xAAFD,0xAAFD,0xAAFD,0xAAFD,0xAAFD,
    0xAAFD,0xAAFD,0xAAFD,0xAAFD,0xAAFD,0xAAFD,0xAAFD,0xAAFD,0xAAFD,0xAAFD,0xAAFD,0xAAFD,
    0xAAFD,0xAAFD,0x8AFD,0xAAFD,0x8AFD,0xAAFD,0xAAFD,0xAAFD,0x89FD,0x89FD,0x89FD,0x89FD,
    0x89FD,0x89FD,0x89FD,0x89FD,0x89FD,0x89FD,0x89FD,0xA9FD,0xA9FD,0x89FD,0xA9FD,0x89FD,
    0x89FD,0x89FD,0x89FD,0xA9FD,0xA9FD,0xA9FD,0xA9FD,0xA9FD,0xA9FD,0xEBFD,0x2AE5,0x6BED,
    0xCAFD,0x89FD,0x89FD,0x89FD,0x89FD,0x89FD,0x89FD,0x89FD,0x89FD,0x89FD,0x89FD,0x89FD,
    0x89FD,0x89FD,0x89FD,0x89FD,0x89FD,0x89FD,0xA9FD,0xA9FD,0x89FD,0xAAFD,0x68F5,0x63E4,
    0x83EC,0x83EC,0x63EC,0x62EC,0x84E4,0x2259,0x8238,0x4130,0x438A,0x04F5,0xA2EC,0xA3EC,
    0xA3EC,0xA3EC,0xA3EC,0xA3EC,0xA3EC,0xA3EC,0xA3EC,0xA2EC,0xA2EC,0xA2EC,0x83EC,0xC2DB,
    0xE3E3,0xC4D3,0x0259,0xA340,0x2130,0x34B5,0xFFFF,0xFFFF,0xFFFF,0xFFFF,0xFFFF,0xFFFF,
    0xFFFF,0xFFFF,0xFFFF,0xFFFF,0xFFFF,0xFFFF,0x0B7B,0x4138,0xA240,0x657A,0x8CFE,0x2AFE,
    0x2AFE,0x2AFE,0xE9FD,0xA3EC,0xA2EC,0xA2EC,0xA2EC,0xA3EC,0xA3EC,0xA3EC,0xA3EC,0xA3EC,
    0xA3EC,0xC2EC,0x85E4,0xE250,0x8240,0x4130,0xA39A,0xA3EC,0x62E4,0x63E4,0x63EC,0x62EC,
    0xA4EC,0xA9FD,0xA9FD,0xA9FD,0xA9FD,0x89FD,0x89FD,0xA9FD,0xA9FD,0xA9FD,0x89FD,0x89FD,
    0x89FD,0xA9FD,0x89FD,0x89FD,0x89FD,0xAAFD,0xAAFD,0xA9FD,0x89FD,0x89FD,0xA9FD,0x2AE5,
    0x6261,0x8148,0xE8BB,0xEAFD,0x89FD,0xA9FD,0xA9FD,0xA9FD,0xA9FD,0xA9FD,0x89FD,0x89FD,
    0x89FD,0xA9FD,0x89FD,0x89FD,0x89FD,0x89FD,0x89FD,0x89FD,0x89FD,0xAAFD,0xAAFD,0xAAFD,
    0xAAFD,0xAAFD,0xAAFD,0xAAFD,0xAAFD,0xAAFD,0xA9FD,0xA9FD,0xA9FD,0xA9FD,0xA9FD,0x89FD,
    0xAAFD,0xAAFD,0xAAFD,0xAAFD,0xAAFD,0xAAFD,0xAAFD,0xAAFD,0xAAFD,0xAAFD,0xAAFD,0xAAFD,
    0xAAFD,0xAAFD,0xAAFD,0xAAFD,0xAAFD,0xAAFD,0xAAFD,0x8AFD,0xAAFD,0xAAFD,0xAAFD,0xAAFD,
    0xAAFD,0xAAFD,0xAAFD,0xAAFD,0xAAFD,0xAAFD,0xAAFD,0xAAFD,0xAAFD,0xAAFD,0xAAFD,0xAAFD,
    0xAAFD,0xAAFD,0x8AFD,0xAAFD,0xAAFD,0xAAFD,0xAAFD,0xAAFD,0xAAFD,0xAAFD,0xAAFD,0x8AFD,
    0xAAFD,0xAAFD,0xAAFD,0x8AFD,0x8AFD,0xAAFD,0x8AFD,0x8AFD,0x89FD,0xAAFD,0xAAFD,0xAAFD,
    0xAAFD,0xAAFD,0xAAFD,0xAAFD,0xAAFD,0xAAFD,0x89FD,0x89FD,0x89FD,0x89FD,0x89FD,0x89FD,
    0x89FD,0x89FD,0xA9FD,0xAAFD,0xA9FD,0xA9FD,0xA9FD,0x89FD,0xEBFD,0xE8BB,0x6140,0x2259,
    0x09E5,0xA9FD,0x89FD,0x89FD,0x89FD,0x89FD,0x89FD,0x89FD,0x89FD,0x89FD,0x89FD,0x89FD,
    0x89FD,0x89FD,0x89FD,0x89FD,0x89FD,0x89FD,0x89FD,0x89FD,0xA9FD,0xA9FD,0xA9FD,0xC5EC,
    0x62EC,0x63EC,0x63EC,0x62E4,0xA4EC,0x8392,0x6138,0xA240,0x0159,0xA5E4,0xC2F4,0xC3EC,
    0xA3EC,0xA3EC,0xA3EC,0xA3EC,0xA3EC,0xA3EC,0xA3EC,0xA2EC,0xA3EC,0xA2EC,0xA3EC,0xE2DB,
    0xC2DB,0x24E4,0xC279,0x8240,0x4138,0xEB7A,0xFFFF,0xFFFF,0xFFFF,0xFFFF,0xFFFF,0xFFFF,
    0xFFFF,0xFFFF,0xFFFF,0xFFFF,0xFFFF,0x7DF7,0x2449,0xA240,0x6140,0x08B4,0x8CFE,0x0AF6,
    0x2AFE,0x2BFE,0x88F5,0x82EC,0xA2EC,0xA2EC,0xA2EC,0xA3EC,0xA3EC,0xA3EC,0xA3EC,0xA3EC,
    0xA2EC,0xE3F4,0x44B3,0x6138,0xA340,0xA140,0x04CC,0x82EC,0x63E4,0x63E4,0x63EC,0x42E4,
    0x27F5,0xAAFD,0x89FD,0x89FD,0x89FD,0x89FD,0x89FD,0x89FD,0xA9FD,0xA9FD,0xA9FD,0xA9FD,
    0xAAFD,0xA9FD,0xAAFD,0xAAFD,0xAAFD,0xAAFD,0xA9FD,0xA9FD,0x8AFD,0x89FD,0xEAFD,0xE7BB,
    0x4130,0x6238,0x8361,0xCBFD,0x89FD,0x89FD,0x89FD,0xA9FD,0xA9FD,0xA9FD,0xA9FD,0x89FD,
    0xA9FD,0x89FD,0x89FD,0x89FD,0x89FD,0xAAFD,0xAAFD,0xAAFD,0xAAFD,0xAAFD,0xAAFD,0xAAFD,
    0xAAFD,0xAAFD,0xAAFD,0xAAFD,0xAAFD,0xAAFD,0xAAFD,0xAAFD,0xAAFD,0xAAFD,0x8AFD,0x8AFD,
    0x8AFD,0x8AFD,0xAAFD,0xAAFD,0xAAFD,0xAAFD,0xAAFD,0xAAFD,0xAAFD,0xAAFD,0xAAFD,0xAAFD,
    0xAAFD,0xAAFD,0xAAFD,0xAAFD,0x8AFD,0x8AFD,0xAAFD,0xAAFD,0xAAFD,0xAAFD,0x8AFD,0x8AFD,
    0x8AFD,0x8AFD,0xAAFD,0x8AFD,0xAAFD,0xAAFD,0xAAFD,0xAAFD,0xAAFD,0xAAFD,0xAAFD,0xAAFD,
    0xAAFD,0xAAFD,0xAAFD,0xAAFD,0xAAFD,0xAAFD,0xAAFD,0xAAFD,0xAAFD,0xAAFD,0xAAFD,0x8AFD,
    0x8AFD,0x8AFD,0xAAFD,0x8AFD,0x8AFD,0xAAFD,0xAAFD,0xAAFD,0xAAFD,0xAAFD,0xAAFD,0xAAFD,
    0xAAFD,0xAAFD,0xAAFD,0xAAFD,0xAAFD,0xAAFD,0xAAFD,0xAAFD,0xAAFD,0xAAFD,0x89FD,0x89FD,
    0xA9FD,0xA9FD,0xA9FD,0xAAFD,0xAAFD,0xA9FD,0x89FD,0x89FD,0xCBFD,0xA369,0x6230,0x2130,
    0xA7B3,0xEAFD,0x69FD,0x89FD,0x89FD,0x89FD,0x89FD,0x89FD,0x89FD,0x89FD,0x89FD,0x89FD,
    0x89FD,0x89FD,0x89FD,0x89FD,0x89FD,0x89FD,0x89FD,0x89FD,0x89FD,0x89FD,0xAAFD,0x27F5,
    0x62E4,0x63EC,0x62EC,0x62E4,0x82EC,0xE4CB,0xA148,0xC340,0x6140,0x84B3,0x03F5,0xA2EC,
    0xC3EC,0xC3EC,0xA3EC,0xA3EC,0xA3EC,0xA3EC,0xA3EC,0xA3EC,0xA3EC,0xA3EC,0xA3EC,0x22E4,
    0xC2DB,0x23E4,0xC4A2,0x6240,0x8240,0x2449,0x5DEF,0xFFFF,0xFFFF,0xFFFF,0xFFFF,0xFFFF,
    0xFFFF,0xFFFF,0xFFFF,0xFFFF,0xFFFF,0xB6C5,0x4130,0xC340,0xC248,0x6BDD,0x6BFE,0x2AFE,
    0x2AFE,0x2BFE,0x25ED,0x82EC,0xA2EC,0xA2EC,0xA3EC,0xA3EC,0xA3EC,0xA3EC,0xA3EC,0xA3EC,
    0xA2EC,0x04F5,0xE379,0x6238,0x6238,0xA271,0xA4EC,0x62E4,0x63EC,0x63EC,0x62EC,0x83E4,
    0x89FD,0xA9FD,0xA9FD,0x89FD,0xA9FD,0xA9FD,0xA9FD,0xA9FD,0xA9FD,0xA9FD,0x89FD,0xA9FD,
    0xAAFD,0xAAFD,0xAAFD,0xAAFD,0xAAFD,0x8AFD,0x89FD,0xA9FD,0xA9FD,0x69FD,0xA9FD,0xA9D4,
    0x8138,0xA240,0xA140,0xEADC,0xCAFD,0xA9FD,0xA9FD,0xA9FD,0xA9FD,0xAAFD,0xA9FD,0xA9FD,
    0x89FD,0x89FD,0x89FD,0xAAFD,0xAAFD,0xAAFD,0xAAFD,0xAAFD,0xAAFD,0xAAFD,0xAAFD,0xAAFD,
    0xAAFD,0xAAFD,0xAAFD,0xAAFD,0xAAFD,0xAAFD,0xAAFD,0xAAFD,0xAAFD,0xAAFD,0xAAFD,0xAAFD,
    0xAAFD,0xAAFD,0x8AFD,0xAAFD,0xAAFD,0xAAFD,0xAAFD,0xAAFD,0xAAFD,0xAAFD,0xAAFD,0xAAFD,
    0xAAFD,0xAAFD,0xAAFD,0xAAFD,0xAAFD,0xAAFD,0xAAFD,0xAAFD,0xAAFD,0xAAFD,0xAAFD,0x8AFD,
    0xAAFD,0xAAFD,0xAAFD,0xAAFD,0xAAFD,0xAAFD,0xAAFD,0x8AFD,0xAAFD,0xAAFD,0xAAFD,0xAAFD,
    0xAAFD,0xAAFD,0xAAFD,0xA9FD,0xAAFD,0xAAFD,0xAAFD,0xAAFD,0xAAFD,0x8AFD,0x8AFD,0x8AFD,
    0xAAFD,0xAAFD,0xAAFD,0xAAFD,0xAAFD,0xAAFD,0xAAFD,0xAAFD,0xAAFD,0xAAFD,0xAAFD,0xAAFD,
    0xAAFD,0xAAFD,0xAAFD,0xAAFD,0xAAFD,0xAAFD,0xAAFD,0xAAFD,0xAAFD,0xAAFD,0xAAFD,0xAAFD,
    0xA9FD,0xA9FD,0xA9FD,0xAAFD,0xAAFD,0xA9FD,0xA9FD,0xC9FD,0x2AE5,0xC240,0xA338,0x6138,
    0x89CC,0xCAFD,0x89FD,0x89FD,0x89FD,0x89FD,0x89FD,0x89FD,0x89FD,0x89FD,0x89FD,0x89FD,
    0x89FD,0x89FD,0x89FD,0x89FD,0x89FD,0x89FD,0x89FD,0x89FD,0x89FD,0xA9FD,0xA9FD,0x88FD,
    0x83E4,0x62EC,0x83EC,0x63EC,0x62E4,0xA4EC,0xA271,0x8240,0x8240,0x037A,0x04F5,0xA2EC,
    0xA3EC,0xA3EC,0xA3EC,0xA3EC,0xA3EC,0xA3EC,0xA3EC,0xA3EC,0xA3EC,0xA3EC,0xC3F4,0x43E4,
    0xC2DB,0x03E4,0xA4CB,0xA148,0xA340,0x4130,0xB6BD,0xFFFF,0xFFFF,0xFFFF,0xFFFF,0xFFFF,
    0xFFFF,0xFFFF,0xFFFF,0xFFFF,0xFFFF,0xCF93,0x0028,0x8238,0xC469,0x4CFE,0x2AFE,0x2AFE,
    0x2BFE,0x0AFE,0xC3EC,0xA2EC,0xA2EC,0xA2EC,0xA3EC,0xA3EC,0xA3EC,0xA3EC,0xA3EC,0xA3EC,
    0xC2EC,0x64DC,0xE250,0xA340,0x6138,0x04AB,0xC3F4,0x62E4,0x63EC,0x83EC,0x62E4,0xE5EC,
    0xA9FD,0x89FD,0xA9FD,0x89FD,0x89FD,0x89FD,0x89FD,0x89FD,0xA9FD,0xA9FD,0xA9FD,0xA9FD,
    0xAAFD,0xAAFD,0x8AFD,0xAAFD,0xA9FD,0x89FD,0x89FD,0xA9FD,0xA9FD,0x89FD,0x88FD,0x8AF5,
    0x4259,0x8238,0x4130,0xA58A,0x0BFE,0x89FD,0xAAFD,0xAAFD,0xAAFD,0xAAFD,0x89FD,0xA9FD,
    0xCAFD,0xAAFD,0xAAFD,0xAAFD,0xAAFD,0xAAFD,0xAAFD,0xAAFD,0xAAFD,0xAAFD,0xAAFD,0xAAFD,
    0xAAFD,0xAAFD,0xAAFD,0xAAFD,0xAAFD,0xAAFD,0xAAFD,0xAAFD,0xAAFD,0xAAFD,0xAAFD,0xAAFD,
    0xAAFD,0xAAFD,0xAAFD,0xAAFD,0xAAFD,0xAAFD,0xAAFD,0xAAFD,0xAAFD,0xAAFD,0xAAFD,0xAAFD,
    0xAAFD,0xAAFD,0xAAFD,0xAAFD,0xAAFD,0xAAFD,0xAAFD,0xAAFD,0xAAFD,0xAAFD,0xAAFD,0xAAFD,
    0xAAFD,0xAAFD,0xAAFD,0xAAFD,0xAAFD,0xAAFD,0xAAFD,0xAAFD,0xA9FD,0xAAFD,0xAAFD,0xAAFD,
    0xAAFD,0xAAFD,0xAAFD,0xAAFD,0xAAFD,0xAAFD,0xAAFD,0xAAFD,0xAAFD,0x8AFD,0x8AFD,0xAAFD,
    0xAAFD,0xAAFD,0xAAFD,0xAAFD,0xAAFD,0xAAFD,0xAAFD,0xAAFD,0xAAFD,0xAAFD,0xAAFD,0xAAFD,
    0xAAFD,0xAAFD,0xAAFD,0xAAFD,0xAAFD,0xAAFD,0xAAFD,0xAAFD,0xAAFD,0xAAFD,0xAAFD,0xAAFD,
    0xAAFD,0xAAFD,0xA9FD,0xAAFD,0xA9FD,0xAAFD,0x89F5,0x2BFE,0x269B,0x4130,0x8238,0x2251,
    0x8AF5,0x89FD,0x89FD,0xA9FD,0x89FD,0x89FD,0x89FD,0x89FD,0x89FD,0x89FD,0x89FD,0x89FD,
    0x89FD,0x89FD,0x89FD,0x89FD,0x89FD,0x89FD,0xA9FD,0x89FD,0xA9FD,0x89FD,0x89FD,0xA9FD,
    0xC5EC,0x62E4,0x63EC,0x83EC,0x62E4,0xC3F4,0x04A3,0x6140,0xA348,0xE150,0x85DC,0xC2F4,
    0xA3EC,0xA3EC,0xA3EC,0xA3EC,0xA3EC,0xA3EC,0xA3EC,0xA3EC,0xA3EC,0xA3EC,0xC3EC,0x83EC,
    0xC2DB,0xE2DB,0x04DC,0x4261,0x8238,0x2028,0xCF8B,0xFFFF,0xFFFF,0xFFFF,0xFFFF,0xFFFF,
    0xFFFF,0xFFFF,0xFFFF,0xFFFF,0xFFFF,0x0862,0x4130,0x4130,0x0693,0x8CFE,0x0AF6,0x2AFE,
    0x4BFE,0xA8F5,0xA2EC,0xC2EC,0xA2EC,0xA3EC,0xA3EC,0xA3EC,0xA3EC,0xA3EC,0xA3EC,0xA2EC,
    0x03F5,0x44AB,0x6138,0xA240,0xC148,0x25D4,0x82EC,0x82EC,0x83EC,0x82EC,0x62E4,0x47F5,
    0xA9FD,0x89FD,0x89FD,0xA9FD,0xA9FD,0x89FD,0xA9FD,0x89FD,0xA9FD,0xA9FD,0xA9FD,0xAAFD,
    0xAAFD,0xAAFD,0xA9FD,0xAAFD,0xA9FD,0xEAFD,0xCAFD,0xA9FD,0xA9FD,0x89FD,0x89FD,0xEAFD,
    0x47A3,0x4130,0xC340,0x6140,0x69CC,0x2BFE,0x89F5,0xAAFD,0x89FD,0xA9FD,0xEAFD,0x0CFE,
    0xAAFD,0xAAFD,0xAAFD,0xAAFD,0xAAFD,0xAAFD,0xAAFD,0xAAFD,0xAAFD,0xAAFD,0xAAFD,0xAAFD,
    0xAAFD,0xAAFD,0xAAFD,0xAAFD,0xAAFD,0xAAFD,0xAAFD,0xAAFD,0xAAFD,0xAAFD,0xAAFD,0xAAFD,
    0xAAFD,0xAAFD,0xAAFD,0xAAFD,0xAAFD,0xAAFD,0xAAFD,0xAAFD,0xAAFD,0xAAFD,0xAAFD,0xAAFD,
    0xAAFD,0xAAFD,0xAAFD,0xAAFD,0x8AFD,0x8AFD,0xAAFD,0x8AFD,0xAAFD,0xAAFD,0xAAFD,0xAAFD,
    0xAAFD,0xAAFD,0xAAFD,0xAAFD,0xAAFD,0xAAFD,0xAAFD,0xAAFD,0xAAFD,0xAAFD,0xAAFD,0xAAFD,
    0xAAFD,0xAAFD,0xAAFD,0xAAFD,0xAAFD,0xAAFD,0xAAFD,0xAAFD,0xAAFD,0xAAFD,0x8AFD,0x8AFD,
    0xAAFD,0xAAFD,0xAAFD,0xAAFD,0xAAFD,0xAAFD,0xAAFD,0xAAFD,0xAAFD,0xAAFD,0xAAFD,0xAAFD,
    0xAAFD,0xAAFD,0xAAFD,0xAAFD,0xAAFD,0xAAFD,0xAAFD,0xAAFD,0xAAFD,0xAAFD,0xAAFD,0xAAFD,
    0xAAFD,0xAAFD,0xAAFD,0x89FD,0x89FD,0x69F5,0x0AFE,0xEADC,0xA140,0xA340,0x2130,0x069B,
    0xEAFD,0x88F5,0x89FD,0xA9FD,0x89FD,0xA9FD,0xCAFD,0x89FD,0x89FD,0xA9FD,0x89FD,0xA9FD,
    0x89FD,0x89FD,0x89FD,0x89FD,0x89FD,0x89FD,0x89FD,0x89FD,0x89FD,0x89FD,0x89FD,0xA9FD,
    0x47F5,0x62E4,0x83EC,0x83EC,0x63EC,0xA3EC,0x25D4,0xC148,0xA340,0x6138,0x64B3,0x04F5,
    0xA3EC,0xA3EC,0xA3EC,0xA3EC,0xA3EC,0xA3EC,0xA3EC,0xA3EC,0xA3EC,0xA2EC,0xC3EC,0xA3EC,
    0xE2DB,0xC2DB,0x23E4,0x0382,0x6230,0x6130,0x0862,0xFFFF,0xFFFF,0xFFFF,0xFFFF,0xFFFF,
    0xFFFF,0xFFFF,0xFFFF,0xFFFF,0xFBE6,0xC340,0x8238,0x6130,0x69BC,0x6AFE,0x09F6,0x0AF6,
    0x2AFE,0x46F5,0xA2EC,0xC2EC,0xA3EC,0xA3EC,0xC3EC,0xA3EC,0xA2EC,0xA3EC,0xA3EC,0xA2EC,
    0xE4F4,0x037A,0x6238,0x6238,0xA271,0xC4F4,0x62EC,0x82EC,0x83EC,0x62EC,0x83EC,0x89FD,
    0xA9FD,0x89FD,0x89FD,0x89FD,0x89FD,0x89FD,0xA9FD,0xA9FD,0xA9FD,0xA9FD,0xA9FD,0xAAFD,
    0xAAFD,0xAAFD,0xA9FD,0xA9FD,0xEBFD,0x0ADD,0x6AED,0xEAFD,0x89FD,0x89FD,0x89FD,0x89FD,
    0x8AF5,0x4259,0x6238,0xA240,0x0251,0xEAD4,0x0BFE,0x88F5,0xCAFD,0xEBFD,0x89CC,0xAAFD,
    0xAAFD,0xAAFD,0xAAFD,0xAAFD,0xAAFD,0xAAFD,0xAAFD,0xAAFD,0xAAFD,0xAAFD,0xAAFD,0xAAFD,
    0xAAFD,0xAAFD,0xAAFD,0xAAFD,0xAAFD,0xAAFD,0xAAFD,0xAAFD,0xAAFD,0xAAFD,0xAAFD,0xAAFD,
    0xAAFD,0xAAFD,0xAAFD,0xAAFD,0xAAFD,0xAAFD,0xAAFD,0xAAFD,0xAAFD,0xAAFD,0xAAFD,0xAAFD,
    0xAAFD,0xAAFD,0xAAFD,0xAAFD,0xAAFD,0xAAFD,0xAAFD,0xAAFD,0xAAFD,0xAAFD,0xAAFD,0xAAFD,
    0xAAFD,0xAAFD,0xAAFD,0xAAFD,0xAAFD,0xA9FD,0xAAFD,0xAAFD,0xAAFD,0xAAFD,0xAAFD,0xAAFD,
    0xAAFD,0xAAFD,0xAAFD,0xAAFD,0xAAFD,0xAAFD,0xAAFD,0xAAFD,0x8AFD,0x8AFD,0x8AFD,0xAAFD,
    0xAAFD,0xAAFD,0xAAFD,0xAAFD,0xAAFD,0xAAFD,0xAAFD,0xAAFD,0xAAFD,0xAAFD,0xAAFD,0xAAFD,
    0xAAFD,0xAAFD,0xAAFD,0xAAFD,0xAAFD,0xAAFD,0xAAFD,0xAAFD,0xAAFD,0xAAFD,0xAAFD,0xAAFD,
    0xAAFD,0xAAFD,0xAAFD,0xAAFD,0x68F5,0xEAFD,0x6BED,0x6261,0x8240,0x8238,0x2251,0x6AED,
    0x88FD,0x89FD,0x89FD,0x89FD,0xCAFD,0xABF5,0x0AE5,0xCBFD,0xA9FD,0x89FD,0xA9FD,0xA9FD,
    0xA9FD,0x89FD,0x89FD,0x89FD,0x89FD,0x89FD,0x89FD,0x89FD,0x89FD,0x89FD,0x89FD,0xA9FD,
    0x89FD,0x83EC,0x62EC,0x83EC,0x83EC,0x82EC,0xE5EC,0xC371,0x8240,0x6238,0x2382,0x04F5,
    0x82EC,0xA3EC,0xA3EC,0xA3EC,0xA3EC,0xA3EC,0xA3EC,0xA3EC,0xA3EC,0xA3EC,0xA3EC,0xC3EC,
    0x02DC,0xC2DB,0x03DC,0xE4AA,0x6238,0xA340,0xE340,0x1BEF,0xFFFF,0xFFFF,0xFFFF,0xFFFF,
    0xFFFF,0xFFFF,0xFFFF,0xFFFF,0x75BD,0x2130,0x8338,0xC240,0x8AE5,0x29FE,0x09F6,0x0AFE,
    0x0AFE,0xE4EC,0xA2EC,0xC2EC,0xC2EC,0xA2EC,0xA2EC,0xA2EC,0xA2EC,0xA2EC,0xA3EC,0xA2EC,
    0x84E4,0x0251,0xA340,0x6138,0xE4A2,0xC3F4,0x62EC,0x83EC,0x83EC,0x62E4,0xE5EC,0xA9FD,
    0xA9FD,0x89FD,0x89FD,0x89FD,0x89FD,0x89FD,0xA9FD,0xA9FD,0xA9FD,0xA9FD,0xA9FD,0xA9FD,
    0xAAFD,0xAAFD,0xA9FD,0x0BFE,0xC8B3,0x6140,0x2259,0x2AE5,0xC9FD,0x89FD,0x89FD,0x89FD,
    0xC9FD,0x89CC,0x8140,0xC348,0xA240,0xC148,0xE8BB,0xEBFD,0xA9D4,0xAAFD,0xAAFD,0xAAFD,
    0xAAFD,0xAAFD,0xAAFD,0xAAFD,0xAAFD,0xAAFD,0xAAFD,0xAAFD,0xAAFD,0xAAFD,0xAAFD,0xAAFD,
    0xAAFD,0xAAFD,0xAAFD,0xAAFD,0xAAFD,0xAAFD,0xAAFD,0xAAFD,0xAAFD,0xAAFD,0xAAFD,0xAAFD,
    0xAAFD,0xAAFD,0xAAFD,0xAAFD,0xAAFD,0xAAFD,0xAAFD,0xAAFD,0xAAFD,0xAAFD,0xAAFD,0xAAFD,
    0xAAFD,0xAAFD,0xAAFD,0xAAFD,0xAAFD,0xAAFD,0xAAFD,0xAAFD,0xAAFD,0xAAFD,0xAAFD,0xAAFD,
    0xAAFD,0xAAFD,0xAAFD,0xAAFD,0xAAFD,0xAAFD,0xAAFD,0xAAFD,0xAAFD,0xAAFD,0xAAFD,0xAAFD,
    0xAAFD,0xAAFD,0xAAFD,0xAAFD,0xAAFD,0xAAFD,0xAAFD,0xAAFD,0x8AFD,0xAAFD,0xAAFD,0xAAFD,
    0xAAFD,0xAAFD,0xAAFD,0xAAFD,0xAAFD,0xAAFD,0xAAFD,0xAAFD,0xAAFD,0xAAFD,0xAAFD,0xAAFD,
    0xAAFD,0xAAFD,0xAAFD,0xAAFD,0xAAFD,0xAAFD,0xAAFD,0xAAFD,0xAAFD,0xAAFD,0xAAFD,0xAAFD,
    0xAAFD,0xAAFD,0xAAFD,0xAAFD,0xAAFD,0xAAFD,0x2259,0x8240,0xA348,0x6040,0x69CC,0xC9FD,
    0x68FD,0x89FD,0x89FD,0xC9FD,0x2AE5,0x8369,0x8140,0x67AB,0xEBFD,0x89FD,0xA9FD,0xA9FD,
    0xA9FD,0x89FD,0x89FD,0x89FD,0xA9FD,0xA9FD,0x89FD,0x89FD,0x89FD,0x89FD,0x89FD,0x89FD,
    0xA9FD,0xE5EC,0x62E4,0x83EC,0x83EC,0x62E4,0xE4F4,0xE4A2,0x6138,0xA238,0x0151,0xA5E4,
    0xA2EC,0xA3EC,0xA3EC,0xA2EC,0xA3EC,0xA3EC,0xA3EC,0xA3EC,0xA3EC,0xA3EC,0xA3EC,0xC3EC,
    0x22E4,0xC2DB,0xE2DB,0x84C3,0xC248,0xA340,0x4130,0x95BD,0xFFFF,0xFFFF,0xFFFF,0xFFFF,
    0xFFFF,0xFFFF,0xFFFF,0xFFFF,0xAE8B,0x2028,0x6230,0xC361,0x2BFE,0x09F6,0x0AF6,0x2AFE,
    0xE8FD,0xA3EC,0xC2EC,0xC2EC,0xC2EC,0xC2EC,0xC3EC,0xA3EC,0xA3EC,0xA3EC,0xA2EC,0xC2F4,
    0xA4BB,0x6138,0xA340,0x8140,0xE4CB,0xA2EC,0x62EC,0x83EC,0x83EC,0x63E4,0x47F5,0xA9FD,
    0xA9FD,0x89FD,0x89FD,0xA9FD,0xA9FD,0xA9FD,0xA9FD,0xA9FD,0xA9FD,0x89FD,0xA9FD,0xA9FD,
    0xA9FD,0xAAFD,0xA9FD,0x2CFE,0x247A,0x4238,0x6238,0xA369,0xABFD,0x88FD,0x89FD,0xA9FD,
    0x89FD,0x0BFE,0xE8B3,0x6038,0xA240,0x8238,0x6138,0xE469,0xAAFD,0xAAFD,0xAAFD,0xAAFD,
    0xAAFD,0xAAFD,0xAAFD,0xAAFD,0xAAFD,0xAAFD,0xAAFD,0xAAFD,0xAAFD,0xAAFD,0xAAFD,0xAAFD,
    0xAAFD,0xAAFD,0xAAFD,0xAAFD,0xAAFD,0xAAFD,0xAAFD,0xAAFD,0xAAFD,0xAAFD,0xAAFD,0xAAFD,
    0xAAFD,0xAAFD,0xAAFD,0xAAFD,0xAAFD,0xAAFD,0xAAFD,0xAAFD,0xAAFD,0xAAFD,0xAAFD,0xAAFD,
    0xAAFD,0xAAFD,0xAAFD,0xAAFD,0xAAFD,0xAAFD,0xAAFD,0xAAFD,0xAAFD,0xAAFD,0xAAFD,0xAAFD,
    0xAAFD,0xAAFD,0xAAFD,0xAAFD,0xAAFD,0xAAFD,0xAAFD,0xAAFD,0xAAFD,0xAAFD,0xAAFD,0xAAFD,
    0xAAFD,0xAAFD,0xAAFD,0xAAFD,0xAAFD,0xAAFD,0xAAFD,0x8AFD,0xAAFD,0xAAFD,0xAAFD,0xAAFD,
    0xAAFD,0xAAFD,0xAAFD,0xAAFD,0xAAFD,0xAAFD,0xAAFD,0xAAFD,0xAAFD,0xAAFD,0xAAFD,0xAAFD,
    0xAAFD,0xAAFD,0xAAFD,0xAAFD,0xAAFD,0xAAFD,0xAAFD,0xAAFD,0xAAFD,0xAAFD,0xAAFD,0xAAFD,
    0xAAFD,0xAAFD,0xAAFD,0xAAFD,0xAAFD,0xAAFD,0xAAFD,0xA340,0x4038,0xC8B3,0x0BFE,0x89FD,
    0xA9FD,0x89FD,0x68FD,0xCBFD,0xE471,0x4138,0x6240,0xC371,0x0BFE,0x89FD,0xA9FD,0xA9FD,
    0xA9FD,0x89FD,0x89FD,0x89FD,0xA9FD,0x89FD,0xA9FD,0x89FD,0x89FD,0x89FD,0x89FD,0x89FD,
    0xA9FD,0x47F5,0x62E4,0x83EC,0x83EC,0x83EC,0xA3EC,0xE5CB,0x8140,0xA340,0x6138,0xC4C3,
    0xE3F4,0xA3EC,0xA3EC,0xA3EC,0xA3EC,0xA3EC,0xA3EC,0xA3EC,0xA3EC,0xA3EC,0xA2EC,0xA3EC,
    0x42E4,0xC2D3,0xC2DB,0xE4D3,0x6261,0xA338,0x4130,0xEF8B,0xFFFF,0xFFFF,0xFFFF,0xFFFF,
    0xFFFF,0xFFFF,0xFFFF,0xFFFF,0x2862,0x4130,0x4130,0x0693,0x4AFE,0xE9F5,0x09F6,0x2AFE,
    0x86F5,0xA2EC,0xC2EC,0xC3EC,0xA2EC,0xC2EC,0xC3EC,0xC3EC,0xC3EC,0xA3EC,0xA2EC,0xE3F4,
    0x8392,0x4230,0x8238,0x4261,0x84E4,0x62EC,0x82EC,0x83EC,0x82EC,0x83EC,0xA9FD,0xA9FD,
    0x89FD,0x89FD,0x89FD,0x89FD,0xA9FD,0xA9FD,0xA9FD,0xA9FD,0xA9FD,0xA9FD,0xA9FD,0xA9FD,
    0xA9FD,0xAAFD,0x89FD,0x0BFE,0x28C4,0x4138,0xE340,0x4130,0x8582,0xEBFD,0xA9FD,0x89FD,
    0xA9FD,0xA9FD,0x2BFE,0x08BC,0xC148,0x8238,0xA338,0x6230,0xAAFD,0xAAFD,0xAAFD,0xAAFD,
    0xAAFD,0xAAFD,0xAAFD,0xAAFD,0xAAFD,0xAAFD,0xAAFD,0xAAFD,0xAAFD,0xAAFD,0xAAFD,0xAAFD,
    0xAAFD,0xAAFD,0xAAFD,0xAAFD,0xAAFD,0xAAFD,0xAAFD,0xAAFD,0xAAFD,0xAAFD,0xAAFD,0xAAFD,
    0xAAFD,0xAAFD,0xAAFD,0xAAFD,0xAAFD,0xAAFD,0xAAFD,0xAAFD,0xAAFD,0xAAFD,0xAAFD,0xAAFD,
    0xAAFD,0xAAFD,0x8AFD,0x8AFD,0xAAFD,0xAAFD,0xAAFD,0xAAFD,0xAAFD,0x8AFD,0xAAFD,0xAAFD,
    0xAAFD,0xAAFD,0xAAFD,0xAAFD,0xAAFD,0xAAFD,0xAAFD,0xA9FD,0xAAFD,0xAAFD,0xAAFD,0xAAFD,
    0xAAFD,0xAAFD,0xAAFD,0xAAFD,0xAAFD,0xAAFD,0xAAFD,0xAAFD,0xAAFD,0xAAFD,0xAAFD,0xAAFD,
    0xAAFD,0xAAFD,0xAAFD,0xAAFD,0xAAFD,0xAAFD,0xAAFD,0xAAFD,0xAAFD,0xAAFD,0xAAFD,0xAAFD,
    0xAAFD,0xAAFD,0xAAFD,0xAAFD,0xAAFD,0xAAFD,0xAAFD,0xAAFD,0xAAFD,0xAAFD,0xAAFD,0xAAFD,
    0xAAFD,0xAAFD,0xAAFD,0xAAFD,0xAAFD,0xAAFD,0xAAFD,0x8138,0x87AB,0x2CFE,0xA9FD,0xA9FD,
    0x89FD,0x88FD,0xEBFD,0xA58A,0x2128,0xC340,0x4038,0xC8B3,0x0BFE,0x89FD,0xA9FD,0xA9FD,
    0xA9FD,0xA9FD,0x89FD,0xA9FD,0x89FD,0x89FD,0xA9FD,0xA9FD,0xA9FD,0x89FD,0x89FD,0x89FD,
    0xA9FD,0x89FD,0x83E4,0x82EC,0x83EC,0x83EC,0x82EC,0x85E4,0x2259,0x8238,0x4130,0xA39A,
    0x04F5,0xA2EC,0xC2EC,0xA3EC,0xC3EC,0xA3EC,0xA3EC,0xC3EC,0xA3EC,0xA3EC,0xA2EC,0xC3EC,
    0x63E4,0xC2D3,0xC2DB,0x03DC,0x238A,0x8238,0x6238,0x696A,0xFFFF,0xFFFF,0xFFFF,0xFFFF,
    0xFFFF,0xFFFF,0xFFFF,0x5DEF,0x0441,0x8238,0x4130,0x48BC,0x4AFE,0xE9F5,0x09F6,0x09FE,
    0x04ED,0x81EC,0xC2EC,0xA2EC,0xA3EC,0xA3EC,0xA3EC,0xC3EC,0xC3EC,0xA3EC,0xA2EC,0xC4EC,
    0x8261,0x6230,0x6230,0x438A,0xA4F4,0x62E4,0x63EC,0x83EC,0x62E4,0xE5EC,0xA9FD,0x89FD,
    0x89FD,0xA9FD,0xA9FD,0x89FD,0xA9FD,0xA9FD,0xA9FD,0x89FD,0x89FD,0xA9FD,0xA9FD,0xA9FD,
    0xA9FD,0xAAFD,0xAAFD,0xA9FD,0x0CFE,0x6582,0x2130,0xC340,0x2030,0x6582,0xCBFD,0x0AFE,
    0xA9FD,0xA9FD,0x89F5,0x6CFE,0x09BC,0x6130,0xA240,0xAAFD,0xAAFD,0xAAFD,0xAAFD,0xAAFD,
    0xAAFD,0xAAFD,0xAAFD,0xAAFD,0xAAFD,0xAAFD,0xAAFD,0xAAFD,0xAAFD,0xAAFD,0xAAFD,0xAAFD,
    0xAAFD,0xAAFD,0xAAFD,0xAAFD,0xAAFD,0xAAFD,0xAAFD,0xAAFD,0xAAFD,0xAAFD,0xAAFD,0xAAFD,
    0xAAFD,0xAAFD,0xAAFD,0xAAFD,0xAAFD,0xAAFD,0xAAFD,0xAAFD,0x8AFD,0x8AFD,0xAAFD,0xAAFD,
    0xAAFD,0xAAFD,0xAAFD,0xAAFD,0xAAFD,0xAAFD,0xAAFD,0xAAFD,0xAAFD,0xAAFD,0xAAFD,0xAAFD,
    0xAAFD,0xAAFD,0xAAFD,0xAAFD,0xA9FD,0xAAFD,0xAAFD,0xA9FD,0xAAFD,0xAAFD,0xAAFD,0xAAFD,
    0xAAFD,0xAAFD,0xAAFD,0x8AFD,0xAAFD,0xAAFD,0x8AFD,0xAAFD,0xAAFD,0xAAFD,0xAAFD,0xAAFD,
    0xAAFD,0xAAFD,0xAAFD,0xAAFD,0xAAFD,0xAAFD,0xAAFD,0xAAFD,0xAAFD,0xAAFD,0xAAFD,0xAAFD,
    0xAAFD,0xAAFD,0xAAFD,0xAAFD,0xAAFD,0xAAFD,0xAAFD,0xAAFD,0xAAFD,0xAAFD,0xAAFD,0xAAFD,
    0xAAFD,0xAAFD,0xAAFD,0xAAFD,0xAAFD,0xAAFD,0xAAFD,0xAAFD,0x6CFE,0x89F5,0xA9FD,0xA9FD,
    0xEAFD,0xCBFD,0x8582,0x2028,0xA338,0x2130,0x047A,0xEBFD,0xA9FD,0xAAFD,0xA9FD,0xA9FD,
    0x89FD,0x89FD,0x89FD,0x89FD,0x89FD,0x89FD,0xA9FD,0x89FD,0x89FD,0xA9FD,0x89FD,0x89FD,
    0x89FD,0xA9FD,0xE5EC,0x62E4,0x83EC,0x63EC,0x62E4,0xC4F4,0x2382,0x6238,0x6238,0xC271,
    0xE4F4,0xA2EC,0xC3EC,0xA3EC,0xA3EC,0xA3EC,0xA3EC,0xA3EC,0xA3EC,0xA3EC,0xA3EC,0xA2EC,
    0x83EC,0xC2DB,0xC2D3,0x03DC,0x04AB,0x8240,0xA340,0x4549,0x7DF7,0xFFFF,0xFFFF,0xFFFF,
    0xFFFF,0xFFFF,0xFFFF,0x38D6,0x6130,0x8240,0xA138,0x4ADD,0x29FE,0x09F6,0x09F6,0xE8FD,
    0xC3EC,0xA2EC,0xA2EC,0xA3EC,0xA3EC,0xA3EC,0xA3EC,0xC3EC,0xC3EC,0xA3EC,0xC2F4,0x65DC,
    0xC148,0xA338,0x6138,0x44B3,0xA3F4,0x62E4,0x83EC,0x63EC,0x62E4,0x27F5,0xAAFD,0x89FD,
    0xA9FD,0x89FD,0xA9FD,0xA9FD,0xA9FD,0xA9FD,0xA9FD,0x89FD,0x89FD,0x89FD,0x89FD,0xA9FD,
    0xA9FD,0xA9FD,0xA9FD,0xA9FD,0xA9FD,0x8BF5,0x8361,0x2128,0xC340,0x4130,0xA369,0x89CC,
    0x0BFE,0x0BFE,0x2BFE,0x0ADD,0x2259,0x8238,0xAAFD,0xAAFD,0xAAFD,0xAAFD,0xAAFD,0xAAFD,
    0xAAFD,0xAAFD,0xAAFD,0xAAFD,0xAAFD,0xAAFD,0xAAFD,0xAAFD,0xAAFD,0xAAFD,0xAAFD,0xAAFD,
    0xAAFD,0xAAFD,0xAAFD,0xAAFD,0xAAFD,0xAAFD,0xAAFD,0xAAFD,0xAAFD,0xAAFD,0xAAFD,0xAAFD,
    0xAAFD,0xAAFD,0xAAFD,0xAAFD,0xAAFD,0xAAFD,0xAAFD,0xAAFD,0xAAFD,0x8AFD,0xAAFD,0xAAFD,
    0xAAFD,0xAAFD,0xAAFD,0xAAFD,0xAAFD,0xAAFD,0xAAFD,0xAAFD,0xAAFD,0xAAFD,0xAAFD,0xAAFD,
    0xA9FD,0xAAFD,0xAAFD,0xAAFD,0xAAFD,0xAAFD,0xAAFD,0xAAFD,0xAAFD,0xAAFD,0xAAFD,0xAAFD,
    0xAAFD,0xAAFD,0x8AFD,0xAAFD,0xAAFD,0xAAFD,0xAAFD,0xAAFD,0xAAFD,0xAAFD,0xAAFD,0xAAFD,
    0xAAFD,0xAAFD,0xAAFD,0xAAFD,0xAAFD,0xAAFD,0xAAFD,0xAAFD,0xAAFD,0xAAFD,0xAAFD,0xAAFD,
    0xAAFD,0xAAFD,0xAAFD,0xAAFD,0xAAFD,0xAAFD,0xAAFD,0xAAFD,0xAAFD,0xAAFD,0xAAFD,0xAAFD,
    0xAAFD,0xAAFD,0xAAFD,0xAAFD,0xAAFD,0xAAFD,0xAAFD,0xAAFD,0xAAFD,0x2BFE,0x0BFE,0x0CFE,
    0xAACC,0xA369,0x4130,0xC340,0x2128,0x4259,0x6AED,0xA9FD,0x89FD,0xAAFD,0xAAFD,0xA9FD,
    0x89FD,0x89FD,0x89FD,0x89FD,0x89FD,0x89FD,0x89FD,0x89FD,0x89FD,0xA9FD,0x89FD,0x89FD,
    0xA9FD,0xC9FD,0x27F5,0x63E4,0x83EC,0x63EC,0x62E4,0xA3F4,0x24AB,0x6138,0xA240,0x0259,
    0x85E4,0xC2F4,0xA3EC,0xA3EC,0xA3EC,0xA3EC,0xA3EC,0xA3EC,0xA3EC,0xA3EC,0xA3EC,0xA3EC,
    0xA3EC,0xE2DB,0xC2D3,0xE2DB,0xC5CB,0xC248,0xC348,0xA238,0x59D6,0xFFFF,0xFFFF,0xFFFF,
    0xFFFF,0xFFFF,0xFFFF,0x14B5,0x2030,0x8238,0x4251,0xEBF5,0x09F6,0x09F6,0x09F6,0xA8F5,
    0xA2EC,0xA2EC,0xA2EC,0xA3EC,0xA3EC,0xA3EC,0xA3EC,0xA3EC,0xC3EC,0xA2EC,0xE3F4,0xC4C3,
    0x6140,0xC340,0xC148,0x25D4,0x82EC,0x62EC,0x63EC,0x62EC,0x63E4,0x68FD,0xA9FD,0xA9FD,
    0xA9FD,0xA9FD,0xA9FD,0xA9FD,0xA9FD,0xA9FD,0xA9FD,0xA9FD,0x89FD,0xA9FD,0xA9FD,0x89FD,
    0x89FD,0xA9FD,0xA9FD,0x8AFD,0x89FD,0xA9FD,0x4AED,0xA361,0x2130,0xE348,0x8240,0x8140,
    0x0472,0xE8B3,0xCAD4,0x4261,0x6238,0xAAFD,0xAAFD,0xAAFD,0xAAFD,0xAAFD,0xAAFD,0xAAFD,
    0xAAFD,0xAAFD,0xAAFD,0xAAFD,0xAAFD,0xAAFD,0xAAFD,0xAAFD,0xAAFD,0xAAFD,0xAAFD,0xAAFD,
    0xAAFD,0xAAFD,0xAAFD,0xAAFD,0xAAFD,0xAAFD,0xAAFD,0xAAFD,0xAAFD,0xAAFD,0xAAFD,0xAAFD,
    0xAAFD,0xAAFD,0xAAFD,0xAAFD,0xAAFD,0xAAFD,0xAAFD,0xAAFD,0xAAFD,0xAAFD,0xAAFD,0xAAFD,
    0xAAFD,0xAAFD,0xAAFD,0xAAFD,0xAAFD,0xAAFD,0xAAFD,0xAAFD,0xAAFD,0xAAFD,0xA9FD,0xA9FD,
    0xAAFD,0xAAFD,0xAAFD,0xAAFD,0xAAFD,0xAAFD,0xAAFD,0xAAFD,0xAAFD,0xAAFD,0xAAFD,0xAAFD,
    0xAAFD,0xAAFD,0xAAFD,0xAAFD,0x8AFD,0xAAFD,0xAAFD,0xAAFD,0xAAFD,0xAAFD,0xAAFD,0xAAFD,
    0xAAFD,0xAAFD,0xAAFD,0xAAFD,0xAAFD,0xAAFD,0xAAFD,0xAAFD,0xAAFD,0xAAFD,0xAAFD,0xAAFD,
    0xAAFD,0xAAFD,0xAAFD,0xAAFD,0xAAFD,0xAAFD,0xAAFD,0xAAFD,0xAAFD,0xAAFD,0xAAFD,0xAAFD,
    0xAAFD,0xAAFD,0xAAFD,0xAAFD,0xAAFD,0xAAFD,0xAAFD,0xAAFD,0xAAFD,0xAAFD,0xC8AB,0x0472,
    0xA140,0x8240,0xC340,0x2128,0x8361,0x2AE5,0xA9FD,0x89FD,0x89FD,0x89FD,0x89FD,0x89FD,
    0x89FD,0x89FD,0x89FD,0x89FD,0x89FD,0xA9FD,0x89FD,0xA9FD,0xA9FD,0xA9FD,0xA9FD,0x89FD,
    0xA9FD,0xA9FD,0x68FD,0x83E4,0x63EC,0x63EC,0x63E4,0x82EC,0x05CC,0xA148,0xA340,0x8148,
    0xE5CB,0xE3F4,0xA2EC,0xA3EC,0xA3EC,0xA3EC,0xA3EC,0xA3EC,0xA3EC,0xA3EC,0xA3EC,0xA3EC,
    0xA3EC,0x02DC,0xC2DB,0xE2DB,0x24DC,0x4261,0xC340,0x6138,0x14B5,0xFFFF,0xFFFF,0xFFFF,
    0xFFFF,0xFFFF,0xFFFF,0xCE8B,0x4130,0x6238,0x2472,0x6BFE,0x09F6,0x09F6,0x2AF6,0x66F5,
    0x82E4,0xA2EC,0xA3EC,0xA3EC,0xA3EC,0xA3EC,0xA3EC,0xA3EC,0xA3F4,0xA2EC,0x04FD,0xE4A2,
    0x6238,0xA340,0x6269,0x84E4,0x62E4,0x63EC,0x62E4,0x62E4,0xA4EC,0xA9FD,0xA9FD,0xA9FD,
    0xA9FD,0xA9FD,0xA9FD,0xA9FD,0xA9FD,0xA9FD,0xA9FD,0xA9FD,0xA9FD,0xA9FD,0x89FD,0x89FD,
    0x89FD,0xA9FD,0xA9FD,0x89F5,0x89FD,0x89FD,0xA9FD,0x8AF5,0x8582,0x6038,0x8240,0xC348,
    0x8240,0x8140,0xA140,0xA240,0xC348,0xAAFD,0xAAFD,0xAAFD,0xAAFD,0xAAFD,0xAAFD,0xAAFD,
    0xAAFD,0xAAFD,0xAAFD,0xAAFD,0xAAFD,0xAAFD,0xAAFD,0xAAFD,0xAAFD,0xAAFD,0xAAFD,0xAAFD,
    0xAAFD,0xAAFD,0xAAFD,0xAAFD,0xAAFD,0xAAFD,0xAAFD,0xAAFD,0xAAFD,0xAAFD,0xAAFD,0xAAFD,
    0xAAFD,0xAAFD,0xAAFD,0xAAFD,0xAAFD,0xAAFD,0xAAFD,0xAAFD,0xAAFD,0xAAFD,0xAAFD,0xAAFD,
    0xAAFD,0xAAFD,0xAAFD,0xAAFD,0xAAFD,0xAAFD,0xAAFD,0xA9FD,0xAAFD,0xAAFD,0xAAFD,0xAAFD,
    0xAAFD,0xAAFD,0xAAFD,0xAAFD,0xAAFD,0xAAFD,0xAAFD,0xAAFD,0xAAFD,0xAAFD,0xAAFD,0xAAFD,
    0xAAFD,0xAAFD,0xAAFD,0xAAFD,0xAAFD,0xAAFD,0xAAFD,0xAAFD,0xAAFD,0xAAFD,0xAAFD,0xAAFD,
    0xAAFD,0xAAFD,0xAAFD,0xAAFD,0xAAFD,0xAAFD,0xAAFD,0xAAFD,0xAAFD,0xAAFD,0xAAFD,0xAAFD,
    0xAAFD,0xAAFD,0xAAFD,0xAAFD,0xAAFD,0xAAFD,0xAAFD,0xAAFD,0xAAFD,0xAAFD,0xAAFD,0xAAFD,
    0xAAFD,0xAAFD,0xAAFD,0xAAFD,0xAAFD,0xAAFD,0xAAFD,0xAAFD,0xAAFD,0xAAFD,0x6140,0x8240,
    0xC340,0x8238,0x4130,0x6582,0x8AF5,0xA9FD,0x69F5,0x89FD,0x89FD,0xA9FD,0xA9FD,0x89FD,
    0xA9FD,0x89FD,0xA9FD,0x89FD,0x89FD,0xA9FD,0xA9FD,0xA9FD,0xA9FD,0xA9FD,0xA9FD,0xA9FD,
    0xA9FD,0xA9FD,0xA9FD,0xA4E4,0x62E4,0x83EC,0x83E4,0x62EC,0xA5E4,0x4261,0x8240,0x6140,
    0x04A3,0x04FD,0xA2EC,0xA3EC,0xA3EC,0xA3EC,0xA3EC,0xA3EC,0xA3EC,0xA3EC,0xA3EC,0xA3EC,
    0xC3EC,0x22E4,0xC2DB,0xC2DB,0x44E4,0xE279,0xA340,0x6138,0xCE8B,0xFFFF,0xDFFF,0xFFFF,
    0xFFFF,0xFFFF,0xFFFF,0x896A,0x6138,0x6238,0x0693,0x8BFE,0x09F6,0x09F6,0x0AFE,0x25ED,
    0x81EC,0xA2EC,0xA3EC,0xA2EC,0xA2EC,0xA3EC,0xA3EC,0xA3EC,0xA3EC,0xA2EC,0x05F5,0x0382,
    0x8238,0x8240,0x438A,0xC4F4,0x62E4,0x62EC,0x62EC,0x62E4,0xE5EC,0xA9FD,0xA9FD,0xA9FD,
    0xA9FD,0x89FD,0x89FD,0xA9FD,0xA9FD,0xA9FD,0xA9FD,0xA9FD,0xA9FD,0x89FD,0x89FD,0x89FD,
    0xCAFD,0x6AED,0x6AED,0xCAFD,0x88FD,0x89FD,0x89FD,0xA9FD,0xEBFD,0x49C4,0xA369,0x8140,
    0x8240,0xE348,0xC348,0xE348,0xAAFD,0xAAFD,0xAAFD,0xAAFD,0xAAFD,0xAAFD,0xAAFD,0xAAFD,
    0xAAFD,0xAAFD,0xAAFD,0xAAFD,0xAAFD,0xAAFD,0xAAFD,0xAAFD,0xAAFD,0xAAFD,0xAAFD,0xAAFD,
    0xAAFD,0xAAFD,0xAAFD,0xAAFD,0xAAFD,0xAAFD,0xAAFD,0xAAFD,0xAAFD,0xAAFD,0xAAFD,0xAAFD,
    0xAAFD,0xAAFD,0xAAFD,0xAAFD,0xAAFD,0xAAFD,0xAAFD,0xAAFD,0xAAFD,0xAAFD,0xAAFD,0xAAFD,
    0xAAFD,0xAAFD,0xAAFD,0xAAFD,0xA9FD,0xAAFD,0xAAFD,0xAAFD,0xAAFD,0xAAFD,0xAAFD,0xAAFD,
    0xAAFD,0xAAFD,0xAAFD,0xAAFD,0xAAFD,0xAAFD,0xAAFD,0xAAFD,0xAAFD,0xAAFD,0xAAFD,0xAAFD,
    0xAAFD,0xAAFD,0xAAFD,0xAAFD,0xAAFD,0xAAFD,0xAAFD,0xAAFD,0xAAFD,0xAAFD,0xAAFD,0xAAFD,
    0xAAFD,0xAAFD,0xAAFD,0xAAFD,0xAAFD,0xAAFD,0xAAFD,0xAAFD,0xAAFD,0xAAFD,0xAAFD,0xAAFD,
    0xAAFD,0xAAFD,0xAAFD,0xAAFD,0xAAFD,0xAAFD,0xAAFD,0xAAFD,0xAAFD,0xAAFD,0xAAFD,0xAAFD,
    0xAAFD,0xAAFD,0xAAFD,0xAAFD,0xAAFD,0xAAFD,0xAAFD,0xAAFD,0xAAFD,0xAAFD,0xAAFD,0x8238,
    0x4130,0x6361,0x28C4,0xCAFD,0x88FD,0x88FD,0x89FD,0x68F5,0xC9FD,0x4AED,0x4AED,0xCAFD,
    0x89FD,0x89FD,0x89FD,0x89FD,0x89FD,0xA9FD,0xA9FD,0xA9FD,0x89FD,0x89FD,0xA9FD,0xA9FD,
    0x89FD,0x89FD,0xA9FD,0xE5EC,0x62E4,0x83EC,0x83EC,0x63E4,0xC4F4,0x2382,0x6238,0x8240,
    0x2382,0x04F5,0xA2EC,0xA3EC,0xA3EC,0xA3EC,0xA3EC,0xA3EC,0xA3EC,0xA3EC,0xA3EC,0xA3EC,
    0xA3EC,0x43E4,0xC2DB,0xE2DB,0x43E4,0x839A,0xA240,0x8240,0x696A,0xFFFF,0xFFFF,0xFFFF,
    0xFFFF,0xFFFF,0x9EF7,0x8651,0x8240,0x6138,0x08B4,0x8BFE,0x09F6,0x2AF6,0x09FE,0xE3EC,
    0xA2EC,0xA3EC,0xA3EC,0xA2EC,0xA3EC,0xA3EC,0xA3EC,0xA3EC,0xA3EC,0xC2EC,0xA5EC,0x4261,
    0xA238,0x8140,0x24B3,0xC3F4,0x62E4,0x62EC,0x62EC,0x62E4,0x27F5,0xA9FD,0xA9FD,0xA9FD,
    0xA9FD,0xA9FD,0xA9FD,0xA9FD,0xA9FD,0xA9FD,0xA9FD,0xA9FD,0x89FD,0xA9FD,0x89FD,0xCAFD,
    0x89D4,0x0251,0x0249,0x28C4,0x0AFE,0x88FD,0x89FD,0x89FD,0x89FD,0x0AFE,0xCBFD,0x89CC,
    0x457A,0xA240,0xE348,0x4138,0xAAFD,0xAAFD,0xAAFD,0xAAFD,0xAAFD,0xAAFD,0xAAFD,0xAAFD,
    0xAAFD,0xAAFD,0xAAFD,0xAAFD,0xAAFD,0xAAFD,0xAAFD,0xAAFD,0xAAFD,0xAAFD,0xAAFD,0xAAFD,
    0xAAFD,0xAAFD,0xAAFD,0xAAFD,0xAAFD,0xAAFD,0xAAFD,0xAAFD,0xAAFD,0xAAFD,0xAAFD,0xAAFD,
    0xAAFD,0xAAFD,0xAAFD,0xAAFD,0xAAFD,0xAAFD,0xAAFD,0xAAFD,0xAAFD,0xAAFD,0xAAFD,0xAAFD,
    0xAAFD,0xAAFD,0xAAFD,0xAAFD,0xAAFD,0xAAFD,0xAAFD,0xAAFD,0xAAFD,0xAAFD,0xAAFD,0xAAFD,
    0xAAFD,0xAAFD,0xAAFD,0xAAFD,0xAAFD,0xAAFD,0xAAFD,0xAAFD,0xAAFD,0xAAFD,0xAAFD,0x8AFD,
    0x8AFD,0xAAFD,0xAAFD,0xAAFD,0xAAFD,0xAAFD,0xAAFD,0xAAFD,0xAAFD,0xAAFD,0xAAFD,0xAAFD,
    0xAAFD,0xAAFD,0xAAFD,0xAAFD,0xAAFD,0xAAFD,0xAAFD,0xAAFD,0xAAFD,0xAAFD,0xAAFD,0xAAFD,
    0xAAFD,0xAAFD,0xAAFD,0xAAFD,0xAAFD,0xAAFD,0xAAFD,0xAAFD,0xAAFD,0xAAFD,0xAAFD,0xAAFD,
    0xAAFD,0xAAFD,0xAAFD,0xAAFD,0xAAFD,0xAAFD,0xAAFD,0xAAFD,0xAAFD,0xAAFD,0xAAFD,0x0572,
    0x69C4,0xAAFD,0xC9FD,0x68FD,0x89FD,0x89FD,0x68FD,0xEAFD,0x69CC,0x0251,0xE148,0x68CC,
    0xCAFD,0x89FD,0x89FD,0x89FD,0x89FD,0xA9FD,0xA9FD,0xA9FD,0xA9FD,0xA9FD,0xA9FD,0xA9FD,
    0xA9FD,0xA9FD,0xA9FD,0x26F5,0x63E4,0x83EC,0x63EC,0x63E4,0xE4F4,0x04AB,0x6140,0xA340,
    0x6269,0xC4EC,0xA2EC,0xA3EC,0xA3EC,0xA3EC,0xA3EC,0xA3EC,0xA3EC,0xA3EC,0xA3EC,0xA3EC,
    0xC3EC,0x63EC,0xE2DB,0xE2DB,0x43E4,0x24B3,0xA240,0xA340,0x6551,0x9DF7,0xFFFF,0xFFFF,
    0xFFFF,0xFFFF,0xDBE6,0xC340,0xA240,0xA140,0x0AD5,0x6AFE,0x0AF6,0x2AF6,0xE8F5,0xA2EC,
    0xA2EC,0xA2EC,0xA2EC,0xA3EC,0xA3EC,0xA3EC,0xA3EC,0xA3EC,0xA3EC,0xC3F4,0x45D4,0xC248,
    0xA340,0xA148,0xE4CB,0xC3F4,0x82EC,0x62EC,0x62EC,0x63E4,0x68FD,0xA9FD,0x89FD,0x89FD,
    0xA9FD,0xA9FD,0xA9FD,0xA9FD,0xA9FD,0xA9FD,0xA9FD,0xA9FD,0xA9FD,0x89FD,0x89FD,0xEBFD,
    0xC592,0x2128,0xA338,0x6138,0x469B,0xABF5,0xEAFD,0xC9FD,0xA9FD,0x69F5,0x68F5,0x2BFE,
    0xC68A,0x6138,0xA240,0xAAFD,0xAAFD,0xAAFD,0xAAFD,0xAAFD,0xAAFD,0xAAFD,0xAAFD,0xAAFD,
    0xAAFD,0xAAFD,0xAAFD,0xAAFD,0xAAFD,0xAAFD,0xAAFD,0xAAFD,0xAAFD,0xAAFD,0xAAFD,0xAAFD,
    0xAAFD,0xAAFD,0xAAFD,0xAAFD,0xAAFD,0xAAFD,0xAAFD,0xAAFD,0xAAFD,0xAAFD,0xAAFD,0xAAFD,
    0xAAFD,0xAAFD,0xAAFD,0xAAFD,0xAAFD,0xAAFD,0xAAFD,0xAAFD,0xAAFD,0xAAFD,0xAAFD,0xAAFD,
    0xAAFD,0xAAFD,0xAAFD,0xA9FD,0xAAFD,0xAAFD,0xAAFD,0xAAFD,0xAAFD,0xA9FD,0xAAFD,0xAAFD,
    0xAAFD,0xAAFD,0xAAFD,0xAAFD,0xAAFD,0xAAFD,0xAAFD,0xAAFD,0xAAFD,0xAAFD,0xAAFD,0xAAFD,
    0x8AFD,0xAAFD,0xAAFD,0xAAFD,0xAAFD,0xAAFD,0xAAFD,0xAAFD,0xAAFD,0xAAFD,0xAAFD,0xAAFD,
    0xAAFD,0xAAFD,0xAAFD,0xAAFD,0xAAFD,0xAAFD,0xAAFD,0xAAFD,0xAAFD,0xAAFD,0xAAFD,0xAAFD,
    0xAAFD,0xAAFD,0xAAFD,0xAAFD,0xAAFD,0xAAFD,0xAAFD,0xAAFD,0xAAFD,0xAAFD,0xAAFD,0xAAFD,
    0xAAFD,0xAAFD,0xAAFD,0xAAFD,0xAAFD,0xAAFD,0xAAFD,0xAAFD,0xAAFD,0xAAFD,0xAAFD,0xAAFD,
    0x0BFE,0x68F5,0x68F5,0x89FD,0x89FD,0xC9FD,0xCBFD,0x87AB,0x8138,0x8238,0x2130,0x447A,
    0x0BFE,0x89FD,0x89FD,0x89FD,0x89FD,0xA9FD,0xA9FD,0xA9FD,0xA9FD,0xA9FD,0xA9FD,0xA9FD,
    0x89FD,0xA9FD,0xA9FD,0x68FD,0x63E4,0x83EC,0x83EC,0x63EC,0xC3F4,0xC5C3,0xA148,0xA348,
    0xE250,0x44D4,0xC3F4,0xA3EC,0xA3EC,0xA3EC,0xA3EC,0xA3EC,0xA2EC,0xC2EC,0xA3EC,0xA3EC,
    0xC2EC,0x83EC,0xE2DB,0xE3DB,0x23E4,0xA4C3,0xC148,0xC348,0xC340,0xBADE,0xFFFF,0xFFFF,
    0xFFFF,0xFFFF,0xF7CD,0x6138,0xA340,0x0251,0xCBED,0x4AFE,0x0AF6,0x2AF6,0xA7F5,0x82EC,
    0xA2EC,0xA3EC,0xA2EC,0xA3EC,0xA3EC,0xA3EC,0xA3EC,0xA3EC,0x82EC,0xE3F4,0x84BB,0x8140,
    0xA340,0x0259,0x65DC,0xA2EC,0x83EC,0x83EC,0x62EC,0x83EC,0x89FD,0xA9FD,0xA9FD,0xA9FD,
    0xA9FD,0xA9FD,0x89FD,0xA9FD,0xA9FD,0xA9FD,0xA9FD,0xA9FD,0xA9FD,0x89FD,0x89FD,0xAAFD,
    0xA9D4,0xC140,0x8238,0xC340,0x4130,0x6361,0xC8B3,0x6BED,0xEBFD,0x0BFE,0x2BFE,0xC9DC,
    0x6138,0xC340,0x2028,0xAAFD,0xAAFD,0xAAFD,0xAAFD,0xAAFD,0xAAFD,0xAAFD,0xAAFD,0xAAFD,
    0xAAFD,0xAAFD,0xAAFD,0xAAFD,0xAAFD,0xAAFD,0xAAFD,0xAAFD,0xAAFD,0xAAFD,0xAAFD,0xAAFD,
    0xAAFD,0xAAFD,0xAAFD,0xAAFD,0xAAFD,0xAAFD,0xAAFD,0xAAFD,0xAAFD,0xAAFD,0xAAFD,0xAAFD,
    0xAAFD,0xAAFD,0xAAFD,0xAAFD,0xAAFD,0xAAFD,0xAAFD,0xAAFD,0xAAFD,0xAAFD,0xAAFD,0xAAFD,
    0xAAFD,0xAAFD,0xAAFD,0xAAFD,0xAAFD,0xAAFD,0xAAFD,0xAAFD,0xAAFD,0xAAFD,0xAAFD,0xAAFD,
    0xAAFD,0xAAFD,0xAAFD,0xAAFD,0xAAFD,0xAAFD,0x8AFD,0xAAFD,0xAAFD,0xAAFD,0xAAFD,0x8AFD,
    0x8AFD,0xAAFD,0xAAFD,0xAAFD,0xAAFD,0xAAFD,0xAAFD,0xAAFD,0xAAFD,0xAAFD,0xAAFD,0xAAFD,
    0xAAFD,0xAAFD,0xAAFD,0xAAFD,0xAAFD,0xAAFD,0xAAFD,0xAAFD,0xAAFD,0xAAFD,0xAAFD,0xAAFD,
    0xAAFD,0xAAFD,0xAAFD,0xAAFD,0xAAFD,0xAAFD,0xAAFD,0xAAFD,0xAAFD,0xAAFD,0xAAFD,0xAAFD,
    0xAAFD,0xAAFD,0xAAFD,0xAAFD,0xAAFD,0xAAFD,0xAAFD,0xAAFD,0xAAFD,0xAAFD,0xAAFD,0xAAFD,
    0x49CC,0x4BFE,0xEAFD,0xCAFD,0x6AF5,0x28C4,0xC469,0x4130,0xC340,0xA240,0x8140,0x69CC,
    0xCAFD,0x89FD,0x89FD,0x89FD,0xA9FD,0xA9FD,0xA9FD,0xA9FD,0xA9FD,0x89FD,0xA9FD,0xA9FD,
    0x89FD,0x89FD,0xA9FD,0x88FD,0x84EC,0x83EC,0x83EC,0x83EC,0xA3EC,0x65DC,0xE250,0xA348,
    0x8140,0x84BB,0xE3F4,0xA2EC,0xA3EC,0xA2EC,0xA3EC,0xA3EC,0xA3EC,0xA3EC,0xA3EC,0xA3EC,
    0xC2EC,0x83EC,0xE2DB,0xE3DB,0x02E4,0xE4D3,0x0259,0xC348,0x4138,0xB6BD,0xFFFF,0xDFFF,
    0xDFFF,0xFFFF,0x14B5,0x4138,0x8240,0xA361,0x2CFE,0x29F6,0x0AF6,0x2AFE,0x66F5,0x82EC,
    0xA3EC,0xA3EC,0xA3EC,0xA3EC,0xA3EC,0xA3EC,0xA3EC,0xA3EC,0x82EC,0xE4F4,0xC49A,0x6138,
    0x8238,0xA271,0xC5EC,0x82EC,0x83EC,0x83EC,0x62EC,0xC4EC,0xA9FD,0x89FD,0xA9FD,0xA9FD,
    0xA9FD,0xA9FD,0xA9FD,0xA9FD,0xA9FD,0xA9FD,0xA9FD,0xA9FD,0xA9FD,0xA9FD,0x89FD,0x89FD,
    0xEAFD,0xA9D4,0x0249,0x4130,0xC340,0xA240,0x6140,0x0251,0xE471,0x8582,0xE692,0xA361,
    0x8238,0x6238,0x8651,0xAAFD,0xAAFD,0xAAFD,0xAAFD,0xAAFD,0xAAFD,0xAAFD,0xAAFD,0xAAFD,
    0xAAFD,0xAAFD,0xAAFD,0xAAFD,0xAAFD,0xAAFD,0xAAFD,0xAAFD,0xAAFD,0xAAFD,0xAAFD,0xAAFD,
    0xAAFD,0xAAFD,0xAAFD,0xAAFD,0xAAFD,0xAAFD,0xAAFD,0xAAFD,0xAAFD,0xAAFD,0xAAFD,0xAAFD,
    0xAAFD,0xAAFD,0xAAFD,0xAAFD,0xAAFD,0xAAFD,0xAAFD,0xAAFD,0xAAFD,0xAAFD,0xAAFD,0xAAFD,
    0xAAFD,0xAAFD,0xAAFD,0xAAFD,0xAAFD,0xAAFD,0xAAFD,0xAAFD,0xAAFD,0xAAFD,0xAAFD,0xAAFD,
    0xAAFD,0xAAFD,0xAAFD,0xAAFD,0xAAFD,0xAAFD,0xAAFD,0xAAFD,0xAAFD,0xAAFD,0xAAFD,0xAAFD,
    0xAAFD,0xAAFD,0x8AFD,0xAAFD,0xAAFD,0xAAFD,0xAAFD,0xAAFD,0xAAFD,0xAAFD,0xAAFD,0xAAFD,
    0xAAFD,0xAAFD,0xAAFD,0xAAFD,0xAAFD,0xAAFD,0xAAFD,0xAAFD,0xAAFD,0xAAFD,0xAAFD,0xAAFD,
    0xAAFD,0xAAFD,0xAAFD,0xAAFD,0xAAFD,0xAAFD,0xAAFD,0xAAFD,0xAAFD,0xAAFD,0xAAFD,0xAAFD,
    0xAAFD,0xAAFD,0xAAFD,0xAAFD,0xAAFD,0xAAFD,0xAAFD,0xAAFD,0xAAFD,0xAAFD,0xAAFD,0xAAFD,
    0xA461,0x269B,0xA58A,0x247A,0x2259,0x6138,0x8238,0xC340,0x4130,0xE248,0x69C4,0x0BFE,
    0x89FD,0xA9FD,0xA9FD,0x89FD,0x89FD,0xA9FD,0xA9FD,0xA9FD,0xA9FD,0x89FD,0xA9FD,0xA9FD,
    0xA9FD,0x89FD,0x89FD,0x89FD,0xC4EC,0x63EC,0x83EC,0x83EC,0x83EC,0xA5EC,0x6269,0xA340,
    0x6138,0xC49A,0xE3F4,0x82EC,0xA3EC,0xA3EC,0xA3EC,0xC3EC,0xA3EC,0xA3EC,0xA3EC,0xC2EC,
    0xA2EC,0xA3EC,0xE2DB,0xE3DB,0xE2DB,0x24E4,0x4269,0xA348,0x4138,0xB2A4,0xFFFF,0xDFFF,
    0xDFFF,0xFFFF,0x1094,0x4138,0x8238,0x657A,0x6CFE,0x09F6,0x09F6,0x2AFE,0x25ED,0x82EC,
    0xA3EC,0xA3EC,0xA3EC,0xA3EC,0xA3EC,0xA3EC,0xA3EC,0xA3EC,0x82EC,0xE4F4,0x037A,0x6238,
    0x6238,0x6392,0xE4F4,0x82EC,0x83EC,0x83EC,0x62E4,0x05F5,0xA9FD,0x89FD,0xA9FD,0xA9FD,
    0xA9FD,0xA9FD,0xA9FD,0xA9FD,0xA9FD,0xA9FD,0xA9FD,0xA9FD,0xA9FD,0xA9FD,0x89FD,0xA9FD,
    0x89FD,0xCAFD,0x2AE5,0x247A,0x6138,0x6238,0xC348,0xC348,0x8240,0x8240,0x6138,0x8238,
    0xC340,0x0028,0xB2A4,0xAAFD,0xAAFD,0xAAFD,0xAAFD,0xAAFD,0xAAFD,0xAAFD,0xAAFD,0xAAFD,
    0xAAFD,0xAAFD,0xAAFD,0xAAFD,0xAAFD,0xAAFD,0xAAFD,0xAAFD,0xAAFD,0xAAFD,0xAAFD,0xAAFD,
    0xAAFD,0xAAFD,0xAAFD,0xAAFD,0xAAFD,0xAAFD,0xAAFD,0xAAFD,0xAAFD,0xAAFD,0xAAFD,0xAAFD,
    0xAAFD,0xAAFD,0xAAFD,0xAAFD,0xAAFD,0xAAFD,0xAAFD,0xAAFD,0xAAFD,0xAAFD,0xAAFD,0xAAFD,
    0xAAFD,0x8AFD,0xAAFD,0xAAFD,0xAAFD,0xAAFD,0xAAFD,0xAAFD,0xAAFD,0xAAFD,0xAAFD,0xAAFD,
    0xAAFD,0xAAFD,0xAAFD,0xAAFD,0xAAFD,0xAAFD,0xAAFD,0x8AFD,0x8AFD,0x8AFD,0xAAFD,0x8AFD,
    0xAAFD,0xAAFD,0x89FD,0xAAFD,0xAAFD,0xAAFD,0xAAFD,0xAAFD,0xAAFD,0xAAFD,0xAAFD,0xAAFD,
    0xAAFD,0xAAFD,0xAAFD,0xAAFD,0xAAFD,0xAAFD,0xAAFD,0xAAFD,0xAAFD,0xAAFD,0xAAFD,0xAAFD,
    0xAAFD,0xAAFD,0xAAFD,0xAAFD,0xAAFD,0xAAFD,0xAAFD,0xAAFD,0xAAFD,0xAAFD,0xAAFD,0xAAFD,
    0xAAFD,0xAAFD,0xAAFD,0xAAFD,0xAAFD,0xAAFD,0xAAFD,0xAAFD,0xAAFD,0xAAFD,0xAAFD,0xAAFD,
    0x8238,0x4130,0x6238,0x6238,0xA340,0xA340,0x8238,0x6138,0x247A,0x2AE5,0xEAFD,0x89FD,
    0xA9FD,0xA9FD,0xA9FD,0x89FD,0xA9FD,0xA9FD,0xA9FD,0xA9FD,0xA9FD,0xA9FD,0x89FD,0xA9FD,
    0xA9FD,0x89FD,0x89FD,0xA9FD,0xE6F4,0x63E4,0x83EC,0x83EC,0x83EC,0xE5F4,0x0382,0x6238,
    0x6238,0x0382,0xE4F4,0xA2EC,0xA3EC,0xA3EC,0xA3EC,0xA3EC,0xC3EC,0xA3EC,0xA3EC,0xA3EC,
    0xA2EC,0xA3EC,0x02E4,0xE3DB,0xE2DB,0x24E4,0xC371,0xA340,0x4138,0x8E8B,0xFFFF,0xDFFF,
    0xFFFF,0xFFFF,0x0C7B,0x4138,0x6138,0x068B,0x8CFE,0x09F6,0x2AF6,0x2AFE,0xE4EC,0x82EC,
    0xA3EC,0xA3EC,0xA3EC,0xA3EC,0xA3EC,0xA3EC,0xA3EC,0xA3EC,0x82EC,0xC4EC,0x6261,0x8238,
    0x6138,0xE3A2,0xC4F4,0x82EC,0x83EC,0x83EC,0x62E4,0x27F5,0xA9FD,0xA9FD,0x89FD,0xA9FD,
    0xA9FD,0xA9FD,0xA9FD,0xA9FD,0xA9FD,0x89FD,0xA9FD,0xA9FD,0xA9FD,0x89FD,0x89FD,0xA9FD,
    0x89FD,0x69FD,0xA9FD,0xEBFD,0x89CC,0x6482,0x0251,0x8140,0x6238,0x6138,0xA240,0xC348,
    0x8238,0xC338,0xAAFD,0xAAFD,0xAAFD,0xAAFD,0xAAFD,0xAAFD,0xAAFD,0xAAFD,0xAAFD,0xAAFD,
    0xAAFD,0xAAFD,0xAAFD,0xAAFD,0xAAFD,0xAAFD,0xAAFD,0xAAFD,0xAAFD,0xAAFD,0xAAFD,0xAAFD,
    0xAAFD,0xAAFD,0xAAFD,0xAAFD,0xAAFD,0xAAFD,0xAAFD,0xAAFD,0xAAFD,0xAAFD,0xAAFD,0xAAFD,
    0xAAFD,0xAAFD,0xAAFD,0xAAFD,0xAAFD,0xAAFD,0xAAFD,0xAAFD,0xAAFD,0xAAFD,0xAAFD,0xAAFD,
    0xAAFD,0xAAFD,0xAAFD,0xAAFD,0xAAFD,0xAAFD,0xAAFD,0xAAFD,0xAAFD,0xAAFD,0xAAFD,0xAAFD,
    0xAAFD,0xAAFD,0xAAFD,0xAAFD,0xAAFD,0xAAFD,0xAAFD,0xAAFD,0x8AFD,0xAAFD,0xAAFD,0xAAFD,
    0xAAFD,0xAAFD,0xAAFD,0xAAFD,0xAAFD,0xAAFD,0xAAFD,0xAAFD,0xAAFD,0xAAFD,0xAAFD,0xAAFD,
    0xAAFD,0xAAFD,0xAAFD,0xAAFD,0xAAFD,0xAAFD,0xAAFD,0xAAFD,0xAAFD,0xAAFD,0xAAFD,0xAAFD,
    0xAAFD,0xAAFD,0xAAFD,0xAAFD,0xAAFD,0xAAFD,0xAAFD,0xAAFD,0xAAFD,0xAAFD,0xAAFD,0xAAFD,
    0xAAFD,0xAAFD,0xAAFD,0xAAFD,0xAAFD,0xAAFD,0xAAFD,0xAAFD,0xAAFD,0xAAFD,0xAAFD,0xAAFD,
    0xAAFD,0xA340,0x6238,0x6238,0x8140,0x0251,0x4482,0x89CC,0xEBFD,0xA9FD,0x89FD,0x89FD,
    0xA9FD,0x89FD,0xA9FD,0x89FD,0x89FD,0xA9FD,0xA9FD,0xA9FD,0xA9FD,0xA9FD,0xA9FD,0xA9FD,
    0xA9FD,0x89FD,0x89FD,0xA9FD,0x27F5,0x63E4,0x83EC,0x83EC,0x83EC,0xE4F4,0xA39A,0x4138,
    0x8238,0x8269,0xC4EC,0xA2EC,0xA3EC,0xA3EC,0xA3EC,0xA3EC,0xC3EC,0xA3EC,0xA3EC,0xA2EC,
    0xA2EC,0xA3F4,0x02E4,0xE3DB,0xE2DB,0x44E4,0x238A,0x8240,0x4138,0xAB72,0xFFFF,0xFFFF,
    0xFFFF,0xFFFF,0x496A,0x6140,0x6138,0xA7A3,0x8BFE,0x09F6,0x2AF6,0xE9FD,0xC3EC,0xA2EC,
    0xA2EC,0xA3EC,0xA3EC,0xA3EC,0xA3EC,0xA3EC,0xA3EC,0xA3EC,0xA2F4,0x84E4,0xE250,0x8238,
    0x6138,0x64BB,0xA3F4,0x62EC,0x83EC,0x83EC,0x62E4,0x67F5,0xA9FD,0x89FD,0x89FD,0xA9FD,
    0xA9FD,0xA9FD,0xA9FD,0xA9FD,0xA9FD,0x89FD,0x89FD,0xA9FD,0xA9FD,0xA9FD,0xA9FD,0xA9FD,
    0x89FD,0x89FD,0x89FD,0x89FD,0xEAFD,0x0CFE,0x6BED,0x69CC,0x87AB,0x279B,0xA461,0xA240,
    0x4138,0x6A6A,0xAAFD,0xAAFD,0xAAFD,0xAAFD,0xAAFD,0xAAFD,0xAAFD,0xAAFD,0xAAFD,0xAAFD,
    0xAAFD,0xAAFD,0xAAFD,0xAAFD,0xAAFD,0xAAFD,0xAAFD,0xAAFD,0xAAFD,0xAAFD,0xAAFD,0xAAFD,
    0xAAFD,0xAAFD,0xAAFD,0xAAFD,0xAAFD,0xAAFD,0xAAFD,0xAAFD,0xAAFD,0xAAFD,0xAAFD,0xAAFD,
    0xAAFD,0xAAFD,0xAAFD,0xAAFD,0xAAFD,0xAAFD,0xAAFD,0xAAFD,0xAAFD,0xAAFD,0xAAFD,0xAAFD,
    0xAAFD,0xAAFD,0xAAFD,0xAAFD,0xAAFD,0xAAFD,0xAAFD,0xAAFD,0xAAFD,0xAAFD,0xAAFD,0xAAFD,
    0xAAFD,0xAAFD,0xAAFD,0xAAFD,0xAAFD,0xAAFD,0xAAFD,0xAAFD,0xAAFD,0xAAFD,0xAAFD,0xAAFD,
    0xAAFD,0xAAFD,0xAAFD,0xAAFD,0xAAFD,0xAAFD,0xAAFD,0xAAFD,0xAAFD,0xAAFD,0xAAFD,0xAAFD,
    0xAAFD,0xAAFD,0xAAFD,0xAAFD,0xAAFD,0xAAFD,0xAAFD,0xAAFD,0xAAFD,0xAAFD,0xAAFD,0xAAFD,
    0xAAFD,0xAAFD,0xAAFD,0xAAFD,0xAAFD,0xAAFD,0xAAFD,0xAAFD,0xAAFD,0xAAFD,0xAAFD,0xAAFD,
    0xAAFD,0xAAFD,0xAAFD,0xAAFD,0xAAFD,0xAAFD,0xAAFD,0xAAFD,0xAAFD,0xAAFD,0xAAFD,0xAAFD,
    0xAAFD,0x8461,0x269B,0x87AB,0x69CC,0x6BED,0x0BFE,0xEAFD,0x89FD,0x89FD,0x89FD,0x89FD,
    0x89FD,0x89FD,0xA9FD,0xA9FD,0xA9FD,0xA9FD,0xA9FD,0xA9FD,0xA9FD,0xA9FD,0xA9FD,0xA9FD,
    0x89FD,0x89FD,0x89FD,0xA9FD,0x68FD,0x63E4,0x83EC,0x83EC,0x83EC,0xC3F4,0x44B3,0x6138,
    0xA240,0x0251,0x84E4,0xA2EC,0xA3EC,0xA3EC,0xA3EC,0xA3EC,0xA3EC,0xA3EC,0xA3EC,0xA3EC,
    0xA2EC,0xC3F4,0x22E4,0xE2DB,0xE2DB,0x44E4,0x839A,0x8238,0x6238,0x0862,0xFFFF,0xFFFF,
    0xFFFF,0xDFFF,0xC659,0x8240,0x6138,0x49BC,0x8BFE,0x09F6,0x2AFE,0xC8F5,0xA3EC,0xA2EC,
    0xA3EC,0xA3EC,0xA3EC,0xA3EC,0xA3EC,0xA3EC,0xA3EC,0xA3EC,0xC2F4,0x04CC,0x8140,0xA338,
    0x8140,0xC4CB,0x82EC,0x83EC,0x83EC,0x83EC,0x83E4,0x88FD,0xA9FD,0x89FD,0xA9FD,0xA9FD,
    0xA9FD,0xA9FD,0x89FD,0x89FD,0x89FD,0x89FD,0x89FD,0xA9FD,0x89FD,0x89FD,0x89FD,0x89FD,
    0x89FD,0x89FD,0x89FD,0xA9FD,0x89FD,0xA9FD,0xCAFD,0x0BFE,0x0BFE,0x4EFE,0x247A,0x8240,
    0x2030,0x509C,0xAAFD,0xAAFD,0xAAFD,0xAAFD,0xAAFD,0xAAFD,0xAAFD,0xAAFD,0xAAFD,0xAAFD,
    0xAAFD,0xAAFD,0xAAFD,0xAAFD,0xAAFD,0xAAFD,0xAAFD,0xAAFD,0xAAFD,0xAAFD,0xAAFD,0xAAFD,
    0xAAFD,0xAAFD,0xAAFD,0xAAFD,0xAAFD,0xAAFD,0xAAFD,0xAAFD,0xAAFD,0xAAFD,0xAAFD,0xAAFD,
    0xAAFD,0xAAFD,0xAAFD,0xAAFD,0xAAFD,0xAAFD,0xAAFD,0xAAFD,0xAAFD,0xAAFD,0xAAFD,0xAAFD,
    0xAAFD,0xAAFD,0xAAFD,0xAAFD,0xAAFD,0xAAFD,0xAAFD,0xAAFD,0xAAFD,0xAAFD,0xAAFD,0xAAFD,
    0xAAFD,0xAAFD,0x8AFD,0x8AFD,0x8AFD,0x8AFD,0x8AFD,0x8AFD,0x8AFD,0x8AFD,0x8AFD,0xAAFD,
    0xAAFD,0x8AFD,0xAAFD,0xAAFD,0xAAFD,0xAAFD,0xAAFD,0xAAFD,0xAAFD,0xAAFD,0xAAFD,0xAAFD,
    0xAAFD,0xAAFD,0xAAFD,0xAAFD,0xAAFD,0xAAFD,0xAAFD,0xAAFD,0xAAFD,0xAAFD,0xAAFD,0xAAFD,
    0xAAFD,0xAAFD,0xAAFD,0xAAFD,0xAAFD,0xAAFD,0xAAFD,0xAAFD,0xAAFD,0xAAFD,0xAAFD,0xAAFD,
    0xAAFD,0xAAFD,0xAAFD,0xAAFD,0xAAFD,0xAAFD,0xAAFD,0xAAFD,0xAAFD,0xAAFD,0xAAFD,0xAAFD,
    0xAAFD,0x047A,0x6DFE,0x0BFE,0xEBFD,0xCAFD,0x89FD,0x89FD,0xA9FD,0x89FD,0x89FD,0x89FD,
    0xA9FD,0xA9FD,0xA9FD,0xA9FD,0xA9FD,0xA9FD,0xA9FD,0xA9FD,0xA9FD,0xA9FD,0xA9FD,0x89FD,
    0x89FD,0x89FD,0x89FD,0xA9FD,0x88FD,0x83EC,0x83EC,0x83EC,0x83EC,0xA3F4,0xC4C3,0x8140,
    0xA340,0xA148,0x44D4,0xC2F4,0xA2EC,0xA3EC,0xA3EC,0xA3EC,0xC3EC,0xA3EC,0xA3EC,0xA3EC,
    0xA2EC,0xC3EC,0x23E4,0xC2DB,0xE2DB,0x23E4,0xE4AA,0x6238,0x6240,0x6651,0x9EF7,0xFFFF,
    0xFFFF,0x7DF7,0x4551,0x8240,0x8140,0xCACC,0x6BFE,0x09F6,0x2AFE,0xA8F5,0xA2EC,0xA2EC,
    0xA3EC,0xA3EC,0xA3EC,0xA3EC,0xA3F4,0xA3EC,0xA3EC,0xA2EC,0xC2F4,0xA5C3,0x6138,0xA238,
    0xC148,0x24DC,0x82EC,0x82EC,0x83EC,0x83EC,0xA4EC,0x89FD,0xA9FD,0x89FD,0xA9FD,0x89FD,
    0xA9FD,0xA9FD,0x89FD,0x89FD,0x89FD,0x89FD,0xA9FD,0xA9FD,0x89FD,0x89FD,0x89FD,0x89FD,
    0xA9FD,0xA9FD,0x89FD,0xA9FD,0xA9FD,0xA9FD,0xA9FD,0x89FD,0xA9FD,0x6BED,0x2251,0xA340,
    0x4130,0x75BD,0xAAFD,0xAAFD,0xAAFD,0xAAFD,0xAAFD,0xAAFD,0xAAFD,0xAAFD,0xAAFD,0xAAFD,
    0xAAFD,0xAAFD,0xAAFD,0xAAFD,0xAAFD,0xAAFD,0xAAFD,0xAAFD,0xAAFD,0xAAFD,0xAAFD,0xAAFD,
    0xAAFD,0xAAFD,0xAAFD,0xAAFD,0xAAFD,0xAAFD,0xAAFD,0xAAFD,0xAAFD,0xAAFD,0xAAFD,0xAAFD,
    0xAAFD,0xAAFD,0xAAFD,0xAAFD,0xAAFD,0xAAFD,0xAAFD,0xAAFD,0xAAFD,0xAAFD,0xAAFD,0xAAFD,
    0xAAFD,0xAAFD,0xAAFD,0xAAFD,0xAAFD,0xAAFD,0xAAFD,0xAAFD,0xAAFD,0xAAFD,0xAAFD,0xAAFD,
    0xAAFD,0x8AFD,0x8AFD,0xAAFD,0xAAFD,0xAAFD,0xAAFD,0x8AFD,0x8AFD,0xAAFD,0xAAFD,0x8AFD,
    0xAAFD,0xAAFD,0xAAFD,0xAAFD,0xAAFD,0xAAFD,0xAAFD,0xAAFD,0xAAFD,0xAAFD,0xAAFD,0xAAFD,
    0xAAFD,0xAAFD,0xAAFD,0xAAFD,0xAAFD,0xAAFD,0xAAFD,0xAAFD,0xAAFD,0xAAFD,0xAAFD,0xAAFD,
    0xAAFD,0xAAFD,0xAAFD,0xAAFD,0xAAFD,0xAAFD,0xAAFD,0xAAFD,0xAAFD,0xAAFD,0xAAFD,0xAAFD,
    0xAAFD,0xAAFD,0xAAFD,0xAAFD,0xAAFD,0xAAFD,0xAAFD,0xAAFD,0xAAFD,0xAAFD,0xAAFD,0xAAFD,
    0xAAFD,0x2259,0x6BED,0xA9FD,0x89FD,0xAAFD,0xAAFD,0xA9FD,0xA9FD,0xA9FD,0xA9FD,0xA9FD,
    0xA9FD,0xA9FD,0xA9FD,0xA9FD,0xA9FD,0xA9FD,0x89FD,0xA9FD,0xA9FD,0xA9FD,0x89FD,0x89FD,
    0x89FD,0x89FD,0x89FD,0xA9FD,0x89FD,0xA4EC,0x63EC,0x83EC,0x63EC,0x82EC,0x25D4,0xC248,
    0xA240,0x8140,0xC4C3,0xE2F4,0xA2EC,0xA3EC,0xA3EC,0xA3EC,0xA3EC,0xA3EC,0xA3EC,0xA3EC,
    0xA3EC,0xC3EC,0x23E4,0xC2DB,0xE2DB,0x23E4,0x24BB,0x8240,0x8240,0xE440,0x3CEF,0xFFFF,
    0xFFFF,0x1CEF,0xE348,0xA240,0xC148,0x4ADD,0x6AFE,0x09F6,0x2AFE,0x87F5,0x82EC,0xA2EC,
    0xA3EC,0xA3EC,0xA3EC,0xA3EC,0xA3EC,0xA3EC,0xA3EC,0xA2EC,0xE3F4,0x44AB,0x6138,0x8238,
    0x0259,0x64E4,0x82EC,0x62EC,0x83EC,0x62EC,0xC4EC,0xA9FD,0xA9FD,0xA9FD,0xA9FD,0x89FD,
    0x89FD,0xA9FD,0xA9FD,0x89FD,0xA9FD,0xA9FD,0xA9FD,0xA9FD,0x89FD,0xA9FD,0x89FD,0x89FD,
    0x89FD,0xA9FD,0xA9FD,0xA9FD,0xA9FD,0xA9FD,0xA9FD,0xA9FD,0xCAFD,0x0AE5,0xC248,0xA240,
    0x8238,0x79D6,0xAAFD,0xAAFD,0xAAFD,0xAAFD,0xAAFD,0xAAFD,0xAAFD,0xAAFD,0xAAFD,0xAAFD,
    0xAAFD,0xAAFD,0xAAFD,0xAAFD,0xAAFD,0xAAFD,0xAAFD,0xAAFD,0xAAFD,0xAAFD,0xAAFD,0xAAFD,
    0xAAFD,0xAAFD,0xAAFD,0xAAFD,0xAAFD,0xAAFD,0xAAFD,0xAAFD,0xAAFD,0xAAFD,0xAAFD,0xAAFD,
    0xAAFD,0xAAFD,0xAAFD,0xAAFD,0xAAFD,0xAAFD,0xAAFD,0xAAFD,0xAAFD,0xAAFD,0xAAFD,0xAAFD,
    0xAAFD,0xAAFD,0xAAFD,0xAAFD,0xAAFD,0xAAFD,0xAAFD,0xAAFD,0xAAFD,0xAAFD,0x8AFD,0xAAFD,
    0xAAFD,0xAAFD,0xAAFD,0xAAFD,0xAAFD,0xAAFD,0xAAFD,0xAAFD,0x8AFD,0xAAFD,0xAAFD,0xAAFD,
    0xAAFD,0xAAFD,0xAAFD,0xAAFD,0xAAFD,0xAAFD,0xAAFD,0xAAFD,0xAAFD,0xAAFD,0xAAFD,0xAAFD,
    0xAAFD,0xAAFD,0xAAFD,0xAAFD,0xAAFD,0xAAFD,0xAAFD,0xAAFD,0xAAFD,0xAAFD,0xAAFD,0xAAFD,
    0xAAFD,0xAAFD,0xAAFD,0xAAFD,0xAAFD,0xAAFD,0xAAFD,0xAAFD,0xAAFD,0xAAFD,0xAAFD,0xAAFD,
    0xAAFD,0xAAFD,0xAAFD,0xAAFD,0xAAFD,0xAAFD,0xAAFD,0xAAFD,0xAAFD,0xAAFD,0xAAFD,0xAAFD,
    0xAAFD,0xE248,0x0AE5,0xEAFD,0xA9FD,0xAAFD,0xAAFD,0xAAFD,0xA9FD,0xA9FD,0xA9FD,0xA9FD,
    0xA9FD,0xA9FD,0xA9FD,0xA9FD,0xA9FD,0xA9FD,0x89FD,0x89FD,0x89FD,0x89FD,0xA9FD,0xA9FD,
    0x89FD,0xA9FD,0xA9FD,0xA9FD,0xA9FD,0xC5EC,0x63EC,0x63EC,0x63EC,0x82EC,0x65E4,0x0259,
    0x8238,0x6138,0x64B3,0xE3F4,0xA2EC,0xA2EC,0xA3EC,0xA3EC,0xA3EC,0xA3EC,0xC3EC,0xA3EC,
    0xA2EC,0xC3EC,0x42E4,0xC2DB,0xE2DB,0x03E4,0x64C3,0xA248,0xA340,0xA238,0xDBE6,0xFFFF,
    0xFFFF,0x9ADE,0xA240,0xA240,0xE250,0x8BE5,0x4AFE,0x09F6,0x2AFE,0x46F5,0x82EC,0xA2EC,
    0xA3EC,0xA3EC,0xA3EC,0xA3EC,0xA3EC,0xA3EC,0xA3EC,0xA2EC,0xE3FC,0xC39A,0x4130,0x8238,
    0x6261,0x84EC,0x62EC,0x63EC,0x63EC,0x62EC,0xE5EC,0xA9FD,0xA9FD,0xA9FD,0xA9FD,0x89FD,
    0x89FD,0x89FD,0x89FD,0x89FD,0x89FD,0x89FD,0x89FD,0xA9FD,0x89FD,0x89FD,0x89FD,0x89FD,
    0xA9FD,0xA9FD,0xA9FD,0xA9FD,0xA9FD,0xA9FD,0xA9FD,0x89FD,0xEAFD,0xA9D4,0x8140,0xA240,
    0xE340,0x1BE7,0xAAFD,0xAAFD,0xAAFD,0xAAFD,0xAAFD,0xAAFD,0xAAFD,0xAAFD,0xAAFD,0xAAFD,
    0xAAFD,0xAAFD,0xAAFD,0xAAFD,0xAAFD,0xAAFD,0xAAFD,0xAAFD,0xAAFD,0xAAFD,0xAAFD,0xAAFD,
    0xAAFD,0xAAFD,0xAAFD,0xAAFD,0xAAFD,0xAAFD,0xAAFD,0xAAFD,0xAAFD,0xAAFD,0xAAFD,0xAAFD,
    0xAAFD,0xAAFD,0xAAFD,0xAAFD,0xAAFD,0xAAFD,0xAAFD,0xAAFD,0xAAFD,0xAAFD,0xAAFD,0xAAFD,
    0xAAFD,0xAAFD,0xAAFD,0xAAFD,0xAAFD,0xAAFD,0xAAFD,0xAAFD,0x8AFD,0xAAFD,0xAAFD,0xAAFD,
    0x8AFD,0x8AFD,0x8AFD,0x8AFD,0x8AFD,0x8AFD,0x8AFD,0x8AFD,0xAAFD,0xAAFD,0xAAFD,0xAAFD,
    0xAAFD,0x8AFD,0xAAFD,0xAAFD,0xAAFD,0xAAFD,0xAAFD,0xAAFD,0xAAFD,0xAAFD,0xAAFD,0xAAFD,
    0xAAFD,0xAAFD,0xAAFD,0xAAFD,0xAAFD,0xAAFD,0xAAFD,0xAAFD,0xAAFD,0xAAFD,0xAAFD,0xAAFD,
    0xAAFD,0xAAFD,0xAAFD,0xAAFD,0xAAFD,0xAAFD,0xAAFD,0xAAFD,0xAAFD,0xAAFD,0xAAFD,0xAAFD,
    0xAAFD,0xAAFD,0xAAFD,0xAAFD,0xAAFD,0xAAFD,0xAAFD,0xAAFD,0xAAFD,0xAAFD,0xAAFD,0xAAFD,
    0xAAFD,0x8140,0x89D4,0xEAFD,0x8AFD,0xAAFD,0xAAFD,0xAAFD,0xA9FD,0x89FD,0xA9FD,0xA9FD,
    0xA9FD,0xA9FD,0x89FD,0xA9FD,0xA9FD,0xA9FD,0x89FD,0xA9FD,0xA9FD,0x89FD,0x89FD,0x89FD,
    0x89FD,0xA9FD,0x89FD,0x89FD,0xA9FD,0xE5EC,0x62EC,0x63EC,0x62EC,0x62EC,0x84EC,0x6261,
    0x8238,0x6138,0xE3A2,0x03F5,0xA2EC,0xA2EC,0xA3EC,0xA3EC,0xA3EC,0xA3EC,0xA3EC,0xA2EC,
    0xA2EC,0xA3EC,0x43E4,0xE2DB,0xE3DB,0x03E4,0xA4CB,0xC248,0xA340,0x6130,0x38D6,0xFFFF,
    0xFFFF,0x17CE,0x6138,0xA240,0x2351,0xCBED,0x49FE,0x09FE,0x2AFE,0x25ED,0x82EC,0xA2EC,
    0xA2EC,0xA3EC,0xA3EC,0xA3EC,0xA3EC,0xA3EC,0xA3EC,0xA2EC,0xE4F4,0x638A,0x6130,0x6238,
    0xA271,0xA4EC,0x62EC,0x63EC,0x63EC,0x62EC,0x06F5,0xA9FD,0x89FD,0xA9FD,0xA9FD,0xA9FD,
    0x89FD,0x89FD,0x89FD,0x89FD,0x89FD,0x89FD,0x89FD,0xA9FD,0x89FD,0x89FD,0x89FD,0xA9FD,
    0x89FD,0xA9FD,0xA9FD,0xA9FD,0xA9FD,0xA9FD,0xA9FD,0x89FD,0xEAFD,0x68CC,0x8138,0x8238,
    0x0441,0x3CEF,0xAAFD,0xAAFD,0xAAFD,0xAAFD,0xAAFD,0xAAFD,0xAAFD,0xAAFD,0xAAFD,0xAAFD,
    0xAAFD,0xAAFD,0xAAFD,0xAAFD,0xAAFD,0xAAFD,0xAAFD,0xAAFD,0xAAFD,0xAAFD,0xAAFD,0xAAFD,
    0xAAFD,0xAAFD,0xAAFD,0xAAFD,0xAAFD,0xAAFD,0xAAFD,0xAAFD,0xAAFD,0xAAFD,0xAAFD,0xAAFD,
    0xAAFD,0xAAFD,0xAAFD,0xAAFD,0xAAFD,0xAAFD,0xAAFD,0xAAFD,0xAAFD,0xAAFD,0xAAFD,0xAAFD,
    0xAAFD,0xAAFD,0xAAFD,0xAAFD,0xAAFD,0xAAFD,0xAAFD,0xAAFD,0xAAFD,0xAAFD,0xAAFD,0xAAFD,
    0x8AFD,0x8AFD,0x8AFD,0x8AFD,0x8AFD,0xAAFD,0xAAFD,0xAAFD,0xAAFD,0xAAFD,0xA9FD,0xAAFD,
    0xAAFD,0xAAFD,0xAAFD,0xAAFD,0xAAFD,0xAAFD,0xAAFD,0xAAFD,0xAAFD,0xAAFD,0xAAFD,0xAAFD,
    0xAAFD,0xAAFD,0xAAFD,0xAAFD,0xAAFD,0xAAFD,0xAAFD,0xAAFD,0xAAFD,0xAAFD,0xAAFD,0xAAFD,
    0xAAFD,0xAAFD,0xAAFD,0xAAFD,0xAAFD,0xAAFD,0xAAFD,0xAAFD,0xAAFD,0xAAFD,0xAAFD,0xAAFD,
    0xAAFD,0xAAFD,0xAAFD,0xAAFD,0xAAFD,0xAAFD,0xAAFD,0xAAFD,0xAAFD,0xAAFD,0xAAFD,0xAAFD,
    0xAAFD,0x6140,0x48CC,0xEAFD,0x89FD,0xAAFD,0xAAFD,0xA9FD,0xA9FD,0xA9FD,0xA9FD,0xA9FD,
    0x89FD,0xA9FD,0xA9FD,0x89FD,0x89FD,0xA9FD,0xA9FD,0x89FD,0x89FD,0xA9FD,0xA9FD,0x89FD,
    0x89FD,0xA9FD,0xA9FD,0xA9FD,0xA9FD,0x06F5,0x62E4,0x62EC,0x63EC,0x62E4,0xA4EC,0xC271,
    0x8238,0x6138,0x839A,0x04FD,0xA2EC,0xA3EC,0xA3EC,0xA3EC,0xA3EC,0xA3EC,0xA2EC,0xA2EC,
    0xA2EC,0xC2EC,0x43E4,0xC2DB,0xE3DB,0xE2DB,0xC4D3,0xE250,0xA340,0x4130,0xB6C5,0xFFFF,
    0xFFFF,0x75BD,0x4138,0x8240,0x6359,0x0BF6,0x29FE,0x09FE,0x0AFE,0x04ED,0xA2EC,0xA2EC,
    0xA3EC,0xA3EC,0xA3EC,0xA3EC,0xA3EC,0xA3EC,0xA3EC,0xA2EC,0xE4F4,0x2382,0x6238,0x6238,
    0x0382,0xA4EC,0x62EC,0x63EC,0x62EC,0x62E4,0x06F5,0xA9FD,0xA9FD,0xA9FD,0xA9FD,0xA9FD,
    0x89FD,0xA9FD,0x89FD,0x89FD,0xA9FD,0xA9FD,0x89FD,0x89FD,0xA9FD,0x89FD,0xA9FD,0xA9FD,
    0x89FD,0xA9FD,0x89FD,0x89FD,0xA9FD,0xA9FD,0xA9FD,0x89FD,0xC9FD,0x88CC,0x8138,0x8238,
    0xE340,0x1CEF,0xAAFD,0xAAFD,0xAAFD,0xAAFD,0xAAFD,0xAAFD,0xAAFD,0xAAFD,0xAAFD,0xAAFD,
    0xAAFD,0xAAFD,0xAAFD,0xAAFD,0xAAFD,0xAAFD,0xAAFD,0xAAFD,0xAAFD,0xAAFD,0xAAFD,0xAAFD,
    0xAAFD,0xAAFD,0xAAFD,0xAAFD,0xAAFD,0xAAFD,0xAAFD,0xAAFD,0xAAFD,0xAAFD,0xAAFD,0xAAFD,
    0xAAFD,0xAAFD,0xAAFD,0xAAFD,0xAAFD,0xAAFD,0xAAFD,0xAAFD,0xAAFD,0xAAFD,0xAAFD,0xAAFD,
    0xAAFD,0xAAFD,0xAAFD,0xAAFD,0xAAFD,0xAAFD,0xAAFD,0xAAFD,0xAAFD,0xAAFD,0xAAFD,0xAAFD,
    0x8AFD,0xAAFD,0xAAFD,0x8AFD,0xAAFD,0xAAFD,0xAAFD,0xAAFD,0x8AFD,0xAAFD,0xAAFD,0xAAFD,
    0x8AFD,0x8AFD,0xAAFD,0xAAFD,0xAAFD,0xAAFD,0xAAFD,0xAAFD,0xAAFD,0xAAFD,0xAAFD,0xAAFD,
    0xAAFD,0xAAFD,0xAAFD,0xAAFD,0xAAFD,0xAAFD,0xAAFD,0xAAFD,0xAAFD,0xAAFD,0xAAFD,0xAAFD,
    0xAAFD,0xAAFD,0xAAFD,0xAAFD,0xAAFD,0xAAFD,0xAAFD,0xAAFD,0xAAFD,0xAAFD,0xAAFD,0xAAFD,
    0xAAFD,0xAAFD,0xAAFD,0xAAFD,0xAAFD,0xAAFD,0xAAFD,0xAAFD,0xAAFD,0xAAFD,0xAAFD,0xAAFD,
    0xAAFD,0x6138,0x48C4,0xEAFD,0x89FD,0xAAFD,0xAAFD,0xA9FD,0xA9FD,0xA9FD,0xA9FD,0xA9FD,
    0x89FD,0xA9FD,0xA9FD,0xA9FD,0xA9FD,0xA9FD,0xA9FD,0xA9FD,0x89FD,0xA9FD,0xA9FD,0x89FD,
    0x89FD,0xA9FD,0xA9FD,0x89FD,0xA9FD,0x06F5,0x62E4,0x62EC,0x63EC,0x62E4,0xC4EC,0x2382,
    0x8238,0x6238,0x438A,0xE4F4,0xA2EC,0xA3EC,0xA3EC,0xA3EC,0xA3EC,0xA3EC,0xA3EC,0xA3EC,
    0xA2EC,0xC2F4,0x43E4,0xC2DB,0xE3DB,0xE2DB,0xE4D3,0x2259,0xA340,0x2130,0x55B5,0xFFFF,
    0xFFFF,0xF3B4,0x2130,0x8240,0xA369,0x2BFE,0x29FE,0x09F6,0x09FE,0xC4EC,0xA2EC,0xA2EC,
    0xA3EC,0xA3EC,0xA3EC,0xA3EC,0xA3EC,0xA3EC,0xA3EC,0xA2EC,0xE4F4,0xE279,0x8238,0x6238,
    0x6392,0xA4EC,0x62E4,0x63EC,0x83EC,0x62E4,0x27F5,0xA9FD,0xA9FD,0xA9FD,0xA9FD,0xA9FD,
    0xA9FD,0x89FD,0x89FD,0x89FD,0x89FD,0xA9FD,0xA9FD,0xA9FD,0xA9FD,0xA9FD,0xA9FD,0xA9FD,
    0xA9FD,0xA9FD,0xA9FD,0xA9FD,0xA9FD,0x89FD,0x89FD,0x89FD,0xC9FD,0xC9D4,0x8138,0x8238,
    0x8238,0x9ADE,0xAAFD,0xAAFD,0xAAFD,0xAAFD,0xAAFD,0xAAFD,0xAAFD,0xAAFD,0xAAFD,0xAAFD,
    0xAAFD,0xAAFD,0xAAFD,0xAAFD,0xAAFD,0xAAFD,0xAAFD,0xAAFD,0xAAFD,0xAAFD,0xAAFD,0xAAFD,
    0xAAFD,0xAAFD,0xAAFD,0xAAFD,0xAAFD,0xAAFD,0xAAFD,0xAAFD,0xAAFD,0xAAFD,0xAAFD,0xAAFD,
    0xAAFD,0xAAFD,0xAAFD,0xAAFD,0xAAFD,0xAAFD,0xAAFD,0xAAFD,0xAAFD,0xAAFD,0xAAFD,0xAAFD,
    0xAAFD,0xAAFD,0x8AFD,0xAAFD,0xAAFD,0xAAFD,0xAAFD,0x8AFD,0xAAFD,0xAAFD,0xAAFD,0x8AFD,
    0xAAFD,0x8AFD,0xAAFD,0xAAFD,0xAAFD,0xAAFD,0xAAFD,0xAAFD,0xAAFD,0xAAFD,0x8AFD,0xAAFD,
    0xAAFD,0xAAFD,0xAAFD,0xAAFD,0xAAFD,0xAAFD,0xAAFD,0xAAFD,0xAAFD,0xAAFD,0xAAFD,0xAAFD,
    0xAAFD,0xAAFD,0xAAFD,0xAAFD,0xAAFD,0xAAFD,0xAAFD,0xAAFD,0xAAFD,0xAAFD,0xAAFD,0xAAFD,
    0xAAFD,0xAAFD,0xAAFD,0xAAFD,0xAAFD,0xAAFD,0xAAFD,0xAAFD,0xAAFD,0xAAFD,0xAAFD,0xAAFD,
    0xAAFD,0xAAFD,0xAAFD,0xAAFD,0xAAFD,0xAAFD,0xAAFD,0xAAFD,0xAAFD,0xAAFD,0xAAFD,0xAAFD,
    0xAAFD,0x8138,0xA9D4,0xC9FD,0x89FD,0x8AFD,0xA9FD,0xA9FD,0xA9FD,0xA9FD,0xA9FD,0xA9FD,
    0xA9FD,0xA9FD,0xA9FD,0xA9FD,0xA9FD,0x89FD,0x89FD,0xA9FD,0x89FD,0x89FD,0x89FD,0x89FD,
    0xA9FD,0xA9FD,0xA9FD,0x89FD,0xAAFD,0x27F5,0x42E4,0x62EC,0x63EC,0x62E4,0xC4F4,0x8392,
    0x8238,0x8238,0xE279,0xE4F4,0xA2EC,0xA2EC,0xA3EC,0xA3EC,0xA3EC,0xA3EC,0xA3EC,0xA3EC,
    0xA2EC,0xA3F4,0x43E4,0xC2DB,0xE2DB,0xE2DB,0x04DC,0x4269,0x8340,0x2030,0xF3AC,0xFFFF,
    0xFFFF,0xD3AC,0x2030,0x8238,0xE471,0x4BFE,0x09FE,0x09F6,0xE8F5,0xC3EC,0xA2EC,0xA3EC,
    0xA3EC,0xA3EC,0xA3EC,0xA3EC,0xA3EC,0xA3EC,0xC3EC,0xA2EC,0xE4F4,0xA271,0x8238,0x6138,
    0xA39A,0xC3F4,0x62E4,0x63EC,0x83EC,0x63E4,0x27F5,0xA9FD,0x89FD,0x89FD,0x89FD,0x89FD,
    0x89FD,0x89FD,0x89FD,0x89FD,0x89FD,0x89FD,0x89FD,0x89FD,0x89FD,0xA9FD,0xA9FD,0xA9FD,
    0xA9FD,0xA9FD,0xA9FD,0xA9FD,0xA9FD,0xA9FD,0x89FD,0x89FD,0xA9FD,0x2AED,0xE248,0x8238,
    0x4130,0xD7C5,0xFFFF,0xAAFD,0xAAFD,0xAAFD,0xAAFD,0xAAFD,0xAAFD,0xAAFD,0xAAFD,0xAAFD,
    0xAAFD,0xA340,0xA340,0xA340,0xAAFD,0xAAFD,0xAAFD,0xAAFD,0xAAFD,0xAAFD,0xAAFD,0xAAFD,
    0xAAFD,0xAAFD,0xAAFD,0xAAFD,0xAAFD,0xAAFD,0xAAFD,0xAAFD,0xAAFD,0xAAFD,0xAAFD,0xA340,
    0xA340,0xAAFD,0xAAFD,0xAAFD,0xAAFD,0xAAFD,0xAAFD,0xAAFD,0xAAFD,0xAAFD,0xAAFD,0xAAFD,
    0xAAFD,0xAAFD,0xAAFD,0xAAFD,0x8AFD,0xAAFD,0xAAFD,0x8AFD,0x8AFD,0x8AFD,0xAAFD,0x8AFD,
    0x8AFD,0x8AFD,0x8AFD,0x8AFD,0x8AFD,0xAAFD,0xA9FD,0xAAFD,0xAAFD,0xAAFD,0xAAFD,0xAAFD,
    0xAAFD,0xAAFD,0x8AFD,0xAAFD,0xAAFD,0xAAFD,0xAAFD,0xAAFD,0xAAFD,0xAAFD,0xAAFD,0xAAFD,
    0xAAFD,0xA340,0xA340,0xA340,0xAAFD,0xAAFD,0xAAFD,0xAAFD,0xAAFD,0xAAFD,0xAAFD,0xAAFD,
    0xAAFD,0xAAFD,0xAAFD,0xAAFD,0xAAFD,0xAAFD,0xAAFD,0xAAFD,0xAAFD,0xAAFD,0xAAFD,0xA340,
    0xA340,0xAAFD,0xAAFD,0xAAFD,0xAAFD,0xAAFD,0xAAFD,0xAAFD,0xAAFD,0xAAFD,0xAAFD,0xAAFD,
    0xA340,0xC248,0x0AE5,0xA9FD,0x89FD,0x8AFD,0xAAFD,0xA9FD,0xA9FD,0xA9FD,0xA9FD,0xA9FD,
    0xA9FD,0xA9FD,0xA9FD,0xA9FD,0x89FD,0x89FD,0x89FD,0x89FD,0x89FD,0x89FD,0x89FD,0x89FD,
    0x89FD,0xA9FD,0xA9FD,0x89FD,0xA9FD,0x47F5,0x62E4,0x83EC,0x82EC,0x62E4,0xC4F4,0xC4A2,
    0x8140,0x8238,0xC271,0xE4F4,0xA2EC,0xA3EC,0xA3EC,0xA3EC,0xA3EC,0xA3EC,0xA3EC,0xA2EC,
    0xA2EC,0xA2EC,0x42E4,0xC2DB,0xE2DB,0xC2DB,0x24DC,0x8269,0x8240,0x2030,0x92A4,0xFFFF,
    0xFFFF,0x71A4,0x2130,0x6238,0x447A,0x4BFE,0x09F6,0x09F6,0xC8F5,0xA3EC,0xA2EC,0xA3EC,
    0xA3EC,0xA3EC,0xA3EC,0xA3EC,0xA3EC,0xA3EC,0xA2EC,0xA2EC,0xC5EC,0x8269,0xA338,0x6138,
    0xE3A2,0xC3F4,0x62E4,0x63EC,0x83EC,0x63E4,0x47F5,0x89FD,0x89FD,0x89FD,0x89FD,0x89FD,
    0x89FD,0x89FD,0x89FD,0x89FD,0x89FD,0x89FD,0x89FD,0x89FD,0xA9FD,0xA9FD,0xA9FD,0xA9FD,
    0xA9FD,0xA9FD,0xA9FD,0xA9FD,0xA9FD,0x89FD,0x89FD,0x89FD,0x89FD,0xAAFD,0x8361,0x6230,
    0x2028,0xD3AC,0xFFFF,0xAAFD,0xAAFD,0xAAFD,0xAAFD,0xAAFD,0xAAFD,0xAAFD,0xAAFD,0xAAFD,
    0xA340,0xA340,0xA340,0xA340,0xA340,0xAAFD,0xAAFD,0xAAFD,0xAAFD,0xAAFD,0xAAFD,0xAAFD,
    0xAAFD,0xAAFD,0xAAFD,0xAAFD,0xAAFD,0xAAFD,0xAAFD,0xAAFD,0xAAFD,0xAAFD,0xA340,0xA340,
    0xA340,0xA340,0xA340,0xAAFD,0xAAFD,0xAAFD,0xAAFD,0xAAFD,0xAAFD,0xAAFD,0xAAFD,0xAAFD,
    0xAAFD,0xAAFD,0xAAFD,0xAAFD,0xAAFD,0xAAFD,0xAAFD,0xAAFD,0x8AFD,0xAAFD,0xAAFD,0xAAFD,
    0xAAFD,0xAAFD,0xAAFD,0xAAFD,0xAAFD,0xAAFD,0xAAFD,0xAAFD,0xAAFD,0xAAFD,0xAAFD,0xAAFD,
    0xAAFD,0x8AFD,0x8AFD,0xAAFD,0xAAFD,0xAAFD,0xAAFD,0xAAFD,0xAAFD,0xAAFD,0xAAFD,0xAAFD,
    0xA340,0xA340,0xA340,0xA340,0xA340,0xAAFD,0xAAFD,0xAAFD,0xAAFD,0xAAFD,0xAAFD,0xAAFD,
    0xAAFD,0xAAFD,0xAAFD,0xAAFD,0xAAFD,0xAAFD,0xAAFD,0xAAFD,0xAAFD,0xAAFD,0xA340,0xA340,
    0xA340,0xA340,0xA340,0xAAFD,0xAAFD,0xAAFD,0xAAFD,0xAAFD,0xAAFD,0xAAFD,0xAAFD,0xAAFD,
    0x8240,0x4359,0x8AF5,0x89FD,0x89FD,0x89FD,0x89FD,0xA9FD,0xA9FD,0xA9FD,0xA9FD,0xA9FD,
    0xA9FD,0xA9FD,0xA9FD,0x89FD,0x89FD,0x89FD,0x89FD,0x89FD,0x89FD,0x89FD,0xA9FD,0xA9FD,
    0x89FD,0xA9FD,0xA9FD,0x89FD,0xA9FD,0x47F5,0x63E4,0x83EC,0x83EC,0x62E4,0xC3F4,0x04AB,
    0x6140,0x8238,0x8269,0xC5F4,0xA2EC,0xA3EC,0xA3EC,0xA3EC,0xA3EC,0xA3EC,0xA3EC,0xA2EC,
    0xA2EC,0xA2EC,0x43E4,0xC2DB,0xE2DB,0xC2DB,0x04DC,0xA271,0x8238,0x2030,0x309C,0xFFFF,
    0xFFFF,0xEF93,0x4130,0x6238,0x657A,0x6BFE,0x09F6,0x29FE,0xA8F5,0xA2EC,0xA2EC,0xA3EC,
    0xA3EC,0xA3EC,0xA3EC,0xA3EC,0xC3EC,0xA3EC,0xC2EC,0xC2F4,0xC5EC,0x6261,0xA240,0x6138,
    0x03AB,0xC3F4,0x62E4,0x63EC,0x63EC,0x63E4,0x47F5,0x89FD,0x89F5,0x89F5,0x89FD,0x89FD,
    0x89FD,0x89FD,0x89FD,0x89FD,0x89FD,0x89FD,0x89FD,0x89FD,0xA9FD,0xA9FD,0xA9FD,0xA9FD,
    0xA9FD,0xA9FD,0xA9FD,0xA9FD,0x89FD,0xA9FD,0x89FD,0x89FD,0x69FD,0xEAFD,0x6582,0x4230,
    0x2130,0x0C7B,0xFFFF,0xAAFD,0xAAFD,0xAAFD,0xAAFD,0xAAFD,0xAAFD,0xAAFD,0xAAFD,0xAAFD,
    0xA340,0xA340,0xA340,0xA340,0xA340,0xA340,0xAAFD,0xAAFD,0xAAFD,0xAAFD,0xAAFD,0xAAFD,
    0xAAFD,0xAAFD,0xAAFD,0xAAFD,0xAAFD,0xAAFD,0xAAFD,0xAAFD,0xAAFD,0xA340,0xA340,0xA340,
    0xA340,0xA340,0xA340,0xAAFD,0xAAFD,0xAAFD,0xAAFD,0xAAFD,0xAAFD,0xAAFD,0xAAFD,0xAAFD,
    0xAAFD,0xAAFD,0xAAFD,0xAAFD,0xAAFD,0xAAFD,0xAAFD,0xAAFD,0xAAFD,0xAAFD,0xAAFD,0xAAFD,
    0xAAFD,0xAAFD,0xAAFD,0xAAFD,0xAAFD,0xAAFD,0xAAFD,0xAAFD,0xAAFD,0xAAFD,0xAAFD,0xAAFD,
    0xAAFD,0xAAFD,0xAAFD,0xAAFD,0xAAFD,0xAAFD,0xAAFD,0xAAFD,0xAAFD,0xAAFD,0xAAFD,0xAAFD,
    0xA340,0xA340,0xA340,0xA340,0xA340,0xA340,0xAAFD,0xAAFD,0xAAFD,0xAAFD,0xAAFD,0xAAFD,
    0xAAFD,0xAAFD,0xAAFD,0xAAFD,0xAAFD,0xAAFD,0xAAFD,0xAAFD,0xAAFD,0xA340,0xA340,0xA340,
    0xA340,0xA340,0xA340,0xAAFD,0xAAFD,0xAAFD,0xAAFD,0xAAFD,0xAAFD,0xAAFD,0xAAFD,0xAAFD,
    0x6238,0x247A,0xCAFD,0x89FD,0x89FD,0x89FD,0x89FD,0x89FD,0xA9FD,0xA9FD,0xA9FD,0xA9FD,
    0xA9FD,0xA9FD,0xA9FD,0xA9FD,0x89FD,0x89FD,0x89FD,0x89FD,0x89FD,0x89FD,0x89FD,0x89FD,
    0x89FD,0x89FD,0x89FD,0x89FD,0x89FD,0x47F5,0x83E4,0x83EC,0x83EC,0x62E4,0xC3F4,0x44B3,
    0x8140,0x8238,0x4261,0xC5EC,0xA2EC,0xA2EC,0xA2EC,0xA3EC,0xA3EC,0xA3EC,0xA3EC,0xA2EC,
    0xA2EC,0xA2EC,0x43E4,0xC2DB,0xE2DB,0xC2DB,0x24E4,0xC379,0x8238,0x2030,0xEF93,0xFFFF,
    0xFFFF,0xAF93,0x4130,0x6238,0xA582,0x6BFE,0x09F6,0x2AFE,0xA7F5,0xA2EC,0xA2EC,0xA3EC,
    0xA3EC,0xA3EC,0xA3EC,0xC3EC,0xC3EC,0xA3EC,0xA2EC,0xC2F4,0xA5EC,0x4261,0xA240,0x8140,
    0x23B3,0xC3F4,0x63E4,0x83EC,0x63EC,0x62E4,0x47FD,0xC9FD,0xC9FD,0xC9FD,0xC9FD,0xC9FD,
    0xC9FD,0xC9FD,0xC9FD,0xCAFD,0xC9FD,0xCAFD,0xEAFD,0xAAFD,0xA9FD,0xA9FD,0xA9FD,0xA9FD,
    0xA9FD,0xA9FD,0xA9FD,0xA9FD,0xA9FD,0x89FD,0x89FD,0x89FD,0x69FD,0xCAFD,0xA7AB,0x4130,
    0x8240,0x4549,0x9EF7,0xAAFD,0xAAFD,0xAAFD,0xAAFD,0xAAFD,0xAAFD,0xAAFD,0xAAFD,0xAAFD,
    0xAAFD,0xA340,0xA340,0xA340,0xA340,0xA340,0xA340,0xA340,0xA340,0xAAFD,0xAAFD,0xAAFD,
    0xAAFD,0xAAFD,0xAAFD,0xAAFD,0xAAFD,0xAAFD,0xA340,0xA340,0xA340,0xA340,0xA340,0xA340,
    0xA340,0xA340,0xAAFD,0xAAFD,0xAAFD,0xAAFD,0xAAFD,0xAAFD,0xAAFD,0xAAFD,0xAAFD,0xAAFD,
    0xAAFD,0xAAFD,0xAAFD,0xAAFD,0xAAFD,0x8AFD,0x8AFD,0x8AFD,0x8AFD,0xAAFD,0xAAFD,0xAAFD,
    0xAAFD,0xAAFD,0xAAFD,0xAAFD,0xA9FD,0xAAFD,0xAAFD,0xAAFD,0xAAFD,0xAAFD,0xAAFD,0xAAFD,
    0xAAFD,0xAAFD,0xAAFD,0xAAFD,0xAAFD,0xAAFD,0xAAFD,0xAAFD,0xAAFD,0xAAFD,0xAAFD,0xAAFD,
    0xAAFD,0xA340,0xA340,0xA340,0xA340,0xA340,0xA340,0xA340,0xA340,0xAAFD,0xAAFD,0xAAFD,
    0xAAFD,0xAAFD,0xAAFD,0xAAFD,0xAAFD,0xAAFD,0xA340,0xA340,0xA340,0xA340,0xA340,0xA340,
    0xA340,0xA340,0xAAFD,0xAAFD,0xAAFD,0xAAFD,0xAAFD,0xAAFD,0xAAFD,0xAAFD,0xAAFD,0xAAFD,
    0x4130,0x87A3,0xEAFD,0x89FD,0x89FD,0x89FD,0xA9FD,0xA9FD,0xA9FD,0xA9FD,0xA9FD,0xA9FD,
    0xA9FD,0xA9FD,0xAAFD,0xA9FD,0xA9FD,0xCAFD,0xCAFD,0xCAFD,0xCAFD,0xC9FD,0xC9FD,0xC9FD,
    0xC9FD,0xC9FD,0xC9FD,0xC9FD,0xC9FD,0x68FD,0x83E4,0x83EC,0x83EC,0x62EC,0xC3F4,0x64BB,
    0x8140,0xA238,0x2261,0xA5E4,0xA2EC,0xA3EC,0xA3EC,0xA3EC,0xA3EC,0xA3EC,0xA2EC,0xA2EC,
    0xA2EC,0xC2EC,0x42E4,0xC2DB,0xE2DB,0xC2DB,0x24E4,0xE379,0x8238,0x2138,0xAE8B,0xFFFF,
    0xFFFF,0xAE8B,0x4130,0x6238,0xC682,0x6BFE,0x09F6,0x2AFE,0xA7F5,0x82EC,0xA2EC,0xA3EC,
    0xA3EC,0xA3EC,0xA3EC,0xA3EC,0xA3EC,0xC3EC,0xA2EC,0xC2F4,0xA5E4,0x2259,0xA340,0x8140,
    0x44B3,0xC3F4,0x63EC,0x83EC,0x62EC,0x83EC,0xE8E4,0x48CC,0x48CC,0x48CC,0x48CC,0x48CC,
    0x48CC,0x48CC,0x48CC,0x68CC,0x68CC,0x89CC,0x89CC,0x8AF5,0xCAFD,0xAAFD,0xA9FD,0xA9FD,
    0xA9FD,0xA9FD,0xA9FD,0xA9FD,0xA9FD,0x89FD,0x89FD,0x89FD,0x89FD,0xA9FD,0x0AE5,0xC248,
    0xC348,0x6138,0x75BD,0xFFFF,0xAAFD,0xAAFD,0xAAFD,0xAAFD,0xAAFD,0xAAFD,0xAAFD,0xAAFD,
    0xAAFD,0xAAFD,0xA340,0xA340,0xA340,0xA340,0xA340,0xA340,0xA340,0xA340,0xA340,0xA340,
    0xA340,0xA340,0xA340,0xA340,0xA340,0xA340,0xA340,0xA340,0xA340,0xA340,0xA340,0xA340,
    0xA340,0xAAFD,0xAAFD,0xAAFD,0xAAFD,0xAAFD,0xAAFD,0xAAFD,0xAAFD,0xAAFD,0xAAFD,0xAAFD,
    0xAAFD,0xAAFD,0xAAFD,0xAAFD,0xAAFD,0xAAFD,0xAAFD,0x8AFD,0x8AFD,0x8AFD,0xAAFD,0xAAFD,
    0xAAFD,0xAAFD,0xAAFD,0xAAFD,0xAAFD,0xA9FD,0xAAFD,0xAAFD,0xAAFD,0xAAFD,0xAAFD,0x89FD,
    0xAAFD,0xAAFD,0xAAFD,0xAAFD,0xAAFD,0xAAFD,0xAAFD,0xAAFD,0xAAFD,0xAAFD,0xAAFD,0xAAFD,
    0xAAFD,0xAAFD,0xA340,0xA340,0xA340,0xA340,0xA340,0xA340,0xA340,0xA340,0xA340,0xA340,
    0xA340,0xA340,0xA340,0xA340,0xA340,0xA340,0xA340,0xA340,0xA340,0xA340,0xA340,0xA340,
    0xA340,0xAAFD,0xAAFD,0xAAFD,0xAAFD,0xAAFD,0xAAFD,0xAAFD,0xAAFD,0xAAFD,0xAAFD,0xC348,
    0xA148,0x0ADD,0xC9FD,0x89FD,0xA9FD,0xA9FD,0x89FD,0xA9FD,0xA9FD,0xA9FD,0xA9FD,0xA9FD,
    0xA9FD,0xAAFD,0xA9FD,0xCAFD,0xABF5,0xA9D4,0x89CC,0x69CC,0x68CC,0x48CC,0x48CC,0x48CC,
    0x48CC,0x48CC,0x68CC,0x68CC,0x88CC,0x49ED,0xA4EC,0x83EC,0x83EC,0x82EC,0xC3F4,0xA5BB,
    0x8140,0xA238,0x0259,0x85E4,0xA2F4,0xA3EC,0xA3EC,0xA3EC,0xA3EC,0xA3EC,0xA2EC,0xA2EC,
    0xA2EC,0xA2EC,0x42E4,0xC2DB,0xE2DB,0xC2DB,0x24E4,0x037A,0x8238,0x4138,0x6D8B,0xFFFF,
    0xFFFF,0x8E8B,0x4138,0x6238,0xC68A,0x6BFE,0x09F6,0x2AFE,0x87F5,0x82EC,0xA2EC,0xA3EC,
    0xA3EC,0xA3EC,0xA3EC,0xA2EC,0xA3EC,0xC3EC,0xA2EC,0xC2F4,0xA5E4,0x2259,0xA240,0x8140,
    0x64BB,0xC3F4,0x83EC,0x83EC,0x82EC,0x44DC,0x4259,0x6138,0x8138,0x8138,0x8138,0x8138,
    0x8238,0x8138,0x8140,0x8140,0xA140,0xA248,0x8140,0xE371,0xABF5,0xAAFD,0xA9FD,0xA9FD,
    0x89FD,0xA9FD,0xA9FD,0xA9FD,0x89FD,0xA9FD,0xA9FD,0x89FD,0x89FD,0x89FD,0x0BFE,0x4482,
    0x8240,0x8240,0x4962,0xFFFF,0xAAFD,0xAAFD,0xAAFD,0xAAFD,0xAAFD,0xAAFD,0xAAFD,0xAAFD,
    0xAAFD,0xAAFD,0xAAFD,0xAAFD,0xA340,0xA340,0xA340,0xA340,0xA340,0xA340,0xA340,0xA340,
    0xA340,0xA340,0xA340,0xA340,0xA340,0xA340,0xA340,0xA340,0xA340,0xA340,0xA340,0xAAFD,
    0xAAFD,0xAAFD,0xAAFD,0xAAFD,0xAAFD,0xAAFD,0xAAFD,0xAAFD,0xAAFD,0xAAFD,0xAAFD,0xAAFD,
    0xAAFD,0xAAFD,0xAAFD,0xAAFD,0xAAFD,0xAAFD,0xAAFD,0xAAFD,0xAAFD,0xAAFD,0xAAFD,0xAAFD,
    0xAAFD,0xAAFD,0xAAFD,0xAAFD,0xAAFD,0xA9FD,0x8AFD,0xAAFD,0xAAFD,0xAAFD,0xAAFD,0xAAFD,
    0xAAFD,0xAAFD,0xAAFD,0xAAFD,0xAAFD,0xAAFD,0xAAFD,0xAAFD,0xAAFD,0xAAFD,0xAAFD,0xAAFD,
    0xAAFD,0xAAFD,0xAAFD,0xAAFD,0xA340,0xA340,0xA340,0xA340,0xA340,0xA340,0xA340,0xA340,
    0xA340,0xA340,0xA340,0xA340,0xA340,0xA340,0xA340,0xA340,0xA340,0xA340,0xA340,0xAAFD,
    0xAAFD,0xAAFD,0xAAFD,0xAAFD,0xAAFD,0xAAFD,0xAAFD,0xAAFD,0xAAFD,0xAAFD,0xAAFD,0x6240,
    0x047A,0x0BFE,0x89FD,0x89FD,0xA9FD,0x89FD,0x89FD,0xA9FD,0xA9FD,0xA9FD,0xA9FD,0xA9FD,
    0xA9FD,0xA9FD,0xAAFD,0xCBF5,0x247A,0x8140,0xA140,0xA140,0x8140,0x8140,0x8138,0x8138,
    0x8138,0x8138,0x8140,0xA140,0x8140,0xC271,0xA5E4,0xA3EC,0x83EC,0x82EC,0xC3F4,0xA5BB,
    0x8140,0xA238,0x0259,0x85E4,0xC2F4,0xA2EC,0xA2EC,0xA3EC,0xA3EC,0xA3EC,0xA3EC,0xA2EC,
    0xA2EC,0xA2EC,0x43E4,0xC2D3,0xE2DB,0xC2DB,0x23E4,0x0382,0x8238,0x4138,0x6D83,0xFFFF,
    0xFFFF,0x8E8B,0x4138,0x6238,0xC68A,0x6BFE,0x09F6,0x2AFE,0x67F5,0x82EC,0xA2EC,0xA3EC,
    0xA3EC,0xA3EC,0xA3EC,0xA3EC,0xC2EC,0xC2EC,0xC3EC,0xC2F4,0x85E4,0x2259,0xA340,0x8140,
    0x64BB,0xC3F4,0x83EC,0x63EC,0xA3EC,0xA4C3,0x0030,0x8338,0x8240,0x8238,0x8338,0x8338,
    0x8338,0x8238,0xA240,0xA240,0xA240,0xA340,0xA240,0x8140,0x0ADD,0xEAFD,0xA9FD,0xA9FD,
    0xA9FD,0xA9FD,0xA9FD,0xA9FD,0x89FD,0xA9FD,0xA9FD,0x89FD,0x89FD,0x89FD,0x0BFE,0x69CC,
    0x6140,0xE348,0x6130,0xB6C5,0xFFFF,0xAAFD,0xAAFD,0xAAFD,0xAAFD,0xAAFD,0xAAFD,0xAAFD,
    0xAAFD,0xAAFD,0xAAFD,0xAAFD,0xAAFD,0xAAFD,0xA340,0xA340,0xA340,0xA340,0xA340,0xA340,
    0xA340,0xA340,0xA340,0xA340,0xA340,0xA340,0xA340,0xA340,0xA340,0xAAFD,0xAAFD,0xAAFD,
    0xAAFD,0xAAFD,0xAAFD,0xAAFD,0xAAFD,0xAAFD,0xAAFD,0xAAFD,0xAAFD,0xAAFD,0xAAFD,0xAAFD,
    0xAAFD,0x8AFD,0xAAFD,0xAAFD,0xAAFD,0xAAFD,0xAAFD,0xAAFD,0xAAFD,0xAAFD,0xA9FD,0xAAFD,
    0xAAFD,0xAAFD,0xAAFD,0xAAFD,0xA9FD,0xAAFD,0xAAFD,0xAAFD,0xAAFD,0xAAFD,0xAAFD,0xAAFD,
    0xAAFD,0xAAFD,0xAAFD,0xAAFD,0x8AFD,0xAAFD,0xAAFD,0xAAFD,0xAAFD,0xAAFD,0xAAFD,0xAAFD,
    0xAAFD,0xAAFD,0xAAFD,0xAAFD,0xAAFD,0xAAFD,0xA340,0xA340,0xA340,0xA340,0xA340,0xA340,
    0xA340,0xA340,0xA340,0xA340,0xA340,0xA340,0xA340,0xA340,0xA340,0xAAFD,0xAAFD,0xAAFD,
    0xAAFD,0xAAFD,0xAAFD,0xAAFD,0xAAFD,0xAAFD,0xAAFD,0xAAFD,0xAAFD,0xAAFD,0xC348,0x6138,
    0x29C4,0x0BFE,0x89FD,0xA9FD,0xA9FD,0xA9FD,0xA9FD,0xA9FD,0xA9FD,0xA9FD,0xA9FD,0x89FD,
    0xA9FD,0xA9FD,0xCAFD,0x0AE5,0x6040,0x8240,0xA240,0xA240,0x8240,0x8238,0x8238,0x8238,
    0x8238,0x8238,0xA238,0xA240,0xA240,0xA148,0x25D4,0xC3EC,0x83EC,0x82EC,0xC3F4,0xA5BB,
    0x8140,0xA238,0x0259,0x85E4,0xC2F4,0xA3EC,0xA3EC,0xA3EC,0xA3EC,0xA3EC,0xA3EC,0xA3EC,
    0xA2EC,0xC2EC,0x42E4,0xC2DB,0xE2DB,0xC2DB,0x23E4,0x0382,0x8240,0x4138,0x6D83,0xFFFF,
    0xFFFF,0x8E8B,0x4138,0x6238,0xE68A,0x6BFE,0x09F6,0x2AFE,0x67F5,0x82EC,0xA2EC,0xA3EC,
    0xA3EC,0xA3EC,0xA3EC,0xA3EC,0xC2EC,0xC2EC,0xC2EC,0xC2F4,0x85EC,0x2259,0xA340,0x8140,
    0x64BB,0xC3F4,0x83EC,0x83EC,0x82EC,0x85E4,0x858A,0x4359,0x6361,0x6359,0x4359,0x4359,
    0x4359,0x6359,0x6359,0x6361,0x6361,0x8361,0x4359,0x26A3,0xEBFD,0xA9FD,0xA9FD,0x89FD,
    0xA9FD,0xA9FD,0xA9FD,0xA9FD,0xA9FD,0xA9FD,0xA9FD,0x89FD,0x89FD,0xA9FD,0xA9FD,0xEBFD,
    0xC371,0x8240,0x8240,0xC651,0xBEF7,0xAAFD,0xAAFD,0xAAFD,0xAAFD,0xAAFD,0xAAFD,0xAAFD,
    0xAAFD,0xAAFD,0xAAFD,0xAAFD,0xAAFD,0xAAFD,0xAAFD,0xAAFD,0xAAFD,0xA340,0xA340,0xA340,
    0xA340,0xA340,0xA340,0xA340,0xA340,0xA340,0xAAFD,0xAAFD,0xAAFD,0xAAFD,0xAAFD,0xAAFD,
    0xAAFD,0xAAFD,0xAAFD,0xAAFD,0xAAFD,0xAAFD,0xAAFD,0xAAFD,0xAAFD,0xAAFD,0xAAFD,0xAAFD,
    0x8AFD,0xAAFD,0xAAFD,0xAAFD,0xAAFD,0xAAFD,0xAAFD,0xAAFD,0xAAFD,0xAAFD,0xAAFD,0xAAFD,
    0xAAFD,0xAAFD,0xA9FD,0xAAFD,0xAAFD,0xAAFD,0xAAFD,0xAAFD,0xAAFD,0xAAFD,0xAAFD,0xAAFD,
    0xAAFD,0xAAFD,0xAAFD,0xAAFD,0x8AFD,0xAAFD,0xAAFD,0xAAFD,0xAAFD,0xAAFD,0xAAFD,0xAAFD,
    0xAAFD,0xAAFD,0xAAFD,0xAAFD,0xAAFD,0xAAFD,0xAAFD,0xAAFD,0xAAFD,0xA340,0xA340,0xA340,
    0xA340,0xA340,0xA340,0xA340,0xA340,0xA340,0xAAFD,0xAAFD,0xAAFD,0xAAFD,0xAAFD,0xAAFD,
    0xAAFD,0xAAFD,0xAAFD,0xAAFD,0xAAFD,0xAAFD,0xAAFD,0xAAFD,0xAAFD,0xAAFD,0x8240,0xA369,
    0xECFD,0xA9FD,0xA9FD,0xA9FD,0xA9FD,0xA9FD,0xA9FD,0xA9FD,0xA9FD,0xA9FD,0x89FD,0xA9FD,
    0xA9FD,0x89FD,0xA9FD,0xCBFD,0x26A3,0x4361,0x8361,0x6361,0x6361,0x6359,0x6359,0x6359,
    0x4359,0x4359,0x6359,0x6359,0x6359,0xE59A,0xC5EC,0x83EC,0x83EC,0x83EC,0xC3F4,0xA5BB,
    0x8140,0xA240,0x0259,0x85E4,0xA2F4,0xA3EC,0xA3EC,0xA3EC,0xA3EC,0xA3EC,0xA3EC,0xA2EC,
    0xA2EC,0xC2EC,0x22E4,0xC2DB,0xE2DB,0xC2DB,0x23E4,0x0382,0x8240,0x4138,0x6D8B,0xFFFF,
    0xFFFF,0x8E8B,0x4138,0x6238,0xC68A,0x6BFE,0x09F6,0x2AFE,0x66F5,0x82EC,0xA2EC,0xA3EC,
    0xA3EC,0xA3EC,0xC3EC,0xC2EC,0xC2EC,0xA2EC,0xA2EC,0xC2F4,0xA5EC,0x2261,0xA240,0x6140,
    0x44B3,0xC3F4,0x83EC,0x83EC,0x83EC,0x83EC,0xA9FD,0xAAF5,0x8AF5,0x6AF5,0x6AF5,0x8AF5,
    0x6AF5,0x8AF5,0x8AF5,0x8AF5,0xABF5,0x8BF5,0xABF5,0xEBFD,0xAAFD,0x89FD,0x89FD,0x89FD,
    0xA9FD,0xA9FD,0x89FD,0x89FD,0xA9FD,0xA9FD,0x89FD,0x89FD,0xA9FD,0xA9FD,0x89FD,0x0BFE,
    0x89CC,0x8140,0xC348,0x2030,0x8E83,0xFFFF,0xAAFD,0xAAFD,0xAAFD,0xAAFD,0xAAFD,0xAAFD,
    0xAAFD,0xAAFD,0xAAFD,0xAAFD,0xAAFD,0xAAFD,0xAAFD,0xAAFD,0xAAFD,0xAAFD,0xAAFD,0xAAFD,
    0xAAFD,0xAAFD,0xAAFD,0xAAFD,0xAAFD,0xAAFD,0xAAFD,0xAAFD,0xAAFD,0xAAFD,0xAAFD,0xAAFD,
    0xAAFD,0xAAFD,0xAAFD,0xAAFD,0xAAFD,0xAAFD,0xAAFD,0xAAFD,0xAAFD,0x8AFD,0xAAFD,0xAAFD,
    0xAAFD,0xAAFD,0xAAFD,0xAAFD,0xAAFD,0xAAFD,0xAAFD,0xAAFD,0xAAFD,0xAAFD,0xAAFD,0xAAFD,
    0xAAFD,0xA9FD,0xAAFD,0xAAFD,0xAAFD,0xAAFD,0xAAFD,0xAAFD,0xAAFD,0xAAFD,0xAAFD,0xAAFD,
    0xAAFD,0xAAFD,0xAAFD,0xAAFD,0xAAFD,0x8AFD,0xAAFD,0xAAFD,0xAAFD,0xAAFD,0xAAFD,0xAAFD,
    0xAAFD,0xAAFD,0xAAFD,0xAAFD,0xAAFD,0xAAFD,0xAAFD,0xAAFD,0xAAFD,0xAAFD,0xAAFD,0xAAFD,
    0xAAFD,0xAAFD,0xAAFD,0xAAFD,0xAAFD,0xAAFD,0xAAFD,0xAAFD,0xAAFD,0xAAFD,0xAAFD,0xAAFD,
    0xAAFD,0xAAFD,0xAAFD,0xAAFD,0xAAFD,0xAAFD,0xAAFD,0xAAFD,0xAAFD,0xC348,0x4138,0x28C4,
    0x0BFE,0x89FD,0xA9FD,0xA9FD,0xA9FD,0xA9FD,0xA9FD,0xA9FD,0xA9FD,0xA9FD,0xA9FD,0xA9FD,
    0xA9FD,0x89FD,0xA9FD,0xCAFD,0xEBFD,0xABF5,0xABF5,0xABF5,0xABF5,0x8BF5,0x6AF5,0x6AF5,
    0x6AF5,0x6AF5,0x6AF5,0x6AF5,0x8BF5,0xAAFD,0x83EC,0x83EC,0x83EC,0x82EC,0xC3F4,0x85BB,
    0x8140,0xA238,0x2259,0x85EC,0xA2F4,0xA3EC,0xA3EC,0xA3EC,0xA3EC,0xA3EC,0xA3EC,0xA2EC,
    0xA2EC,0xA2EC,0x22E4,0xC2DB,0xE2DB,0xC2DB,0x24E4,0x0382,0x8340,0x4138,0x8E8B,0xFFFF,
    0xFFFF,0xAE93,0x2138,0x6238,0xA582,0x6BFE,0x09F6,0x2AFE,0x66F5,0x82EC,0xA3EC,0xA3EC,
    0xA3EC,0xA3EC,0xA3EC,0xA2EC,0xA2EC,0xA2EC,0xA3EC,0xC2EC,0xA5EC,0x4261,0xA340,0x6140,
    0x23B3,0xC3F4,0x63EC,0x83EC,0x83EC,0x63E4,0x47F5,0xA9FD,0x89FD,0x89FD,0xA9FD,0xA9FD,
    0xA9FD,0xA9FD,0xA9FD,0xA9FD,0xA9FD,0xA9FD,0xA9FD,0x89FD,0x89FD,0x89FD,0x89FD,0x89FD,
    0x89FD,0x89FD,0xA9FD,0xA9FD,0xA9FD,0xA9FD,0xA9FD,0x89FD,0xA9FD,0xA9FD,0xA9FD,0xA9FD,
    0x0BFE,0xC58A,0x2130,0xC340,0x2028,0xF3AC,0xFFFF,0xAAFD,0xAAFD,0xAAFD,0xAAFD,0xAAFD,
    0xAAFD,0xAAFD,0xAAFD,0xAAFD,0xAAFD,0xAAFD,0xAAFD,0xAAFD,0xAAFD,0xAAFD,0xAAFD,0xAAFD,
    0xAAFD,0xAAFD,0xAAFD,0xAAFD,0xAAFD,0xAAFD,0xAAFD,0xAAFD,0xAAFD,0xAAFD,0xAAFD,0xAAFD,
    0xAAFD,0xAAFD,0xAAFD,0xAAFD,0xAAFD,0xAAFD,0xAAFD,0xAAFD,0xAAFD,0xAAFD,0xAAFD,0xAAFD,
    0xAAFD,0xAAFD,0xAAFD,0xAAFD,0xAAFD,0xAAFD,0xAAFD,0xAAFD,0xAAFD,0xAAFD,0xA9FD,0xAAFD,
    0xAAFD,0xAAFD,0xAAFD,0xAAFD,0xAAFD,0xAAFD,0xAAFD,0xAAFD,0xAAFD,0xAAFD,0xAAFD,0xAAFD,
    0xAAFD,0xAAFD,0x89FD,0xAAFD,0xAAFD,0xAAFD,0xAAFD,0xAAFD,0xAAFD,0xAAFD,0xAAFD,0xAAFD,
    0xAAFD,0xAAFD,0xAAFD,0xAAFD,0xAAFD,0xAAFD,0xAAFD,0xAAFD,0xAAFD,0xAAFD,0xAAFD,0xAAFD,
    0xAAFD,0xAAFD,0xAAFD,0xAAFD,0xAAFD,0xAAFD,0xAAFD,0xAAFD,0xAAFD,0xAAFD,0xAAFD,0xAAFD,
    0xAAFD,0xAAFD,0xAAFD,0xAAFD,0xAAFD,0xAAFD,0xAAFD,0xAAFD,0xA340,0x2130,0x657A,0x0BFE,
    0xA9FD,0xAAFD,0xA9FD,0xA9FD,0xA9FD,0xA9FD,0x89FD,0xA9FD,0xA9FD,0xA9FD,0xA9FD,0xA9FD,
    0xA9FD,0xA9FD,0x89FD,0xA9FD,0x89FD,0xA9FD,0xA9FD,0xA9FD,0xA9FD,0xA9FD,0xA9FD,0xA9FD,
    0xA9FD,0xA9FD,0xA9FD,0x89FD,0xA9FD,0x47F5,0x63E4,0x83EC,0x83EC,0x62EC,0xC3F4,0x64B3,
    0x8140,0xA238,0x4261,0xA5EC,0xA2F4,0xA3EC,0xA3EC,0xA3EC,0xA3EC,0xA3EC,0xA2EC,0xA2EC,
    0xA2EC,0xA3EC,0x23E4,0xC2DB,0xE3DB,0xC2DB,0x24E4,0xE379,0x8240,0x4138,0xAE93,0xFFFF,
    0xFFFF,0xEF93,0x2138,0x6238,0x857A,0x6BFE,0x09F6,0x2AFE,0x66F5,0x82EC,0xA3EC,0xA3EC,
    0xA3EC,0xA3EC,0xA3EC,0xC2EC,0xC2EC,0xC2EC,0xA2EC,0xA2EC,0xC5EC,0x6269,0xA340,0x6140,
    0xE3AA,0xC3EC,0x63E4,0x83EC,0x62EC,0x63E4,0x47F5,0x89FD,0x89FD,0x89FD,0x89FD,0xA9FD,
    0xA9FD,0xA9FD,0xA9FD,0xA9FD,0x89FD,0xA9FD,0x89FD,0x89FD,0xA9FD,0x89FD,0x89FD,0x89FD,
    0x89FD,0xA9FD,0xA9FD,0xA9FD,0x89FD,0xA9FD,0xA9FD,0xA9FD,0xA9FD,0xA9FD,0xA9FD,0x89FD,
    0xA9FD,0x8BF5,0x4359,0x6230,0xA340,0x6128,0x14B5,0xFFFF,0xAAFD,0xAAFD,0xAAFD,0xAAFD,
    0xAAFD,0xAAFD,0xAAFD,0xAAFD,0xAAFD,0xAAFD,0xAAFD,0xAAFD,0xAAFD,0xAAFD,0xAAFD,0xAAFD,
    0xAAFD,0xAAFD,0xAAFD,0xAAFD,0xAAFD,0xAAFD,0xAAFD,0xAAFD,0xAAFD,0xAAFD,0xAAFD,0xAAFD,
    0xAAFD,0xAAFD,0xAAFD,0xAAFD,0xAAFD,0xAAFD,0xAAFD,0xAAFD,0xAAFD,0xAAFD,0xAAFD,0xAAFD,
    0xAAFD,0xAAFD,0xAAFD,0xAAFD,0xAAFD,0xAAFD,0xAAFD,0xAAFD,0xAAFD,0xAAFD,0xAAFD,0xAAFD,
    0xAAFD,0xAAFD,0xAAFD,0xAAFD,0xA9FD,0xAAFD,0xAAFD,0xAAFD,0xAAFD,0xAAFD,0xAAFD,0x8AFD,
    0xAAFD,0xAAFD,0x89FD,0x8AFD,0xAAFD,0xAAFD,0xAAFD,0xAAFD,0xAAFD,0xAAFD,0xAAFD,0xAAFD,
    0xAAFD,0xAAFD,0xAAFD,0xAAFD,0xAAFD,0xAAFD,0xAAFD,0xAAFD,0xAAFD,0xAAFD,0xAAFD,0xAAFD,
    0xAAFD,0xAAFD,0xAAFD,0xAAFD,0xAAFD,0xAAFD,0xAAFD,0xAAFD,0xAAFD,0xAAFD,0xAAFD,0xAAFD,
    0xAAFD,0xAAFD,0xAAFD,0xAAFD,0xAAFD,0xAAFD,0xAAFD,0xA240,0x6230,0x0249,0x4AED,0xC9FD,
    0x89FD,0xA9FD,0xA9FD,0xA9FD,0xA9FD,0xA9FD,0xA9FD,0xA9FD,0x89FD,0x89FD,0xA9FD,0xA9FD,
    0xA9FD,0xA9FD,0x89FD,0x89FD,0x89FD,0x89FD,0x89FD,0x89FD,0x89FD,0x89FD,0xA9FD,0xA9FD,
    0xA9FD,0xA9FD,0x89FD,0x89FD,0xA9FD,0x47F5,0x62E4,0x83EC,0x83EC,0x62E4,0xC3F4,0x24AB,
    0x6140,0x8238,0x6261,0xA4EC,0xA2EC,0xA2EC,0xA3EC,0xA3EC,0xA3EC,0xA3EC,0xA2EC,0xA2EC,
    0xC2EC,0xA3EC,0x02DC,0xE2DB,0xE3DB,0xE2DB,0x24E4,0xC279,0x8240,0x4138,0xF093,0xFFFF,
    0xFFFF,0x51A4,0x4130,0x8238,0x647A,0x6BFE,0x09F6,0x2AFE,0x66F5,0x82EC,0xA2EC,0xA3EC,
    0xA3EC,0xA3EC,0xA3EC,0xA2EC,0xA2EC,0xA2EC,0xA2EC,0xA2EC,0xC5F4,0x8269,0x8238,0x6138,
    0xC3A2,0xA3F4,0x62E4,0x63EC,0x62EC,0x63E4,0x47F5,0xA9FD,0x89FD,0x89FD,0xA9FD,0xA9FD,
    0xA9FD,0xA9FD,0x89FD,0xA9FD,0xA9FD,0xA9FD,0x89FD,0x89FD,0xA9FD,0x89FD,0x89FD,0x89FD,
    0x89FD,0x89FD,0xA9FD,0x89FD,0x89FD,0xA9FD,0xA9FD,0xA9FD,0xA9FD,0xAAFD,0xA9FD,0x89FD,
    0x89FD,0xC9FD,0xCADC,0xA140,0x8238,0xA338,0x4128,0xB2A4,0xAAFD,0xAAFD,0xAAFD,0xAAFD,
    0xAAFD,0xAAFD,0xAAFD,0xAAFD,0xAAFD,0xAAFD,0xAAFD,0xAAFD,0xAAFD,0xAAFD,0xAAFD,0xAAFD,
    0xAAFD,0xAAFD,0xAAFD,0xAAFD,0xAAFD,0xAAFD,0xAAFD,0xAAFD,0xAAFD,0xAAFD,0xAAFD,0xAAFD,
    0xAAFD,0xAAFD,0xAAFD,0xAAFD,0xAAFD,0xAAFD,0xAAFD,0xAAFD,0x8AFD,0x8AFD,0x8AFD,0xAAFD,
    0xAAFD,0xAAFD,0xAAFD,0xAAFD,0xAAFD,0xAAFD,0xAAFD,0xAAFD,0x8AFD,0xAAFD,0xAAFD,0xAAFD,
    0xAAFD,0xAAFD,0xAAFD,0xAAFD,0x8AFD,0xAAFD,0xAAFD,0xAAFD,0xAAFD,0xAAFD,0x8AFD,0xAAFD,
    0xAAFD,0xAAFD,0x8AFD,0xAAFD,0xAAFD,0xAAFD,0xAAFD,0xAAFD,0xAAFD,0xAAFD,0xAAFD,0xAAFD,
    0xAAFD,0xAAFD,0xAAFD,0xAAFD,0xAAFD,0xAAFD,0xAAFD,0xAAFD,0xAAFD,0xAAFD,0xAAFD,0xAAFD,
    0xAAFD,0xAAFD,0xAAFD,0xAAFD,0xAAFD,0xAAFD,0xAAFD,0xAAFD,0xAAFD,0xAAFD,0xAAFD,0xAAFD,
    0xAAFD,0xAAFD,0xAAFD,0xAAFD,0xAAFD,0xAAFD,0xAAFD,0x8238,0x6138,0x89CC,0xC9FD,0x69FD,
    0x89FD,0xA9FD,0xA9FD,0xA9FD,0xA9FD,0xA9FD,0x89FD,0xA9FD,0xA9FD,0x89FD,0x89FD,0x89FD,
    0xA9FD,0xA9FD,0xA9FD,0x89FD,0x89FD,0x89FD,0xA9FD,0xA9FD,0xA9FD,0xA9FD,0xA9FD,0xA9FD,
    0xA9FD,0xA9FD,0xA9FD,0x89FD,0xA9FD,0x27F5,0x42E4,0x63EC,0x63EC,0x62E4,0xC3EC,0x03A3,
    0x6138,0x8238,0x8271,0xC4F4,0xA2EC,0xA2EC,0xA3EC,0xA3EC,0xA3EC,0xA3EC,0xA3EC,0xA2EC,
    0xA2EC,0xA3EC,0xE2DB,0xC3DB,0xE3DB,0xC2DB,0x24DC,0xA271,0x8240,0x2138,0x519C,0xFFFF,
    0xFFFF,0xB2AC,0x4138,0x8240,0x2472,0x4CFE,0x09F6,0x2AFE,0x66F5,0x82EC,0xA2EC,0xA3EC,
    0xA3EC,0xA3EC,0xA3EC,0xA3EC,0xA2EC,0xA2EC,0xA3EC,0xA2EC,0xE5F4,0xC379,0x8238,0x6238,
    0x8392,0xA3EC,0x62E4,0x63EC,0x62EC,0x63E4,0x27F5,0xA9FD,0x89FD,0x89FD,0xA9FD,0x89FD,
    0xA9FD,0x89FD,0x89FD,0x89FD,0x89FD,0x89FD,0x89FD,0x89FD,0x89FD,0x89FD,0x89FD,0x89FD,
    0x89FD,0x89FD,0xA9FD,0x89FD,0x89FD,0xA9FD,0xA9FD,0xA9FD,0xA9FD,0xA9FD,0xA9FD,0x89FD,
    0x89F5,0x68F5,0xE9FD,0xAACC,0xC240,0xA340,0xA340,0x6138,0x4D83,0xAAFD,0xAAFD,0xAAFD,
    0xAAFD,0xAAFD,0xAAFD,0xAAFD,0xAAFD,0xAAFD,0xAAFD,0xAAFD,0xAAFD,0xAAFD,0xAAFD,0xAAFD,
    0xAAFD,0xAAFD,0xAAFD,0xAAFD,0xAAFD,0xAAFD,0xAAFD,0xAAFD,0xAAFD,0xAAFD,0xAAFD,0xAAFD,
    0xAAFD,0xAAFD,0xAAFD,0xAAFD,0xAAFD,0xAAFD,0xAAFD,0xAAFD,0xAAFD,0xAAFD,0xAAFD,0xAAFD,
    0xAAFD,0xAAFD,0xAAFD,0xAAFD,0xAAFD,0xAAFD,0xA9FD,0xAAFD,0xAAFD,0x89FD,0x89FD,0xAAFD,
    0xAAFD,0xAAFD,0xAAFD,0xAAFD,0xAAFD,0xAAFD,0xAAFD,0xAAFD,0xAAFD,0xAAFD,0xAAFD,0xAAFD,
    0xAAFD,0xAAFD,0xAAFD,0xAAFD,0xAAFD,0xAAFD,0xAAFD,0xAAFD,0x89FD,0xAAFD,0xAAFD,0xAAFD,
    0xAAFD,0xAAFD,0xAAFD,0xAAFD,0xAAFD,0xAAFD,0xAAFD,0xAAFD,0xAAFD,0xAAFD,0xAAFD,0xAAFD,
    0xAAFD,0xAAFD,0xAAFD,0xAAFD,0xAAFD,0xAAFD,0xAAFD,0xAAFD,0xAAFD,0xAAFD,0xAAFD,0xAAFD,
    0xAAFD,0xAAFD,0xAAFD,0xAAFD,0xAAFD,0xAAFD,0xA240,0xA240,0x69CC,0x0AFE,0x68F5,0x89FD,
    0x89FD,0xA9FD,0xA9FD,0xA9FD,0xA9FD,0xA9FD,0x89FD,0xA9FD,0xA9FD,0xA9FD,0x89FD,0xA9FD,
    0xA9FD,0xA9FD,0xA9FD,0xA9FD,0x89FD,0xA9FD,0xA9FD,0xA9FD,0xA9FD,0xA9FD,0xA9FD,0xA9FD,
    0xA9FD,0xA9FD,0xA9FD,0xA9FD,0xA9FD,0x47F5,0x62E4,0x63EC,0x63EC,0x62E4,0xC4EC,0xC49A,
    0x6138,0x8238,0xC279,0xC4F4,0xA2EC,0xA2EC,0xA2EC,0xA3EC,0xA3EC,0xA3EC,0xA3EC,0xA2EC,
    0xC2EC,0xA3EC,0xE2DB,0xC2DB,0xE3DB,0xC2DB,0x04DC,0x6269,0xA240,0x2130,0xB2AC,0xFFFF,
    0xFFFF,0x14B5,0x4138,0xA240,0xC369,0x4BFE,0x29FE,0x4AFE,0x87F5,0xA2EC,0xC2EC,0xA3EC,
    0xA3EC,0xA3EC,0xA3EC,0xA3EC,0xA2EC,0xA2EC,0xC3EC,0xA2EC,0xE4F4,0x0382,0x6238,0x6238,
    0x438A,0xA4EC,0x62E4,0x62EC,0x63EC,0x62E4,0x27F5,0xAAFD,0xA9FD,0xA9FD,0xA9FD,0xA9FD,
    0xA9FD,0xA9FD,0xA9FD,0xA9FD,0xA9FD,0x89FD,0xA9FD,0x89FD,0x89FD,0x89FD,0x89FD,0x89FD,
    0x89FD,0xA9FD,0xA9FD,0x89FD,0xA9FD,0xA9FD,0xA9FD,0xA9FD,0x89FD,0x89FD,0x89FD,0x89FD,
    0xC9FD,0xEAFD,0x29E5,0x49C4,0xA461,0x8238,0xC348,0xE348,0x6140,0x6138,0x8240,0xAAFD,
    0xAAFD,0xAAFD,0xAAFD,0xAAFD,0xAAFD,0xAAFD,0xAAFD,0xAAFD,0xAAFD,0xAAFD,0xAAFD,0xAAFD,
    0xAAFD,0xAAFD,0xAAFD,0xAAFD,0xAAFD,0xAAFD,0xAAFD,0xAAFD,0xAAFD,0xAAFD,0xAAFD,0xAAFD,
    0xAAFD,0xAAFD,0xAAFD,0xAAFD,0xAAFD,0xAAFD,0xAAFD,0xAAFD,0xAAFD,0xAAFD,0x8AFD,0xAAFD,
    0xAAFD,0xAAFD,0xAAFD,0xAAFD,0xAAFD,0xAAFD,0xAAFD,0xAAFD,0xAAFD,0xAAFD,0xAAFD,0xAAFD,
    0xAAFD,0xAAFD,0xAAFD,0xAAFD,0xAAFD,0xAAFD,0xAAFD,0x8AFD,0xAAFD,0xAAFD,0xAAFD,0xAAFD,
    0x8AFD,0xAAFD,0xAAFD,0xAAFD,0xAAFD,0xA9FD,0xAAFD,0x89FD,0x89FD,0x89FD,0x89FD,0xAAFD,
    0xAAFD,0xAAFD,0xAAFD,0xAAFD,0xAAFD,0xAAFD,0xAAFD,0xAAFD,0xAAFD,0xAAFD,0xAAFD,0xAAFD,
    0xAAFD,0xAAFD,0xAAFD,0xAAFD,0xAAFD,0xAAFD,0xAAFD,0xAAFD,0xAAFD,0xAAFD,0xAAFD,0xAAFD,
    0xAAFD,0xAAFD,0xAAFD,0xAAFD,0xE348,0xC340,0x8238,0x2351,0xE9B3,0x09E5,0xCAFD,0xE9FD,
    0x89FD,0x89FD,0xA9FD,0xA9FD,0xA9FD,0xA9FD,0xA9FD,0xA9FD,0xA9FD,0xA9FD,0xA9FD,0xA9FD,
    0xA9FD,0xA9FD,0xA9FD,0xA9FD,0xA9FD,0xA9FD,0xA9FD,0xA9FD,0xA9FD,0xA9FD,0xA9FD,0xA9FD,
    0xA9FD,0xA9FD,0xA9FD,0xA9FD,0xA9FD,0x27F5,0x62E4,0x63EC,0x63EC,0x62E4,0xA4EC,0x6392,
    0x6238,0x6238,0x0382,0xE4F4,0xA2EC,0xA3EC,0xA2EC,0xA3EC,0xA3EC,0xA3EC,0xA3EC,0xA2EC,
    0xC2EC,0x83EC,0xE2DB,0xE2DB,0xE3DB,0xE2DB,0x04DC,0x4261,0xA340,0x2130,0xF4AC,0xFFFF,
    0xFFFF,0x96C5,0x6138,0xA240,0x8361,0x2BF6,0x29FE,0x2AFE,0x87F5,0x82EC,0xC2EC,0xA3EC,
    0xA3EC,0xA3EC,0xA3EC,0xA3EC,0xA3EC,0xA2EC,0xA3EC,0xA2EC,0xE4FC,0x438A,0x6230,0x6238,
    0xE279,0xA4EC,0x62EC,0x62EC,0x63EC,0x63EC,0x07F5,0xAAFD,0xA9FD,0xA9FD,0xA9FD,0xA9FD,
    0xA9FD,0xA9FD,0xA9FD,0xA9FD,0x89FD,0xA9FD,0xA9FD,0xA9FD,0xA9FD,0x89FD,0x89FD,0x89FD,
    0x89FD,0xA9FD,0xA9FD,0xA9FD,0xA9FD,0xA9FD,0xAAFD,0xA9FD,0xA9FD,0x89FD,0x89FD,0xAAFD,
    0x08BC,0x247A,0xE248,0x4130,0x8240,0xC348,0xA340,0xA240,0x8240,0x6240,0x6238,0x8238,
    0xAAFD,0xAAFD,0xAAFD,0xAAFD,0xAAFD,0xAAFD,0xAAFD,0xAAFD,0xAAFD,0xAAFD,0xAAFD,0xAAFD,
    0xAAFD,0xAAFD,0xAAFD,0xAAFD,0xAAFD,0xAAFD,0xAAFD,0xAAFD,0xAAFD,0xAAFD,0xAAFD,0xAAFD,
    0xAAFD,0xAAFD,0xAAFD,0xA9FD,0xA9FD,0xAAFD,0xAAFD,0x8AFD,0xAAFD,0xAAFD,0xAAFD,0xAAFD,
    0xAAFD,0xAAFD,0xAAFD,0xAAFD,0xAAFD,0xAAFD,0xAAFD,0xA9FD,0xAAFD,0xAAFD,0xAAFD,0xAAFD,
    0xAAFD,0xAAFD,0xAAFD,0xAAFD,0xAAFD,0xAAFD,0xAAFD,0xAAFD,0xAAFD,0xAAFD,0xAAFD,0xAAFD,
    0xAAFD,0xAAFD,0xAAFD,0xAAFD,0xAAFD,0xAAFD,0xAAFD,0xA9FD,0xA9FD,0xA9FD,0xA9FD,0xA9FD,
    0xAAFD,0xAAFD,0xAAFD,0xAAFD,0xAAFD,0xAAFD,0xAAFD,0xAAFD,0xAAFD,0xAAFD,0xAAFD,0xAAFD,
    0xAAFD,0xAAFD,0xAAFD,0xAAFD,0xAAFD,0xAAFD,0xAAFD,0xAAFD,0xAAFD,0xAAFD,0xAAFD,0xAAFD,
    0xAAFD,0xAAFD,0xAAFD,0x8238,0xA240,0xA340,0xC340,0xA340,0x4138,0xC248,0x0472,0xC7B3,
    0xAAFD,0x89FD,0x89FD,0x89FD,0x8AFD,0xA9FD,0x89FD,0xA9FD,0xA9FD,0xA9FD,0xA9FD,0xA9FD,
    0xA9FD,0xA9FD,0xA9FD,0xA9FD,0xA9FD,0xA9FD,0xA9FD,0xA9FD,0xA9FD,0xA9FD,0xA9FD,0xA9FD,
    0xA9FD,0xA9FD,0xA9FD,0xA9FD,0xA9FD,0x06F5,0x62E4,0x62EC,0x62EC,0x62E4,0xA4EC,0x0382,
    0x6238,0x6138,0x4392,0xE4FC,0xA2EC,0xA3EC,0xA3EC,0xA3EC,0xA3EC,0xA3EC,0xA3EC,0xA2EC,
    0xA2EC,0x83EC,0xE2DB,0xE2DB,0xE2DB,0xE2DB,0xE4D3,0x2259,0xA340,0x4130,0x55BD,0xFFFF,
    0xFFFF,0x18CE,0x6238,0xA248,0x2359,0xEBED,0x4AFE,0x2AFE,0xA8F5,0xA2EC,0xA2EC,0xA3EC,
    0xA3EC,0xA3EC,0xA3EC,0xA3EC,0xA3EC,0xA2EC,0xA2EC,0xA2EC,0xE3FC,0xA392,0x4130,0x8238,
    0x8269,0x84EC,0x62EC,0x62EC,0x83EC,0x62EC,0xE6F4,0xAAFD,0xA9FD,0xA9FD,0xA9FD,0xA9FD,
    0xA9FD,0x89FD,0xA9FD,0xA9FD,0xA9FD,0xA9FD,0xA9FD,0x89FD,0xA9FD,0xA9FD,0x89FD,0x89FD,
    0x89FD,0xA9FD,0xA9FD,0xA9FD,0xA9FD,0xAAFD,0xA9FD,0x89FD,0x89FD,0x89FD,0xEAFD,0xC8B3,
    0x2030,0x6238,0xA340,0xA340,0x6238,0x4138,0xA140,0x4259,0x257A,0x069B,0xE8B3,0x69CC,
    0xC9D4,0xAAFD,0xAAFD,0xAAFD,0xAAFD,0xAAFD,0xAAFD,0xAAFD,0xAAFD,0xAAFD,0xAAFD,0xAAFD,
    0xAAFD,0xAAFD,0xAAFD,0xAAFD,0xAAFD,0xAAFD,0xAAFD,0xAAFD,0xAAFD,0xAAFD,0xAAFD,0xAAFD,
    0xAAFD,0xAAFD,0x89FD,0xA9FD,0xA9FD,0xA9FD,0xAAFD,0xAAFD,0xAAFD,0x8AFD,0xAAFD,0xAAFD,
    0xAAFD,0xAAFD,0xAAFD,0xAAFD,0xAAFD,0xAAFD,0xAAFD,0xAAFD,0xAAFD,0xAAFD,0xAAFD,0xAAFD,
    0xAAFD,0xAAFD,0xAAFD,0xAAFD,0xAAFD,0xAAFD,0xAAFD,0xAAFD,0xAAFD,0xAAFD,0xAAFD,0xAAFD,
    0x8AFD,0xAAFD,0xAAFD,0xAAFD,0xAAFD,0xAAFD,0xAAFD,0x8AFD,0xA9FD,0xA9FD,0xA9FD,0xA9FD,
    0x89FD,0xAAFD,0xAAFD,0xAAFD,0xAAFD,0xAAFD,0xAAFD,0xAAFD,0xAAFD,0xAAFD,0xAAFD,0xAAFD,
    0xAAFD,0xAAFD,0xAAFD,0xAAFD,0xAAFD,0xAAFD,0xAAFD,0xAAFD,0xAAFD,0xAAFD,0xAAFD,0xAAFD,
    0xAAFD,0xAAFD,0x469B,0x457A,0x8361,0xC248,0x6138,0x6238,0xA340,0xA340,0x8238,0x2130,
    0x46A3,0xCAFD,0x89FD,0xA9FD,0x89FD,0xA9FD,0xA9FD,0xA9FD,0xA9FD,0xA9FD,0xA9FD,0xA9FD,
    0xA9FD,0xA9FD,0xA9FD,0xA9FD,0xA9FD,0xA9FD,0xA9FD,0x89FD,0xA9FD,0xA9FD,0xA9FD,0xA9FD,
    0xA9FD,0xA9FD,0xA9FD,0xA9FD,0xA9FD,0xE6F4,0x62E4,0x63EC,0x63EC,0x62E4,0xA4EC,0xA271,
    0x8238,0x6130,0xA39A,0xE3FC,0xA2EC,0xA3EC,0xA3EC,0xA3EC,0xA3EC,0xA3EC,0xA3EC,0xA3EC,
    0xA2EC,0x63EC,0xC2DB,0xE2DB,0xC2DB,0xE2E3,0xC4CB,0xE250,0xA340,0x4130,0xD7CD,0xFFFF,
    0xFFFF,0x9ADE,0xA240,0xA248,0xE248,0xABE5,0x4AFE,0x2AFE,0xC8FD,0xA3EC,0xA2EC,0xA2EC,
    0xA3EC,0xA3EC,0xA3EC,0xA3EC,0xA3EC,0xA2EC,0xA3EC,0xA2EC,0xE3F4,0x04A3,0x4130,0x8238,
    0x2259,0x64E4,0x82EC,0x63EC,0x83EC,0x63EC,0xE5EC,0xAAFD,0xA9FD,0xA9FD,0xA9FD,0xA9FD,
    0xA9FD,0xA9FD,0xA9FD,0xA9FD,0x89FD,0xA9FD,0xA9FD,0x89FD,0xA9FD,0xA9FD,0xA9FD,0xA9FD,
    0x89FD,0xA9FD,0xA9FD,0xAAFD,0xAAFD,0xAAFD,0xA9FD,0xA9FD,0x89FD,0x69FD,0x0AFE,0x069B,
    0x0020,0x8238,0x6138,0xE250,0x247A,0xA8AB,0xEAD4,0xABF5,0x0BFE,0x0BFE,0xEAFD,0xCAFD,
    0xA9FD,0xA9FD,0xA9FD,0xAAFD,0xAAFD,0xAAFD,0xAAFD,0xAAFD,0xAAFD,0xAAFD,0xAAFD,0xAAFD,
    0xAAFD,0xAAFD,0xAAFD,0xAAFD,0xAAFD,0xAAFD,0xAAFD,0xAAFD,0xAAFD,0xAAFD,0xAAFD,0xAAFD,
    0xA9FD,0xAAFD,0xA9FD,0xA9FD,0xAAFD,0x8AFD,0xAAFD,0x8AFD,0xAAFD,0x8AFD,0xAAFD,0xAAFD,
    0xAAFD,0xAAFD,0xAAFD,0xAAFD,0xAAFD,0xAAFD,0xAAFD,0xAAFD,0xAAFD,0xAAFD,0xAAFD,0xAAFD,
    0xAAFD,0xAAFD,0xAAFD,0xAAFD,0xAAFD,0xAAFD,0xAAFD,0x8AFD,0x8AFD,0xAAFD,0xAAFD,0xAAFD,
    0xAAFD,0xAAFD,0xAAFD,0xAAFD,0xAAFD,0xAAFD,0xA9FD,0xAAFD,0xA9FD,0xA9FD,0xA9FD,0xA9FD,
    0xCAFD,0x08BC,0x8138,0xAAFD,0xAAFD,0xAAFD,0xAAFD,0xAAFD,0xAAFD,0xAAFD,0xAAFD,0xAAFD,
    0xAAFD,0xAAFD,0xAAFD,0xAAFD,0xAAFD,0xAAFD,0xAAFD,0xAAFD,0xAAFD,0xAAFD,0xAAFD,0xAAFD,
    0xCAFD,0xEAFD,0x0BFE,0x0BFE,0xABF5,0x0ADD,0x08BC,0x858A,0x4259,0x8140,0x8240,0x0128,
    0xA58A,0xEAFD,0x89FD,0x89FD,0x89FD,0xA9FD,0xA9FD,0xA9FD,0xA9FD,0xA9FD,0xA9FD,0xA9FD,
    0xA9FD,0xA9FD,0xA9FD,0xA9FD,0xA9FD,0xA9FD,0xA9FD,0xA9FD,0xA9FD,0xA9FD,0xA9FD,0xA9FD,
    0x89FD,0xA9FD,0xA9FD,0xA9FD,0xA9FD,0xC5EC,0x62EC,0x63EC,0x63E4,0x62E4,0x84E4,0x4261,
    0x8238,0x6138,0x03AB,0xE3FC,0xA2EC,0xA3EC,0xA3EC,0xA3EC,0xA3EC,0xA3EC,0xA3EC,0xA3EC,
    0xA3EC,0x63E4,0xC2DB,0xE2DB,0xE3DB,0x03E4,0x84C3,0xA148,0xA340,0x8238,0x79DE,0xFFFF,
    0xFFFF,0x1CE7,0xE340,0xA240,0xA140,0x4ADD,0x6AFE,0x2AFE,0xE8FD,0xA3EC,0xA2EC,0xA2EC,
    0xA3EC,0xA3EC,0xA3EC,0xA2EC,0xA2EC,0xA2EC,0xA2EC,0xA2EC,0xC2F4,0x64BB,0x6138,0xA238,
    0xE150,0x44DC,0x82EC,0x83EC,0x83EC,0x83EC,0xA4EC,0xA9FD,0xA9FD,0xA9FD,0xA9FD,0xA9FD,
    0xA9FD,0xA9FD,0xA9FD,0xA9FD,0xA9FD,0xA9FD,0xA9FD,0xA9FD,0xA9FD,0xA9FD,0xA9FD,0xA9FD,
    0x89FD,0xAAFD,0xAAFD,0x8AFD,0xAAFD,0xAAFD,0xA9FD,0xA9FD,0xA9FD,0x89FD,0xA9FD,0x4AED,
    0x6582,0x8582,0x28BC,0x8BED,0x2CFE,0x2BFE,0xEAFD,0xCAFD,0x89FD,0x89FD,0x89FD,0x89FD,
    0x89FD,0x89FD,0x89FD,0x8AFD,0x8AFD,0xAAFD,0xAAFD,0xAAFD,0xAAFD,0xAAFD,0xAAFD,0xAAFD,
    0xAAFD,0xAAFD,0xAAFD,0xAAFD,0xAAFD,0xAAFD,0xAAFD,0xAAFD,0xAAFD,0xAAFD,0x2259,0xCBFD,
    0xA9FD,0xA9FD,0xAAFD,0xAAFD,0x8AFD,0x8AFD,0xAAFD,0xAAFD,0xAAFD,0x8AFD,0x8AFD,0xAAFD,
    0xAAFD,0xAAFD,0xAAFD,0xAAFD,0xAAFD,0xAAFD,0xAAFD,0xAAFD,0xAAFD,0xAAFD,0xAAFD,0xAAFD,
    0xAAFD,0xAAFD,0xAAFD,0xAAFD,0xAAFD,0xAAFD,0xAAFD,0xAAFD,0xAAFD,0x8AFD,0xAAFD,0xAAFD,
    0x8AFD,0xAAFD,0xAAFD,0xAAFD,0xAAFD,0xAAFD,0xAAFD,0xA9FD,0xAAFD,0xAAFD,0xA9FD,0x89FD,
    0xEBFD,0x6259,0x2128,0x8338,0x2128,0xAAFD,0xAAFD,0xAAFD,0xAAFD,0xAAFD,0xAAFD,0xAAFD,
    0xAAFD,0xAAFD,0xAAFD,0xAAFD,0xAAFD,0xAAFD,0xAAFD,0xAAFD,0xAAFD,0xAAFD,0x89FD,0x89FD,
    0x89FD,0x89FD,0x89FD,0x89FD,0xA9FD,0xCAFD,0x0AFE,0x2BFE,0xABF5,0x69CC,0xC58A,0xA58A,
    0x4AED,0xA9FD,0x89FD,0xA9FD,0xA9FD,0xA9FD,0x89FD,0xA9FD,0xA9FD,0xAAFD,0xAAFD,0xA9FD,
    0xA9FD,0xA9FD,0xA9FD,0xA9FD,0xA9FD,0x8AFD,0xAAFD,0xA9FD,0xA9FD,0xA9FD,0xA9FD,0xA9FD,
    0xA9FD,0x89FD,0x89FD,0xA9FD,0xA9FD,0xA4EC,0x63EC,0x83EC,0x63E4,0x82EC,0x44DC,0xE250,
    0xA238,0x6138,0x64BB,0xE2F4,0xA2EC,0xA3EC,0xA2EC,0xA3EC,0xA3EC,0xA3EC,0xA3EC,0xA2EC,
    0xA3EC,0x43E4,0xC2DB,0xE3DB,0xE3DB,0x23E4,0x44BB,0x8140,0x8340,0xA338,0xFBE6,0xFFFF,
    0xFFFF,0x7DF7,0x4551,0xA240,0x8140,0xC9CC,0x8BFE,0x2AFE,0x09FE,0xC3EC,0xA2EC,0xA2EC,
    0xA2EC,0xA3EC,0xA3EC,0xA2EC,0xA2EC,0xA3EC,0xA3EC,0xA2EC,0xC2F4,0xE5CB,0x8140,0xA338,
    0xA148,0x04D4,0xA3F4,0x83EC,0x83EC,0x83EC,0x84EC,0x89FD,0xA9FD,0xA9FD,0xA9FD,0xA9FD,
    0xA9FD,0xA9FD,0x89FD,0xA9FD,0xA9FD,0xA9FD,0xA9FD,0xA9FD,0xA9FD,0xA9FD,0xA9FD,0x89FD,
    0xA9FD,0xAAFD,0xA9FD,0xAAFD,0xAAFD,0xAAFD,0xA9FD,0xA9FD,0xA9FD,0xA9FD,0x89FD,0xCAFD,
    0x0BFE,0x2BFE,0x2BFE,0xCAFD,0xA9FD,0x89FD,0x89FD,0xA9FD,0x89FD,0x89FD,0x89FD,0x89FD,
    0x89FD,0x89FD,0x89FD,0x89FD,0x89FD,0x8AFD,0x89FD,0x8AFD,0x8AFD,0xAAFD,0xAAFD,0xAAFD,
    0xAAFD,0xAAFD,0xAAFD,0xAAFD,0xAAFD,0xAAFD,0x2AE5,0x069B,0x0251,0x4138,0x069B,0xEBFD,
    0x89FD,0xA9FD,0x8AFD,0x8AFD,0xAAFD,0xAAFD,0xAAFD,0xAAFD,0xAAFD,0xAAFD,0xAAFD,0xAAFD,
    0xAAFD,0xAAFD,0xAAFD,0xAAFD,0xAAFD,0xAAFD,0xAAFD,0xAAFD,0xAAFD,0xAAFD,0xAAFD,0xAAFD,
    0xAAFD,0xAAFD,0xAAFD,0xAAFD,0x8AFD,0xAAFD,0xAAFD,0x8AFD,0xAAFD,0xAAFD,0x8AFD,0xAAFD,
    0xAAFD,0xAAFD,0xAAFD,0xAAFD,0xAAFD,0xAAFD,0x8AFD,0xAAFD,0xAAFD,0xAAFD,0xA9FD,0x89FD,
    0xEBFD,0x87A3,0x2130,0xC240,0xC68A,0x0ADD,0x0BFE,0x0AFE,0xA9FD,0xAAFD,0xAAFD,0xAAFD,
    0xAAFD,0xAAFD,0xAAFD,0xAAFD,0xAAFD,0xAAFD,0x8AFD,0xAAFD,0x8AFD,0xAAFD,0xAAFD,0xA9FD,
    0x89FD,0xA9FD,0xA9FD,0xA9FD,0xA9FD,0x89FD,0x89FD,0x89FD,0xCAFD,0x0AFE,0x0BFE,0x0BFE,
    0xCAFD,0x89FD,0x89FD,0xA9FD,0x89FD,0x89FD,0xA9FD,0xAAFD,0xA9FD,0xAAFD,0xAAFD,0xA9FD,
    0xA9FD,0xA9FD,0xA9FD,0xA9FD,0xA9FD,0xAAFD,0xAAFD,0xA9FD,0x89FD,0xA9FD,0xA9FD,0x89FD,
    0xA9FD,0xA9FD,0x89FD,0xA9FD,0x89FD,0x84EC,0x63EC,0x63EC,0x63EC,0x82EC,0xE4D3,0xA148,
    0xA340,0x8140,0xE4CB,0xC2F4,0xA2EC,0xA2EC,0xA2EC,0xA2EC,0xA3EC,0xA2EC,0xA3EC,0xA2EC,
    0xA3EC,0x22E4,0xC2DB,0xE3DB,0xC2DB,0x23E4,0x04B3,0x8240,0x8240,0x0449,0x5DEF,0xFFFF,
    0xFFFF,0xFFFF,0xE761,0x8240,0x6138,0x28B4,0x8BFE,0x09F6,0x09FE,0xC4EC,0xA2EC,0xA2EC,
    0xA3EC,0xA3EC,0xA3EC,0xA2EC,0xA2EC,0xA3EC,0xA3EC,0xA2EC,0xA2F4,0x45DC,0xC248,0xA338,
    0x6140,0xA4C3,0xC3F4,0x83EC,0x83EC,0x83EC,0x83EC,0x68FD,0xA9FD,0x89FD,0x89FD,0xA9FD,
    0x89FD,0xA9FD,0xA9FD,0xA9FD,0xA9FD,0x89FD,0xA9FD,0xA9FD,0xA9FD,0xA9FD,0xA9FD,0xA9FD,
    0xAAFD,0xA9FD,0xAAFD,0xAAFD,0x89FD,0xA9FD,0xA9FD,0xA9FD,0x89FD,0x89FD,0x89FD,0x89FD,
    0x89FD,0x89FD,0x89FD,0xA9FD,0xAAFD,0xA9FD,0xAAFD,0x8AFD,0x89FD,0x89FD,0x8AFD,0x8AFD,
    0x89FD,0x89FD,0x89FD,0x89FD,0x89FD,0x89FD,0x89FD,0x89FD,0x8AFD,0xAAFD,0xAAFD,0xA9FD,
    0xA9FD,0xA9FD,0xA9FD,0x89FD,0x89FD,0x69FD,0xC9FD,0x2BFE,0x4AE5,0xC9D4,0xABFD,0xA9FD,
    0x89FD,0xA9FD,0xA9FD,0xAAFD,0xAAFD,0xAAFD,0xAAFD,0xAAFD,0xAAFD,0xAAFD,0xAAFD,0xAAFD,
    0xAAFD,0xAAFD,0xAAFD,0xAAFD,0xAAFD,0xAAFD,0xAAFD,0xAAFD,0xAAFD,0xAAFD,0xAAFD,0xAAFD,
    0xAAFD,0xAAFD,0xAAFD,0xAAFD,0xAAFD,0xAAFD,0xAAFD,0x8AFD,0xAAFD,0xAAFD,0xAAFD,0x8AFD,
    0xAAFD,0xAAFD,0x8AFD,0xAAFD,0xAAFD,0xAAFD,0xAAFD,0xAAFD,0xAAFD,0xA9FD,0x89FD,0xA9FD,
    0xA9FD,0xCBFD,0xC9D4,0x2AE5,0x0BFE,0xA9FD,0x69F5,0x89FD,0x89FD,0xA9FD,0xA9FD,0xAAFD,
    0xAAFD,0xAAFD,0x8AFD,0x8AFD,0xAAFD,0xAAFD,0x8AFD,0xAAFD,0xAAFD,0xAAFD,0xAAFD,0xAAFD,
    0x89FD,0x89FD,0xA9FD,0xA9FD,0xA9FD,0xA9FD,0xA9FD,0xA9FD,0xA9FD,0x89FD,0x89FD,0x89FD,
    0x89FD,0x89FD,0x89FD,0xA9FD,0xA9FD,0xA9FD,0xA9FD,0x89FD,0xA9FD,0xAAFD,0xAAFD,0xAAFD,
    0xA9FD,0xAAFD,0xA9FD,0xAAFD,0xAAFD,0xAAFD,0xAAFD,0xAAFD,0xA9FD,0xA9FD,0xA9FD,0xA9FD,
    0x89FD,0xA9FD,0xA9FD,0xA9FD,0x68FD,0x83E4,0x83EC,0x83EC,0x62EC,0xA3F4,0xA4C3,0x6138,
    0xA340,0xC148,0x44DC,0xA2F4,0xA2EC,0xA2EC,0xA2EC,0xA2EC,0xA2EC,0xA3EC,0xA3EC,0xA2EC,
    0xA3EC,0x02DC,0xE2DB,0xE2DB,0xC2DB,0x44E4,0xC3A2,0x6238,0x6238,0xA651,0xBFFF,0xFFFF,
    0xFFFF,0xFFFF,0x8A72,0x6240,0x6138,0x87A3,0xACFE,0x09F6,0x0AFE,0xE4EC,0xA2EC,0xA2EC,
    0xA2EC,0xA3EC,0xA3EC,0xA2EC,0xA2EC,0xA2EC,0xA3EC,0xA2EC,0xA2EC,0xA4EC,0x2259,0x8338,
    0x6138,0x43B3,0xC3F4,0x82EC,0x83EC,0x83EC,0x62E4,0x47F5,0xA9FD,0x89FD,0xA9FD,0xA9FD,
    0xA9FD,0xA9FD,0xA9FD,0x89FD,0x89FD,0x89FD,0x89FD,0x89FD,0x89FD,0x89FD,0x89FD,0x89FD,
    0x89FD,0xA9FD,0x8AFD,0x8AFD,0xA9FD,0xA9FD,0xA9FD,0xA9FD,0xA9FD,0xA9FD,0xA9FD,0xA9FD,
    0xA9FD,0xA9FD,0xA9FD,0xA9FD,0xA9FD,0xA9FD,0xAAFD,0x8AFD,0x89FD,0x89FD,0x8AFD,0x8AFD,
    0x89FD,0x89FD,0x89FD,0x8AFD,0xAAFD,0x8AFD,0x8AFD,0x8AFD,0xAAFD,0xAAFD,0xAAFD,0xAAFD,
    0x89FD,0xA9FD,0x89FD,0x89FD,0x89FD,0xA9FD,0xA9FD,0x89FD,0xCAFD,0xEAFD,0x89FD,0x89FD,
    0x89FD,0x89FD,0x89FD,0x8AFD,0x89FD,0x8AFD,0x8AFD,0x8AFD,0xAAFD,0x8AFD,0x8AFD,0xAAFD,
    0xAAFD,0xAAFD,0xAAFD,0xAAFD,0xAAFD,0xAAFD,0xAAFD,0xAAFD,0xAAFD,0xAAFD,0xAAFD,0xAAFD,
    0xAAFD,0xAAFD,0x8AFD,0x8AFD,0x8AFD,0x8AFD,0x8AFD,0x8AFD,0x8AFD,0xAAFD,0xAAFD,0x8AFD,
    0xAAFD,0xAAFD,0xAAFD,0xAAFD,0xAAFD,0xAAFD,0xAAFD,0xAAFD,0xA9FD,0xA9FD,0xA9FD,0x89FD,
    0x89FD,0x89FD,0xEAFD,0xCAFD,0x89FD,0x89FD,0x89FD,0x89FD,0x89FD,0x89FD,0xA9FD,0xA9FD,
    0xA9FD,0xA9FD,0xAAFD,0x8AFD,0x8AFD,0xAAFD,0xAAFD,0xAAFD,0xA9FD,0xA9FD,0xA9FD,0xA9FD,
    0xA9FD,0xA9FD,0xA9FD,0xA9FD,0xA9FD,0x89FD,0x89FD,0x89FD,0xA9FD,0x89FD,0x89FD,0xA9FD,
    0x89FD,0x89FD,0xA9FD,0x89FD,0x89FD,0xA9FD,0xA9FD,0x89FD,0xAAFD,0xAAFD,0xAAFD,0xAAFD,
    0xAAFD,0xAAFD,0xAAFD,0xAAFD,0xAAFD,0xAAFD,0xAAFD,0xAAFD,0xA9FD,0xA9FD,0x89FD,0x89FD,
    0x89FD,0x89FD,0x89FD,0xA9FD,0x47F5,0x63E4,0x83EC,0x83EC,0x62E4,0xC3F4,0x03AB,0x4138,
    0x8238,0x2259,0xA4EC,0xA2EC,0xA2EC,0xA2EC,0xA2EC,0xA2EC,0xA2EC,0xA2EC,0xA3EC,0xA2EC,
    0x83EC,0xE2DB,0xE2DB,0xE3DB,0xC2DB,0x44E4,0x4392,0x6238,0x4138,0x4962,0xFFFF,0xFFFF,
    0xFFFF,0xFFFF,0x6D83,0x6138,0x6138,0xC68A,0x8CFE,0x09F6,0x2AFE,0x05ED,0x82EC,0xA2EC,
    0xA2EC,0xA3EC,0xA3EC,0xA2EC,0xA2EC,0xA2EC,0xA2EC,0xA3EC,0x82EC,0xC4F4,0xA271,0x8240,
    0x6138,0xA39A,0xE4F4,0x82EC,0x83EC,0x83EC,0x62EC,0x06F5,0xA9FD,0x89FD,0x89FD,0xA9FD,
    0xA9FD,0xA9FD,0xA9FD,0xA9FD,0xA9FD,0xA9FD,0xA9FD,0x89FD,0x89FD,0x8AFD,0xA9FD,0xA9FD,
    0xA9FD,0xA9FD,0xAAFD,0xA9FD,0xA9FD,0xA9FD,0xAAFD,0xA9FD,0xA9FD,0xA9FD,0xA9FD,0xA9FD,
    0xA9FD,0xA9FD,0xA9FD,0xA9FD,0xA9FD,0x89FD,0xA9FD,0xA9FD,0xA9FD,0x89FD,0xAAFD,0x8AFD,
    0xAAFD,0xAAFD,0x8AFD,0xAAFD,0xA9FD,0xAAFD,0xAAFD,0xAAFD,0xAAFD,0xAAFD,0xAAFD,0xAAFD,
    0x89FD,0xA9FD,0x89FD,0x89FD,0xA9FD,0xA9FD,0xA9FD,0xA9FD,0x89FD,0x89FD,0x89FD,0x89FD,
    0x89FD,0x89FD,0xA9FD,0xA9FD,0x8AFD,0xAAFD,0xAAFD,0xAAFD,0xAAFD,0xAAFD,0x8AFD,0xAAFD,
    0xAAFD,0xAAFD,0xAAFD,0xAAFD,0xAAFD,0xAAFD,0xAAFD,0xAAFD,0xAAFD,0xAAFD,0xAAFD,0xAAFD,
    0xAAFD,0x8AFD,0x8AFD,0x8AFD,0xAAFD,0xAAFD,0x8AFD,0xAAFD,0xAAFD,0xAAFD,0xAAFD,0x8AFD,
    0xAAFD,0xAAFD,0xAAFD,0xAAFD,0xAAFD,0xAAFD,0xAAFD,0x8AFD,0xA9FD,0xA9FD,0x89FD,0x89FD,
    0x89FD,0x89FD,0x89FD,0x89FD,0xA9FD,0x89FD,0x89FD,0x89FD,0x89FD,0x89FD,0x89FD,0x89FD,
    0xA9FD,0xA9FD,0x89FD,0xA9FD,0x8AFD,0xAAFD,0xAAFD,0xAAFD,0xA9FD,0xA9FD,0xA9FD,0xA9FD,
    0xA9FD,0xA9FD,0x89FD,0xA9FD,0xA9FD,0xA9FD,0xA9FD,0x89FD,0x89FD,0xA9FD,0x89FD,0x89FD,
    0x89FD,0xA9FD,0xA9FD,0xA9FD,0xA9FD,0x89FD,0xAAFD,0xAAFD,0xAAFD,0xAAFD,0xAAFD,0xAAFD,
    0xAAFD,0xAAFD,0xAAFD,0xAAFD,0xAAFD,0xAAFD,0xAAFD,0x8AFD,0x89FD,0xA9FD,0x89FD,0x89FD,
    0x89FD,0x89FD,0x89FD,0xA9FD,0x06F5,0x43E4,0x83EC,0x63EC,0x62EC,0xC4F4,0x8392,0x6138,
    0x8238,0xC271,0xE4F4,0xA2EC,0xA2EC,0xA2EC,0xA2EC,0xA2EC,0xA2EC,0xA2EC,0xA3EC,0xA2EC,
    0x83EC,0xE2DB,0xE2DB,0xE3DB,0xC2DB,0x44E4,0xE381,0x8238,0x4138,0x0C7B,0xFFFF,0xFFFF,
    0xDFFF,0xFFFF,0x51A4,0x4138,0x8240,0x2472,0x6CFE,0x09FE,0x2AFE,0x25F5,0x82EC,0xA2EC,
    0xA2EC,0xA2EC,0xA2EC,0xA2EC,0xA2EC,0xA2EC,0xA2EC,0xA3EC,0x82EC,0xE4F4,0x438A,0x8240,
    0x6238,0x0382,0xE4F4,0x82EC,0x83EC,0x82EC,0x62E4,0xE5EC,0xA9FD,0xA9FD,0x89FD,0xA9FD,
    0x89FD,0xA9FD,0xA9FD,0xA9FD,0xA9FD,0xAAFD,0xAAFD,0xA9FD,0xA9FD,0xA9FD,0xA9FD,0x89FD,
    0xAAFD,0xAAFD,0xA9FD,0xA9FD,0xA9FD,0xA9FD,0xAAFD,0xAAFD,0x89FD,0xA9FD,0xA9FD,0xA9FD,
    0xAAFD,0xA9FD,0xA9FD,0xA9FD,0xA9FD,0xA9FD,0xA9FD,0xA9FD,0xA9FD,0xAAFD,0x8AFD,0x8AFD,
    0x8AFD,0xAAFD,0xAAFD,0xAAFD,0x8AFD,0xAAFD,0xAAFD,0xAAFD,0xAAFD,0xAAFD,0xAAFD,0xAAFD,
    0x89FD,0x89FD,0x89FD,0xA9FD,0xA9FD,0xA9FD,0xA9FD,0xA9FD,0xA9FD,0x89FD,0x89FD,0x89FD,
    0xA9FD,0xA9FD,0xA9FD,0xA9FD,0xAAFD,0xAAFD,0xAAFD,0xAAFD,0x8AFD,0xAAFD,0xAAFD,0xAAFD,
    0xAAFD,0xAAFD,0xAAFD,0xAAFD,0xAAFD,0xAAFD,0xAAFD,0xAAFD,0xAAFD,0xAAFD,0xAAFD,0xAAFD,
    0x8AFD,0x8AFD,0xAAFD,0xAAFD,0xAAFD,0xAAFD,0x8AFD,0xAAFD,0xAAFD,0xAAFD,0xAAFD,0xAAFD,
    0x8AFD,0xAAFD,0xAAFD,0xAAFD,0xAAFD,0xAAFD,0xAAFD,0xAAFD,0xAAFD,0xA9FD,0x89FD,0x89FD,
    0x89FD,0x89FD,0xA9FD,0xA9FD,0x89FD,0x89FD,0x89FD,0x89FD,0x89FD,0xA9FD,0x89FD,0xA9FD,
    0xA9FD,0x89FD,0x89FD,0x89FD,0x8AFD,0xAAFD,0xAAFD,0xAAFD,0xAAFD,0xAAFD,0xAAFD,0xA9FD,
    0xA9FD,0xA9FD,0xA9FD,0xA9FD,0xA9FD,0xA9FD,0x89FD,0xA9FD,0xA9FD,0x89FD,0xA9FD,0xA9FD,
    0xA9FD,0xA9FD,0xA9FD,0xA9FD,0xA9FD,0xA9FD,0xAAFD,0x8AFD,0xAAFD,0xAAFD,0xAAFD,0xAAFD,
    0xAAFD,0xAAFD,0xA9FD,0xA9FD,0x8AFD,0xAAFD,0xAAFD,0x8AFD,0xA9FD,0xA9FD,0xA9FD,0x89FD,
    0x89FD,0x89FD,0x89FD,0xA9FD,0xE5EC,0x62E4,0x83EC,0x83EC,0x63EC,0xC4EC,0xE379,0x8238,
    0x6238,0x638A,0xE3F4,0x82EC,0xA2EC,0xA2EC,0xA2EC,0xA2EC,0xA2EC,0xA2EC,0xA2EC,0xA3EC,
    0x42E4,0xC2DB,0xE3DB,0xE2DB,0xE2DB,0x24E4,0x6269,0xA340,0x2130,0xEF93,0xFFFF,0xDFFF,
    0xDFFF,0xFFFF,0x55BD,0x4138,0xA240,0x6259,0x2BF6,0x29FE,0x2AFE,0x46F5,0x82EC,0xA2EC,
    0xA2EC,0xA2EC,0xA2EC,0xA2EC,0xA2EC,0xA2EC,0xA2EC,0xA2EC,0x82EC,0xE3F4,0x04AB,0x6140,
    0x8240,0x6269,0xA5EC,0x82EC,0x83EC,0x83EC,0x62EC,0xA4EC,0xA9FD,0xA9FD,0x89FD,0x89FD,
    0xA9FD,0xA9FD,0x89FD,0x89FD,0xA9FD,0x8AFD,0x8AFD,0xA9FD,0x89FD,0xAAFD,0x89FD,0x89FD,
    0xA9FD,0x8AFD,0x89FD,0xAAFD,0xAAFD,0xAAFD,0xAAFD,0xAAFD,0x8AFD,0xA9FD,0xA9FD,0xA9FD,
    0x89FD,0x89FD,0xA9FD,0x89FD,0xA9FD,0xA9FD,0x89FD,0xA9FD,0x89FD,0x8AFD,0x8AFD,0x8AFD,
    0x8AFD,0x8AFD,0xAAFD,0xAAFD,0xAAFD,0x8AFD,0xAAFD,0xAAFD,0xAAFD,0xAAFD,0xAAFD,0xAAFD,
    0xAAFD,0xA9FD,0xA9FD,0xA9FD,0xA9FD,0xA9FD,0x89FD,0xA9FD,0x89FD,0x89FD,0x89FD,0x89FD,
    0x89FD,0x89FD,0xA9FD,0x89FD,0xAAFD,0x8AFD,0xAAFD,0xAAFD,0xAAFD,0xAAFD,0xAAFD,0xAAFD,
    0xAAFD,0xAAFD,0xAAFD,0xAAFD,0xAAFD,0xAAFD,0xAAFD,0xAAFD,0x8AFD,0xAAFD,0xAAFD,0xAAFD,
    0xAAFD,0xAAFD,0xAAFD,0x8AFD,0xAAFD,0x8AFD,0x8AFD,0xAAFD,0xAAFD,0xAAFD,0xAAFD,0xAAFD,
    0xAAFD,0xAAFD,0xAAFD,0xAAFD,0xAAFD,0xAAFD,0xAAFD,0xA9FD,0xA9FD,0xA9FD,0x89FD,0x89FD,
    0x89FD,0x89FD,0x89FD,0x89FD,0x89FD,0x89FD,0x89FD,0x89FD,0x89FD,0x89FD,0x89FD,0xA9FD,
    0x89FD,0x89FD,0xA9FD,0xAAFD,0xAAFD,0x8AFD,0xAAFD,0xAAFD,0xAAFD,0xAAFD,0xAAFD,0xA9FD,
    0x89FD,0xA9FD,0xA9FD,0x89FD,0x89FD,0xA9FD,0x89FD,0x89FD,0x89FD,0x89FD,0xA9FD,0xA9FD,
    0x89FD,0xA9FD,0x89FD,0xA9FD,0xA9FD,0xAAFD,0xAAFD,0xAAFD,0xAAFD,0xAAFD,0xAAFD,0xAAFD,
    0xAAFD,0xA9FD,0xA9FD,0xA9FD,0xA9FD,0xAAFD,0xAAFD,0xA9FD,0x89FD,0x89FD,0xA9FD,0x89FD,
    0x89FD,0x89FD,0x89FD,0x89FD,0xA4EC,0x62EC,0x63EC,0x63EC,0x83EC,0x84E4,0x2261,0xA340,
    0x6140,0x04AB,0xE3F4,0x82EC,0xA3EC,0xA2EC,0xA3EC,0xA2EC,0xA2EC,0xA2EC,0xA2EC,0xC3EC,
    0x23E4,0xC3DB,0xE3DB,0xE2DB,0xE2DB,0x04DC,0x0159,0xA340,0x4130,0x14B5,0xFFFF,0xDFFF,
    0xFFFF,0xFFFF,0x59D6,0x8240,0xA240,0xE248,0xABE5,0x4AFE,0x0AFE,0x67F5,0x82EC,0xA2EC,
    0xA2EC,0xA2EC,0xA2EC,0xA2EC,0xA2EC,0xA3EC,0xA2EC,0xA2EC,0xA2EC,0xE3F4,0xC5C3,0x8148,
    0xA340,0xE258,0x45DC,0xA3EC,0x82EC,0x82EC,0x62EC,0x83EC,0x88FD,0x89FD,0x89FD,0x89FD,
    0xA9FD,0xA9FD,0x89FD,0x89FD,0x89FD,0x89FD,0x89FD,0xA9FD,0xA9FD,0x89FD,0xA9FD,0xA9FD,
    0xAAFD,0xAAFD,0xAAFD,0xAAFD,0xAAFD,0xAAFD,0xAAFD,0xAAFD,0xAAFD,0xAAFD,0x8AFD,0x8AFD,
    0xAAFD,0xAAFD,0xAAFD,0x8AFD,0xAAFD,0xAAFD,0x8AFD,0xAAFD,0x8AFD,0x8AFD,0xAAFD,0xAAFD,
    0xAAFD,0xAAFD,0xAAFD,0xAAFD,0xAAFD,0xAAFD,0xAAFD,0xAAFD,0xAAFD,0xAAFD,0xAAFD,0xAAFD,
    0xAAFD,0xA9FD,0xA9FD,0xA9FD,0xA9FD,0x89FD,0xA9FD,0xA9FD,0x89FD,0x89FD,0x89FD,0x89FD,
    0x89FD,0xA9FD,0xA9FD,0xAAFD,0xAAFD,0xAAFD,0xAAFD,0xAAFD,0xAAFD,0xAAFD,0xAAFD,0xAAFD,
    0xAAFD,0xAAFD,0xAAFD,0xAAFD,0xAAFD,0xAAFD,0xAAFD,0xAAFD,0xAAFD,0xAAFD,0xAAFD,0xAAFD,
    0x89FD,0xAAFD,0x8AFD,0x89FD,0x8AFD,0xAAFD,0x8AFD,0xAAFD,0xAAFD,0xAAFD,0xAAFD,0xAAFD,
    0x8AFD,0x8AFD,0xAAFD,0xAAFD,0xAAFD,0xA9FD,0xAAFD,0xA9FD,0xA9FD,0x89FD,0x89FD,0x89FD,
    0x89FD,0x89FD,0x89FD,0x89FD,0x89FD,0x89FD,0x89FD,0x89FD,0x89FD,0x89FD,0xA9FD,0x89FD,
    0xA9FD,0xA9FD,0xA9FD,0xA9FD,0xAAFD,0xAAFD,0xAAFD,0xAAFD,0xAAFD,0xAAFD,0xAAFD,0xA9FD,
    0xA9FD,0xA9FD,0xA9FD,0xA9FD,0x89FD,0xA9FD,0x89FD,0x89FD,0x89FD,0xA9FD,0xA9FD,0xA9FD,
    0x89FD,0xA9FD,0x89FD,0x8AFD,0x8AFD,0xAAFD,0xAAFD,0xAAFD,0xAAFD,0xAAFD,0xAAFD,0xAAFD,
    0xA9FD,0xA9FD,0xA9FD,0xA9FD,0xAAFD,0xAAFD,0xA9FD,0xA9FD,0xAAFD,0x89FD,0xA9FD,0x89FD,
    0x89FD,0x89FD,0xA9FD,0x88FD,0x63EC,0x62EC,0x63EC,0x63EC,0xA3EC,0x25D4,0xC148,0xC348,
    0xA248,0xC4C3,0xC3F4,0xA2EC,0xA3EC,0xA2EC,0xA3EC,0xA2EC,0xA2EC,0xA2EC,0xA2EC,0xA3EC,
    0x02E4,0xC3DB,0xC3DB,0xC2DB,0x03E4,0xC4D3,0xC250,0xA340,0x8238,0x18CE,0xFFFF,0xDFFF,
    0xFFFF,0xFFFF,0x1CEF,0xE340,0xA240,0x8140,0xC9CC,0x6AFE,0x09FE,0xA8F5,0x82EC,0xA2EC,
    0xA2EC,0xA2EC,0xA2EC,0xA2EC,0xA2EC,0xA2EC,0xA3EC,0xA2EC,0xA2EC,0xC3F4,0x65DC,0xE250,
    0xA340,0xA148,0xA4C3,0xC3F4,0x62EC,0x82EC,0x62EC,0x63E4,0x47F5,0xA9FD,0xA9FD,0xA9FD,
    0x89FD,0xA9FD,0xA9FD,0x89FD,0x89FD,0x89FD,0xA9FD,0x89FD,0xA9FD,0xA9FD,0xA9FD,0xA9FD,
    0xAAFD,0xAAFD,0xAAFD,0xAAFD,0xAAFD,0xAAFD,0xAAFD,0xAAFD,0x8AFD,0xAAFD,0xAAFD,0x8AFD,
    0xAAFD,0xAAFD,0xAAFD,0xAAFD,0xAAFD,0x8AFD,0xAAFD,0xAAFD,0x8AFD,0xAAFD,0xAAFD,0xAAFD,
    0xAAFD,0xAAFD,0xAAFD,0xAAFD,0xAAFD,0xAAFD,0xAAFD,0xAAFD,0xAAFD,0xAAFD,0xAAFD,0xAAFD,
    0xAAFD,0xAAFD,0xA9FD,0xA9FD,0xA9FD,0x89FD,0xA9FD,0x89FD,0x89FD,0x89FD,0x89FD,0x8AFD,
    0xAAFD,0xA9FD,0xA9FD,0x89FD,0xAAFD,0xAAFD,0xAAFD,0xAAFD,0xAAFD,0xAAFD,0xAAFD,0xAAFD,
    0xAAFD,0xAAFD,0xAAFD,0xAAFD,0xAAFD,0xAAFD,0xAAFD,0xAAFD,0xAAFD,0xAAFD,0xAAFD,0xAAFD,
    0xAAFD,0x8AFD,0xAAFD,0x89FD,0x89FD,0x8AFD,0x8AFD,0xAAFD,0xAAFD,0xAAFD,0xAAFD,0xAAFD,
    0xAAFD,0xAAFD,0xA9FD,0xA9FD,0xA9FD,0x89FD,0xAAFD,0xA9FD,0xA9FD,0xA9FD,0x89FD,0x89FD,
    0x89FD,0x89FD,0x89FD,0x89FD,0x89FD,0x89FD,0x89FD,0x89FD,0xA9FD,0xA9FD,0x89FD,0x89FD,
    0xAAFD,0xAAFD,0xAAFD,0xAAFD,0xAAFD,0xAAFD,0xAAFD,0xAAFD,0xAAFD,0xAAFD,0xAAFD,0xAAFD,
    0x89FD,0xA9FD,0xA9FD,0xA9FD,0xA9FD,0x89FD,0x89FD,0xA9FD,0xA9FD,0x89FD,0x89FD,0xA9FD,
    0xA9FD,0xA9FD,0xA9FD,0xA9FD,0x8AFD,0xAAFD,0xAAFD,0xAAFD,0xAAFD,0xAAFD,0xAAFD,0xAAFD,
    0xA9FD,0xA9FD,0xA9FD,0xA9FD,0xA9FD,0xA9FD,0xA9FD,0xA9FD,0xAAFD,0xA9FD,0x89FD,0xA9FD,
    0xA9FD,0xA9FD,0xA9FD,0x48F5,0x62E4,0x62EC,0x63EC,0x62E4,0xC3F4,0x84BB,0x8140,0xA348,
    0x0259,0x64DC,0xA2F4,0xA3EC,0xA3EC,0xA3EC,0xA3EC,0xA2EC,0xA2EC,0xA2EC,0xA2EC,0xA3EC,
    0xE2DB,0xC3DB,0xC3DB,0xC2DB,0x23E4,0x64BB,0x8148,0xA340,0xE448,0x1CEF,0xFFFF,0xFFFF,
    0xFFFF,0xFFFF,0xDFFF,0xC759,0x8240,0x4138,0xC8AB,0x8BFE,0x09F6,0xC8F5,0xA2EC,0xA2EC,
    0xA2EC,0xA2EC,0xA2EC,0xA2EC,0xA2EC,0xA2EC,0xC2EC,0xC2EC,0xA3EC,0xA2EC,0xC5EC,0x6269,
    0x8240,0x8240,0xC4A2,0xC3F4,0x62E4,0x62EC,0x82EC,0x62E4,0x06F5,0xA9FD,0x89FD,0x89FD,
    0xA9FD,0xA9FD,0x89FD,0xA9FD,0x89FD,0xA9FD,0xA9FD,0xA9FD,0xA9FD,0xA9FD,0xA9FD,0xA9FD,
    0xAAFD,0xAAFD,0xAAFD,0xAAFD,0xAAFD,0xAAFD,0xAAFD,0xAAFD,0xAAFD,0xAAFD,0xAAFD,0xAAFD,
    0xAAFD,0xAAFD,0xAAFD,0xAAFD,0xAAFD,0xAAFD,0xAAFD,0xAAFD,0xAAFD,0xAAFD,0xAAFD,0xAAFD,
    0xAAFD,0xAAFD,0x89FD,0xAAFD,0xAAFD,0xAAFD,0xAAFD,0xAAFD,0xAAFD,0xAAFD,0xAAFD,0xAAFD,
    0x8AFD,0x8AFD,0xA9FD,0xA9FD,0xA9FD,0x89FD,0x89FD,0x89FD,0x89FD,0x89FD,0xA9FD,0xAAFD,
    0xAAFD,0xA9FD,0xA9FD,0xA9FD,0xAAFD,0xAAFD,0xAAFD,0xAAFD,0xAAFD,0xAAFD,0xAAFD,0xAAFD,
    0xAAFD,0xAAFD,0xAAFD,0xAAFD,0xAAFD,0xAAFD,0xAAFD,0xAAFD,0xAAFD,0xAAFD,0xAAFD,0xAAFD,
    0xAAFD,0xA9FD,0xA9FD,0xA9FD,0xA9FD,0xAAFD,0xAAFD,0xAAFD,0xAAFD,0xAAFD,0xAAFD,0xAAFD,
    0xAAFD,0xA9FD,0xA9FD,0x89FD,0xA9FD,0xA9FD,0xAAFD,0xA9FD,0xA9FD,0xA9FD,0xA9FD,0xA9FD,
    0x89FD,0x89FD,0x89FD,0x89FD,0x89FD,0x89FD,0x89FD,0x89FD,0xA9FD,0xA9FD,0x89FD,0x89FD,
    0xAAFD,0xAAFD,0xAAFD,0xAAFD,0xAAFD,0xAAFD,0xAAFD,0xAAFD,0xAAFD,0xAAFD,0xAAFD,0xAAFD,
    0xA9FD,0xAAFD,0xA9FD,0xA9FD,0xA9FD,0xA9FD,0xA9FD,0x89FD,0xA9FD,0xA9FD,0xAAFD,0xA9FD,
    0xA9FD,0xA9FD,0xA9FD,0xA9FD,0xAAFD,0xAAFD,0xAAFD,0xAAFD,0xA9FD,0xA9FD,0xA9FD,0xA9FD,
    0xA9FD,0xA9FD,0xA9FD,0xA9FD,0xA9FD,0xA9FD,0xA9FD,0xAAFD,0xAAFD,0xA9FD,0xA9FD,0xA9FD,
    0xA9FD,0x89FD,0xAAFD,0x06F5,0x42E4,0x63EC,0x63EC,0x62E4,0xC4F4,0xC49A,0x6138,0xA240,
    0xA271,0xC4F4,0xA2EC,0xA3EC,0xA3EC,0xA3EC,0xA3EC,0xA2EC,0xA2EC,0xA2EC,0xC2EC,0x83EC,
    0xC2DB,0xC3DB,0xE3DB,0xC2DB,0x43E4,0xC4A2,0x8240,0x8240,0xA759,0xDFFF,0xFFFF,0xFFFF,
    0xFFFF,0xDFFF,0xFFFF,0xEB7A,0x4138,0x6138,0xC58A,0x6BFE,0xE9F5,0xE9F5,0xC3EC,0xA2EC,
    0xA2EC,0xA2EC,0xA2EC,0xA2EC,0xA2EC,0xA3EC,0xC3EC,0xC2EC,0xC2EC,0xA2EC,0x04F5,0x438A,
    0x6238,0x8240,0xE279,0xA4F4,0x62E4,0x62EC,0x82EC,0x62EC,0xC5EC,0xA9FD,0x89FD,0x89FD,
    0x89FD,0x89FD,0x89FD,0x89FD,0x89FD,0x89FD,0x89FD,0xA9FD,0x89FD,0xA9FD,0xA9FD,0xA9FD,
    0xAAFD,0xAAFD,0xAAFD,0xA9FD,0xAAFD,0xAAFD,0xAAFD,0xAAFD,0xAAFD,0xAAFD,0xAAFD,0x8AFD,
    0x8AFD,0x8AFD,0x8AFD,0xAAFD,0xAAFD,0xAAFD,0x8AFD,0x8AFD,0x8AFD,0xAAFD,0xAAFD,0x8AFD,
    0xAAFD,0xAAFD,0xAAFD,0xAAFD,0xAAFD,0xAAFD,0xAAFD,0xAAFD,0xAAFD,0xAAFD,0xAAFD,0x8AFD,
    0xAAFD,0x8AFD,0x89FD,0x89FD,0x89FD,0x89FD,0x89FD,0xA9FD,0x89FD,0x89FD,0xA9FD,0xAAFD,
    0xAAFD,0xAAFD,0x89FD,0xA9FD,0xAAFD,0xAAFD,0xAAFD,0xAAFD,0xAAFD,0xAAFD,0xAAFD,0xAAFD,
    0xAAFD,0xAAFD,0xAAFD,0xAAFD,0xAAFD,0xAAFD,0x8AFD,0xAAFD,0xAAFD,0xAAFD,0x8AFD,0x8AFD,
    0xAAFD,0xAAFD,0xAAFD,0x89FD,0x89FD,0xAAFD,0xAAFD,0xAAFD,0xAAFD,0xAAFD,0xAAFD,0xAAFD,
    0xAAFD,0xAAFD,0xAAFD,0xA9FD,0xA9FD,0x89FD,0x89FD,0xA9FD,0xA9FD,0xA9FD,0xA9FD,0x89FD,
    0x89FD,0x89FD,0x89FD,0x89FD,0x89FD,0xA9FD,0xA9FD,0xA9FD,0x89FD,0x89FD,0xA9FD,0x89FD,
    0xA9FD,0xAAFD,0xAAFD,0xAAFD,0xA9FD,0xAAFD,0xAAFD,0xAAFD,0xAAFD,0xAAFD,0xAAFD,0x8AFD,
    0x8AFD,0xA9FD,0x89FD,0x89FD,0xA9FD,0x89FD,0xA9FD,0x8AFD,0x89FD,0x89FD,0x89FD,0x8AFD,
    0x89FD,0xA9FD,0xA9FD,0xA9FD,0xA9FD,0xAAFD,0xAAFD,0xAAFD,0xA9FD,0xAAFD,0xA9FD,0xA9FD,
    0x89FD,0x89FD,0xA9FD,0x89FD,0x89FD,0x89FD,0x89FD,0x89FD,0x89FD,0x89FD,0x89FD,0x89FD,
    0x89FD,0x89FD,0xA9FD,0xC5EC,0x62E4,0x63EC,0x63EC,0x62EC,0xC4F4,0xE279,0x8238,0x8238,
    0x638A,0x04F5,0xA2EC,0xA3EC,0xA3EC,0xA3EC,0xA3EC,0xA3EC,0xA2EC,0xA2EC,0xA2EC,0x43E4,
    0xC2DB,0xC2DB,0xC3DB,0xC2DB,0x44E4,0x238A,0x8240,0x4138,0xCB72,0xFFFF,0xFFFF,0xFFFF,
    0xFFFF,0xDFFF,0xFFFF,0x309C,0x2030,0x8238,0xC461,0x2BFE,0x09FE,0xE9FD,0xC4EC,0xA2EC,
    0xA2EC,0xA2EC,0xA2EC,0xA2EC,0xC2EC,0xA3EC,0xC3EC,0xC3EC,0xA3EC,0xA2EC,0x04F5,0x24AB,
    0x6138,0xA340,0x0159,0x64E4,0x62EC,0x62EC,0x82EC,0x62EC,0xA4EC,0x89FD,0xA9FD,0xA9FD,
    0xA9FD,0x89FD,0xA9FD,0xA9FD,0xA9FD,0xA9FD,0xA9FD,0x89FD,0xA9FD,0xA9FD,0xA9FD,0xA9FD,
    0xAAFD,0xAAFD,0xAAFD,0xAAFD,0xAAFD,0xAAFD,0xAAFD,0xAAFD,0xAAFD,0xAAFD,0xAAFD,0xAAFD,
    0xAAFD,0xAAFD,0xAAFD,0xAAFD,0xAAFD,0xAAFD,0xAAFD,0xAAFD,0xAAFD,0xAAFD,0xAAFD,0xAAFD,
    0xAAFD,0xA9FD,0xAAFD,0xAAFD,0xAAFD,0xAAFD,0xAAFD,0xAAFD,0xAAFD,0xAAFD,0xAAFD,0xAAFD,
    0xAAFD,0xA9FD,0xA9FD,0x89FD,0x89FD,0xA9FD,0xA9FD,0xA9FD,0xA9FD,0xA9FD,0x89FD,0xAAFD,
    0xAAFD,0xA9FD,0xA9FD,0xA9FD,0xA9FD,0xAAFD,0xAAFD,0xAAFD,0xAAFD,0xAAFD,0xAAFD,0xAAFD,
    0xAAFD,0xAAFD,0x8AFD,0xAAFD,0xAAFD,0xAAFD,0xAAFD,0xAAFD,0xAAFD,0xAAFD,0xAAFD,0xAAFD,
    0xAAFD,0xAAFD,0xAAFD,0xA9FD,0xA9FD,0xAAFD,0xAAFD,0xAAFD,0xAAFD,0xAAFD,0xAAFD,0xAAFD,
    0xAAFD,0xA9FD,0xA9FD,0xA9FD,0xA9FD,0xA9FD,0xA9FD,0x89FD,0xA9FD,0xA9FD,0xA9FD,0xA9FD,
    0x89FD,0x89FD,0x89FD,0x89FD,0x89FD,0xA9FD,0xA9FD,0xA9FD,0xA9FD,0x89FD,0xA9FD,0xA9FD,
    0xA9FD,0xAAFD,0xAAFD,0xAAFD,0xAAFD,0xAAFD,0xAAFD,0xAAFD,0xAAFD,0xAAFD,0xAAFD,0xAAFD,
    0xA9FD,0xAAFD,0xAAFD,0x89FD,0xA9FD,0xAAFD,0xA9FD,0xA9FD,0xA9FD,0xA9FD,0xAAFD,0xA9FD,
    0xA9FD,0xA9FD,0xA9FD,0xAAFD,0xAAFD,0xAAFD,0xA9FD,0xAAFD,0xA9FD,0xA9FD,0xAAFD,0xA9FD,
    0xA9FD,0xA9FD,0xA9FD,0xA9FD,0xA9FD,0xA9FD,0xA9FD,0xA9FD,0x89FD,0xA9FD,0xA9FD,0xA9FD,
    0xA9FD,0xA9FD,0x89FD,0x84EC,0x62EC,0x63EC,0x63EC,0x62EC,0x85E4,0x2159,0xA238,0x8140,
    0x44AB,0x03F5,0xA2EC,0xA3EC,0xA3EC,0xA3EC,0xA3EC,0xA3EC,0xA2EC,0xA2EC,0xC3EC,0x22E4,
    0xC2DB,0xE2DB,0xC3DB,0xC2DB,0x24DC,0x8271,0xA340,0x4138,0x3094,0xFFFF,0xDFFF,0xFFFF,
    0xFFFF,0xFFFF,0xFFFF,0x75BD,0x2130,0x8340,0xE148,0xAAED,0x09FE,0x09FE,0x05ED,0x82EC,
    0xC2EC,0xA2EC,0xA2EC,0xA2EC,0xA3EC,0xA3EC,0xA3EC,0xC3EC,0xA3EC,0xA3EC,0xE3F4,0xE4CB,
    0x8140,0xA340,0x8140,0xC4C3,0xA2EC,0x62EC,0x83EC,0x82EC,0x63E4,0x68F5,0xA9FD,0xA9FD,
    0xA9FD,0xA9FD,0xA9FD,0xA9FD,0xA9FD,0xA9FD,0xA9FD,0x89FD,0xA9FD,0xA9FD,0xA9FD,0xA9FD,
    0xAAFD,0xA9FD,0xAAFD,0xAAFD,0xAAFD,0xAAFD,0xAAFD,0xAAFD,0xAAFD,0xAAFD,0xAAFD,0xAAFD,
    0xAAFD,0xAAFD,0xAAFD,0xAAFD,0xAAFD,0xAAFD,0xAAFD,0xAAFD,0xAAFD,0xAAFD,0xAAFD,0x8AFD,
    0xAAFD,0xAAFD,0xAAFD,0xAAFD,0xAAFD,0xAAFD,0xAAFD,0xAAFD,0xAAFD,0xAAFD,0xAAFD,0xA9FD,
    0xA9FD,0xA9FD,0xA9FD,0xA9FD,0xA9FD,0x89FD,0x89FD,0xA9FD,0x89FD,0x89FD,0x89FD,0x89FD,
    0xA9FD,0xA9FD,0xA9FD,0xA9FD,0x89FD,0xAAFD,0xAAFD,0xAAFD,0xAAFD,0xAAFD,0xAAFD,0xAAFD,
    0xAAFD,0xAAFD,0xAAFD,0xAAFD,0xAAFD,0xAAFD,0xAAFD,0xAAFD,0xAAFD,0xAAFD,0xAAFD,0xAAFD,
    0xAAFD,0xA9FD,0xA9FD,0xA9FD,0xAAFD,0xAAFD,0xAAFD,0xAAFD,0xAAFD,0xAAFD,0xAAFD,0xAAFD,
    0xAAFD,0xA9FD,0xA9FD,0xA9FD,0xA9FD,0xA9FD,0xA9FD,0xAAFD,0x89FD,0xAAFD,0xA9FD,0xA9FD,
    0xA9FD,0x89FD,0x89FD,0xA9FD,0xA9FD,0xA9FD,0xA9FD,0x89FD,0xA9FD,0xA9FD,0xA9FD,0x89FD,
    0xAAFD,0xA9FD,0xA9FD,0xAAFD,0xAAFD,0xAAFD,0xAAFD,0xAAFD,0xAAFD,0xAAFD,0xAAFD,0x8AFD,
    0xAAFD,0xAAFD,0xAAFD,0xAAFD,0x8AFD,0xA9FD,0x89FD,0xA9FD,0xA9FD,0xA9FD,0xA9FD,0xA9FD,
    0xA9FD,0xA9FD,0xA9FD,0xA9FD,0xAAFD,0xAAFD,0xA9FD,0xAAFD,0xA9FD,0xA9FD,0x8AFD,0x89FD,
    0xA9FD,0x89FD,0x89FD,0xA9FD,0xA9FD,0xA9FD,0xA9FD,0xAAFD,0xA9FD,0xA9FD,0xA9FD,0xA9FD,
    0xA9FD,0xAAFD,0x68F5,0x62E4,0x62EC,0x63EC,0x62E4,0xA2EC,0xE5CB,0x8140,0xA238,0xA148,
    0x05CC,0xE3F4,0xA2EC,0xA3EC,0xA3EC,0xA3EC,0xA3EC,0xA2EC,0xA2EC,0xA2EC,0xA3EC,0xE2DB,
    0xC3DB,0xC2DB,0xC3DB,0xE2DB,0xE5D3,0x0159,0xA340,0x4138,0x95BD,0xFFFF,0xDFFF,0xFFFF,
    0xFFFF,0xFFFF,0xFFFF,0x9ADE,0x8238,0xA340,0x6138,0xE9D4,0x49FE,0x0AFE,0x46F5,0x82EC,
    0xA2EC,0xA2EC,0xA2EC,0xA3EC,0xC3EC,0xA3EC,0xC3EC,0xC3EC,0xA3EC,0xA3EC,0xC2EC,0x85E4,
    0xE250,0xA238,0x6138,0xE3A2,0xC3F4,0x62E4,0x83EC,0x83EC,0x62EC,0x06F5,0xA9FD,0x89FD,
    0xA9FD,0xA9FD,0xA9FD,0xA9FD,0xA9FD,0xA9FD,0xA9FD,0xA9FD,0xA9FD,0xA9FD,0xA9FD,0xA9FD,
    0xAAFD,0xAAFD,0xAAFD,0xAAFD,0xAAFD,0xA9FD,0xA9FD,0xAAFD,0xAAFD,0xAAFD,0x8AFD,0xAAFD,
    0x8AFD,0xAAFD,0xAAFD,0x8AFD,0xAAFD,0xAAFD,0xA9FD,0xAAFD,0xAAFD,0xAAFD,0xAAFD,0xAAFD,
    0xAAFD,0xAAFD,0xAAFD,0xAAFD,0xAAFD,0xAAFD,0xAAFD,0xAAFD,0xAAFD,0xAAFD,0xAAFD,0xA9FD,
    0xA9FD,0xA9FD,0x89FD,0x89FD,0x89FD,0x89FD,0x89FD,0xA9FD,0xCAFD,0xEBFD,0xEBFD,0xCAFD,
    0x89FD,0xA9FD,0xA9FD,0xA9FD,0xA9FD,0xA9FD,0xA9FD,0xAAFD,0xAAFD,0xAAFD,0xAAFD,0xAAFD,
    0xAAFD,0xAAFD,0xAAFD,0xAAFD,0xAAFD,0xAAFD,0xAAFD,0xAAFD,0xAAFD,0xAAFD,0xAAFD,0xAAFD,
    0xAAFD,0xA9FD,0xA9FD,0xA9FD,0xAAFD,0xAAFD,0xAAFD,0xA9FD,0xAAFD,0xAAFD,0xAAFD,0xA9FD,
    0xAAFD,0xA9FD,0xA9FD,0xA9FD,0xA9FD,0xA9FD,0xAAFD,0xA9FD,0x89FD,0x89FD,0x89FD,0x89FD,
    0xCAFD,0xEBFD,0xEBFD,0xCAFD,0x89FD,0xA9FD,0x89FD,0x89FD,0xA9FD,0xA9FD,0xA9FD,0xA9FD,
    0xA9FD,0xA9FD,0xAAFD,0xAAFD,0xAAFD,0xAAFD,0xAAFD,0xAAFD,0xAAFD,0xAAFD,0xAAFD,0xA9FD,
    0xAAFD,0xAAFD,0xA9FD,0xA9FD,0xA9FD,0xAAFD,0xA9FD,0xA9FD,0xA9FD,0xA9FD,0xA9FD,0xAAFD,
    0xA9FD,0xAAFD,0xA9FD,0xA9FD,0xAAFD,0xAAFD,0xAAFD,0xAAFD,0xA9FD,0xA9FD,0xA9FD,0xA9FD,
    0x89FD,0xA9FD,0xA9FD,0xA9FD,0xAAFD,0xAAFD,0xA9FD,0xA9FD,0xA9FD,0xA9FD,0xA9FD,0xA9FD,
    0x89FD,0xA9FD,0x06F5,0x62E4,0x82EC,0x63EC,0x62E4,0xC3F4,0xE4A2,0x4130,0xA238,0x2261,
    0xA5E4,0xA2F4,0xA2EC,0xA3EC,0xA3EC,0xA3EC,0xA3EC,0xA2EC,0xA2EC,0xA2EC,0x83EC,0xC2DB,
    0xC3DB,0xE3DB,0xC3DB,0xE2DB,0x64BB,0xA240,0xA340,0xA238,0xDADE,0xFFFF,0xFFFF,0xFFFF,
    0xFFFF,0xFFFF,0xFFFF,0x9EF7,0x4549,0x8238,0x2130,0xC7AB,0x6AFE,0x09F6,0x87F5,0xA2EC,
    0xC2EC,0xA2EC,0xA2EC,0xC3EC,0xA3EC,0xA3EC,0xC3EC,0xC3EC,0xC3EC,0xA3EC,0xA2EC,0xE4F4,
    0xE279,0x6238,0x6238,0xC279,0xC4EC,0x62EC,0x83EC,0x83EC,0x62EC,0xC5EC,0xA9FD,0xA9FD,
    0xA9FD,0x89FD,0xA9FD,0xA9FD,0xA9FD,0xA9FD,0x89FD,0xA9FD,0xA9FD,0xA9FD,0xA9FD,0xAAFD,
    0xAAFD,0xAAFD,0xAAFD,0xAAFD,0xAAFD,0xAAFD,0xAAFD,0xAAFD,0xAAFD,0xAAFD,0xAAFD,0x8AFD,
    0xAAFD,0xAAFD,0xAAFD,0xAAFD,0xAAFD,0xAAFD,0xAAFD,0xAAFD,0xAAFD,0xAAFD,0xA9FD,0xAAFD,
    0xAAFD,0xAAFD,0xAAFD,0xAAFD,0xAAFD,0xAAFD,0xAAFD,0xAAFD,0xAAFD,0xAAFD,0xAAFD,0x89FD,
    0x89FD,0x89FD,0x89FD,0x89FD,0x89FD,0x89FD,0x89FD,0xA9FD,0x6AED,0x6482,0xC371,0xEADC,
    0xCAFD,0x89FD,0xA9FD,0xA9FD,0xA9FD,0xA9FD,0xA9FD,0xAAFD,0xAAFD,0xAAFD,0xAAFD,0xAAFD,
    0xAAFD,0xAAFD,0x8AFD,0xAAFD,0x8AFD,0xAAFD,0xAAFD,0xAAFD,0xA9FD,0xA9FD,0xA9FD,0xA9FD,
    0xA9FD,0xAAFD,0xA9FD,0xA9FD,0xA9FD,0xAAFD,0xAAFD,0xAAFD,0xAAFD,0xAAFD,0xA9FD,0xA9FD,
    0xA9FD,0xA9FD,0xA9FD,0xA9FD,0xA9FD,0xA9FD,0xA9FD,0xA9FD,0xA9FD,0x89FD,0x89FD,0xCAFD,
    0xEADC,0xC371,0x2482,0x6BED,0xA9FD,0x89FD,0x89FD,0xA9FD,0xA9FD,0xA9FD,0xA9FD,0xA9FD,
    0xA9FD,0xA9FD,0xA9FD,0xA9FD,0xAAFD,0xAAFD,0xAAFD,0xAAFD,0xA9FD,0xA9FD,0x8AFD,0xAAFD,
    0xAAFD,0x8AFD,0x8AFD,0xAAFD,0x8AFD,0xA9FD,0xA9FD,0xA9FD,0xA9FD,0xA9FD,0xA9FD,0xA9FD,
    0xA9FD,0xAAFD,0xA9FD,0xA9FD,0xAAFD,0xAAFD,0xAAFD,0xAAFD,0xAAFD,0xAAFD,0xAAFD,0xA9FD,
    0xA9FD,0xA9FD,0xA9FD,0xAAFD,0xAAFD,0x8AFD,0xA9FD,0xA9FD,0x89FD,0xA9FD,0xA9FD,0xA9FD,
    0xA9FD,0xA9FD,0xA5EC,0x62EC,0x83EC,0x83EC,0x62EC,0xC4F4,0xC279,0x6230,0x6238,0x0282,
    0xE4F4,0xA2EC,0xA2EC,0xA3EC,0xA3EC,0xA3EC,0xA3EC,0xA2EC,0xA2EC,0xC2EC,0x43E4,0xC2DB,
    0xE3DB,0xC3DB,0xC3D3,0x03DC,0xC3A2,0x8238,0x8238,0x8651,0xBEFF,0xFFFF,0xFFFF,0xFFFF,
    0xFFFF,0xFFFF,0xFFFF,0xFFFF,0x8A72,0x4130,0x4130,0x8582,0x4BFE,0x09F6,0xC8F5,0xA2EC,
    0xA2EC,0xC2EC,0xA2EC,0xA3EC,0xA3EC,0xA3EC,0xA3EC,0xA3EC,0xA3EC,0xA3EC,0xA2EC,0xE3F4,
    0x04A3,0x4130,0xA340,0xE150,0x45DC,0x82EC,0x83EC,0x83EC,0x82EC,0x83EC,0x68FD,0xA9FD,
    0xA9FD,0x89FD,0xA9FD,0x89FD,0xA9FD,0xA9FD,0xA9FD,0xA9FD,0xA9FD,0xA9FD,0xA9FD,0xA9FD,
    0xA9FD,0xA9FD,0xA9FD,0xA9FD,0xA9FD,0xA9FD,0xA9FD,0xAAFD,0xAAFD,0xAAFD,0xAAFD,0xAAFD,
    0xAAFD,0xAAFD,0xAAFD,0xAAFD,0xAAFD,0xAAFD,0xAAFD,0xAAFD,0xAAFD,0xAAFD,0xA9FD,0xAAFD,
    0xA9FD,0x89FD,0xA9FD,0xAAFD,0xAAFD,0xAAFD,0xAAFD,0xAAFD,0x8AFD,0xA9FD,0xAAFD,0x89FD,
    0xA9FD,0x89FD,0x89FD,0x89FD,0x89FD,0x89FD,0x89FD,0xEAFD,0xC7B3,0x0030,0x0138,0x457A,
    0x0BFE,0x89FD,0xA9FD,0x89FD,0xA9FD,0xA9FD,0xA9FD,0xA9FD,0xA9FD,0xA9FD,0x8AFD,0xAAFD,
    0xAAFD,0xAAFD,0xAAFD,0xAAFD,0x8AFD,0xAAFD,0xA9FD,0xA9FD,0xA9FD,0xA9FD,0xA9FD,0xA9FD,
    0xA9FD,0xA9FD,0xA9FD,0xA9FD,0xAAFD,0xA9FD,0xAAFD,0xAAFD,0xA9FD,0xA9FD,0xA9FD,0xAAFD,
    0xA9FD,0xA9FD,0xA9FD,0xA9FD,0xA9FD,0xA9FD,0xA9FD,0xA9FD,0xA9FD,0x89FD,0x89FD,0x0BFE,
    0x658A,0x0138,0x2130,0xA7AB,0xEAFD,0x89FD,0x89FD,0xA9FD,0xA9FD,0xA9FD,0xA9FD,0xA9FD,
    0xA9FD,0xA9FD,0xA9FD,0xA9FD,0xAAFD,0xAAFD,0xAAFD,0xAAFD,0xA9FD,0xAAFD,0xAAFD,0xAAFD,
    0xAAFD,0xAAFD,0xAAFD,0xA9FD,0xA9FD,0xA9FD,0xA9FD,0x89FD,0xA9FD,0xA9FD,0xA9FD,0xA9FD,
    0xA9FD,0xA9FD,0xA9FD,0xA9FD,0xA9FD,0xA9FD,0xAAFD,0xAAFD,0xAAFD,0xAAFD,0xAAFD,0xA9FD,
    0xA9FD,0xA9FD,0x8AFD,0x8AFD,0xAAFD,0xA9FD,0xA9FD,0xA9FD,0xA9FD,0xA9FD,0xA9FD,0x89FD,
    0xA9FD,0x68FD,0x83EC,0x62EC,0x82EC,0x82EC,0x82EC,0x65DC,0xE150,0xA238,0x4138,0x23AB,
    0xE3F4,0x82EC,0xA3EC,0xA3EC,0xA3EC,0xA3EC,0xA2EC,0xA2EC,0xA2EC,0xA2EC,0x22E4,0xC2D3,
    0xC3DB,0xC3DB,0xC2D3,0x04DC,0xC279,0x8238,0x4130,0xAA72,0xFFFF,0xFFFF,0xFFFF,0xFFFF,
    0xFFFF,0xFFFF,0xDFFF,0xFFFF,0x309C,0x2130,0x6238,0x4359,0x0BF6,0x09FE,0xE9FD,0xE3EC,
    0xA2EC,0xC2EC,0xC3EC,0xA3EC,0xA3EC,0xC3EC,0xA3EC,0xA3EC,0xA3EC,0xA3EC,0xA2EC,0xC2F4,
    0x05CC,0x8140,0xA340,0x6138,0x84BB,0xC3F4,0x62E4,0x83EC,0x83EC,0x62EC,0x27F5,0xA9FD,
    0x89FD,0x89FD,0xA9FD,0xA9FD,0xA9FD,0xA9FD,0xA9FD,0xA9FD,0xA9FD,0xA9FD,0xA9FD,0xA9FD,
    0xA9FD,0xA9FD,0xA9FD,0xA9FD,0xA9FD,0xA9FD,0xAAFD,0xAAFD,0xAAFD,0xAAFD,0xAAFD,0xAAFD,
    0xAAFD,0xAAFD,0xAAFD,0xA9FD,0xAAFD,0xAAFD,0xAAFD,0xA9FD,0xAAFD,0xA9FD,0xA9FD,0xA9FD,
    0xAAFD,0xA9FD,0xAAFD,0xA9FD,0xAAFD,0xAAFD,0xAAFD,0xAAFD,0x8AFD,0xA9FD,0xA9FD,0x89FD,
    0x89FD,0x89FD,0x89FD,0x89FD,0xA9FD,0x89FD,0x69FD,0xEAFD,0x269B,0x4138,0x6240,0x6582,
    0x0BFE,0x89FD,0xA9FD,0xA9FD,0xA9FD,0xA9FD,0xA9FD,0xA9FD,0xA9FD,0xA9FD,0xAAFD,0xAAFD,
    0xAAFD,0x89FD,0xAAFD,0xA9FD,0xA9FD,0xA9FD,0xA9FD,0xA9FD,0xA9FD,0xA9FD,0xA9FD,0xA9FD,
    0xA9FD,0xA9FD,0xA9FD,0xA9FD,0xAAFD,0xA9FD,0xAAFD,0xAAFD,0xA9FD,0xA9FD,0xA9FD,0xA9FD,
    0xA9FD,0xA9FD,0xA9FD,0xA9FD,0xA9FD,0x89FD,0xA9FD,0xA9FD,0xA9FD,0x89FD,0x89FD,0x0BFE,
    0xA58A,0x6240,0x6238,0xE692,0xEAFD,0x89FD,0x89FD,0xA9FD,0xA9FD,0xA9FD,0xA9FD,0xA9FD,
    0xA9FD,0xA9FD,0xA9FD,0xA9FD,0xAAFD,0xA9FD,0xA9FD,0xA9FD,0xA9FD,0xA9FD,0xA9FD,0xA9FD,
    0xAAFD,0xAAFD,0xAAFD,0xA9FD,0xA9FD,0xA9FD,0xA9FD,0xA9FD,0xA9FD,0xA9FD,0xA9FD,0xAAFD,
    0xA9FD,0xA9FD,0xA9FD,0xAAFD,0xAAFD,0xA9FD,0xAAFD,0xAAFD,0xAAFD,0xAAFD,0xAAFD,0xAAFD,
    0xA9FD,0x8AFD,0x8AFD,0x8AFD,0xAAFD,0xA9FD,0xA9FD,0x89FD,0xA9FD,0xA9FD,0xA9FD,0xA9FD,
    0xA9FD,0x26F5,0x62E4,0x62EC,0x82EC,0x63EC,0xC3F4,0x84BB,0x6140,0xA340,0xA148,0x24D4,
    0xC2F4,0xA2EC,0xA3EC,0xA3EC,0xA3EC,0xA3EC,0xA2EC,0xA3EC,0xA2EC,0xA3EC,0xE2DB,0xC3DB,
    0xE3DB,0xE3DB,0xC2DB,0xC4D3,0x2259,0xA338,0x4130,0x719C,0xFFFF,0xFFFF,0xFFFF,0xFFFF,
    0xFFFF,0xFFFF,0xFFFF,0xFFFF,0xD7CD,0x4130,0xA238,0x8138,0x29D5,0x4AFE,0x0AFE,0x04ED,
    0xA2EC,0xC3EC,0xC2EC,0xC3EC,0xC3EC,0xC3EC,0xC2EC,0xC3EC,0xC3EC,0xA3EC,0xA2EC,0xA2EC,
    0xC4EC,0x6261,0x8340,0x6138,0x438A,0xC4F4,0x62E4,0x83EC,0x83EC,0x63EC,0xC5EC,0xA9FD,
    0x89FD,0xA9FD,0xA9FD,0xA9FD,0xA9FD,0xA9FD,0xA9FD,0xA9FD,0xA9FD,0xA9FD,0xA9FD,0xA9FD,
    0xA9FD,0xA9FD,0xA9FD,0xA9FD,0xA9FD,0x89FD,0xAAFD,0xAAFD,0xAAFD,0xAAFD,0xAAFD,0xAAFD,
    0xAAFD,0xAAFD,0xAAFD,0xAAFD,0xAAFD,0xAAFD,0xA9FD,0xA9FD,0xA9FD,0xA9FD,0xA9FD,0xA9FD,
    0xA9FD,0xA9FD,0xA9FD,0xAAFD,0xAAFD,0xAAFD,0xAAFD,0xAAFD,0xA9FD,0x89FD,0x89FD,0x89FD,
    0x89FD,0x89FD,0x89FD,0x89FD,0xA9FD,0xA9FD,0x88FD,0xCBFD,0xE471,0x6238,0x4138,0x069B,
    0x0BFE,0x89FD,0xA9FD,0xA9FD,0xA9FD,0xA9FD,0xA9FD,0xA9FD,0xA9FD,0xA9FD,0xAAFD,0xAAFD,
    0xAAFD,0xA9FD,0xA9FD,0xA9FD,0xA9FD,0x89FD,0xA9FD,0xA9FD,0xA9FD,0xA9FD,0xA9FD,0xA9FD,
    0xA9FD,0xA9FD,0xA9FD,0xA9FD,0xAAFD,0xAAFD,0xAAFD,0xA9FD,0xAAFD,0xA9FD,0xA9FD,0xA9FD,
    0xA9FD,0x89FD,0x89FD,0x89FD,0x89FD,0xA9FD,0xA9FD,0xA9FD,0xA9FD,0xA9FD,0x89FD,0x0BFE,
    0x46A3,0x4138,0x6238,0x0472,0xCBFD,0x88FD,0xA9FD,0xA9FD,0xA9FD,0xA9FD,0xA9FD,0xA9FD,
    0xA9FD,0xA9FD,0xA9FD,0xA9FD,0xA9FD,0xA9FD,0xA9FD,0xA9FD,0xA9FD,0xA9FD,0xA9FD,0xAAFD,
    0xA9FD,0xA9FD,0xA9FD,0xA9FD,0xAAFD,0xA9FD,0xA9FD,0xA9FD,0xA9FD,0xA9FD,0xAAFD,0xAAFD,
    0xAAFD,0xA9FD,0xAAFD,0xAAFD,0xAAFD,0xAAFD,0xAAFD,0xAAFD,0xAAFD,0xAAFD,0xAAFD,0xAAFD,
    0x8AFD,0x8AFD,0xAAFD,0xAAFD,0xAAFD,0xAAFD,0xA9FD,0x89FD,0xA9FD,0xA9FD,0xA9FD,0x89FD,
    0xA9FD,0xC5EC,0x62E4,0x62EC,0x83EC,0x62E4,0xC4F4,0x438A,0x6138,0x8240,0x6269,0xC4EC,
    0xA2EC,0xA3EC,0xA3EC,0xA3EC,0xA3EC,0xA3EC,0xA3EC,0xA2EC,0xC2EC,0x83EC,0xC2DB,0xE3DB,
    0xE3DB,0xE3DB,0xE3DB,0x64BB,0xA140,0xC340,0x6230,0x38CE,0xFFFF,0xFFFF,0xFFFF,0xFFFF,
    0xFFFF,0xFFFF,0xFFFF,0xFFFF,0x5CEF,0x2441,0x8238,0x4130,0x08B4,0x8BFE,0x2AFE,0x66F5,
    0xA2EC,0xC3F4,0xC2EC,0xA3EC,0xA3EC,0xA3EC,0xA3EC,0xA3EC,0xA3EC,0xA3EC,0xA3EC,0x82EC,
    0x04F5,0x8492,0x6238,0x8240,0x2259,0x84E4,0x82EC,0x83EC,0x83EC,0x63EC,0x83EC,0x68FD,
    0xA9FD,0xA9FD,0xA9FD,0xA9FD,0xA9FD,0xA9FD,0xA9FD,0xA9FD,0xA9FD,0xA9FD,0xA9FD,0xA9FD,
    0xA9FD,0xA9FD,0xAAFD,0xAAFD,0xAAFD,0xAAFD,0xAAFD,0xAAFD,0xAAFD,0xAAFD,0xAAFD,0xAAFD,
    0xAAFD,0xAAFD,0xAAFD,0xAAFD,0xAAFD,0xAAFD,0xAAFD,0xA9FD,0xA9FD,0xA9FD,0xA9FD,0xAAFD,
    0xAAFD,0xA9FD,0xAAFD,0xAAFD,0xAAFD,0xAAFD,0xAAFD,0xAAFD,0xA9FD,0xA9FD,0xA9FD,0x89FD,
    0x89FD,0x89FD,0xA9FD,0x89FD,0xA9FD,0x89FD,0xC9FD,0x2AE5,0xA140,0xA338,0x4130,0x28C4,
    0xEAFD,0x89FD,0xA9FD,0xA9FD,0xA9FD,0xA9FD,0xA9FD,0xA9FD,0xA9FD,0xA9FD,0x8AFD,0xAAFD,
    0xAAFD,0xA9FD,0xA9FD,0xAAFD,0xA9FD,0xA9FD,0xA9FD,0xA9FD,0xA9FD,0xA9FD,0xA9FD,0xA9FD,
    0xAAFD,0xA9FD,0xA9FD,0xA9FD,0xA9FD,0xA9FD,0xA9FD,0xAAFD,0xAAFD,0xA9FD,0xA9FD,0xA9FD,
    0xA9FD,0xA9FD,0x89FD,0x89FD,0x89FD,0xA9FD,0xA9FD,0xA9FD,0xA9FD,0xA9FD,0x89FD,0xEAFD,
    0x49C4,0x6138,0xA340,0xA140,0xE9DC,0xE9FD,0xA9FD,0xA9FD,0xA9FD,0xA9FD,0xA9FD,0xA9FD,
    0xA9FD,0xA9FD,0x89FD,0x89FD,0xA9FD,0xA9FD,0xA9FD,0xA9FD,0xA9FD,0xA9FD,0xA9FD,0xA9FD,
    0xA9FD,0xA9FD,0xA9FD,0xA9FD,0xAAFD,0xA9FD,0xA9FD,0xA9FD,0xAAFD,0xA9FD,0xA9FD,0xAAFD,
    0xAAFD,0xAAFD,0xAAFD,0xAAFD,0xAAFD,0xAAFD,0xAAFD,0xAAFD,0xA9FD,0xAAFD,0xA9FD,0xAAFD,
    0x8AFD,0xAAFD,0xA9FD,0xA9FD,0xA9FD,0xAAFD,0xA9FD,0xA9FD,0xA9FD,0xA9FD,0xA9FD,0xA9FD,
    0x68FD,0x63E4,0x62EC,0x62E4,0x63EC,0x62EC,0x84E4,0x0261,0x8240,0x6138,0x6392,0x04FD,
    0x82EC,0xA3EC,0xA3EC,0xA3EC,0xA3EC,0xA3EC,0xA2EC,0xA2EC,0xC3F4,0x22E4,0xC2DB,0xE3DB,
    0xE3DB,0xC2D3,0x23E4,0xA39A,0x6130,0x8238,0x2441,0x7DEF,0xFFFF,0xFFFF,0xFFFF,0xFFFF,
    0xFFFF,0xFFFF,0xFFFF,0xFFFF,0xFFFF,0x8A6A,0x4130,0x6138,0xC582,0x8CFE,0x2AFE,0xA7F5,
    0xA2EC,0xC2EC,0xA3EC,0xC3EC,0xA3EC,0xA3EC,0xA3EC,0xA3EC,0xA3EC,0xA2EC,0xA2EC,0xA2EC,
    0xE3F4,0xC4C3,0x8140,0xC340,0x8140,0xA4C3,0xA3F4,0x63EC,0x83EC,0x83EC,0x62E4,0x26F5,
    0xA9FD,0xA9FD,0xA9FD,0xA9FD,0xA9FD,0xA9FD,0xA9FD,0xA9FD,0xA9FD,0xA9FD,0xA9FD,0xA9FD,
    0xAAFD,0xAAFD,0xAAFD,0xAAFD,0xAAFD,0xAAFD,0xAAFD,0xAAFD,0xAAFD,0xAAFD,0xAAFD,0x8AFD,
    0xAAFD,0xAAFD,0xAAFD,0xAAFD,0xAAFD,0xAAFD,0xAAFD,0xAAFD,0xAAFD,0xAAFD,0xAAFD,0xAAFD,
    0xAAFD,0xAAFD,0xAAFD,0xAAFD,0xAAFD,0xAAFD,0xAAFD,0x8AFD,0xA9FD,0x89FD,0xA9FD,0x89FD,
    0xA9FD,0x89FD,0x89FD,0x89FD,0x89FD,0xA9FD,0x4CFE,0x858A,0x4138,0x6238,0x4359,0x8AF5,
    0xA9FD,0xA9FD,0xAAFD,0xA9FD,0xA9FD,0xA9FD,0xA9FD,0xA9FD,0xA9FD,0xA9FD,0xAAFD,0xAAFD,
    0xAAFD,0xA9FD,0xA9FD,0xA9FD,0xA9FD,0xA9FD,0xA9FD,0xA9FD,0xA9FD,0xA9FD,0xA9FD,0xA9FD,
    0xA9FD,0xA9FD,0xA9FD,0xA9FD,0xA9FD,0xA9FD,0xA9FD,0xA9FD,0xA9FD,0xA9FD,0xA9FD,0xA9FD,
    0xA9FD,0xA9FD,0x89FD,0x89FD,0x89FD,0x89FD,0x89FD,0x89FD,0x89FD,0xA9FD,0x89FD,0x89FD,
    0xAAF5,0x8361,0x8238,0x6238,0x0472,0x0CFE,0xC9FD,0xA9FD,0xA9FD,0xA9FD,0xA9FD,0xA9FD,
    0xAAFD,0xA9FD,0xA9FD,0xA9FD,0xA9FD,0x89FD,0x89FD,0xA9FD,0xA9FD,0xA9FD,0xA9FD,0xA9FD,
    0xA9FD,0xA9FD,0xAAFD,0xAAFD,0xAAFD,0xAAFD,0xAAFD,0xA9FD,0xAAFD,0xA9FD,0xAAFD,0xAAFD,
    0xAAFD,0xAAFD,0xAAFD,0xAAFD,0xAAFD,0xAAFD,0xAAFD,0xAAFD,0xAAFD,0xAAFD,0xAAFD,0xA9FD,
    0xA9FD,0xA9FD,0xA9FD,0xA9FD,0xAAFD,0xA9FD,0xA9FD,0xA9FD,0x89FD,0x89FD,0xA9FD,0xA9FD,
    0x26F5,0x42E4,0x62EC,0x63E4,0x62E4,0xA3EC,0xA5C3,0x6140,0xA348,0x8140,0xC4C3,0xE3F4,
    0xA2EC,0xA3EC,0xA3EC,0xA3EC,0xA3EC,0xA3EC,0xA2EC,0xA2EC,0xA3EC,0xE2DB,0xC2DB,0xE3DB,
    0xE3DB,0xC2DB,0x24E4,0xC379,0x6238,0x4130,0xAA6A,0xFFFF,0xFFFF,0xFFFF,0xFFFF,0xFFFF,
    0xFFFF,0xFFFF,0xFFFF,0xDFFF,0xFFFF,0x71A4,0x2030,0xA340,0x6361,0x0CF6,0x4AFE,0xE9FD,
    0xC3EC,0xC2EC,0xC3EC,0xA3EC,0xA2EC,0xA3EC,0xA3EC,0xA3EC,0xA3EC,0xA3EC,0xA3EC,0xA2EC,
    0xA2EC,0xA4EC,0x2261,0xA240,0x6238,0x438A,0xC4F4,0x62E4,0x63EC,0x83EC,0x62EC,0xC5EC,
    0xA9FD,0xA9FD,0xA9FD,0xA9FD,0xA9FD,0xA9FD,0xA9FD,0xA9FD,0xA9FD,0xA9FD,0xA9FD,0xA9FD,
    0xAAFD,0xAAFD,0xAAFD,0xAAFD,0xAAFD,0xAAFD,0xAAFD,0xAAFD,0xAAFD,0xAAFD,0xAAFD,0xAAFD,
    0xAAFD,0xAAFD,0xAAFD,0xAAFD,0xAAFD,0xAAFD,0xAAFD,0xAAFD,0xAAFD,0xA9FD,0xAAFD,0xAAFD,
    0xAAFD,0xAAFD,0xAAFD,0xAAFD,0xAAFD,0xAAFD,0xAAFD,0xAAFD,0xA9FD,0xA9FD,0xA9FD,0xA9FD,
    0x89FD,0x89F5,0x89FD,0xA9FD,0xEAFD,0x0CFE,0x47A3,0x8140,0xC348,0x4130,0x88A3,0x2BFE,
    0x89F5,0xAAFD,0xA9FD,0xA9FD,0xA9FD,0xA9FD,0xA9FD,0xA9FD,0xA9FD,0xAAFD,0xAAFD,0x8AFD,
    0xA9FD,0xA9FD,0xA9FD,0x89FD,0x89FD,0xA9FD,0xA9FD,0xA9FD,0xA9FD,0xA9FD,0xA9FD,0xA9FD,
    0xA9FD,0xA9FD,0xA9FD,0xA9FD,0xA9FD,0xA9FD,0xA9FD,0x89FD,0xA9FD,0xA9FD,0xA9FD,0x89FD,
    0xA9FD,0xA9FD,0x89FD,0x89FD,0x89FD,0x89FD,0x89FD,0x89FD,0xA9FD,0xA9FD,0xA9FD,0x68F5,
    0x0AFE,0x2ABC,0x4130,0xC348,0x6138,0xC692,0x0CFE,0x0AFE,0xA9FD,0x89FD,0x89FD,0xA9FD,
    0xA9FD,0xA9FD,0xA9FD,0xA9FD,0xA9FD,0xA9FD,0xA9FD,0xA9FD,0xA9FD,0xA9FD,0xA9FD,0xA9FD,
    0xA9FD,0xAAFD,0xAAFD,0xAAFD,0xAAFD,0xAAFD,0xA9FD,0xA9FD,0xAAFD,0xAAFD,0xAAFD,0xAAFD,
    0xAAFD,0xAAFD,0xAAFD,0xAAFD,0xAAFD,0xAAFD,0xAAFD,0xAAFD,0xAAFD,0xAAFD,0xAAFD,0x89FD,
    0xA9FD,0xA9FD,0xA9FD,0xA9FD,0xA9FD,0x89FD,0xA9FD,0xA9FD,0xA9FD,0xA9FD,0xA9FD,0xA9FD,
    0xC4EC,0x62E4,0x63E4,0x62E4,0x62E4,0xC4F4,0x6392,0x6138,0x8240,0x2261,0xA5E4,0xA2EC,
    0xA2EC,0xA3EC,0xA3EC,0xA3EC,0xA3EC,0xA3EC,0xA2EC,0xC2EC,0x82EC,0xC2DB,0xE3DB,0xE3DB,
    0xE3DB,0xE3DB,0xE4DB,0x0159,0xA338,0x2128,0x92A4,0xFFFF,0xFFFF,0xFFFF,0xFFFF,0xFFFF,
    0xFFFF,0xFFFF,0xFFFF,0xFFFF,0xFFFF,0x79D6,0x8238,0xC348,0x8140,0x0ACD,0x6BFE,0x2AFE,
    0x04ED,0xA2EC,0xC2EC,0xA2EC,0xA3EC,0xC3EC,0xA3EC,0xA3EC,0xA3EC,0xA2EC,0xA2EC,0xA3EC,
    0xA2EC,0xE4F4,0x6392,0x6238,0xA338,0x0251,0x65E4,0x82EC,0x63EC,0x83EC,0x83EC,0x83EC,
    0x68FD,0xA9FD,0xA9FD,0xA9FD,0xA9FD,0xA9FD,0xA9FD,0xA9FD,0xA9FD,0xA9FD,0xA9FD,0xA9FD,
    0xA9FD,0xAAFD,0xAAFD,0xAAFD,0xAAFD,0xAAFD,0xAAFD,0xAAFD,0xAAFD,0xAAFD,0xAAFD,0xAAFD,
    0xAAFD,0xAAFD,0xAAFD,0xAAFD,0xAAFD,0xAAFD,0xAAFD,0xAAFD,0xAAFD,0xAAFD,0xAAFD,0xAAFD,
    0xAAFD,0xAAFD,0xAAFD,0xAAFD,0xAAFD,0xAAFD,0xAAFD,0xAAFD,0x89FD,0x89FD,0xA9FD,0x89FD,
    0xA9FD,0xEAFD,0xCBFD,0x8AF5,0x89CC,0x047A,0x6140,0xC348,0xE348,0xA240,0x4359,0x89CC,
    0x2BFE,0xA9FD,0x89FD,0x89FD,0xA9FD,0xA9FD,0xA9FD,0xA9FD,0xA9FD,0xAAFD,0xAAFD,0x8AFD,
    0x89FD,0xA9FD,0xA9FD,0xA9FD,0x89FD,0xA9FD,0xA9FD,0xA9FD,0xA9FD,0xA9FD,0xA9FD,0xA9FD,
    0xA9FD,0xA9FD,0xA9FD,0xA9FD,0xA9FD,0xA9FD,0xA9FD,0x89FD,0xA9FD,0xA9FD,0x89FD,0x89FD,
    0xA9FD,0xA9FD,0xA9FD,0x89FD,0x89FD,0x89FD,0x89FD,0x89FD,0x89FD,0x89FD,0xA9FD,0x0BFE,
    0x2ADD,0xC469,0x8238,0xC348,0xC348,0x6140,0xC369,0x69CC,0x8AF5,0xCAFD,0xEBFD,0xA9FD,
    0xA9FD,0xA9FD,0xA9FD,0xA9FD,0xA9FD,0xA9FD,0xA9FD,0xA9FD,0xA9FD,0xA9FD,0xA9FD,0xA9FD,
    0xA9FD,0xAAFD,0xAAFD,0xAAFD,0xAAFD,0xAAFD,0xAAFD,0xAAFD,0xAAFD,0xAAFD,0xAAFD,0xAAFD,
    0xAAFD,0xAAFD,0xAAFD,0xAAFD,0xAAFD,0x8AFD,0xAAFD,0xAAFD,0xAAFD,0xAAFD,0xAAFD,0x89FD,
    0x89FD,0x89FD,0xA9FD,0x89FD,0x89FD,0x89FD,0xA9FD,0xA9FD,0xA9FD,0xA9FD,0xA9FD,0x68F5,
    0x63E4,0x62EC,0x62E4,0x63E4,0x62E4,0x85E4,0x2259,0x8240,0x4138,0x438A,0x04F5,0xA2EC,
    0xA3EC,0xA3EC,0xA3EC,0xA3EC,0xA3EC,0xA2EC,0xA2EC,0xC3EC,0x23E4,0xC2DB,0xE3DB,0xE3DB,
    0xE2DB,0x03E4,0x64BB,0x8140,0xA340,0x8238,0x59D6,0xFFFF,0xFFFF,0xFFFF,0xFFFF,0xFFFF,
    0xFFFF,0xFFFF,0xFFFF,0xFFFF,0xFFFF,0xDEFF,0xC759,0x8240,0x6138,0x679B,0x8CFE,0x2AFE,
    0x46F5,0x82EC,0xC2EC,0xA2EC,0xA2EC,0xA3EC,0xA3EC,0xA3EC,0xA3EC,0xA3EC,0xA3EC,0xA3EC,
    0xA2EC,0xE2F4,0xE4C3,0x8140,0xC340,0x6138,0x64B3,0xA3F4,0x63E4,0x83EC,0x83EC,0x63EC,
    0x06F5,0xA9FD,0xA9FD,0xA9FD,0xA9FD,0xA9FD,0xA9FD,0xA9FD,0xA9FD,0xA9FD,0xA9FD,0xA9FD,
    0xAAFD,0xAAFD,0xAAFD,0xAAFD,0xAAFD,0xAAFD,0xAAFD,0xAAFD,0xAAFD,0xAAFD,0xAAFD,0xAAFD,
    0xAAFD,0xAAFD,0xAAFD,0xA9FD,0xAAFD,0xAAFD,0xAAFD,0xAAFD,0xAAFD,0xA9FD,0xAAFD,0xAAFD,
    0xAAFD,0xAAFD,0xAAFD,0xAAFD,0xAAFD,0xAAFD,0xAAFD,0xAAFD,0xA9FD,0xA9FD,0x89FD,0xA9FD,
    0x8AF5,0xE692,0xC471,0x4359,0x6138,0x6240,0xC348,0x6240,0x6140,0xC340,0x8238,0x8140,
    0x67A3,0xEBFD,0xA9FD,0x69F5,0x89FD,0x89FD,0xA9FD,0xA9FD,0xA9FD,0xAAFD,0xAAFD,0xAAFD,
    0xA9FD,0xA9FD,0xA9FD,0x89FD,0x89FD,0x89FD,0x89FD,0xA9FD,0x89FD,0x89FD,0x89FD,0x89FD,
    0x89FD,0x89FD,0x89FD,0x89FD,0x89FD,0xA9FD,0xA9FD,0x89FD,0x89FD,0xA9FD,0x89FD,0xA9FD,
    0x89FD,0xA9FD,0xA9FD,0xA9FD,0xA9FD,0x89FD,0x89FD,0x89FD,0x68F5,0xA9FD,0xEBFD,0xC8B3,
    0xE248,0x6238,0xC340,0x6138,0x6138,0xC348,0x8238,0x6138,0x4359,0xA469,0x069B,0x8AF5,
    0xA9FD,0xA9FD,0xA9FD,0xA9FD,0xA9FD,0xA9FD,0xA9FD,0xA9FD,0xA9FD,0xA9FD,0xA9FD,0xAAFD,
    0xA9FD,0xAAFD,0xAAFD,0xAAFD,0xAAFD,0xAAFD,0xAAFD,0xAAFD,0xAAFD,0xAAFD,0xA9FD,0xAAFD,
    0xAAFD,0xAAFD,0xAAFD,0xAAFD,0xAAFD,0xAAFD,0xAAFD,0xAAFD,0xAAFD,0xAAFD,0xAAFD,0xA9FD,
    0xA9FD,0x89FD,0xA9FD,0x89FD,0x89FD,0x89FD,0xA9FD,0xA9FD,0xA9FD,0x89FD,0xA9FD,0x06ED,
    0x42E4,0x62EC,0x62E4,0x62E4,0xA3EC,0x84BB,0x6138,0xA340,0x6138,0xC4C3,0xE2F4,0xA2EC,
    0xA3EC,0xA3EC,0xA3EC,0xA3EC,0xA3EC,0xA3EC,0xA2EC,0xA3EC,0x02DC,0xC2DB,0xE2DB,0xE3DB,
    0xC3DB,0x43E4,0x6392,0x6240,0x8240,0x8651,0xBEF7,0xFFFF,0xFFFF,0xFFFF,0xFFFF,0xFFFF,
    0xFFFF,0xFFFF,0xFFFF,0xFFFF,0xDFFF,0xFFFF,0xCF8B,0x4138,0xA240,0xC369,0x4CFE,0x4AFE,
    0xA7F5,0xA2EC,0xC2EC,0xC2EC,0xA2EC,0xA3EC,0xA3EC,0xA3EC,0xA3EC,0xA3EC,0xA3EC,0xA3EC,
    0xA3EC,0xA2EC,0xC5EC,0x4261,0x8238,0x6238,0xE279,0xC4EC,0x82EC,0x83EC,0x83EC,0x83EC,
    0xA4EC,0xA9FD,0xA9FD,0xA9FD,0xA9FD,0xA9FD,0xA9FD,0xA9FD,0xA9FD,0xA9FD,0xA9FD,0x89FD,
    0xAAFD,0xAAFD,0xAAFD,0xAAFD,0xAAFD,0xAAFD,0xAAFD,0xAAFD,0xAAFD,0xAAFD,0xAAFD,0xAAFD,
    0xAAFD,0xA9FD,0xAAFD,0xAAFD,0xAAFD,0xAAFD,0xAAFD,0xAAFD,0xAAFD,0xAAFD,0xAAFD,0xAAFD,
    0xAAFD,0xAAFD,0xAAFD,0xAAFD,0xAAFD,0x8AFD,0xAAFD,0xAAFD,0xA9FD,0xA9FD,0x89FD,0x0BFE,
    0x08BC,0x0030,0x8240,0x8238,0xA338,0x6230,0x6138,0xE692,0xA8AB,0x8140,0xA240,0xC348,
    0x4130,0xE469,0x0ADD,0xEAFD,0x89FD,0x89FD,0xA9FD,0xA9FD,0xAAFD,0x8AFD,0x8AFD,0x89FD,
    0xA9FD,0x89FD,0x89FD,0x89FD,0x89FD,0x89FD,0x89FD,0x89FD,0x89FD,0xA9FD,0xA9FD,0x89FD,
    0xA9FD,0xA9FD,0xA9FD,0xA9FD,0x89FD,0xA9FD,0x89FD,0x89FD,0x89FD,0x89FD,0x89FD,0x89FD,
    0x89FD,0xA9FD,0xA9FD,0xA9FD,0xA9FD,0xA9FD,0x89FD,0x89FD,0xEAFD,0x2AE5,0x247A,0x4138,
    0xA340,0xA340,0x8140,0x88A3,0xE692,0x6138,0x6238,0xA340,0xA340,0xA340,0x0030,0xE8B3,
    0x0BFE,0x89FD,0xA9FD,0xA9FD,0xA9FD,0x89FD,0xA9FD,0xA9FD,0xA9FD,0xA9FD,0xA9FD,0xA9FD,
    0xA9FD,0xAAFD,0xA9FD,0xA9FD,0xAAFD,0xAAFD,0xAAFD,0xAAFD,0xAAFD,0xAAFD,0xAAFD,0xAAFD,
    0xAAFD,0xAAFD,0xAAFD,0xAAFD,0xAAFD,0xAAFD,0xAAFD,0xAAFD,0xAAFD,0xAAFD,0x8AFD,0xA9FD,
    0xA9FD,0x89FD,0xA9FD,0x89FD,0x89FD,0xA9FD,0xA9FD,0xA9FD,0xA9FD,0xA9FD,0xA9FD,0x83EC,
    0x62EC,0x62EC,0x63EC,0x62E4,0xA4EC,0xE279,0x6138,0x8238,0x2259,0xC5EC,0xA2EC,0xA2EC,
    0xA3EC,0xA3EC,0xA3EC,0xA3EC,0xA3EC,0xA3EC,0xA2EC,0x63EC,0xC2DB,0xE3DB,0xE3DB,0xE3DB,
    0xE2DB,0x24DC,0x8269,0xA340,0x4138,0x8E8B,0xFFFF,0xFFFF,0xFFFF,0xFFFF,0xFFFF,0xFFFF,
    0xFFFF,0xFFFF,0xFFFF,0xFFFF,0xDFFF,0xFFFF,0x18CE,0x6138,0xC348,0xC148,0x4ADD,0x6AFE,
    0xE8FD,0xC3EC,0xA2EC,0xC2EC,0xA2EC,0xA3EC,0xA3EC,0xA3EC,0xA2EC,0xA3EC,0xA3EC,0xA3EC,
    0xA3EC,0xA2EC,0x03F5,0xC49A,0x4130,0xA340,0xC148,0x45DC,0xA3EC,0x83EC,0x83EC,0x83EC,
    0x63E4,0x47F5,0xAAFD,0xA9FD,0xA9FD,0xA9FD,0xA9FD,0xA9FD,0xA9FD,0xA9FD,0xA9FD,0xA9FD,
    0xAAFD,0xAAFD,0x8AFD,0xAAFD,0xAAFD,0xAAFD,0xAAFD,0xAAFD,0xAAFD,0xAAFD,0xAAFD,0xAAFD,
    0xAAFD,0xAAFD,0xAAFD,0xAAFD,0xAAFD,0xAAFD,0xAAFD,0xAAFD,0xAAFD,0xAAFD,0xAAFD,0xAAFD,
    0xAAFD,0xAAFD,0xAAFD,0xAAFD,0xAAFD,0x8AFD,0x8AFD,0xAAFD,0xA9FD,0xA9FD,0x89FD,0xEAFD,
    0xA9D4,0x8148,0x4138,0x6138,0xC240,0x2472,0x69CC,0xEBFD,0x2CFE,0x89CC,0x0251,0x4138,
    0xC340,0x4130,0xA140,0x67A3,0xABF5,0x0BFE,0xA9FD,0x89FD,0xA9FD,0x89FD,0x89FD,0x89FD,
    0x89FD,0x89FD,0x89FD,0xA9FD,0x89FD,0x89FD,0x89FD,0x89FD,0x89FD,0x89FD,0x89FD,0xA9FD,
    0x89FD,0x89FD,0xA9FD,0xA9FD,0x89FD,0x89FD,0x89FD,0x89FD,0x89FD,0x89FD,0x89FD,0x89FD,
    0x89FD,0x89FD,0x89FD,0xA9FD,0x89FD,0x89FD,0xEAFD,0xCBFD,0x87AB,0xC140,0x4130,0xC340,
    0x6238,0x0251,0x69C4,0x2CFE,0xEBFD,0x48C4,0x0472,0xE248,0x8138,0x6138,0x8140,0x69C4,
    0xEAFD,0x89FD,0xA9FD,0xA9FD,0xA9FD,0xA9FD,0xA9FD,0x89FD,0xA9FD,0xA9FD,0xA9FD,0xA9FD,
    0xA9FD,0xA9FD,0xAAFD,0xAAFD,0xAAFD,0xAAFD,0xAAFD,0xAAFD,0xAAFD,0xAAFD,0xAAFD,0xAAFD,
    0xAAFD,0xAAFD,0xAAFD,0xAAFD,0xAAFD,0xAAFD,0xAAFD,0xAAFD,0xAAFD,0xAAFD,0xAAFD,0xA9FD,
    0xA9FD,0x89FD,0x89FD,0xA9FD,0xA9FD,0xA9FD,0xA9FD,0xA9FD,0x89FD,0xAAFD,0x27F5,0x62E4,
    0x82EC,0x63EC,0x62E4,0x82EC,0x24D4,0xA148,0xA240,0x4130,0xC49A,0x03F5,0xA2EC,0xA3EC,
    0xA3EC,0xA3EC,0xA3EC,0xA3EC,0xA2EC,0xA2EC,0xA2EC,0x22E4,0xC2DB,0xE3DB,0xE3DB,0xC3DB,
    0x03DC,0xA4CB,0xA148,0xA340,0x4130,0xB6C5,0xFFFF,0xFFFF,0xFFFF,0xFFFF,0xFFFF,0xFFFF,
    0xFFFF,0xFFFF,0xFFFF,0xFFFF,0xFFFF,0xFFFF,0xBEF7,0x6551,0xA248,0x6138,0x87A3,0x8BFE,
    0x09FE,0x04ED,0xA2EC,0xA2EC,0xA2EC,0xA3EC,0xA3EC,0xA3EC,0xA3EC,0xA3EC,0xA3EC,0xA3EC,
    0xA3EC,0xA3EC,0xC2F4,0x25D4,0xA148,0xA340,0x6138,0xE4A2,0xC4F4,0x82EC,0x83EC,0x83EC,
    0x83E4,0xC5EC,0xA9FD,0xA9FD,0xA9FD,0xA9FD,0xA9FD,0xA9FD,0xA9FD,0xA9FD,0xA9FD,0x8AFD,
    0xAAFD,0xAAFD,0x8AFD,0x8AFD,0xAAFD,0xAAFD,0xAAFD,0xAAFD,0xAAFD,0xAAFD,0xAAFD,0xAAFD,
    0xAAFD,0xA9FD,0xAAFD,0xAAFD,0xAAFD,0xAAFD,0xAAFD,0xAAFD,0xAAFD,0xAAFD,0xAAFD,0x8AFD,
    0x8AFD,0xAAFD,0xAAFD,0xAAFD,0xAAFD,0xAAFD,0xAAFD,0xAAFD,0xAAFD,0xAAFD,0xA9FD,0x89FD,
    0xEBFD,0xA9D4,0xC8B3,0x69CC,0x4AE5,0xEBFD,0xCAFD,0x89FD,0x89FD,0x0AFE,0x4BE5,0x0472,
    0x4130,0x8238,0xA340,0x4130,0x8361,0x28BC,0xECFD,0x0BFE,0xA9FD,0x89FD,0x89FD,0x89FD,
    0x89FD,0x89FD,0x89FD,0xA9FD,0xA9FD,0x89FD,0x89FD,0x89FD,0x89FD,0x89FD,0x89FD,0x89FD,
    0x89FD,0x89FD,0x89FD,0x89FD,0x89FD,0x8AFD,0x8AFD,0x89FD,0x89FD,0x89FD,0x89FD,0x89FD,
    0x89FD,0x89FD,0x89FD,0xA9FD,0x0AFE,0xECFD,0x69C4,0xC369,0x4130,0xA338,0xA338,0x2130,
    0xC369,0x2AE5,0x0BFE,0x89FD,0x89FD,0xCAFD,0xCBFD,0x2AE5,0x69C4,0xC8B3,0xA9D4,0xCBFD,
    0x89FD,0xA9FD,0xA9FD,0xA9FD,0xA9FD,0xA9FD,0xA9FD,0xA9FD,0xA9FD,0xA9FD,0xA9FD,0xA9FD,
    0xA9FD,0xAAFD,0xAAFD,0xAAFD,0xAAFD,0xAAFD,0xAAFD,0xAAFD,0xAAFD,0xAAFD,0xAAFD,0xAAFD,
    0xAAFD,0xAAFD,0xAAFD,0xAAFD,0xAAFD,0xAAFD,0xAAFD,0xAAFD,0xAAFD,0xAAFD,0xAAFD,0xA9FD,
    0xA9FD,0x89FD,0x89FD,0xA9FD,0xA9FD,0xA9FD,0xA9FD,0xA9FD,0x89FD,0xA9FD,0xA4EC,0x62EC,
    0x63EC,0x63EC,0x62E4,0xC3F4,0xC49A,0x4138,0xA340,0x8140,0x25D4,0xC2F4,0xA2EC,0xA3EC,
    0xA3EC,0xA3EC,0xA3EC,0xA3EC,0xA2EC,0xA2EC,0x83EC,0xE2DB,0xC3DB,0xE3DB,0xC3DB,0xC2DB,
    0x24E4,0xA39A,0x6240,0xA340,0x2549,0x7DF7,0xFFFF,0xFFFF,0xFFFF,0xFFFF,0xFFFF,0xFFFF,
    0xFFFF,0xFFFF,0xFFFF,0xFFFF,0xFFFF,0xFFFF,0xFFFF,0x8E8B,0x4138,0x8240,0xC369,0x4BFE,
    0x29FE,0x66F5,0xA2EC,0xC2EC,0xA2EC,0xA2EC,0xA3EC,0xA3EC,0xA3EC,0xA3EC,0xA3EC,0xA3EC,
    0xA3EC,0xA3EC,0xA2EC,0xE4F4,0xE379,0x6238,0x8238,0x6269,0xA5EC,0x82EC,0x83EC,0x83EC,
    0x83EC,0x83E4,0x68F5,0xA9FD,0x89FD,0xA9FD,0xA9FD,0xA9FD,0xA9FD,0xA9FD,0xA9FD,0xAAFD,
    0xAAFD,0xAAFD,0xAAFD,0xAAFD,0xAAFD,0xAAFD,0xAAFD,0xAAFD,0xAAFD,0xAAFD,0xAAFD,0xAAFD,
    0xAAFD,0xAAFD,0xAAFD,0xAAFD,0xAAFD,0xAAFD,0xAAFD,0xAAFD,0xAAFD,0xAAFD,0xAAFD,0xAAFD,
    0xAAFD,0xAAFD,0x8AFD,0x8AFD,0xAAFD,0x8AFD,0xAAFD,0xAAFD,0xAAFD,0xA9FD,0xA9FD,0xA9FD,
    0x89FD,0xCAFD,0x0AFE,0xEAFD,0xC9FD,0x89FD,0x89FD,0x89FD,0x89FD,0x89FD,0xC9FD,0xCAFD,
    0xE8BB,0x0251,0x2130,0xC340,0x8240,0x6140,0xA369,0xC8B3,0x6AED,0xEAFD,0xC9FD,0x89FD,
    0x89FD,0x89FD,0x89FD,0xA9FD,0xA9FD,0x89FD,0x89FD,0x89FD,0x89FD,0x89FD,0x89FD,0x89FD,
    0xA9FD,0x89FD,0x89FD,0x8AFD,0x89FD,0x89FD,0x89FD,0x89FD,0x89FD,0x89FD,0x89FD,0x69FD,
    0x89FD,0xA9FD,0xEAFD,0x6AF5,0x08BC,0xC471,0x6140,0x8240,0xC340,0x4130,0xC148,0x67A3,
    0xABFD,0xC9FD,0x89FD,0xA9FD,0xA9FD,0x89FD,0x89FD,0xAAFD,0xEAFD,0x0AFE,0xEAFD,0x89FD,
    0xA9FD,0xA9FD,0xA9FD,0x89FD,0xA9FD,0xA9FD,0xA9FD,0xA9FD,0xA9FD,0xA9FD,0xA9FD,0xA9FD,
    0xA9FD,0xA9FD,0xA9FD,0xAAFD,0xAAFD,0xAAFD,0xAAFD,0xAAFD,0xAAFD,0xAAFD,0xAAFD,0xAAFD,
    0xAAFD,0xAAFD,0xAAFD,0xAAFD,0x8AFD,0xAAFD,0xAAFD,0xAAFD,0xAAFD,0xAAFD,0xAAFD,0xA9FD,
    0xA9FD,0xA9FD,0xA9FD,0x89FD,0xA9FD,0xA9FD,0xA9FD,0x89FD,0xA9FD,0x47F5,0x62E4,0x62EC,
    0x63EC,0x63EC,0x62EC,0x84E4,0x4261,0x6238,0x6238,0xE379,0xE4F4,0x82EC,0xA3EC,0xA3EC,
    0xA3EC,0xA3EC,0xA3EC,0xA3EC,0xA2EC,0xA2EC,0x63E4,0xC2DB,0xE3DB,0xC3DB,0xC3DB,0xC2DB,
    0x25DC,0x8271,0x8240,0x4138,0x2C7B,0xFFFF,0xFFFF,0xFFFF,0xFFFF,0xFFFF,0xFFFF,0xFFFF,
    0xFFFF,0xFFFF,0xFFFF,0xFFFF,0xFFFF,0xFFFF,0xFFFF,0x17CE,0x6138,0xA340,0x8138,0x2AD5,
    0x6AFE,0xC8F5,0xA2EC,0xA2EC,0xA2EC,0xA2EC,0xA2EC,0xA3EC,0xA3EC,0xA3EC,0xA3EC,0xA3EC,
    0xA3EC,0xA3EC,0xA2EC,0xE3F4,0x84BB,0x6140,0xC348,0x8140,0xA4BB,0xC3F4,0x83EC,0x83EC,
    0x83EC,0x62E4,0xC5EC,0xA9FD,0x89FD,0xA9FD,0xA9FD,0xA9FD,0xA9FD,0xA9FD,0x89FD,0x8AFD,
    0xAAFD,0x8AFD,0x8AFD,0xAAFD,0xAAFD,0xAAFD,0xAAFD,0xAAFD,0xAAFD,0xAAFD,0xAAFD,0xAAFD,
    0xAAFD,0xAAFD,0xAAFD,0xAAFD,0xAAFD,0xAAFD,0xAAFD,0xAAFD,0xAAFD,0xAAFD,0xAAFD,0xAAFD,
    0xAAFD,0xAAFD,0xAAFD,0xAAFD,0xAAFD,0xAAFD,0x8AFD,0xAAFD,0xA9FD,0xAAFD,0xA9FD,0xA9FD,
    0xA9FD,0x89FD,0x89FD,0x89FD,0x89FD,0x89FD,0xA9FD,0xA9FD,0x89FD,0x89FD,0x89FD,0x89FD,
    0xEAFD,0x6BED,0xE692,0xA148,0x6138,0xC348,0x8240,0x4138,0x0251,0xC58A,0x89CC,0xABF5,
    0x0BFE,0xEAFD,0xA9FD,0x89FD,0x89FD,0x89FD,0x89FD,0x89FD,0x89FD,0x89FD,0x89FD,0x89FD,
    0x89FD,0x89FD,0x89FD,0x89FD,0x89FD,0x69FD,0x69FD,0x89FD,0x89FD,0xA9FD,0xEAFD,0xEBFD,
    0xABFD,0xC9D4,0x069B,0x4259,0x4130,0x6238,0xC340,0x6238,0x8140,0x8582,0x2AE5,0xEAFD,
    0x89FD,0x89FD,0x89FD,0x89FD,0xA9FD,0x89FD,0xA9FD,0x89FD,0x89FD,0x89FD,0x89FD,0x89FD,
    0xA9FD,0xA9FD,0x89FD,0x89FD,0x89FD,0xA9FD,0xA9FD,0xA9FD,0xA9FD,0xA9FD,0xA9FD,0xA9FD,
    0xA9FD,0xA9FD,0xAAFD,0xAAFD,0xAAFD,0xAAFD,0xAAFD,0xAAFD,0xAAFD,0xAAFD,0xAAFD,0xAAFD,
    0xAAFD,0xAAFD,0xAAFD,0xAAFD,0xAAFD,0x8AFD,0xAAFD,0xAAFD,0xAAFD,0xAAFD,0xA9FD,0xA9FD,
    0xA9FD,0xA9FD,0xA9FD,0xA9FD,0xA9FD,0xA9FD,0xA9FD,0x89FD,0xA9FD,0xC5EC,0x62EC,0x62EC,
    0x63EC,0x62EC,0xA3F4,0x84BB,0x6140,0xA340,0x6138,0x84BB,0xE3F4,0x82EC,0xA3EC,0xA3EC,
    0xA2EC,0xA3EC,0xA3EC,0xA3EC,0xA2EC,0xA3EC,0x02DC,0xC2DB,0xE3DB,0xE3DB,0xC3DB,0x03DC,
    0x84C3,0xA148,0xA348,0x4130,0x75BD,0xFFFF,0xDFFF,0xFFFF,0xFFFF,0xFFFF,0xFFFF,0xFFFF,
    0xFFFF,0xFFFF,0xFFFF,0xFFFF,0xFFFF,0xFFFF,0xFFFF,0xBEFF,0xA651,0x8238,0x4130,0x2693,
    0x8BFE,0x09FE,0xE4EC,0xA2EC,0xA2EC,0xA2EC,0xA2EC,0xA3EC,0xA3EC,0xA3EC,0xA3EC,0xA3EC,
    0xA3EC,0xA3EC,0xA3EC,0xA2EC,0xE5EC,0x6261,0x8240,0x8240,0xE279,0xC5F4,0x82EC,0x83EC,
    0x83EC,0x83EC,0x63E4,0x68F5,0xA9FD,0x89FD,0x89FD,0xA9FD,0xA9FD,0xA9FD,0xA9FD,0xAAFD,
    0xAAFD,0x8AFD,0xAAFD,0x8AFD,0xAAFD,0xAAFD,0xAAFD,0xAAFD,0xAAFD,0xAAFD,0xAAFD,0xAAFD,
    0xAAFD,0xAAFD,0xAAFD,0xAAFD,0xAAFD,0xAAFD,0xAAFD,0xAAFD,0xAAFD,0xAAFD,0xAAFD,0xAAFD,
    0xAAFD,0xAAFD,0xAAFD,0x8AFD,0xAAFD,0xAAFD,0xAAFD,0xA9FD,0xA9FD,0xAAFD,0xA9FD,0xAAFD,
    0xAAFD,0xA9FD,0x89FD,0xA9FD,0x89FD,0x89FD,0x89FD,0xA9FD,0xA9FD,0x89FD,0x89FD,0x89FD,
    0x89FD,0xA9FD,0x0CFE,0x0ADD,0x6582,0x8140,0x4130,0xA338,0x8238,0x4130,0x8138,0x6361,
    0xC592,0x48C4,0x4BED,0xCBFD,0x0BFE,0x0AFE,0xEAFD,0xCAFD,0xCAFD,0xA9FD,0xA9FD,0xA9FD,
    0xA9FD,0xA9FD,0xA9FD,0xC9FD,0xCAFD,0xEAFD,0xEAFD,0x0BFE,0xEBFD,0x6BED,0x69CC,0x069B,
    0xA369,0xA140,0x4130,0x8238,0xA338,0x4130,0x8138,0x247A,0xA9D4,0x0CFE,0xCAFD,0x89FD,
    0x89FD,0x89FD,0x89FD,0x89FD,0x89FD,0x89FD,0x89FD,0x89FD,0x89FD,0x89FD,0x89FD,0x89FD,
    0xA9FD,0xA9FD,0xA9FD,0xA9FD,0xA9FD,0xA9FD,0xA9FD,0xA9FD,0xA9FD,0xA9FD,0xA9FD,0xA9FD,
    0xA9FD,0xAAFD,0xA9FD,0xA9FD,0xAAFD,0xAAFD,0x8AFD,0x8AFD,0xAAFD,0xAAFD,0xAAFD,0x8AFD,
    0x8AFD,0xAAFD,0xAAFD,0xAAFD,0xAAFD,0xAAFD,0xAAFD,0xAAFD,0xAAFD,0xA9FD,0xA9FD,0xA9FD,
    0xA9FD,0xA9FD,0xA9FD,0xA9FD,0xA9FD,0xA9FD,0x89FD,0xA9FD,0x48F5,0x42E4,0x62EC,0x63EC,
    0x63EC,0x62EC,0xC4F4,0xC279,0x6240,0x8240,0x6269,0xC5EC,0xA2EC,0xA2EC,0xA3EC,0xA3EC,
    0xA2EC,0xA3EC,0xA2EC,0xA3EC,0xC2EC,0x83EC,0xC2DB,0xC3DB,0xE3DB,0xE3DB,0xC3D3,0x24E4,
    0x839A,0x6238,0x8240,0x4549,0x9DF7,0xFFFF,0xFFFF,0xFFFF,0xFFFF,0xFFFF,0xFFFF,0xFFFF,
    0xFFFF,0xFFFF,0xFFFF,0xFFFF,0xFFFF,0xFFFF,0xFFFF,0xFFFF,0xCE8B,0x2030,0x8238,0x6259,
    0x0BF6,0x2AFE,0x46F5,0xA2EC,0xC2EC,0xA2EC,0xA2EC,0xA3EC,0xA3EC,0xA3EC,0xA3EC,0xA3EC,
    0xA3EC,0xC3EC,0xC3EC,0xA2EC,0x04FD,0x24AB,0x6140,0xC348,0xA148,0xE5CB,0xC3EC,0x83EC,
    0x83EC,0x83EC,0x62E4,0xE5EC,0xA9FD,0x89FD,0x89FD,0xA9FD,0xA9FD,0xA9FD,0xAAFD,0xAAFD,
    0xAAFD,0xAAFD,0xAAFD,0xAAFD,0xAAFD,0xAAFD,0xAAFD,0xAAFD,0xAAFD,0xAAFD,0xAAFD,0xAAFD,
    0xAAFD,0xAAFD,0xAAFD,0xAAFD,0xAAFD,0xAAFD,0xAAFD,0xAAFD,0xAAFD,0xAAFD,0xAAFD,0xAAFD,
    0xAAFD,0xAAFD,0xAAFD,0xAAFD,0xAAFD,0xAAFD,0xAAFD,0xAAFD,0xAAFD,0xAAFD,0xAAFD,0xAAFD,
    0xAAFD,0xA9FD,0xAAFD,0xAAFD,0xA9FD,0xA9FD,0xA9FD,0xA9FD,0xA9FD,0x89FD,0xA9FD,0xA9FD,
    0xA9FD,0x89FD,0x89FD,0xEAFD,0x0BFE,0xC9D4,0x858A,0xE248,0x4130,0x6238,0xA340,0xA240,
    0x6238,0x8140,0x0251,0xE469,0xC58A,0x87AB,0x29C4,0xA9D4,0xE9DC,0x2AE5,0x4AED,0x69ED,
    0x6AF5,0x6AED,0x2AE5,0x09DD,0xA9D4,0x29BC,0x87AB,0xE692,0x0472,0x2251,0x8140,0x6238,
    0x8240,0xA340,0x8238,0x4130,0xA140,0x457A,0x89CC,0xEBFD,0xEAFD,0xA9FD,0x89FD,0x89FD,
    0x89FD,0x89FD,0x89FD,0x89FD,0x89FD,0x89FD,0x89FD,0x89FD,0x89FD,0x89FD,0x89FD,0x89FD,
    0xA9FD,0xA9FD,0xA9FD,0x89FD,0xA9FD,0xA9FD,0xA9FD,0xA9FD,0xA9FD,0xA9FD,0xA9FD,0xA9FD,
    0xA9FD,0xA9FD,0xAAFD,0xAAFD,0xAAFD,0xAAFD,0xAAFD,0xAAFD,0xAAFD,0xAAFD,0xAAFD,0x8AFD,
    0xAAFD,0x8AFD,0xAAFD,0xAAFD,0xAAFD,0xAAFD,0xAAFD,0xAAFD,0xAAFD,0xA9FD,0xA9FD,0xA9FD,
    0x89FD,0xA9FD,0x89FD,0xA9FD,0xA9FD,0xA9FD,0x89FD,0xA9FD,0xC5EC,0x42E4,0x62EC,0x62EC,
    0x62EC,0xA3EC,0xE4CB,0xA148,0xC348,0x6140,0x24AB,0xE3F4,0x82EC,0xA3EC,0xA2EC,0xA3EC,
    0xA3EC,0xA3EC,0xA2EC,0xA2EC,0xC3EC,0x23E4,0xC2DB,0xC3DB,0xC3DB,0xC3DB,0xC2DB,0x04DC,
    0x4261,0xA340,0x4130,0x6D83,0xFFFF,0xFFFF,0xFFFF,0xFFFF,0xFFFF,0xFFFF,0xFFFF,0xFFFF,
    0xFFFF,0xFFFF,0xFFFF,0xFFFF,0xFFFF,0xFFFF,0xFFFF,0xFFFF,0x38D6,0x8238,0xC340,0x6138,
    0xA9C4,0x8BFE,0xA8F5,0xA2EC,0xA2EC,0xA2EC,0xA2EC,0xA3EC,0xA3EC,0xA3EC,0xA3EC,0xA3EC,
    0xA3EC,0xA3EC,0xA3EC,0xA3EC,0xC2F4,0xA5E4,0x0259,0xA340,0x8240,0x2382,0xE5F4,0x62EC,
    0x83EC,0x83EC,0x63EC,0x63E4,0x48F5,0xA9FD,0x89FD,0x89FD,0x89FD,0x89FD,0x8AFD,0x8AFD,
    0x8AFD,0x8AFD,0xAAFD,0xAAFD,0xAAFD,0xAAFD,0xAAFD,0xAAFD,0xAAFD,0xAAFD,0xAAFD,0xAAFD,
    0xAAFD,0x8AFD,0xAAFD,0xAAFD,0xAAFD,0xAAFD,0xAAFD,0x8AFD,0x8AFD,0x8AFD,0xAAFD,0xAAFD,
    0x8AFD,0x8AFD,0x8AFD,0x8AFD,0xAAFD,0xAAFD,0xAAFD,0xAAFD,0xAAFD,0xAAFD,0xAAFD,0xAAFD,
    0xAAFD,0xAAFD,0xAAFD,0xAAFD,0xAAFD,0xAAFD,0xAAFD,0xAAFD,0x8AFD,0x8AFD,0x8AFD,0x8AFD,
    0x8AFD,0x8AFD,0xA9FD,0x89FD,0x89FD,0xC9FD,0xEAFD,0x2AED,0x87AB,0xC369,0xA148,0x6138,
    0x8240,0xA340,0xA340,0x8240,0x6238,0x6138,0x8140,0xA140,0xC240,0xE248,0x2351,0x2251,
    0x4251,0x2251,0xE248,0xC248,0xA140,0x8138,0x6238,0x6238,0x8238,0x8340,0xA340,0x8240,
    0x6138,0xA140,0x8361,0x269B,0x09E5,0xEAFD,0xC9FD,0x89FD,0x89FD,0xA9FD,0x89FD,0x89FD,
    0x89FD,0x89FD,0x89FD,0x89FD,0x89FD,0x89FD,0x89FD,0x89FD,0x89FD,0x89FD,0x89FD,0x89FD,
    0x89FD,0x89FD,0x89FD,0x89FD,0xA9FD,0xA9FD,0xA9FD,0xA9FD,0xA9FD,0xA9FD,0xA9FD,0xAAFD,
    0xAAFD,0xAAFD,0xAAFD,0x8AFD,0x8AFD,0xAAFD,0xAAFD,0x8AFD,0x8AFD,0x8AFD,0x8AFD,0x8AFD,
    0x8AFD,0x8AFD,0x8AFD,0x8AFD,0xAAFD,0x89FD,0x89FD,0xA9FD,0xA9FD,0xA9FD,0xA9FD,0xA9FD,
    0xA9FD,0xA9FD,0xA9FD,0x89FD,0xA9FD,0x89FD,0xA9FD,0x47F5,0x42E4,0x62EC,0x62E4,0x62E4,
    0x62E4,0xC4F4,0x238A,0x6240,0x8240,0x0259,0xA5E4,0xA2EC,0xA2EC,0xA3EC,0xA3EC,0xA3EC,
    0xA3EC,0xA3EC,0xA2EC,0xA2EC,0xA3EC,0xE2DB,0xC3DB,0xE3DB,0xE3DB,0xC3DB,0x03E4,0x44BB,
    0x6148,0xA348,0x4130,0xD7C5,0xFFFF,0xDFFF,0xFFFF,0xFFFF,0xFFFF,0xFFFF,0xFFFF,0xFFFF,
    0xFFFF,0xFFFF,0xFFFF,0xFFFF,0xFFFF,0xFFFF,0xFFFF,0xFFFF,0xDFFF,0xE759,0x6238,0x6238,
    0x8582,0x8BFE,0xE9FD,0xE4EC,0xA2EC,0xA2EC,0xA2EC,0xA3EC,0xA2EC,0xA3EC,0xA3EC,0xA3EC,
    0xA3EC,0xA3EC,0xC3EC,0xC3EC,0xA2EC,0x04F5,0xE49A,0x6140,0xC348,0xA148,0xE5CB,0xA3EC,
    0x63EC,0x82EC,0x62EC,0x62EC,0xC5EC,0xA9FD,0x89FD,0x89FD,0xA9FD,0xA9FD,0xA9FD,0x8AFD,
    0xAAFD,0xAAFD,0xAAFD,0xAAFD,0xAAFD,0xAAFD,0xAAFD,0xAAFD,0xAAFD,0xAAFD,0x8AFD,0xAAFD,
    0xAAFD,0xAAFD,0xAAFD,0xAAFD,0xAAFD,0xAAFD,0xAAFD,0x8AFD,0x8AFD,0x8AFD,0xAAFD,0xAAFD,
    0x8AFD,0xAAFD,0xAAFD,0xAAFD,0xAAFD,0xAAFD,0xAAFD,0xAAFD,0xAAFD,0x8AFD,0x8AFD,0xAAFD,
    0xAAFD,0xAAFD,0xAAFD,0xAAFD,0xAAFD,0x8AFD,0x8AFD,0xAAFD,0x8AFD,0x8AFD,0x8AFD,0x8AFD,
    0x8AFD,0xAAFD,0xA9FD,0xA9FD,0x89FD,0x89FD,0x69FD,0xA9FD,0xEAFD,0xEBFD,0x2AE5,0xC7B3,
    0x6482,0x6259,0xA140,0x8138,0x8238,0x8240,0xA240,0xA340,0xA338,0xA338,0x8338,0x8338,
    0x8338,0xA338,0xA340,0xA340,0xA340,0xA340,0x8240,0x8240,0x8240,0xA140,0x2259,0x247A,
    0x87AB,0xEADC,0xCBFD,0xEAFD,0xA9FD,0x69FD,0x89FD,0x89FD,0x89FD,0x89FD,0x89FD,0x89FD,
    0x89FD,0x89FD,0x89FD,0x89FD,0x89FD,0x89FD,0x89FD,0x89FD,0x89FD,0x89FD,0x89FD,0xA9FD,
    0xA9FD,0xA9FD,0xA9FD,0xA9FD,0xA9FD,0xA9FD,0xA9FD,0xA9FD,0xA9FD,0xAAFD,0xAAFD,0xAAFD,
    0xAAFD,0xAAFD,0xAAFD,0xAAFD,0xAAFD,0xAAFD,0x8AFD,0x8AFD,0x8AFD,0x8AFD,0x8AFD,0xAAFD,
    0xA9FD,0xAAFD,0xA9FD,0xA9FD,0x89FD,0xA9FD,0x89FD,0xA9FD,0xA9FD,0xA9FD,0xA9FD,0xA9FD,
    0xA9FD,0xA9FD,0xA9FD,0xA9FD,0xA9FD,0x89FD,0xA9FD,0xC5EC,0x42E4,0x63E4,0x43E4,0x62E4,
    0x83EC,0x05D4,0xA150,0xA348,0x4138,0xE4A2,0x04FD,0xA2EC,0xA2EC,0xA3EC,0xA3EC,0xA3EC,
    0xA3EC,0xA3EC,0xA2EC,0xC2EC,0x43E4,0xC2DB,0xE3DB,0xE3DB,0xE3DB,0xC2DB,0x24E4,0x238A,
    0x6240,0x8240,0xA651,0xBEFF,0xFFFF,0xFFFF,0xFFFF,0xFFFF,0xFFFF,0xFFFF,0xFFFF,0xFFFF,
    0xFFFF,0xFFFF,0xFFFF,0xFFFF,0xFFFF,0xFFFF,0xFFFF,0xDFFF,0xFFFF,0x71A4,0x2030,0xC348,
    0xE248,0x8AE5,0x4AFE,0x46F5,0x82EC,0xA2EC,0xA3EC,0xA2EC,0xA3EC,0xA3EC,0xA3EC,0xA3EC,
    0xA3EC,0xA3EC,0xA3EC,0xC3EC,0xA2EC,0xC2F4,0xA5E4,0x0159,0xA348,0x6238,0xE379,0xC4EC,
    0x62E4,0x63EC,0x63EC,0x63EC,0x63E4,0x48F5,0xA9FD,0x89FD,0x89FD,0xA9FD,0x89FD,0x8AFD,
    0xAAFD,0x8AFD,0xAAFD,0xAAFD,0xAAFD,0xAAFD,0xAAFD,0xAAFD,0xAAFD,0xAAFD,0xAAFD,0xAAFD,
    0xAAFD,0xAAFD,0xAAFD,0xAAFD,0xAAFD,0xAAFD,0xAAFD,0xAAFD,0x8AFD,0xAAFD,0xAAFD,0xAAFD,
    0x8AFD,0xAAFD,0xAAFD,0xAAFD,0xAAFD,0xAAFD,0xAAFD,0xAAFD,0xAAFD,0xAAFD,0xAAFD,0xAAFD,
    0xAAFD,0xAAFD,0xAAFD,0xAAFD,0x8AFD,0xAAFD,0xAAFD,0xAAFD,0x8AFD,0xAAFD,0x8AFD,0xAAFD,
    0xAAFD,0xAAFD,0x89FD,0xA9FD,0x89FD,0x89FD,0x89FD,0x89FD,0x89FD,0x89FD,0xCAFD,0x0BFE,
    0x0BFE,0x8BF5,0xC9D4,0xC7B3,0xE592,0x247A,0x8361,0x0251,0xA140,0xA240,0x8140,0x8138,
    0x8140,0x8238,0x8240,0xC248,0x0259,0x6361,0xE471,0xA58A,0x87AB,0x89CC,0x6BED,0xEBFD,
    0x0BFE,0xEAFD,0xA9FD,0x89FD,0x89FD,0x89FD,0x89FD,0x89FD,0x89FD,0x89FD,0x89FD,0x89FD,
    0x89FD,0x89FD,0x89FD,0x89FD,0x89FD,0x89FD,0x89FD,0x89FD,0x89FD,0x89FD,0xA9FD,0xA9FD,
    0xA9FD,0xA9FD,0xA9FD,0xA9FD,0xA9FD,0xA9FD,0xA9FD,0xA9FD,0xA9FD,0xA9FD,0xA9FD,0xAAFD,
    0xAAFD,0xAAFD,0x8AFD,0x8AFD,0xAAFD,0xAAFD,0x8AFD,0x8AFD,0xAAFD,0xAAFD,0xAAFD,0xAAFD,
    0xA9FD,0xA9FD,0x89FD,0x89FD,0x89FD,0x89FD,0xA9FD,0xA9FD,0xA9FD,0xA9FD,0xA9FD,0xA9FD,
    0xA9FD,0xA9FD,0xA9FD,0xA9FD,0xA9FD,0xA9FD,0x47F5,0x42E4,0x62E4,0x63E4,0x43E4,0x42E4,
    0xA4EC,0x0382,0x6240,0xA348,0xE158,0xA5E4,0xC2F4,0xA2EC,0xA3EC,0xA3EC,0xA3EC,0xA3EC,
    0xA3EC,0xA2EC,0xA2EC,0xA3EC,0xE2DB,0xC3DB,0xC3DB,0xC3DB,0xC3DB,0xE2DB,0xE5D3,0xE258,
    0xA348,0x2130,0x519C,0xFFFF,0xFFFF,0xFFFF,0xFFFF,0xFFFF,0xFFFF,0xFFFF,0xFFFF,0xFFFF,
    0xFFFF,0xFFFF,0xFFFF,0xFFFF,0xFFFF,0xFFFF,0xFFFF,0xFFFF,0xFFFF,0xFBE6,0xE340,0xA348,
    0x4130,0x669B,0x6BFE,0xA7F5,0xA2EC,0xA2EC,0xA2EC,0xA3EC,0xA3EC,0xA3EC,0xA3EC,0xA3EC,
    0xA3EC,0xA3EC,0xC3EC,0xA3EC,0xC2EC,0xA2EC,0x24FD,0xC4A2,0x6138,0xC340,0x8140,0xA5C3,
    0xA3F4,0x63E4,0x63EC,0x63EC,0x62EC,0xA5EC,0xA9FD,0xA9FD,0x89FD,0x89FD,0xA9FD,0xA9FD,
    0xAAFD,0x8AFD,0xAAFD,0xAAFD,0xAAFD,0xAAFD,0xAAFD,0xAAFD,0xAAFD,0xAAFD,0xAAFD,0xAAFD,
    0xAAFD,0x8AFD,0xAAFD,0xAAFD,0xAAFD,0xAAFD,0xAAFD,0xAAFD,0x8AFD,0xAAFD,0xAAFD,0xAAFD,
    0xAAFD,0xAAFD,0x8AFD,0xAAFD,0xAAFD,0xAAFD,0xAAFD,0xAAFD,0xAAFD,0xAAFD,0xAAFD,0x8AFD,
    0xAAFD,0xAAFD,0xAAFD,0xAAFD,0x8AFD,0xAAFD,0xAAFD,0xAAFD,0xAAFD,0x8AFD,0x8AFD,0x8AFD,
    0xAAFD,0xAAFD,0xA9FD,0x89FD,0x89FD,0x89FD,0x89FD,0x89FD,0x89FD,0xA9FD,0xA9FD,0x89FD,
    0x89FD,0xA9FD,0xEAFD,0x0BFE,0x0BFE,0xEBFD,0x8AF5,0x29ED,0xE9DC,0x88D4,0x68CC,0x68CC,
    0x68CC,0x68CC,0xA9D4,0xE9DC,0x4AED,0xAAF5,0xEBFD,0x0BFE,0x0BFE,0xEAFD,0xCAFD,0x89FD,
    0x89FD,0x89FD,0xA9FD,0xA9FD,0xA9FD,0x89FD,0x89FD,0x89FD,0x89FD,0x89FD,0x89FD,0x89FD,
    0x89FD,0xA9FD,0x89FD,0x89FD,0x89FD,0x89FD,0x89FD,0x89FD,0x89FD,0x89FD,0xA9FD,0x89FD,
    0x89FD,0xA9FD,0xA9FD,0xA9FD,0xA9FD,0xA9FD,0xA9FD,0xA9FD,0xA9FD,0xA9FD,0xA9FD,0xAAFD,
    0xAAFD,0x8AFD,0x8AFD,0x8AFD,0xAAFD,0x8AFD,0x8AFD,0xAAFD,0x8AFD,0xAAFD,0xAAFD,0x8AFD,
    0x89FD,0xA9FD,0x89FD,0x89FD,0xA9FD,0xA9FD,0xA9FD,0xA9FD,0xA9FD,0xA9FD,0xA9FD,0xA9FD,
    0xA9FD,0xA9FD,0xA9FD,0xA9FD,0xA9FD,0xA9FD,0xA4EC,0x42E4,0x62E4,0x63E4,0x42E4,0x82EC,
    0xC4C3,0x8140,0xA348,0x4138,0xC49A,0x04FD,0xA2EC,0xA2EC,0xA3EC,0xA3EC,0xA3EC,0xA3EC,
    0xA3EC,0xA2EC,0xC2EC,0x42E4,0xC2DB,0xC3DB,0xC3DB,0xC3DB,0xC3D3,0x03E4,0xA3A2,0x6240,
    0xA348,0xC340,0xFBE6,0xFFFF,0xFFFF,0xFFFF,0xFFFF,0xFFFF,0xFFFF,0xFFFF,0xFFFF,0xFFFF,
    0xFFFF,0xFFFF,0xFFFF,0xFFFF,0xFFFF,0xFFFF,0xFFFF,0xFFFF,0xFFFF,0xFFFF,0xEB7A,0x4138,
    0x8240,0x4251,0xEAF5,0x09FE,0xE4EC,0xA2EC,0xA3EC,0xA3EC,0xA3EC,0xA3EC,0xA3EC,0xA3EC,
    0xA3EC,0xA3EC,0xC3EC,0xA3EC,0xA3EC,0xA3EC,0xC2EC,0x85DC,0xE150,0xA340,0x6238,0xA269,
    0xA4EC,0x62E4,0x63EC,0x62EC,0x62EC,0x63E4,0x27F5,0xA9FD,0x89FD,0xA9FD,0xA9FD,0xA9FD,
    0xAAFD,0xAAFD,0xAAFD,0xAAFD,0xAAFD,0xAAFD,0xAAFD,0xAAFD,0xAAFD,0xAAFD,0x8AFD,0xAAFD,
    0xAAFD,0x8AFD,0xAAFD,0xAAFD,0xAAFD,0xAAFD,0x8AFD,0x8AFD,0x8AFD,0xAAFD,0xAAFD,0x8AFD,
    0x8AFD,0xAAFD,0xAAFD,0xAAFD,0xAAFD,0xAAFD,0xAAFD,0xAAFD,0xAAFD,0xAAFD,0xAAFD,0xAAFD,
    0xAAFD,0xAAFD,0xAAFD,0xAAFD,0x8AFD,0xAAFD,0xAAFD,0xAAFD,0xAAFD,0xAAFD,0xAAFD,0x8AFD,
    0x8AFD,0xAAFD,0x89FD,0x89FD,0x89FD,0xA9FD,0xA9FD,0x89FD,0xA9FD,0xA9FD,0xA9FD,0xA9FD,
    0xA9FD,0xA9FD,0x89FD,0x89FD,0x89FD,0x89FD,0x89FD,0x89FD,0x89FD,0xA9FD,0xA9FD,0xA9FD,
    0xA9FD,0xA9FD,0xA9FD,0xA9FD,0x89FD,0x89FD,0x69FD,0x69FD,0x69FD,0x89FD,0x89FD,0xA9FD,
    0xA9FD,0xA9FD,0xA9FD,0x89FD,0x89FD,0xA9FD,0x89FD,0x89FD,0x89FD,0x89FD,0x89FD,0x89FD,
    0xA9FD,0xA9FD,0x89FD,0xA9FD,0xA9FD,0x89FD,0x89FD,0x89FD,0x89FD,0x89FD,0xA9FD,0x89FD,
    0xAAFD,0xAAFD,0xA9FD,0xA9FD,0xA9FD,0xA9FD,0xAAFD,0xA9FD,0x89FD,0xA9FD,0xA9FD,0xAAFD,
    0xAAFD,0xAAFD,0xAAFD,0xAAFD,0xAAFD,0x8AFD,0x8AFD,0x8AFD,0xAAFD,0x8AFD,0xAAFD,0x89FD,
    0x89FD,0xA9FD,0xA9FD,0x89FD,0xA9FD,0x89FD,0x89FD,0x89FD,0xA9FD,0xA9FD,0xA9FD,0xA9FD,
    0xA9FD,0xA9FD,0xA9FD,0x89FD,0xCAFD,0x27F5,0x42E4,0x62EC,0x43EC,0x42E4,0x42E4,0xA4EC,
    0xA271,0x4138,0x8240,0xE150,0x85E4,0xC2F4,0xA2EC,0xA2EC,0xA3EC,0xA3EC,0xA3EC,0xA3EC,
    0xA3EC,0xA2EC,0xA3EC,0xE2DB,0xC3DB,0xE3DB,0xE3DB,0xE3DB,0xC3DB,0xE4D3,0x4261,0xA340,
    0x4138,0xCB72,0xFFFF,0xFFFF,0xFFFF,0xFFFF,0xFFFF,0xFFFF,0xFFFF,0xFFFF,0xFFFF,0xFFFF,
    0xFFFF,0xFFFF,0xFFFF,0xFFFF,0xFFFF,0xFFFF,0xFFFF,0xFFFF,0xDFFF,0xFFFF,0xB6C5,0x4130,
    0xC340,0x4130,0x28B4,0x6AFE,0x66F5,0x82EC,0xA2EC,0xA3EC,0xA3EC,0xA3EC,0xA3EC,0xA3EC,
    0xA3EC,0xC3EC,0xA3EC,0xA3EC,0xC3EC,0xC3EC,0xA2EC,0x04F5,0xC39A,0x4130,0xC340,0x4138,
    0x64B3,0xA3EC,0x63E4,0x83EC,0x83EC,0x62EC,0x84EC,0x89FD,0xA9FD,0x89FD,0xA9FD,0xA9FD,
    0xA9FD,0xAAFD,0xAAFD,0xAAFD,0xAAFD,0xAAFD,0xAAFD,0xAAFD,0xAAFD,0xAAFD,0x8AFD,0xAAFD,
    0xAAFD,0xAAFD,0xAAFD,0xAAFD,0xAAFD,0xAAFD,0xAAFD,0x8AFD,0xAAFD,0x8AFD,0x8AFD,0xAAFD,
    0xAAFD,0xAAFD,0xAAFD,0xAAFD,0xAAFD,0xAAFD,0xAAFD,0xAAFD,0xAAFD,0xAAFD,0xAAFD,0xAAFD,
    0xAAFD,0xAAFD,0xAAFD,0xAAFD,0xAAFD,0xAAFD,0xAAFD,0xAAFD,0xAAFD,0xAAFD,0xAAFD,0xAAFD,
    0x8AFD,0x8AFD,0xAAFD,0xA9FD,0xA9FD,0x89FD,0xA9FD,0xA9FD,0x89FD,0xA9FD,0xA9FD,0xA9FD,
    0xA9FD,0xA9FD,0xA9FD,0x89FD,0x89FD,0x89FD,0x89FD,0x69FD,0x69FD,0x69FD,0x69FD,0x69F5,
    0x89FD,0x69FD,0x69FD,0x69FD,0x69FD,0x89FD,0x89FD,0x89FD,0x89FD,0x89FD,0x89FD,0xA9FD,
    0xA9FD,0xA9FD,0xA9FD,0x89FD,0x89FD,0x89FD,0x89FD,0x89FD,0x89FD,0x89FD,0x89FD,0xA9FD,
    0xA9FD,0xA9FD,0xA9FD,0xA9FD,0x8AFD,0xA9FD,0xA9FD,0xA9FD,0xA9FD,0xA9FD,0xA9FD,0xAAFD,
    0xA9FD,0xA9FD,0xA9FD,0xA9FD,0xA9FD,0xAAFD,0xA9FD,0xAAFD,0x89FD,0xA9FD,0xAAFD,0xAAFD,
    0xAAFD,0xAAFD,0xAAFD,0xAAFD,0xAAFD,0xAAFD,0xAAFD,0xAAFD,0xAAFD,0xAAFD,0xAAFD,0xAAFD,
    0xAAFD,0xA9FD,0xA9FD,0xA9FD,0xA9FD,0xA9FD,0x89FD,0x89FD,0xA9FD,0x89FD,0x89FD,0x89FD,
    0xA9FD,0xA9FD,0xA9FD,0xA9FD,0x89FD,0x83EC,0x42EC,0x62EC,0x62E4,0x42E4,0x83EC,0x84BB,
    0x4138,0xA340,0x2130,0xE49A,0x04FD,0xA2EC,0xA2EC,0xA2EC,0xA3EC,0xA3EC,0xA3EC,0xA3EC,
    0xA2EC,0xA2EC,0x43E4,0xC2DB,0xC3DB,0xC3DB,0xC3DB,0xC3D3,0x03DC,0x04AB,0x6140,0xC348,
    0x4130,0xB6C5,0xFFFF,0xFFFF,0xFFFF,0xFFFF,0xFFFF,0xFFFF,0xFFFF,0xFFFF,0xFFFF,0xFFFF,
    0xFFFF,0xFFFF,0xFFFF,0xFFFF,0xFFFF,0xFFFF,0xFFFF,0xFFFF,0xFFFF,0xFFFF,0xDFFF,0xE759,
    0x6238,0x6238,0xE369,0x2BFE,0xE8FD,0xC4EC,0xA2EC,0xC3EC,0xA3EC,0xA3EC,0xA3EC,0xC3EC,
    0xC3EC,0xC3EC,0xA3EC,0xA3EC,0xA3EC,0xA3EC,0xA3EC,0xA2EC,0x85E4,0x0251,0x8238,0x6238,
    0x4261,0xA5E4,0x82EC,0x83EC,0x63EC,0x83EC,0x62E4,0x06F5,0xA9FD,0x89FD,0xA9FD,0xA9FD,
    0xA9FD,0xA9FD,0xAAFD,0xAAFD,0xAAFD,0xAAFD,0xAAFD,0xAAFD,0xAAFD,0xAAFD,0xAAFD,0xAAFD,
    0xAAFD,0xAAFD,0xAAFD,0xAAFD,0xAAFD,0x8AFD,0xAAFD,0xAAFD,0xAAFD,0xAAFD,0xAAFD,0xAAFD,
    0xAAFD,0xAAFD,0xAAFD,0xAAFD,0xA9FD,0xAAFD,0xAAFD,0xAAFD,0xAAFD,0xAAFD,0xAAFD,0xAAFD,
    0xAAFD,0x8AFD,0xAAFD,0xAAFD,0xAAFD,0xAAFD,0xAAFD,0xAAFD,0xAAFD,0xAAFD,0xAAFD,0xAAFD,
    0x8AFD,0xAAFD,0xAAFD,0xA9FD,0xA9FD,0xA9FD,0xA9FD,0xA9FD,0xA9FD,0x89FD,0xA9FD,0x89FD,
    0x89FD,0x89FD,0x89FD,0x69FD,0x69FD,0x89FD,0x89FD,0x69FD,0x69FD,0x89FD,0x89FD,0x89FD,
    0x89FD,0x89FD,0x89FD,0x89FD,0x89FD,0x89FD,0x89FD,0x89FD,0x68F5,0x69FD,0x89FD,0x89FD,
    0xA9FD,0xA9FD,0x89FD,0x89FD,0x89FD,0x89FD,0x89FD,0x89FD,0x89FD,0x89FD,0xA9FD,0xA9FD,
    0xA9FD,0xA9FD,0xA9FD,0xAAFD,0xAAFD,0xA9FD,0xA9FD,0xA9FD,0xA9FD,0x89FD,0xAAFD,0x8AFD,
    0xA9FD,0xAAFD,0x89FD,0xA9FD,0xAAFD,0xAAFD,0xA9FD,0xAAFD,0xA9FD,0x89FD,0xAAFD,0x8AFD,
    0x8AFD,0x8AFD,0xAAFD,0xAAFD,0xAAFD,0xAAFD,0xAAFD,0xAAFD,0xAAFD,0xAAFD,0xAAFD,0xAAFD,
    0xAAFD,0xA9FD,0xA9FD,0xA9FD,0xA9FD,0xA9FD,0xA9FD,0x89FD,0x89FD,0x89FD,0x89FD,0xA9FD,
    0xA9FD,0x89FD,0x89FD,0xA9FD,0xE5F4,0x42E4,0x62EC,0x62EC,0x62E4,0x62E4,0x84E4,0x6261,
    0x6238,0x6238,0x0259,0xA5EC,0xA2EC,0xA3EC,0xA3EC,0xA3EC,0xA3EC,0xA3EC,0xA3EC,0xA3EC,
    0xA2EC,0xA3EC,0xE2DB,0xC3DB,0xC3DB,0xC3DB,0xC3DB,0xC3D3,0x04DC,0xA271,0x6238,0x8240,
    0xC759,0xDEFF,0xFFFF,0xFFFF,0xFFFF,0xFFFF,0xFFFF,0xFFFF,0xFFFF,0xFFFF,0xFFFF,0xFFFF,
    0xFFFF,0xFFFF,0xFFFF,0xFFFF,0xFFFF,0xFFFF,0xFFFF,0xFFFF,0xFFFF,0xDFFF,0xFFFF,0xD3AC,
    0x0028,0xC340,0x6138,0xA9CC,0x6AFE,0x26ED,0xA2EC,0xC2EC,0xA3EC,0xA3EC,0xA3EC,0xC3EC,
    0xA3EC,0xA3EC,0xA3EC,0xA3EC,0xA3EC,0xC3EC,0xA3EC,0xA2EC,0xE3F4,0x24AB,0x4138,0xC340,
    0x4130,0x04A3,0xC3F4,0x62E4,0x63EC,0x63EC,0x83EC,0x63E4,0x68FD,0xA9FD,0xA9FD,0xA9FD,
    0xA9FD,0xA9FD,0xAAFD,0xAAFD,0xAAFD,0xAAFD,0xAAFD,0xAAFD,0xAAFD,0xAAFD,0x8AFD,0x8AFD,
    0xAAFD,0x8AFD,0x8AFD,0x8AFD,0x8AFD,0x8AFD,0x8AFD,0x8AFD,0x8AFD,0xAAFD,0x8AFD,0xAAFD,
    0xAAFD,0xAAFD,0xAAFD,0xAAFD,0xAAFD,0xAAFD,0xAAFD,0xAAFD,0xAAFD,0xAAFD,0xAAFD,0xAAFD,
    0xAAFD,0x8AFD,0xAAFD,0xAAFD,0xAAFD,0x8AFD,0x8AFD,0x8AFD,0x8AFD,0xAAFD,0x8AFD,0xAAFD,
    0x8AFD,0xAAFD,0xAAFD,0x8AFD,0xA9FD,0xA9FD,0xA9FD,0xAAFD,0xA9FD,0xA9FD,0x89FD,0x89FD,
    0x89FD,0x89FD,0xC9FD,0xE9FD,0x89FD,0x68F5,0x69FD,0x89F5,0x89FD,0x89FD,0x89FD,0x89FD,
    0x89FD,0x89FD,0x89FD,0x89FD,0x69FD,0x69FD,0x68F5,0x88FD,0xC9FD,0xC9FD,0x89FD,0x89FD,
    0x89FD,0x89FD,0x89FD,0x89FD,0x89FD,0x89FD,0x89FD,0x89FD,0x89FD,0x89FD,0x89FD,0x89FD,
    0x89FD,0x89FD,0x89FD,0x8AFD,0x8AFD,0x89FD,0xA9FD,0x89FD,0x89FD,0x89FD,0xAAFD,0xAAFD,
    0xAAFD,0xAAFD,0xA9FD,0xA9FD,0xAAFD,0xA9FD,0xA9FD,0xAAFD,0x8AFD,0xAAFD,0xAAFD,0x8AFD,
    0xAAFD,0x89FD,0xAAFD,0x8AFD,0x8AFD,0x8AFD,0x8AFD,0x8AFD,0x8AFD,0x8AFD,0x8AFD,0xAAFD,
    0xA9FD,0xA9FD,0x89FD,0xA9FD,0xA9FD,0xA9FD,0xA9FD,0x89FD,0xA9FD,0xA9FD,0x89FD,0xA9FD,
    0xA9FD,0x89FD,0xA9FD,0x68F5,0x63E4,0x62EC,0x63EC,0x63EC,0x42E4,0xA3F4,0xE4A2,0x4138,
    0xC340,0x4130,0x44AB,0xE3F4,0x82EC,0xA3EC,0xA3EC,0xA3EC,0xA3EC,0xA3EC,0xA3EC,0xA2EC,
    0xC3EC,0x63E4,0xC3DB,0xE3DB,0xE3DB,0xC3DB,0xC3D3,0xE3DB,0x64BB,0x8140,0xC340,0x2130,
    0xB2A4,0xFFFF,0xDFFF,0xFFFF,0xFFFF,0xFFFF,0xFFFF,0xFFFF,0xFFFF,0xFFFF,0xFFFF,0xFFFF,
    0xFFFF,0xFFFF,0xFFFF,0xFFFF,0xFFFF,0xFFFF,0xFFFF,0xFFFF,0xFFFF,0xFFFF,0xFFFF,0x9DF7,
    0x4549,0x8238,0x4230,0x447A,0x6BFE,0xC8FD,0xC3EC,0xC2EC,0xC3EC,0xA3EC,0xA3EC,0xA3EC,
    0xA3EC,0xA3EC,0xA3EC,0xA3EC,0xA3EC,0xA3EC,0xA3EC,0xA3EC,0xA2EC,0xC5EC,0x6261,0x6238,
    0x8238,0xE150,0x45DC,0x82EC,0x83EC,0x83EC,0x83EC,0x62EC,0xA5EC,0xA9FD,0xA9FD,0xA9FD,
    0xA9FD,0xA9FD,0xA9FD,0xA9FD,0xAAFD,0xAAFD,0xAAFD,0xAAFD,0xAAFD,0xAAFD,0xAAFD,0x8AFD,
    0xAAFD,0xAAFD,0xAAFD,0xAAFD,0xAAFD,0xAAFD,0xAAFD,0xAAFD,0xAAFD,0xAAFD,0xAAFD,0xAAFD,
    0xAAFD,0xAAFD,0xAAFD,0xA9FD,0xAAFD,0xAAFD,0xAAFD,0xAAFD,0xAAFD,0xAAFD,0xAAFD,0xAAFD,
    0xAAFD,0x8AFD,0xAAFD,0xAAFD,0xAAFD,0xAAFD,0xAAFD,0x8AFD,0xAAFD,0xAAFD,0xAAFD,0xAAFD,
    0xAAFD,0xAAFD,0xAAFD,0xAAFD,0xAAFD,0xAAFD,0xAAFD,0xAAFD,0xA9FD,0xA9FD,0x89FD,0x89FD,
    0x89FD,0xAAFD,0x28C4,0x069B,0x09E5,0xEAFD,0xA9FD,0x68FD,0x69F5,0x89F5,0x89F5,0x69FD,
    0x69FD,0x89FD,0x69F5,0x68F5,0x68FD,0xA8FD,0xE9FD,0x6AF5,0xA7B3,0x08BC,0xAAFD,0x89FD,
    0x89FD,0x89FD,0x89FD,0x89FD,0x89FD,0x89FD,0xA9FD,0xA9FD,0x89FD,0x89FD,0xA9FD,0xA9FD,
    0xA9FD,0xA9FD,0xA9FD,0xAAFD,0xAAFD,0xA9FD,0xA9FD,0xA9FD,0xA9FD,0xA9FD,0xA9FD,0xAAFD,
    0xA9FD,0xAAFD,0xAAFD,0xA9FD,0xA9FD,0xA9FD,0xAAFD,0xAAFD,0xAAFD,0xAAFD,0xAAFD,0xAAFD,
    0xA9FD,0xA9FD,0xAAFD,0xA9FD,0xAAFD,0xAAFD,0xAAFD,0xAAFD,0xAAFD,0xAAFD,0xAAFD,0xAAFD,
    0xA9FD,0xA9FD,0xA9FD,0xA9FD,0xA9FD,0xA9FD,0x89FD,0xA9FD,0xA9FD,0xA9FD,0xA9FD,0xA9FD,
    0x89FD,0xA9FD,0xA9FD,0xA4EC,0x62EC,0x83EC,0x63EC,0x63EC,0x82EC,0x44DC,0xE150,0x8238,
    0x6238,0x8269,0xC4EC,0xA2EC,0xA3EC,0xA3EC,0xA3EC,0xA3EC,0xA3EC,0xA3EC,0xA3EC,0xC2EC,
    0xA3EC,0xE2DB,0xC3DB,0xE3DB,0xE3DB,0xC3DB,0xC2D3,0x04DC,0xE279,0x6238,0x8238,0x2549,
    0x5DF7,0xFFFF,0xFFFF,0xFFFF,0xFFFF,0xFFFF,0xFFFF,0xFFFF,0xFFFF,0xFFFF,0xFFFF,0xFFFF,
    0xFFFF,0xFFFF,0xFFFF,0xFFFF,0xFFFF,0xFFFF,0xFFFF,0xFFFF,0xFFFF,0xFFFF,0xFFFF,0xFFFF,
    0x519C,0x2028,0xC340,0x8138,0x29D5,0x8AFE,0x25ED,0xA2EC,0xC3EC,0xC3EC,0xC3EC,0xA3EC,
    0xA3EC,0xA3EC,0xA3EC,0xA3EC,0xA3EC,0xA3EC,0xA3EC,0xA3EC,0xA2EC,0xE3F4,0xC5C3,0x6138,
    0xC340,0x6138,0x438A,0xC4F4,0x62EC,0x83EC,0x83EC,0x83EC,0x62E4,0x06F5,0xAAFD,0x89FD,
    0xA9FD,0xA9FD,0xA9FD,0xA9FD,0xAAFD,0xAAFD,0xAAFD,0xAAFD,0xAAFD,0xAAFD,0xAAFD,0xAAFD,
    0xAAFD,0xAAFD,0xAAFD,0xAAFD,0xAAFD,0xAAFD,0xAAFD,0xAAFD,0xAAFD,0xAAFD,0xAAFD,0xAAFD,
    0xAAFD,0xAAFD,0xAAFD,0xAAFD,0xAAFD,0xAAFD,0xAAFD,0xAAFD,0xAAFD,0xAAFD,0xAAFD,0xAAFD,
    0xAAFD,0xAAFD,0x8AFD,0xAAFD,0xAAFD,0xAAFD,0xAAFD,0xAAFD,0xAAFD,0xAAFD,0x8AFD,0xAAFD,
    0xAAFD,0xAAFD,0xA9FD,0xAAFD,0xAAFD,0xAAFD,0xAAFD,0xAAFD,0xAAFD,0x89FD,0x89FD,0x89FD,
    0xC9FD,0x68D4,0x4138,0x2130,0xE248,0xC58A,0x89D4,0xABF5,0xEBFD,0x0BFE,0xEAFD,0xEAFD,
    0xEAFD,0xEAFD,0x0AFE,0xEBFD,0xABFD,0xC9DC,0x46A3,0x4259,0x4138,0x4130,0xE8BB,0xCAFD,
    0x69FD,0x89FD,0x89FD,0x89FD,0x89FD,0x89FD,0xA9FD,0x89FD,0xA9FD,0xA9FD,0xA9FD,0xAAFD,
    0xAAFD,0xAAFD,0xAAFD,0xAAFD,0xAAFD,0xA9FD,0xA9FD,0xA9FD,0xA9FD,0xA9FD,0xA9FD,0xAAFD,
    0xAAFD,0xAAFD,0xAAFD,0xA9FD,0xA9FD,0xA9FD,0xAAFD,0xAAFD,0xAAFD,0xAAFD,0xAAFD,0xAAFD,
    0xA9FD,0x89FD,0xA9FD,0xA9FD,0xA9FD,0xAAFD,0xA9FD,0xAAFD,0xAAFD,0xAAFD,0xAAFD,0xAAFD,
    0xA9FD,0xA9FD,0xA9FD,0xA9FD,0xA9FD,0xA9FD,0xA9FD,0xA9FD,0xA9FD,0x89FD,0x89FD,0xA9FD,
    0xA9FD,0xA9FD,0xE6EC,0x42E4,0x63EC,0x82EC,0x83EC,0x62EC,0xC4F4,0x6392,0x4138,0xA340,
    0x6138,0xE4C3,0xC2F4,0x82EC,0xA2EC,0xA3EC,0xA3EC,0xA3EC,0xA3EC,0xA3EC,0xA2EC,0xC3EC,
    0x43E4,0xC3DB,0xE3DB,0xE3DB,0xE3DB,0xC3DB,0xE3DB,0x64C3,0x8140,0xA340,0x0028,0x1094,
    0xFFFF,0xFFFF,0xFFFF,0xFFFF,0xFFFF,0xFFFF,0xFFFF,0xFFFF,0xFFFF,0xFFFF,0xFFFF,0xFFFF,
    0xFFFF,0xFFFF,0xFFFF,0xFFFF,0xFFFF,0xFFFF,0xFFFF,0xFFFF,0xFFFF,0xFFFF,0xFFFF,0xFFFF,
    0x3CEF,0x0441,0xA240,0x4130,0x8582,0xACFE,0xC8F5,0xC3EC,0xC2EC,0xA3EC,0xC3EC,0xC3EC,
    0xA3EC,0xA3EC,0xA3EC,0xA3EC,0xA3EC,0xA3EC,0xA3EC,0xA3EC,0xA3EC,0xA2EC,0x05F5,0x2382,
    0x6138,0xE348,0x8140,0xA4C3,0xA3EC,0x62E4,0x83EC,0x83EC,0x83EC,0x83E4,0x68F5,0xA9FD,
    0xA9FD,0xA9FD,0xA9FD,0xA9FD,0xA9FD,0xAAFD,0xAAFD,0xA9FD,0xA9FD,0x8AFD,0x8AFD,0xAAFD,
    0xAAFD,0x8AFD,0xAAFD,0xAAFD,0xAAFD,0xAAFD,0xAAFD,0xAAFD,0xAAFD,0xAAFD,0xAAFD,0xAAFD,
    0xAAFD,0xAAFD,0xAAFD,0xAAFD,0xAAFD,0xAAFD,0xAAFD,0xAAFD,0xAAFD,0xAAFD,0xAAFD,0xAAFD,
    0xAAFD,0xAAFD,0xAAFD,0xAAFD,0xAAFD,0xAAFD,0xAAFD,0x8AFD,0xAAFD,0xAAFD,0xAAFD,0xAAFD,
    0xAAFD,0xAAFD,0xAAFD,0xAAFD,0xAAFD,0xAAFD,0xAAFD,0xAAFD,0xAAFD,0x89FD,0x89FD,0x89FD,
    0xC9FD,0x48CC,0x0030,0x8238,0xA340,0x4230,0x8140,0x8361,0xC592,0xA7B3,0x28C4,0x69CC,
    0x49CC,0x28C4,0xA7B3,0xC592,0xA369,0xA140,0x4138,0xA238,0xC340,0x0028,0x67AB,0xEAFD,
    0x69FD,0x89FD,0x89FD,0x89FD,0xA9FD,0x89FD,0xA9FD,0xA9FD,0xA9FD,0x89FD,0xAAFD,0xAAFD,
    0xAAFD,0xAAFD,0xAAFD,0xAAFD,0xAAFD,0xA9FD,0xA9FD,0xAAFD,0xA9FD,0xA9FD,0xA9FD,0xAAFD,
    0xAAFD,0xAAFD,0xA9FD,0xA9FD,0xAAFD,0xAAFD,0xAAFD,0xAAFD,0xAAFD,0xAAFD,0xAAFD,0xAAFD,
    0xA9FD,0xA9FD,0x89FD,0xA9FD,0xA9FD,0xA9FD,0xA9FD,0xA9FD,0xAAFD,0xAAFD,0xAAFD,0xAAFD,
    0xA9FD,0xA9FD,0xA9FD,0xA9FD,0xA9FD,0xA9FD,0x89FD,0xA9FD,0xA9FD,0xA9FD,0x89FD,0x89FD,
    0xA9FD,0x47F5,0x42E4,0x62EC,0x63EC,0x63EC,0x62EC,0xA3F4,0xC4CB,0x8148,0xC348,0x4138,
    0x438A,0x04F5,0x82EC,0xA2EC,0xA2EC,0xA2EC,0xA3EC,0xA3EC,0xA3EC,0xA2EC,0xC2EC,0x83EC,
    0xE2DB,0xC3DB,0xE3DB,0xE3DB,0xE3DB,0xC2DB,0x24E4,0xE381,0x6238,0x8240,0xC338,0x1CEF,
    0xFFFF,0xFFFF,0xFFFF,0xFFFF,0xFFFF,0xFFFF,0xFFFF,0xFFFF,0xFFFF,0xFFFF,0xFFFF,0xFFFF,
    0xFFFF,0xFFFF,0xFFFF,0xFFFF,0xFFFF,0xFFFF,0xFFFF,0xFFFF,0xFFFF,0xFFFF,0xFFFF,0xFFFF,
    0xFFFF,0x309C,0x2130,0xC348,0xA140,0x4ADD,0x8BFE,0x05ED,0xA2EC,0xC3EC,0xC3EC,0xA3EC,
    0xA3EC,0xA3EC,0xA3EC,0xA3EC,0xA3EC,0xA3EC,0xA3EC,0xA3EC,0xA3EC,0xA3EC,0xC2EC,0x85DC,
    0x0151,0xA240,0x8240,0x4261,0x85E4,0x82EC,0x83EC,0x83EC,0x83EC,0x63EC,0xA4EC,0xA9FD,
    0xA9FD,0xA9FD,0xA9FD,0xA9FD,0xA9FD,0xA9FD,0xA9FD,0xA9FD,0xA9FD,0xAAFD,0x8AFD,0xAAFD,
    0xAAFD,0xAAFD,0xAAFD,0xAAFD,0x8AFD,0xAAFD,0xAAFD,0xAAFD,0xAAFD,0xA9FD,0xAAFD,0xAAFD,
    0xAAFD,0xAAFD,0xAAFD,0xAAFD,0xAAFD,0xAAFD,0xAAFD,0xAAFD,0xAAFD,0xAAFD,0xAAFD,0xAAFD,
    0xAAFD,0xAAFD,0xAAFD,0xAAFD,0xAAFD,0xAAFD,0xAAFD,0xAAFD,0xAAFD,0xAAFD,0xAAFD,0xAAFD,
    0xAAFD,0xAAFD,0xAAFD,0xAAFD,0xAAFD,0xAAFD,0xAAFD,0xAAFD,0xAAFD,0xAAFD,0xA9FD,0x89FD,
    0x89FD,0xAAFD,0xC7B3,0x2251,0x4130,0x6238,0xA340,0xA340,0x8240,0x8240,0x8240,0xA248,
    0x8240,0x8240,0x8240,0x8240,0x8238,0xA338,0x8238,0x4130,0xE248,0x0693,0x8AF5,0x89FD,
    0x89FD,0x89FD,0xA9FD,0x89FD,0xA9FD,0x89FD,0x89FD,0xA9FD,0xAAFD,0x8AFD,0xAAFD,0xAAFD,
    0xAAFD,0xAAFD,0xAAFD,0xAAFD,0xAAFD,0xAAFD,0xAAFD,0xAAFD,0xAAFD,0xAAFD,0xAAFD,0xA9FD,
    0xA9FD,0xAAFD,0xA9FD,0xAAFD,0xAAFD,0xA9FD,0xA9FD,0xAAFD,0xAAFD,0xAAFD,0xAAFD,0xAAFD,
    0xA9FD,0xA9FD,0xA9FD,0xA9FD,0x89FD,0xA9FD,0xA9FD,0xA9FD,0xA9FD,0xAAFD,0xAAFD,0xAAFD,
    0xAAFD,0xA9FD,0xA9FD,0xA9FD,0xA9FD,0xA9FD,0x89FD,0xA9FD,0xA9FD,0x89FD,0xA9FD,0xA9FD,
    0x88FD,0x83E4,0x62EC,0x62EC,0x82EC,0x63EC,0x62EC,0xA5EC,0x6269,0x8240,0xA248,0x0159,
    0x85E4,0xA2EC,0xA3EC,0xA2EC,0xA2EC,0xA2EC,0xA3EC,0xA3EC,0xA3EC,0xA2EC,0xC3EC,0x23E4,
    0xC2DB,0xE3DB,0xE3DB,0xE3DB,0xC3DB,0xE3DB,0x84C3,0xA148,0xA340,0x2130,0xCE8B,0xFFFF,
    0xFFFF,0xFFFF,0xFFFF,0xFFFF,0xFFFF,0xFFFF,0xFFFF,0xFFFF,0xFFFF,0xFFFF,0xFFFF,0xFFFF,
    0xFFFF,0xFFFF,0xFFFF,0xFFFF,0xFFFF,0xFFFF,0xFFFF,0xFFFF,0xFFFF,0xFFFF,0xFFFF,0xFFFF,
    0xFFFF,0x7DF7,0x4549,0xA348,0x6240,0xA582,0xACFE,0xA7F5,0xC3EC,0xC2EC,0xA3EC,0xA3EC,
    0xC3EC,0xA3EC,0xA3EC,0xA3EC,0xA3EC,0xA3EC,0xA3EC,0xA3EC,0xA3EC,0xA3EC,0xA2EC,0xE4F4,
    0x64B3,0x6140,0xE348,0x4138,0x8392,0xC4F4,0x62EC,0x83EC,0x83EC,0x83EC,0x62E4,0xE6EC,
    0xAAFD,0xA9FD,0xA9FD,0xA9FD,0xA9FD,0xA9FD,0x89FD,0xA9FD,0xA9FD,0xAAFD,0xAAFD,0xAAFD,
    0xAAFD,0xAAFD,0xAAFD,0xAAFD,0xAAFD,0xAAFD,0xAAFD,0xAAFD,0xA9FD,0xAAFD,0xAAFD,0xAAFD,
    0xAAFD,0xA9FD,0xAAFD,0xAAFD,0xAAFD,0xA9FD,0xAAFD,0xAAFD,0xAAFD,0xAAFD,0xAAFD,0xAAFD,
    0xAAFD,0xAAFD,0xAAFD,0xAAFD,0xAAFD,0xAAFD,0xAAFD,0xAAFD,0xAAFD,0xAAFD,0xAAFD,0xAAFD,
    0xAAFD,0xAAFD,0xA9FD,0xAAFD,0xAAFD,0xAAFD,0xAAFD,0xAAFD,0x89FD,0xAAFD,0x89FD,0x89FD,
    0x89FD,0x89FD,0xEAFD,0x6AF5,0xE7B3,0xE471,0xE250,0x8140,0x6238,0x6240,0x8238,0x8238,
    0x8238,0x8238,0x6238,0x6238,0x6138,0xA140,0xC369,0xA7AB,0x4AED,0xEAFD,0x89FD,0x89FD,
    0x89FD,0xA9FD,0x89FD,0xA9FD,0xA9FD,0xA9FD,0xA9FD,0xAAFD,0xAAFD,0xAAFD,0xAAFD,0xAAFD,
    0xAAFD,0xAAFD,0xAAFD,0xAAFD,0xAAFD,0xAAFD,0xAAFD,0xA9FD,0xAAFD,0xAAFD,0xAAFD,0xAAFD,
    0xAAFD,0xAAFD,0xA9FD,0xA9FD,0xAAFD,0xA9FD,0xA9FD,0xAAFD,0xAAFD,0xAAFD,0xAAFD,0xA9FD,
    0x89FD,0x89FD,0x89FD,0xA9FD,0xA9FD,0xA9FD,0xA9FD,0xA9FD,0xA9FD,0xA9FD,0xA9FD,0xA9FD,
    0xA9FD,0xA9FD,0xA9FD,0xA9FD,0xA9FD,0xA9FD,0xA9FD,0xA9FD,0x89FD,0xA9FD,0x89FD,0xA9FD,
    0xC5EC,0x42E4,0x62EC,0x62EC,0x62EC,0x62EC,0xC4F4,0xC49A,0x6140,0xC348,0x6140,0x64B3,
    0xE3F4,0x82EC,0xA3EC,0xA2EC,0xA3EC,0xA3EC,0xA3EC,0xA3EC,0xA2EC,0xC2EC,0x83EC,0xC2DB,
    0xE3DB,0xE3DB,0xE3DB,0xE3DB,0xC2DB,0x24E4,0x0382,0x6238,0xA240,0xC340,0x1BE7,0xFFFF,
    0xFFFF,0xFFFF,0xFFFF,0xFFFF,0xFFFF,0xFFFF,0xFFFF,0xFFFF,0xFFFF,0xFFFF,0xFFFF,0xFFFF,
    0xFFFF,0xFFFF,0xFFFF,0xFFFF,0xFFFF,0xFFFF,0xFFFF,0xFFFF,0xFFFF,0xFFFF,0xFFFF,0xFFFF,
    0xDFFF,0xFFFF,0x719C,0x4138,0xE450,0xA140,0x0AD5,0x6BFE,0x04ED,0xA2EC,0xC3EC,0xC3EC,
    0xC3EC,0xA3EC,0xA3EC,0xA3EC,0xA3EC,0xA3EC,0xA3EC,0xA3EC,0xA3EC,0xA3EC,0xA3EC,0xA2EC,
    0x05F5,0x2382,0x6138,0xC348,0x8140,0xA5BB,0xC3F4,0x82EC,0x83EC,0x83EC,0x83EC,0x63E4,
    0x27F5,0xCAFD,0x89FD,0xA9FD,0xA9FD,0x89FD,0xA9FD,0xA9FD,0xA9FD,0xA9FD,0xAAFD,0x8AFD,
    0xAAFD,0xAAFD,0xAAFD,0xAAFD,0xAAFD,0xAAFD,0xAAFD,0xAAFD,0xAAFD,0xAAFD,0xAAFD,0xAAFD,
    0xA9FD,0xAAFD,0xAAFD,0xAAFD,0xAAFD,0xAAFD,0xAAFD,0xAAFD,0xAAFD,0xAAFD,0xAAFD,0xAAFD,
    0xAAFD,0xAAFD,0xAAFD,0xAAFD,0xAAFD,0x8AFD,0xAAFD,0xAAFD,0x8AFD,0xAAFD,0xA9FD,0xAAFD,
    0xAAFD,0xAAFD,0xAAFD,0xAAFD,0xAAFD,0xAAFD,0xAAFD,0x8AFD,0xA9FD,0xA9FD,0x89FD,0x89FD,
    0x89FD,0x89FD,0x69FD,0x89FD,0xEAFD,0xCBFD,0x4BED,0x48C4,0x469B,0x6482,0xE371,0xA361,
    0xC369,0x0372,0x6582,0x269B,0x28BC,0x2ADD,0xCBFD,0xEAFD,0xA9FD,0x89FD,0x89FD,0x89FD,
    0x89FD,0xA9FD,0xA9FD,0xA9FD,0xA9FD,0xA9FD,0x89FD,0x8AFD,0xAAFD,0xAAFD,0xAAFD,0xAAFD,
    0xAAFD,0xAAFD,0xAAFD,0xAAFD,0xAAFD,0xAAFD,0xAAFD,0xAAFD,0xAAFD,0xAAFD,0xAAFD,0xAAFD,
    0xAAFD,0xAAFD,0xA9FD,0xA9FD,0xAAFD,0xAAFD,0xAAFD,0xAAFD,0x8AFD,0xAAFD,0xAAFD,0xA9FD,
    0xA9FD,0xA9FD,0xA9FD,0xA9FD,0xA9FD,0xA9FD,0xA9FD,0xA9FD,0xA9FD,0xA9FD,0xA9FD,0xA9FD,
    0xA9FD,0xA9FD,0xA9FD,0xA9FD,0xA9FD,0xA9FD,0xA9FD,0xA9FD,0x89FD,0x89FD,0xA9FD,0x06F5,
    0x42E4,0x62EC,0x63E4,0x62E4,0x62E4,0xA3EC,0xE5CB,0xA148,0xC348,0x6140,0xE379,0x05F5,
    0xA2EC,0xA3EC,0xA3EC,0xA3EC,0xA3EC,0xA3EC,0xA3EC,0xA3EC,0xA2EC,0xA3EC,0x02DC,0xC3DB,
    0xE3DB,0xE3DB,0xE3DB,0xE3DB,0x03DC,0x85C3,0xA150,0xC348,0x2030,0xEF93,0xFFFF,0xFFFF,
    0xFFFF,0xFFFF,0xFFFF,0xFFFF,0xFFFF,0xFFFF,0xFFFF,0xFFFF,0xFFFF,0xFFFF,0xFFFF,0xFFFF,
    0xFFFF,0xFFFF,0xFFFF,0xFFFF,0xFFFF,0xFFFF,0xFFFF,0xFFFF,0xFFFF,0xFFFF,0xFFFF,0xFFFF,
    0xFFFF,0xFFFF,0x7DF7,0x6549,0xC248,0x8238,0x2472,0x8CFE,0xA7F5,0xA2EC,0xC2EC,0xA3EC,
    0xA3EC,0xA3EC,0xA3EC,0xA3EC,0xA3EC,0xA3EC,0xA3EC,0xA3EC,0xA3EC,0xC3EC,0xC3EC,0xA3EC,
    0xC3F4,0x85DC,0xE150,0xA240,0x8238,0x2159,0x85E4,0xA2EC,0x83EC,0x83EC,0x83EC,0x83EC,
    0x83E4,0x68F5,0xAAFD,0xA9FD,0x89FD,0x89FD,0xA9FD,0xA9FD,0xA9FD,0xA9FD,0xA9FD,0xAAFD,
    0xAAFD,0xAAFD,0xAAFD,0xAAFD,0xAAFD,0xAAFD,0xAAFD,0xAAFD,0xAAFD,0xAAFD,0xAAFD,0xAAFD,
    0xAAFD,0xAAFD,0xAAFD,0xAAFD,0xAAFD,0xAAFD,0xAAFD,0x8AFD,0xAAFD,0xAAFD,0xAAFD,0x8AFD,
    0x8AFD,0xAAFD,0xAAFD,0xAAFD,0xAAFD,0xAAFD,0xAAFD,0xA9FD,0xAAFD,0xAAFD,0xAAFD,0xAAFD,
    0xAAFD,0xAAFD,0xAAFD,0xAAFD,0xAAFD,0xAAFD,0xAAFD,0xAAFD,0xAAFD,0xAAFD,0xA9FD,0x89FD,
    0x89FD,0x89FD,0x89FD,0x89FD,0x89FD,0x89FD,0xCAFD,0x0BFE,0x0BFE,0x0BFE,0xCBFD,0xABFD,
    0xABFD,0xCBFD,0xEBFD,0x0BFE,0x0AFE,0xC9FD,0xA9FD,0x89FD,0x89FD,0xA9FD,0x89FD,0x89FD,
    0xA9FD,0xA9FD,0xA9FD,0xA9FD,0x89FD,0xA9FD,0xA9FD,0x8AFD,0xAAFD,0xAAFD,0x8AFD,0xAAFD,
    0xAAFD,0xAAFD,0xAAFD,0xAAFD,0xAAFD,0xAAFD,0xAAFD,0xAAFD,0xAAFD,0xAAFD,0xAAFD,0xAAFD,
    0xAAFD,0xAAFD,0xAAFD,0xAAFD,0xAAFD,0xAAFD,0xAAFD,0xAAFD,0x8AFD,0x8AFD,0x8AFD,0xAAFD,
    0xA9FD,0xA9FD,0xA9FD,0xA9FD,0xA9FD,0xA9FD,0xA9FD,0xA9FD,0xA9FD,0xA9FD,0xA9FD,0xA9FD,
    0xA9FD,0xA9FD,0xA9FD,0xA9FD,0xA9FD,0xA9FD,0xA9FD,0x89FD,0x89FD,0xA9FD,0x47F5,0x63E4,
    0x62EC,0x62EC,0x62E4,0x62E4,0x62EC,0x85E4,0x4261,0x8240,0xA248,0xE150,0x85DC,0xE2F4,
    0xA2EC,0xA3EC,0xA3EC,0xA3EC,0xA3EC,0xA3EC,0xA2EC,0xA2EC,0xC2EC,0x42E4,0xC2DB,0xC3DB,
    0xE3DB,0xE3DB,0xE3DB,0xC2DB,0x44E4,0xE381,0x8240,0xA248,0x0449,0x3CEF,0xFFFF,0xFFFF,
    0xFFFF,0xFFFF,0xFFFF,0xFFFF,0xFFFF,0xFFFF,0xFFFF,0xFFFF,0xFFFF,0xFFFF,0xFFFF,0xFFFF,
    0xFFFF,0xFFFF,0xFFFF,0xFFFF,0xFFFF,0xFFFF,0xFFFF,0xFFFF,0xFFFF,0xFFFF,0xFFFF,0xFFFF,
    0xFFFF,0xFFFF,0xFFFF,0xB2A4,0x4130,0xE348,0x6138,0x89C4,0x6AFE,0xC4EC,0xA2EC,0xA3EC,
    0xA3EC,0xA3EC,0xA3EC,0xA3EC,0xA3EC,0xA3EC,0xA3EC,0xA2EC,0xA3EC,0xA2EC,0xA3EC,0xA3EC,
    0xA2EC,0x03F5,0x64B3,0x6138,0xC340,0x6138,0x037A,0xC5EC,0x82EC,0x83EC,0x83EC,0x83EC,
    0x82EC,0xA4EC,0x89FD,0xA9FD,0xA9FD,0xA9FD,0x89FD,0xA9FD,0xA9FD,0xA9FD,0xA9FD,0xAAFD,
    0xAAFD,0xAAFD,0xAAFD,0xAAFD,0xAAFD,0xAAFD,0xAAFD,0xAAFD,0xAAFD,0xAAFD,0xAAFD,0xAAFD,
    0xAAFD,0xAAFD,0xAAFD,0xAAFD,0xAAFD,0xAAFD,0xAAFD,0xAAFD,0xAAFD,0xAAFD,0xAAFD,0xAAFD,
    0xAAFD,0xAAFD,0xAAFD,0xAAFD,0xAAFD,0xA9FD,0xAAFD,0xAAFD,0xAAFD,0xA9FD,0xA9FD,0xA9FD,
    0xAAFD,0xAAFD,0xAAFD,0xAAFD,0xAAFD,0xAAFD,0xAAFD,0xAAFD,0xAAFD,0xAAFD,0xA9FD,0x89FD,
    0x89FD,0x89FD,0x89FD,0x89FD,0xA9FD,0xA9FD,0x89FD,0x89FD,0x89FD,0x89FD,0x89FD,0x89FD,
    0x88FD,0x89FD,0x89FD,0x89FD,0x89FD,0x89FD,0xA9FD,0x89FD,0x89FD,0x89FD,0xA9FD,0xA9FD,
    0xA9FD,0xA9FD,0x89FD,0xA9FD,0xA9FD,0xA9FD,0xA9FD,0xAAFD,0xAAFD,0xAAFD,0xAAFD,0xAAFD,
    0xAAFD,0xAAFD,0xAAFD,0xAAFD,0xAAFD,0xAAFD,0xAAFD,0xAAFD,0xAAFD,0xAAFD,0xAAFD,0xAAFD,
    0xAAFD,0xAAFD,0xAAFD,0xAAFD,0xAAFD,0xAAFD,0xAAFD,0xAAFD,0xAAFD,0x8AFD,0x8AFD,0xAAFD,
    0xAAFD,0xA9FD,0xA9FD,0xA9FD,0xA9FD,0xA9FD,0xA9FD,0xA9FD,0xA9FD,0xA9FD,0xA9FD,0xA9FD,
    0xA9FD,0xA9FD,0xA9FD,0xA9FD,0xA9FD,0xA9FD,0x89FD,0x89FD,0xA9FD,0x88FD,0x83E4,0x62E4,
    0x63E4,0x63EC,0x63E4,0x62E4,0xC4EC,0x2382,0x6140,0xE350,0x6140,0x64B3,0x04F5,0xA2EC,
    0xC3EC,0xA3EC,0xA3EC,0xA3EC,0xA3EC,0xA3EC,0xA2EC,0xA2EC,0x83EC,0xE2DB,0xC3DB,0xE3DB,
    0xE3DB,0xE3DB,0xE3DB,0x03E4,0x64BB,0x8148,0xC348,0x2138,0x71A4,0xFFFF,0xFFFF,0xFFFF,
    0xFFFF,0xFFFF,0xFFFF,0xFFFF,0xFFFF,0xFFFF,0xFFFF,0xFFFF,0xFFFF,0xFFFF,0xFFFF,0xFFFF,
    0xFFFF,0xFFFF,0xFFFF,0xFFFF,0xFFFF,0xFFFF,0xFFFF,0xFFFF,0xFFFF,0xFFFF,0xFFFF,0xFFFF,
    0xFFFF,0xFFFF,0xFFFF,0x9EF7,0xA651,0xA240,0x8238,0x8359,0x2BF6,0x86F5,0x82EC,0xA2EC,
    0xA3EC,0xA3EC,0xA3EC,0xC3EC,0xA3EC,0xA3EC,0xA3EC,0xA3EC,0xC3EC,0xA3EC,0xA3EC,0xA3EC,
    0xA3EC,0xA2EC,0x05F5,0x2382,0x4130,0xC348,0x6138,0x04A3,0xE4F4,0x82EC,0x83EC,0x83EC,
    0x83EC,0x62E4,0xC5EC,0xA9FD,0xA9FD,0x89FD,0x89FD,0xA9FD,0xA9FD,0xAAFD,0xA9FD,0xAAFD,
    0xAAFD,0xAAFD,0xAAFD,0xAAFD,0xAAFD,0xAAFD,0xAAFD,0xAAFD,0xAAFD,0xAAFD,0xAAFD,0xAAFD,
    0xAAFD,0xAAFD,0xAAFD,0xAAFD,0xAAFD,0xAAFD,0xAAFD,0xAAFD,0xAAFD,0xAAFD,0xAAFD,0xAAFD,
    0xAAFD,0xAAFD,0xAAFD,0xAAFD,0xAAFD,0xAAFD,0xAAFD,0xAAFD,0xAAFD,0xAAFD,0xAAFD,0xAAFD,
    0xAAFD,0xAAFD,0xAAFD,0xA9FD,0xAAFD,0xAAFD,0xAAFD,0xAAFD,0xAAFD,0xAAFD,0xAAFD,0x89FD,
    0x89FD,0x89FD,0x89FD,0x89FD,0xA9FD,0x89FD,0x89FD,0x89FD,0x89FD,0x89FD,0x89FD,0x89FD,
    0x89FD,0x89FD,0x89FD,0xA9FD,0x89FD,0x89FD,0x89FD,0x89FD,0xA9FD,0xA9FD,0x89FD,0x89FD,
    0xA9FD,0xA9FD,0xA9FD,0xA9FD,0xA9FD,0xAAFD,0xAAFD,0xAAFD,0xAAFD,0xAAFD,0xAAFD,0xAAFD,
    0xAAFD,0xAAFD,0xAAFD,0xAAFD,0xAAFD,0xAAFD,0xA9FD,0xAAFD,0xAAFD,0xAAFD,0xAAFD,0xAAFD,
    0xAAFD,0xAAFD,0xAAFD,0xAAFD,0xAAFD,0xAAFD,0xAAFD,0xAAFD,0xAAFD,0xAAFD,0xAAFD,0xA9FD,
    0xA9FD,0xAAFD,0xA9FD,0xA9FD,0xA9FD,0xA9FD,0xA9FD,0xA9FD,0xA9FD,0xA9FD,0xA9FD,0xA9FD,
    0xA9FD,0xA9FD,0xA9FD,0xA9FD,0xA9FD,0xA9FD,0xA9FD,0xA9FD,0xA9FD,0xA4EC,0x62E4,0x63EC,
    0x63EC,0x63E4,0x62E4,0xA3EC,0x04A3,0x4138,0xC348,0x4138,0x238A,0x05F5,0xA2EC,0xA3EC,
    0xA3EC,0xC3EC,0xA2EC,0xA3EC,0xA3EC,0xA2EC,0xA2EC,0xA2EC,0x22E4,0xC2DB,0xC3DB,0xC3DB,
    0xE3DB,0xE3DB,0xC2DB,0x25DC,0x8269,0x8240,0x8240,0x8651,0x9EF7,0xFFFF,0xFFFF,0xFFFF,
    0xFFFF,0xFFFF,0xFFFF,0xFFFF,0xFFFF,0xFFFF,0xFFFF,0xFFFF,0xFFFF,0xFFFF,0xFFFF,0xFFFF,
    0xFFFF,0xFFFF,0xFFFF,0xFFFF,0xFFFF,0xFFFF,0xFFFF,0xFFFF,0xFFFF,0xFFFF,0xFFFF,0xFFFF,
    0xFFFF,0xFFFF,0xFFFF,0xFFFF,0x34B5,0x4130,0xE348,0x4130,0x87A3,0x6AFE,0xE3EC,0xA2EC,
    0xA3EC,0xA3EC,0xA3EC,0xA3EC,0xA3EC,0xA3EC,0xA3EC,0xA3EC,0xA3EC,0xA3EC,0xA3EC,0xC3EC,
    0xA3EC,0xA3EC,0xC2EC,0xA5E4,0x2259,0x8238,0xC340,0xA148,0xC5CB,0xC3F4,0x82EC,0x83EC,
    0x83EC,0x83EC,0x62E4,0xE5EC,0xA9FD,0xA9FD,0xA9FD,0x89FD,0xA9FD,0xA9FD,0xA9FD,0xAAFD,
    0xAAFD,0xAAFD,0xAAFD,0xA9FD,0xAAFD,0xAAFD,0xAAFD,0xAAFD,0xAAFD,0xAAFD,0xAAFD,0xAAFD,
    0xAAFD,0xAAFD,0xAAFD,0xAAFD,0xAAFD,0xAAFD,0xAAFD,0xAAFD,0xAAFD,0xAAFD,0xAAFD,0xAAFD,
    0xAAFD,0xAAFD,0xAAFD,0xAAFD,0xAAFD,0xAAFD,0xAAFD,0xAAFD,0xAAFD,0xAAFD,0xAAFD,0xAAFD,
    0xAAFD,0xAAFD,0xAAFD,0xAAFD,0xAAFD,0x8AFD,0xAAFD,0xAAFD,0xAAFD,0xAAFD,0xAAFD,0xAAFD,
    0x89FD,0x89FD,0x89FD,0x89FD,0x89FD,0x89FD,0x89FD,0xA9FD,0x89FD,0x89FD,0x89FD,0x89FD,
    0x89FD,0x89FD,0x89FD,0x89FD,0x89FD,0x89FD,0xA9FD,0xA9FD,0xA9FD,0xA9FD,0x89FD,0xA9FD,
    0xA9FD,0xA9FD,0xA9FD,0xA9FD,0xAAFD,0xAAFD,0xAAFD,0xAAFD,0xAAFD,0xAAFD,0xAAFD,0xAAFD,
    0xAAFD,0xAAFD,0xAAFD,0xAAFD,0xAAFD,0xAAFD,0xAAFD,0xAAFD,0xAAFD,0xAAFD,0xAAFD,0xAAFD,
    0xAAFD,0xAAFD,0xAAFD,0xAAFD,0xAAFD,0xAAFD,0xAAFD,0xAAFD,0xAAFD,0xAAFD,0xAAFD,0xAAFD,
    0xA9FD,0xAAFD,0xA9FD,0xA9FD,0xA9FD,0xA9FD,0xA9FD,0xA9FD,0xA9FD,0xA9FD,0xA9FD,0xA9FD,
    0xA9FD,0xA9FD,0xA9FD,0xA9FD,0xA9FD,0xA9FD,0xA9FD,0xA9FD,0xE5EC,0x42E4,0x63EC,0x63EC,
    0x63EC,0x62E4,0x83EC,0xE4CB,0xA140,0xA240,0x8238,0x2159,0xA5E4,0xC2F4,0xA2EC,0xA3EC,
    0xC2EC,0xA2EC,0xC3EC,0xC3EC,0xA3EC,0xA2EC,0xC2EC,0x43E4,0xC2DB,0xC3DB,0xC3DB,0xC3DB,
    0xE3DB,0xC3DB,0x23E4,0xC4A2,0x6138,0xE348,0x4130,0x34B5,0xFFFF,0xFFFF,0xFFFF,0xFFFF,
    0xFFFF,0xFFFF,0xFFFF,0xFFFF,0xFFFF,0xFFFF,0xFFFF,0xFFFF,0xFFFF,0xFFFF,0xFFFF,0xFFFF,
    0xFFFF,0xFFFF,0xFFFF,0xFFFF,0xFFFF,0xFFFF,0xFFFF,0xFFFF,0xFFFF,0xFFFF,0xFFFF,0xFFFF,
    0xFFFF,0xFFFF,0xFFFF,0xFFFF,0xFFFF,0x2862,0x4130,0xA340,0xE248,0x8AED,0xA7FD,0xA3E4,
    0xA3EC,0xA3EC,0xA3EC,0xA3EC,0xC3EC,0xC3EC,0xA3EC,0xA3EC,0xA3EC,0xA3EC,0xA2EC,0xA3EC,
    0xA2EC,0xA3EC,0xA2EC,0xE3F4,0xE5CB,0x8140,0xA340,0xA240,0x2261,0x65E4,0xA3EC,0x83EC,
    0x83EC,0x83EC,0x83EC,0x62E4,0x06F5,0xA9FD,0x89FD,0xA9FD,0xA9FD,0xA9FD,0x89FD,0xA9FD,
    0xAAFD,0xA9FD,0xAAFD,0xAAFD,0xAAFD,0xAAFD,0xAAFD,0xAAFD,0xAAFD,0xAAFD,0xAAFD,0xAAFD,
    0xAAFD,0xAAFD,0xAAFD,0xAAFD,0xAAFD,0xAAFD,0xAAFD,0xAAFD,0xAAFD,0xAAFD,0xAAFD,0xAAFD,
    0xAAFD,0xAAFD,0xAAFD,0xAAFD,0xAAFD,0xAAFD,0xAAFD,0xAAFD,0xAAFD,0xAAFD,0xAAFD,0xAAFD,
    0xAAFD,0xAAFD,0xAAFD,0xAAFD,0xAAFD,0x8AFD,0xAAFD,0x8AFD,0xAAFD,0xAAFD,0xAAFD,0xAAFD,
    0xAAFD,0xA9FD,0x89FD,0x89FD,0xA9FD,0x89FD,0xA9FD,0xA9FD,0xA9FD,0x89FD,0x89FD,0x89FD,
    0x89FD,0x89FD,0xA9FD,0xA9FD,0xA9FD,0xA9FD,0xA9FD,0x89FD,0xA9FD,0xA9FD,0x89FD,0xA9FD,
    0x89FD,0x89FD,0xA9FD,0xA9FD,0xAAFD,0xAAFD,0xAAFD,0xAAFD,0xAAFD,0xAAFD,0xAAFD,0xAAFD,
    0xAAFD,0xAAFD,0xAAFD,0xA9FD,0xAAFD,0xAAFD,0xAAFD,0xAAFD,0xAAFD,0xAAFD,0xAAFD,0xAAFD,
    0xAAFD,0xAAFD,0xAAFD,0xAAFD,0xAAFD,0xAAFD,0xAAFD,0xAAFD,0xAAFD,0xAAFD,0xAAFD,0xA9FD,
    0xA9FD,0xAAFD,0xA9FD,0xA9FD,0xA9FD,0xA9FD,0xA9FD,0xA9FD,0xA9FD,0xA9FD,0xA9FD,0xA9FD,
    0xA9FD,0xA9FD,0xA9FD,0xA9FD,0xA9FD,0x89FD,0xAAFD,0x06F5,0x42E4,0x63EC,0x63EC,0x62E4,
    0x62E4,0x62E4,0x65DC,0x2259,0x6238,0xA240,0x8140,0xE5CB,0xE3F4,0xA2EC,0xC2EC,0xC3EC,
    0xC3EC,0xA3EC,0xA3EC,0xA2EC,0xA2EC,0xA2EC,0xA3EC,0xE2DB,0xC3DB,0xC3DB,0xC3DB,0xC3DB,
    0xC3D3,0xE3DB,0xC5D3,0xE150,0xA340,0x6138,0x2962,0xFFFF,0xFFFF,0xFFFF,0xFFFF,0xFFFF,
    0xFFFF,0xFFFF,0xFFFF,0xFFFF,0xFFFF,0xFFFF,0xFFFF,0xFFFF,0xFFFF,0xFFFF,0xFFFF,0xFFFF,
    0xFFFF,0xFFFF,0xFFFF,0xFFFF,0xFFFF,0xFFFF,0xFFFF,0xFFFF,0xFFFF,0xFFFF,0xFFFF,0xFFFF,
    0xFFFF,0xFFFF,0xFFFF,0xFFFF,0xFFFF,0x38CE,0x6130,0xC348,0x4130,0xA582,0x6BFE,0xE4EC,
    0xA2EC,0xC3EC,0xA3EC,0xA3EC,0xA3EC,0xA3EC,0xA3EC,0xC3EC,0xA2EC,0xA3EC,0xA3EC,0xA3EC,
    0xA2EC,0xA3EC,0xC3EC,0xA2EC,0x04F5,0x24AB,0x4138,0xC348,0x6240,0xC271,0xC5EC,0x82EC,
    0x63EC,0x83EC,0x83EC,0x82EC,0x63E4,0x27F5,0xA9FD,0xA9FD,0xA9FD,0xA9FD,0xA9FD,0xA9FD,
    0xAAFD,0xA9FD,0xAAFD,0xAAFD,0xAAFD,0xAAFD,0xAAFD,0xAAFD,0xAAFD,0x8AFD,0xAAFD,0xAAFD,
    0xAAFD,0xAAFD,0xAAFD,0xAAFD,0xAAFD,0xAAFD,0xAAFD,0xAAFD,0xAAFD,0xAAFD,0xAAFD,0xAAFD,
    0xAAFD,0xAAFD,0xAAFD,0xAAFD,0xAAFD,0xAAFD,0xAAFD,0xAAFD,0xAAFD,0xA9FD,0xAAFD,0xAAFD,
    0xAAFD,0xAAFD,0xAAFD,0xAAFD,0xAAFD,0xAAFD,0xAAFD,0xAAFD,0xAAFD,0xAAFD,0xAAFD,0xAAFD,
    0xAAFD,0xAAFD,0xAAFD,0xA9FD,0xA9FD,0xA9FD,0xA9FD,0x89FD,0x89FD,0x89FD,0x89FD,0x89FD,
    0x89FD,0x89FD,0x89FD,0xA9FD,0x89FD,0xA9FD,0xA9FD,0xA9FD,0xA9FD,0xA9FD,0xA9FD,0xA9FD,
    0xA9FD,0xA9FD,0xA9FD,0xA9FD,0xAAFD,0xAAFD,0x8AFD,0xAAFD,0xAAFD,0xAAFD,0xAAFD,0xAAFD,
    0xAAFD,0xAAFD,0xAAFD,0xA9FD,0xAAFD,0xAAFD,0xAAFD,0x8AFD,0xAAFD,0xAAFD,0xAAFD,0xAAFD,
    0xAAFD,0xAAFD,0xAAFD,0xAAFD,0xAAFD,0xAAFD,0xAAFD,0xAAFD,0xAAFD,0xAAFD,0xAAFD,0xAAFD,
    0x8AFD,0xA9FD,0xA9FD,0xA9FD,0xA9FD,0xA9FD,0xA9FD,0xA9FD,0x89FD,0x89FD,0xA9FD,0xA9FD,
    0xA9FD,0xA9FD,0xA9FD,0xA9FD,0x89FD,0xAAFD,0x27F5,0x63E4,0x63EC,0x63EC,0x63EC,0x63E4,
    0x62E4,0xA4EC,0x037A,0x4130,0xC340,0x4138,0x04A3,0x03F5,0xA2EC,0xA3EC,0xA3EC,0xA3EC,
    0xA3EC,0xA3EC,0xA3EC,0xA3EC,0xA2EC,0xC3EC,0x22E4,0xC2DB,0xE3DB,0xE3DB,0xE3DB,0xE3DB,
    0xC2D3,0x24E4,0x0382,0x4138,0xC340,0x6238,0x38CE,0xFFFF,0xFFFF,0xFFFF,0xFFFF,0xFFFF,
    0xFFFF,0xFFFF,0xFFFF,0xFFFF,0xFFFF,0xFFFF,0xFFFF,0xFFFF,0xFFFF,0xFFFF,0xFFFF,0xFFFF,
    0xFFFF,0xFFFF,0xFFFF,0xFFFF,0xFFFF,0xFFFF,0xFFFF,0xFFFF,0xFFFF,0xFFFF,0xFFFF,0xFFFF,
    0xFFFF,0xFFFF,0xFFFF,0xFFFF,0xFFFF,0xFFFF,0x6D83,0x2030,0xC340,0x4130,0xA9CC,0x08FE,
    0xA3E4,0xC3EC,0xC3EC,0xC3EC,0xA3EC,0xA3EC,0xA3EC,0xA3EC,0xC2EC,0xA2EC,0xA2EC,0xA3EC,
    0xA3EC,0xA3EC,0xC3EC,0xC3EC,0xA2EC,0x25F5,0x438A,0x4138,0xC348,0x4138,0x438A,0xC5EC,
    0x82EC,0x83EC,0x83EC,0x83EC,0x82EC,0x63E4,0x47F5,0xA9FD,0xA9FD,0xA9FD,0xA9FD,0xA9FD,
    0xA9FD,0xAAFD,0xAAFD,0xAAFD,0xAAFD,0xAAFD,0xAAFD,0xAAFD,0xAAFD,0xAAFD,0xAAFD,0xAAFD,
    0xAAFD,0xAAFD,0xAAFD,0xAAFD,0x8AFD,0xAAFD,0x8AFD,0x8AFD,0xAAFD,0xAAFD,0xAAFD,0xAAFD,
    0xAAFD,0xAAFD,0xAAFD,0xAAFD,0xAAFD,0xAAFD,0xAAFD,0xAAFD,0xAAFD,0xA9FD,0xAAFD,0xAAFD,
    0xAAFD,0xAAFD,0xAAFD,0xAAFD,0xAAFD,0xAAFD,0xAAFD,0xAAFD,0xAAFD,0xAAFD,0xAAFD,0xAAFD,
    0xAAFD,0xAAFD,0xAAFD,0xAAFD,0xA9FD,0xA9FD,0xA9FD,0xA9FD,0xA9FD,0xA9FD,0xA9FD,0xA9FD,
    0xA9FD,0xA9FD,0xA9FD,0xA9FD,0xA9FD,0xA9FD,0xA9FD,0xA9FD,0xA9FD,0xA9FD,0xA9FD,0xA9FD,
    0xA9FD,0xA9FD,0xA9FD,0xA9FD,0xAAFD,0xAAFD,0xAAFD,0xAAFD,0xAAFD,0xA9FD,0xAAFD,0xAAFD,
    0xAAFD,0xAAFD,0xAAFD,0xAAFD,0xAAFD,0xAAFD,0xAAFD,0xAAFD,0xAAFD,0xAAFD,0xAAFD,0xAAFD,
    0xAAFD,0xAAFD,0xAAFD,0xAAFD,0xAAFD,0x8AFD,0xAAFD,0xAAFD,0xAAFD,0xAAFD,0xA9FD,0xAAFD,
    0xAAFD,0xA9FD,0xA9FD,0xA9FD,0xA9FD,0xA9FD,0xA9FD,0xA9FD,0xA9FD,0xA9FD,0xA9FD,0xA9FD,
    0xA9FD,0xA9FD,0xA9FD,0xA9FD,0xAAFD,0x47F5,0x63E4,0x63EC,0x62EC,0x63EC,0x63EC,0x62E4,
    0xC4F4,0xA392,0x4130,0xC340,0x4130,0x0382,0xE4F4,0xA2EC,0xA2EC,0xA2EC,0xA3EC,0xA3EC,
    0xA3EC,0xA3EC,0xA3EC,0xA2EC,0xC3F4,0x63E4,0xC2DB,0xE3DB,0xC3DB,0xC3DB,0xC3DB,0xC3D3,
    0x03DC,0x44B3,0x6140,0xA340,0x2030,0x4D83,0xFFFF,0xFFFF,0xFFFF,0xFFFF,0xFFFF,0xFFFF,
    0xFFFF,0xFFFF,0xFFFF,0xFFFF,0xFFFF,0xFFFF,0xFFFF,0xFFFF,0xFFFF,0xFFFF,0xFFFF,0xFFFF,
    0xFFFF,0xFFFF,0xFFFF,0xFFFF,0xFFFF,0xFFFF,0xFFFF,0xFFFF,0xFFFF,0xFFFF,0xFFFF,0xFFFF,
    0xFFFF,0xFFFF,0xFFFF,0xFFFF,0xFFFF,0xFFFF,0x5DEF,0x2441,0x8238,0x6238,0x6359,0x2CF6,
    0x45F5,0xA3EC,0xC3EC,0xA3EC,0xA3EC,0xA3EC,0xA3EC,0xA2EC,0xC2EC,0xC2EC,0xA2EC,0xA3EC,
    0xA2EC,0xA3EC,0xA3EC,0xC3EC,0xA3EC,0xC2EC,0xE5EC,0xA271,0x6138,0xC348,0x4138,0xC49A,
    0xC4F4,0x62E4,0x83EC,0x83EC,0x83EC,0x63EC,0x83E4,0x48FD,0xA9FD,0xA9FD,0xA9FD,0xA9FD,
    0xA9FD,0xA9FD,0xAAFD,0xAAFD,0xAAFD,0xAAFD,0xAAFD,0xAAFD,0xAAFD,0xAAFD,0xAAFD,0xAAFD,
    0xAAFD,0xAAFD,0xAAFD,0xAAFD,0x8AFD,0xAAFD,0xAAFD,0xAAFD,0xAAFD,0xAAFD,0xAAFD,0xAAFD,
    0xAAFD,0xAAFD,0xAAFD,0xA9FD,0xAAFD,0xAAFD,0xAAFD,0xAAFD,0xAAFD,0xA9FD,0xAAFD,0xAAFD,
    0x89FD,0xAAFD,0xAAFD,0xA9FD,0xAAFD,0xAAFD,0xAAFD,0xA9FD,0xAAFD,0xAAFD,0xAAFD,0xAAFD,
    0xAAFD,0xAAFD,0xAAFD,0xAAFD,0xAAFD,0x8AFD,0xAAFD,0xA9FD,0xA9FD,0xA9FD,0xA9FD,0x89FD,
    0xA9FD,0xA9FD,0xA9FD,0xA9FD,0x89FD,0xA9FD,0xA9FD,0xA9FD,0xA9FD,0xA9FD,0x89FD,0xA9FD,
    0x89FD,0x89FD,0xA9FD,0xA9FD,0xAAFD,0xAAFD,0xAAFD,0xAAFD,0xAAFD,0xAAFD,0xAAFD,0xAAFD,
    0xAAFD,0xAAFD,0xAAFD,0xAAFD,0xAAFD,0xAAFD,0xAAFD,0xAAFD,0xAAFD,0xAAFD,0xAAFD,0xAAFD,
    0xAAFD,0xAAFD,0xAAFD,0xAAFD,0xAAFD,0xAAFD,0xAAFD,0xAAFD,0xAAFD,0xAAFD,0xA9FD,0xA9FD,
    0xA9FD,0xA9FD,0xA9FD,0xA9FD,0xA9FD,0xA9FD,0x89FD,0x89FD,0xA9FD,0xA9FD,0xA9FD,0xA9FD,
    0xA9FD,0xA9FD,0xA9FD,0xA9FD,0x47F5,0x63E4,0x62EC,0x83EC,0x62EC,0x83EC,0x62E4,0xC3F4,
    0x44AB,0x6138,0xA340,0x6230,0x6261,0xA4EC,0xA2EC,0xA2EC,0xA2EC,0xA3EC,0xA3EC,0xA3EC,
    0xA3EC,0xA3EC,0xA3EC,0xC2EC,0x83EC,0xE2DB,0xE3DB,0xE2DB,0xC3DB,0xC3DB,0xC3DB,0xC2DB,
    0x04D4,0x2261,0x6238,0x8238,0xE338,0x3CEF,0xFFFF,0xFFFF,0xFFFF,0xFFFF,0xFFFF,0xFFFF,
    0xFFFF,0xFFFF,0xFFFF,0xFFFF,0xFFFF,0xFFFF,0xFFFF,0xFFFF,0xFFFF,0xFFFF,0xFFFF,0xFFFF,
    0xFFFF,0xFFFF,0xFFFF,0xFFFF,0xFFFF,0xFFFF,0xFFFF,0xFFFF,0xFFFF,0xFFFF,0xFFFF,0xFFFF,
    0xFFFF,0xFFFF,0xFFFF,0xFFFF,0xFFFF,0xFFFF,0xFFFF,0x55BD,0x2128,0xC348,0x4130,0x479B,
    0x8BFE,0xC3EC,0xC3EC,0xC3EC,0xC3EC,0xA3EC,0xA3EC,0xA2EC,0xA3EC,0xA2EC,0xA2EC,0xA3EC,
    0xA3EC,0xA3EC,0xA3EC,0xC3EC,0xA3EC,0xA3EC,0xE3F4,0x85DC,0xE158,0x8240,0xA340,0x6138,
    0x45B3,0xC4F4,0x62E4,0x83EC,0x83EC,0x83EC,0x82EC,0x83EC,0x68F5,0xAAFD,0xA9FD,0xA9FD,
    0xA9FD,0xA9FD,0xAAFD,0xAAFD,0xAAFD,0xA9FD,0xAAFD,0xAAFD,0xAAFD,0xAAFD,0xAAFD,0xAAFD,
    0xAAFD,0xAAFD,0xAAFD,0x8AFD,0xAAFD,0xAAFD,0x8AFD,0xAAFD,0xAAFD,0xAAFD,0xAAFD,0xAAFD,
    0xAAFD,0xAAFD,0xAAFD,0xAAFD,0xAAFD,0xAAFD,0xAAFD,0xAAFD,0xAAFD,0xA9FD,0xAAFD,0xA9FD,
    0xA9FD,0xAAFD,0xAAFD,0xA9FD,0xA9FD,0xA9FD,0xA9FD,0xA9FD,0xA9FD,0x89FD,0x8AFD,0xAAFD,
    0xAAFD,0xAAFD,0xAAFD,0xAAFD,0xAAFD,0xAAFD,0xA9FD,0xA9FD,0xA9FD,0xA9FD,0xA9FD,0xA9FD,
    0xA9FD,0xA9FD,0xA9FD,0xA9FD,0xA9FD,0xA9FD,0xA9FD,0xA9FD,0x89FD,0x89FD,0xA9FD,0xA9FD,
    0x89FD,0x89FD,0x89FD,0xA9FD,0xAAFD,0xAAFD,0xAAFD,0xAAFD,0xAAFD,0xAAFD,0xAAFD,0xAAFD,
    0xAAFD,0xAAFD,0xAAFD,0xAAFD,0x8AFD,0xAAFD,0xAAFD,0xAAFD,0xAAFD,0x8AFD,0xAAFD,0xAAFD,
    0xAAFD,0x8AFD,0xAAFD,0xAAFD,0xAAFD,0xAAFD,0xAAFD,0xA9FD,0xA9FD,0xA9FD,0xA9FD,0xA9FD,
    0xA9FD,0xA9FD,0xA9FD,0xA9FD,0xA9FD,0xA9FD,0xA9FD,0x89FD,0xA9FD,0xA9FD,0xA9FD,0xA9FD,
    0x89FD,0x89FD,0xA9FD,0x48F5,0x63E4,0x62EC,0x82EC,0x62EC,0x83EC,0x62E4,0xC4F4,0xC5C3,
    0x8148,0xA240,0x8238,0xE148,0x65DC,0xC2F4,0xA2EC,0xA2EC,0xA2EC,0xA3EC,0xA3EC,0xA3EC,
    0xA3EC,0xA2EC,0xA2EC,0xC3EC,0x02DC,0xE2DB,0xE3DB,0xE3DB,0xE3DB,0xE3DB,0xC2D3,0x24E4,
    0x438A,0x4138,0xC340,0x0028,0xD2A4,0xFFFF,0xFFFF,0xFFFF,0xFFFF,0xFFFF,0xFFFF,0xFFFF,
    0xFFFF,0xFFFF,0xFFFF,0xFFFF,0xFFFF,0xFFFF,0xFFFF,0xFFFF,0xFFFF,0xFFFF,0xFFFF,0xFFFF,
    0xFFFF,0xFFFF,0xFFFF,0xFFFF,0xFFFF,0xFFFF,0xFFFF,0xFFFF,0xFFFF,0xFFFF,0xFFFF,0xFFFF,
    0xFFFF,0xFFFF,0xFFFF,0xFFFF,0xFFFF,0xFFFF,0xFFFF,0xFFFF,0xCB72,0x4138,0xE448,0x8140,
    0x0AD5,0xC7FD,0xA2EC,0xC3EC,0xC3EC,0xC3EC,0xC3EC,0xA3EC,0xA3EC,0xA2EC,0xA2EC,0xA3EC,
    0xA3EC,0xA3EC,0xC3EC,0xC2EC,0xA3EC,0xA3EC,0xA2EC,0x03F5,0xE5CB,0x8140,0xA238,0x8238,
    0x8140,0xA5BB,0xA3EC,0x62EC,0x83EC,0x83EC,0x83EC,0x83EC,0x83E4,0x68F5,0xCAFD,0xA9FD,
    0xA9FD,0xA9FD,0xAAFD,0xAAFD,0xAAFD,0xAAFD,0xAAFD,0xAAFD,0xAAFD,0xAAFD,0x8AFD,0xAAFD,
    0xAAFD,0xAAFD,0xAAFD,0xAAFD,0xAAFD,0xAAFD,0xAAFD,0xAAFD,0xAAFD,0xAAFD,0xAAFD,0xAAFD,
    0xAAFD,0xAAFD,0xAAFD,0xAAFD,0xAAFD,0xAAFD,0xAAFD,0xAAFD,0xAAFD,0xA9FD,0x8AFD,0xAAFD,
    0xA9FD,0xA9FD,0xA9FD,0x89FD,0xA9FD,0x8AFD,0xAAFD,0xA9FD,0xA9FD,0x89FD,0xA9FD,0xAAFD,
    0xAAFD,0xAAFD,0xAAFD,0xAAFD,0xAAFD,0xAAFD,0xAAFD,0xA9FD,0xA9FD,0xA9FD,0xA9FD,0xA9FD,
    0xA9FD,0xA9FD,0xA9FD,0x89FD,0xA9FD,0xA9FD,0xAAFD,0xA9FD,0xAAFD,0x89FD,0xA9FD,0xA9FD,
    0x89FD,0xAAFD,0xAAFD,0xAAFD,0x8AFD,0xAAFD,0xAAFD,0xAAFD,0xAAFD,0xAAFD,0xAAFD,0xAAFD,
    0xAAFD,0xAAFD,0xAAFD,0xAAFD,0xAAFD,0xAAFD,0xAAFD,0xAAFD,0xAAFD,0xAAFD,0x8AFD,0xAAFD,
    0xAAFD,0xAAFD,0xAAFD,0xAAFD,0xAAFD,0xAAFD,0xAAFD,0xA9FD,0xA9FD,0xA9FD,0xA9FD,0xA9FD,
    0xA9FD,0xA9FD,0xA9FD,0xA9FD,0xA9FD,0x89FD,0x89FD,0x89FD,0xA9FD,0x89FD,0x89FD,0x89FD,
    0x89FD,0xA9FD,0x47F5,0x63E4,0x62EC,0x62EC,0x62EC,0x62EC,0x62E4,0xC4EC,0xE5CB,0xC150,
    0x8240,0xA340,0x8140,0x05CC,0xE3F4,0x82EC,0xA3EC,0xA2EC,0xA3EC,0xA3EC,0xA3EC,0xA3EC,
    0xA2EC,0xA2EC,0xC3EC,0x22E4,0xC2DB,0xE3DB,0xE2DB,0xE3DB,0xE3DB,0xC3DB,0x03DC,0x44BB,
    0x6140,0xA340,0x2130,0x4962,0xFFFF,0xFFFF,0xFFFF,0xFFFF,0xFFFF,0xFFFF,0xFFFF,0xFFFF,
    0xFFFF,0xFFFF,0xFFFF,0xFFFF,0xFFFF,0xFFFF,0xFFFF,0xFFFF,0xFFFF,0xFFFF,0xFFFF,0xFFFF,
    0xFFFF,0xFFFF,0xFFFF,0xFFFF,0xFFFF,0xFFFF,0xFFFF,0xFFFF,0xFFFF,0xFFFF,0xFFFF,0xFFFF,
    0xFFFF,0xFFFF,0xFFFF,0xFFFF,0xFFFF,0xFFFF,0xFFFF,0xFFFF,0x1BE7,0x0441,0xA340,0x8240,
    0x8361,0x2CFE,0x04ED,0xA2EC,0xC3EC,0xC2EC,0xA3EC,0xA3EC,0xA3EC,0xA3EC,0xA3EC,0xA3EC,
    0xA3EC,0xA3EC,0xA3EC,0xA3EC,0xA3EC,0xA3EC,0xA3EC,0xA2EC,0x04F5,0x64B3,0x4138,0xA338,
    0x6238,0xC148,0xE5CB,0xA3EC,0x62E4,0x83EC,0x83EC,0x83EC,0x83EC,0x83E4,0x68F5,0xCAFD,
    0xA9FD,0xA9FD,0xA9FD,0xA9FD,0xA9FD,0xAAFD,0x8AFD,0xAAFD,0xAAFD,0xAAFD,0x8AFD,0x8AFD,
    0xAAFD,0x8AFD,0xAAFD,0xAAFD,0xAAFD,0xAAFD,0xAAFD,0xAAFD,0xAAFD,0xAAFD,0xAAFD,0xAAFD,
    0xAAFD,0xAAFD,0xAAFD,0xAAFD,0xAAFD,0xAAFD,0xAAFD,0xA9FD,0xAAFD,0xA9FD,0xA9FD,0xAAFD,
    0xA9FD,0xA9FD,0xA9FD,0xA9FD,0xA9FD,0x8AFD,0xA9FD,0x89FD,0x89FD,0xA9FD,0xA9FD,0xAAFD,
    0xAAFD,0xAAFD,0xAAFD,0xAAFD,0xAAFD,0xAAFD,0xAAFD,0xA9FD,0xA9FD,0xA9FD,0xA9FD,0xA9FD,
    0xA9FD,0xA9FD,0xA9FD,0xA9FD,0xA9FD,0xA9FD,0x8AFD,0xAAFD,0x8AFD,0x8AFD,0x8AFD,0xAAFD,
    0xA9FD,0xAAFD,0x8AFD,0xAAFD,0x8AFD,0xAAFD,0xAAFD,0xAAFD,0xAAFD,0xAAFD,0xAAFD,0xA9FD,
    0xAAFD,0xAAFD,0xAAFD,0xAAFD,0xAAFD,0xAAFD,0xAAFD,0xAAFD,0xAAFD,0xAAFD,0xAAFD,0x8AFD,
    0xAAFD,0xAAFD,0xAAFD,0x8AFD,0xAAFD,0xAAFD,0xA9FD,0xA9FD,0xA9FD,0xA9FD,0xA9FD,0xA9FD,
    0xA9FD,0xA9FD,0xA9FD,0xA9FD,0xA9FD,0xA9FD,0xA9FD,0x89FD,0xA9FD,0x89FD,0xA9FD,0x89FD,
    0xA9FD,0x47F5,0x63E4,0x62EC,0x62E4,0x62EC,0x62EC,0x62EC,0xA3EC,0x45D4,0xE150,0x8240,
    0xC348,0x6140,0x84B3,0x04F5,0x82EC,0xA3EC,0xA3EC,0xA3EC,0xA3EC,0xA3EC,0xA3EC,0xA3EC,
    0xA2EC,0xC2EC,0x43E4,0xC2DB,0xE3DB,0xE2DB,0xE2DB,0xE3DB,0xE3DB,0xE2DB,0x05DC,0x2261,
    0x6238,0x8238,0xA338,0xDADE,0xFFFF,0xFFFF,0xFFFF,0xFFFF,0xFFFF,0xFFFF,0xFFFF,0xFFFF,
    0xFFFF,0xFFFF,0xFFFF,0xFFFF,0xFFFF,0xFFFF,0xFFFF,0xFFFF,0xFFFF,0xFFFF,0xFFFF,0xFFFF,
    0xFFFF,0xFFFF,0xFFFF,0xFFFF,0xFFFF,0xFFFF,0xFFFF,0xFFFF,0xFFFF,0xFFFF,0xFFFF,0xFFFF,
    0xFFFF,0xFFFF,0xFFFF,0xFFFF,0xFFFF,0xFFFF,0xFFFF,0xDFFF,0xFFFF,0x34B5,0x4130,0x0451,
    0x6138,0x2693,0x2AFE,0xA2E4,0xC3EC,0xC2EC,0xA3EC,0xA3EC,0xA3EC,0xA3EC,0xA3EC,0xA3EC,
    0xC3EC,0xA3EC,0xA3EC,0xA3EC,0xA3EC,0xA3EC,0xA3EC,0xA3EC,0xA2EC,0x04F5,0xE49A,0x2130,
    0xA340,0x6238,0xE150,0x25D4,0xA3EC,0x63EC,0x83EC,0x83EC,0x83EC,0x83EC,0x83E4,0x47F5,
    0xCAFD,0xA9FD,0xA9FD,0xA9FD,0xA9FD,0xA9FD,0x89FD,0x89FD,0xAAFD,0x8AFD,0xAAFD,0xAAFD,
    0xAAFD,0xAAFD,0x8AFD,0xAAFD,0xAAFD,0xAAFD,0x8AFD,0xAAFD,0xAAFD,0xAAFD,0xAAFD,0xAAFD,
    0xAAFD,0xAAFD,0xAAFD,0xAAFD,0xAAFD,0xAAFD,0xAAFD,0xAAFD,0xAAFD,0xAAFD,0xA9FD,0xAAFD,
    0xAAFD,0xA9FD,0xA9FD,0xA9FD,0xA9FD,0x89FD,0x89FD,0xA9FD,0xA9FD,0xA9FD,0xA9FD,0xAAFD,
    0xA9FD,0xAAFD,0x8AFD,0xAAFD,0xAAFD,0xAAFD,0xA9FD,0xA9FD,0x89FD,0xA9FD,0xA9FD,0xA9FD,
    0xA9FD,0xA9FD,0x89FD,0x89FD,0xA9FD,0xAAFD,0xAAFD,0xAAFD,0x8AFD,0x8AFD,0x8AFD,0xAAFD,
    0x8AFD,0xAAFD,0xAAFD,0xAAFD,0xAAFD,0xAAFD,0xAAFD,0xAAFD,0xAAFD,0xAAFD,0xAAFD,0xAAFD,
    0xAAFD,0xAAFD,0xAAFD,0xAAFD,0xAAFD,0x8AFD,0x8AFD,0x8AFD,0xAAFD,0xAAFD,0xAAFD,0xAAFD,
    0xAAFD,0xAAFD,0xAAFD,0xA9FD,0xAAFD,0xA9FD,0xA9FD,0xA9FD,0xA9FD,0xA9FD,0xA9FD,0xA9FD,
    0xA9FD,0xA9FD,0xA9FD,0xA9FD,0xA9FD,0xA9FD,0xA9FD,0xA9FD,0xA9FD,0x89FD,0x89FD,0xA9FD,
    0x27F5,0x63E4,0x62E4,0x62E4,0x63E4,0x62E4,0x62E4,0x82EC,0x65DC,0x2261,0x8240,0xC350,
    0x6140,0x04AB,0x04FD,0xA2EC,0xA3EC,0xA3EC,0xA3EC,0xA3EC,0xA3EC,0xA3EC,0xA3EC,0xA3EC,
    0xC2EC,0x63EC,0xC2DB,0xC2DB,0xE2DB,0xE3DB,0xE3DB,0xE3DB,0xC2DB,0x24E4,0x238A,0x4138,
    0xE348,0x0028,0xB2AC,0xFFFF,0xFFFF,0xFFFF,0xFFFF,0xFFFF,0xFFFF,0xFFFF,0xFFFF,0xFFFF,
    0xFFFF,0xFFFF,0xFFFF,0xFFFF,0xFFFF,0xFFFF,0xFFFF,0xFFFF,0xFFFF,0xFFFF,0xFFFF,0xFFFF,
    0xFFFF,0xFFFF,0xFFFF,0xFFFF,0xFFFF,0xFFFF,0xFFFF,0xFFFF,0xFFFF,0xFFFF,0xFFFF,0xFFFF,
    0xFFFF,0xFFFF,0xFFFF,0xFFFF,0xFFFF,0xFFFF,0xFFFF,0xFFFF,0xFFFF,0xFFFF,0xEB72,0x4138,
    0xC348,0x6138,0xA9CC,0xA6FD,0x82E4,0xC3F4,0xA2EC,0xA3EC,0xA3EC,0xA3EC,0xA3EC,0xA3EC,
    0xA3EC,0xA3EC,0xA3EC,0xA3EC,0xA3EC,0xA3EC,0xA3EC,0xA3EC,0xA3EC,0xA2EC,0x04F5,0x8392,
    0x2130,0xC340,0x6238,0x0259,0x45D4,0xC3F4,0x82EC,0x83EC,0x83EC,0x83EC,0x83EC,0x83E4,
    0x27F5,0xA9FD,0xA9FD,0x89FD,0x89FD,0xA9FD,0xA9FD,0xA9FD,0xA9FD,0x89FD,0x8AFD,0xA9FD,
    0xAAFD,0xA9FD,0xA9FD,0xAAFD,0xAAFD,0xAAFD,0xAAFD,0xAAFD,0xAAFD,0xAAFD,0xAAFD,0xAAFD,
    0xAAFD,0xAAFD,0xA9FD,0xAAFD,0xAAFD,0x8AFD,0xAAFD,0xAAFD,0xA9FD,0xA9FD,0xA9FD,0xA9FD,
    0xA9FD,0xA9FD,0xA9FD,0xA9FD,0xA9FD,0xA9FD,0x89FD,0xA9FD,0xA9FD,0xA9FD,0xA9FD,0x89FD,
    0xA9FD,0xA9FD,0xAAFD,0xA9FD,0xA9FD,0xA9FD,0xA9FD,0xA9FD,0xA9FD,0xA9FD,0xA9FD,0xA9FD,
    0xA9FD,0xA9FD,0xA9FD,0x89FD,0xA9FD,0x89FD,0x8AFD,0xAAFD,0xAAFD,0xAAFD,0x8AFD,0xAAFD,
    0xAAFD,0xAAFD,0xAAFD,0xAAFD,0xAAFD,0xAAFD,0xAAFD,0xAAFD,0xAAFD,0xAAFD,0xAAFD,0xAAFD,
    0xAAFD,0xAAFD,0xAAFD,0xAAFD,0xAAFD,0xAAFD,0xAAFD,0xA9FD,0xAAFD,0xAAFD,0xAAFD,0xAAFD,
    0xAAFD,0xAAFD,0x89FD,0xA9FD,0xA9FD,0xA9FD,0xA9FD,0xA9FD,0xA9FD,0xA9FD,0xA9FD,0xA9FD,
    0xA9FD,0xA9FD,0xA9FD,0xA9FD,0xA9FD,0xA9FD,0xA9FD,0xA9FD,0x89FD,0x89FD,0xA9FD,0x06F5,
    0x42E4,0x62E4,0x63E4,0x63E4,0x63E4,0x62E4,0x83EC,0x65DC,0x4269,0x6240,0xC350,0x4140,
    0xA39A,0x25F5,0xA2EC,0xC2EC,0xA3EC,0xA3EC,0xA2EC,0xA3EC,0xA2EC,0xA3EC,0xA3EC,0xA2EC,
    0x83EC,0xE2DB,0xC3DB,0xE2DB,0xE3DB,0xE3DB,0xE3DB,0xC2DB,0x03E4,0x24B3,0x8140,0xC348,
    0x2130,0x6962,0xFFFF,0xFFFF,0xFFFF,0xFFFF,0xFFFF,0xFFFF,0xFFFF,0xFFFF,0xFFFF,0xFFFF,
    0xFFFF,0xFFFF,0xFFFF,0xFFFF,0xFFFF,0xFFFF,0xFFFF,0xFFFF,0xFFFF,0xFFFF,0xFFFF,0xFFFF,
    0xFFFF,0xFFFF,0xFFFF,0xFFFF,0xFFFF,0xFFFF,0xFFFF,0xFFFF,0xFFFF,0xFFFF,0xFFFF,0xFFFF,
    0xFFFF,0xFFFF,0xFFFF,0xFFFF,0xFFFF,0xFFFF,0xFFFF,0xFFFF,0xFFFF,0xFFFF,0x3CEF,0x2441,
    0x8238,0x8238,0x2251,0xAAED,0x04F5,0xA2EC,0xC3EC,0xA3EC,0xA3EC,0xA3EC,0xC3EC,0xC3EC,
    0xA3EC,0xA3EC,0xA3EC,0xA3EC,0xA3EC,0xA3EC,0xA3EC,0xA2EC,0xA2EC,0xA3EC,0xA2EC,0xE5F4,
    0x438A,0x2130,0xC340,0x6238,0x2261,0x66DC,0xC3F4,0x83E4,0x83EC,0x83EC,0x83EC,0x83EC,
    0x63E4,0x06ED,0xA9FD,0xA9FD,0x89FD,0x89FD,0xA9FD,0x89FD,0x89FD,0x89FD,0x89FD,0x89FD,
    0x89FD,0x89FD,0xA9FD,0xA9FD,0x8AFD,0x8AFD,0x8AFD,0xAAFD,0xAAFD,0xAAFD,0xAAFD,0xAAFD,
    0xAAFD,0xA9FD,0xAAFD,0xAAFD,0xAAFD,0xA9FD,0xAAFD,0xAAFD,0xA9FD,0x89FD,0x8AFD,0xA9FD,
    0xA9FD,0x89FD,0x89FD,0x89FD,0x89FD,0x89FD,0x89FD,0x89FD,0xA9FD,0xA9FD,0xA9FD,0xA9FD,
    0xA9FD,0xA9FD,0xA9FD,0xAAFD,0xA9FD,0x89FD,0x89FD,0xA9FD,0xA9FD,0xA9FD,0x89FD,0xA9FD,
    0x89FD,0x89FD,0x89FD,0x89FD,0x89FD,0x8AFD,0x89FD,0x8AFD,0x8AFD,0xAAFD,0x8AFD,0xAAFD,
    0xAAFD,0xAAFD,0xAAFD,0xAAFD,0xAAFD,0xAAFD,0xAAFD,0xAAFD,0xAAFD,0xAAFD,0xAAFD,0xAAFD,
    0xAAFD,0xAAFD,0xAAFD,0x8AFD,0x8AFD,0x8AFD,0x89FD,0xA9FD,0xA9FD,0x89FD,0x89FD,0x89FD,
    0x89FD,0xA9FD,0xA9FD,0xA9FD,0xA9FD,0xA9FD,0xA9FD,0xA9FD,0xA9FD,0xA9FD,0xA9FD,0xA9FD,
    0xA9FD,0xA9FD,0xA9FD,0xA9FD,0xA9FD,0xA9FD,0x89FD,0x89FD,0xA9FD,0xA9FD,0xE6F4,0x42E4,
    0x62EC,0x62EC,0x62E4,0x63E4,0x42E4,0x82EC,0x45DC,0x4261,0x6238,0xC348,0x4138,0x6392,
    0x05F5,0xA2EC,0xC2EC,0xC2EC,0xA3EC,0xA2EC,0xA2EC,0xA3EC,0xA3EC,0xA3EC,0xA2EC,0xA3EC,
    0xE2DB,0xC2DB,0xC3DB,0xC3DB,0xE2DB,0xE2DB,0xC2DB,0xE2DB,0xC5D3,0xE158,0x8240,0x8240,
    0xE338,0xFBE6,0xFFFF,0xFFFF,0xFFFF,0xFFFF,0xFFFF,0xFFFF,0xFFFF,0xFFFF,0xFFFF,0xFFFF,
    0xFFFF,0xFFFF,0xFFFF,0xFFFF,0xFFFF,0xFFFF,0xFFFF,0xFFFF,0xFFFF,0xFFFF,0xFFFF,0xFFFF,
    0xFFFF,0xFFFF,0xFFFF,0xFFFF,0xFFFF,0xFFFF,0xFFFF,0xFFFF,0xFFFF,0xFFFF,0xFFFF,0xFFFF,
    0xFFFF,0xFFFF,0xFFFF,0xFFFF,0xFFFF,0xFFFF,0xFFFF,0xFFFF,0xFFFF,0xDFFF,0xFFFF,0x75BD,
    0x2028,0xC348,0x4130,0x447A,0xC9FD,0x82EC,0xA3EC,0xA3EC,0xA3EC,0xA3EC,0xA3EC,0xA3EC,
    0xA3EC,0xA3EC,0xA3EC,0xA3EC,0xA3EC,0xA3EC,0xA3EC,0xA3EC,0xA2EC,0xA3EC,0xA3EC,0xA2EC,
    0xE5F4,0x6392,0x4138,0xE348,0x8240,0x2261,0x46D4,0xC4F4,0x63EC,0x83EC,0x83EC,0x83EC,
    0x83EC,0x62E4,0xC5EC,0x89FD,0xA9FD,0x89FD,0x89FD,0x89FD,0x89FD,0x89FD,0x89FD,0xA9FD,
    0x89FD,0xA9FD,0xA9FD,0x89FD,0x89FD,0xA9FD,0x8AFD,0xAAFD,0xAAFD,0xAAFD,0xAAFD,0xAAFD,
    0xAAFD,0xAAFD,0xAAFD,0xAAFD,0xA9FD,0xA9FD,0xAAFD,0xAAFD,0xAAFD,0xAAFD,0xAAFD,0x8AFD,
    0xA9FD,0x89FD,0x89FD,0xA9FD,0xA9FD,0xA9FD,0xA9FD,0xA9FD,0xA9FD,0xA9FD,0xA9FD,0xA9FD,
    0xA9FD,0xA9FD,0xA9FD,0xA9FD,0xA9FD,0x89FD,0x89FD,0x89FD,0x89FD,0x89FD,0x89FD,0x89FD,
    0xA9FD,0x89FD,0x89FD,0x89FD,0x89FD,0xAAFD,0xAAFD,0xAAFD,0xAAFD,0xAAFD,0xAAFD,0xAAFD,
    0xAAFD,0xAAFD,0x8AFD,0xAAFD,0xAAFD,0xAAFD,0xAAFD,0xAAFD,0xAAFD,0xAAFD,0xAAFD,0xAAFD,
    0xAAFD,0xAAFD,0xAAFD,0xAAFD,0xAAFD,0x89FD,0x89FD,0x89FD,0x89FD,0xA9FD,0xA9FD,0xA9FD,
    0xA9FD,0xA9FD,0xA9FD,0xA9FD,0xA9FD,0xA9FD,0xA9FD,0xA9FD,0xA9FD,0xA9FD,0xA9FD,0xA9FD,
    0xA9FD,0xA9FD,0xA9FD,0xA9FD,0xA9FD,0xA9FD,0x89FD,0xA9FD,0xA9FD,0xC5EC,0x42E4,0x62EC,
    0x62E4,0x63E4,0x63E4,0x42E4,0x83EC,0x45D4,0x2259,0x4230,0xC340,0x4138,0x638A,0x05F5,
    0xA2EC,0xA2EC,0xC2EC,0xC2EC,0xA2EC,0xA2EC,0xA2EC,0xA3EC,0xA3EC,0xA2EC,0xA3EC,0x02DC,
    0xA2D3,0xC3DB,0xC3DB,0xC3DB,0xE3DB,0xE3DB,0xC2DB,0x25E4,0xA279,0x6138,0xC348,0x2030,
    0x75B5,0xFFFF,0xFFFF,0xFFFF,0xFFFF,0xFFFF,0xFFFF,0xFFFF,0xFFFF,0xFFFF,0xFFFF,0xFFFF,
    0xFFFF,0xFFFF,0xFFFF,0xFFFF,0xFFFF,0xFFFF,0xFFFF,0xFFFF,0xFFFF,0xFFFF,0xFFFF,0xFFFF,
    0xFFFF,0xFFFF,0xFFFF,0xFFFF,0xFFFF,0xFFFF,0xFFFF,0xFFFF,0xFFFF,0xFFFF,0xFFFF,0xFFFF,
    0xFFFF,0xFFFF,0xFFFF,0xFFFF,0xFFFF,0xFFFF,0xFFFF,0xFFFF,0xFFFF,0xFFFF,0xDFFF,0xFFFF,
    0xAE8B,0x0028,0xE348,0x2130,0x469B,0x66FD,0x82EC,0xA3EC,0xA3EC,0xA3EC,0xA3EC,0xA3EC,
    0xA3EC,0xA3EC,0xA3EC,0xA3EC,0xA3EC,0xA3EC,0xA3EC,0xA3EC,0xA3EC,0xA3EC,0xA2EC,0xA3EC,
    0xA2EC,0x05F5,0x8392,0x4140,0xE348,0x8240,0x0159,0x05CC,0xC4F4,0x62E4,0x83EC,0x83EC,
    0x83EC,0x83EC,0x62E4,0xA4EC,0x68FD,0xAAFD,0x89FD,0x89FD,0x89FD,0xA9FD,0xA9FD,0x89FD,
    0x89FD,0xA9FD,0xA9FD,0xA9FD,0xA9FD,0x89FD,0x8AFD,0x8AFD,0xAAFD,0xAAFD,0xAAFD,0xAAFD,
    0xAAFD,0xA9FD,0xAAFD,0xA9FD,0xA9FD,0x89FD,0x89FD,0xA9FD,0xAAFD,0x89FD,0xAAFD,0xAAFD,
    0xAAFD,0xA9FD,0xA9FD,0x89FD,0x89FD,0xA9FD,0xA9FD,0xA9FD,0xAAFD,0xA9FD,0xA9FD,0xA9FD,
    0xA9FD,0xA9FD,0xA9FD,0xA9FD,0xAAFD,0xA9FD,0x89FD,0x89FD,0x89FD,0x89FD,0x89FD,0x89FD,
    0xA9FD,0xA9FD,0xA9FD,0xA9FD,0xA9FD,0xAAFD,0x8AFD,0x8AFD,0x8AFD,0xAAFD,0xAAFD,0xAAFD,
    0xAAFD,0xAAFD,0xAAFD,0xAAFD,0x8AFD,0x8AFD,0xAAFD,0xAAFD,0xAAFD,0xAAFD,0xAAFD,0xAAFD,
    0xAAFD,0xAAFD,0xAAFD,0xAAFD,0xAAFD,0x8AFD,0xA9FD,0xA9FD,0xA9FD,0xA9FD,0xA9FD,0xA9FD,
    0xA9FD,0xA9FD,0xA9FD,0xA9FD,0xA9FD,0xA9FD,0xA9FD,0xA9FD,0xA9FD,0xA9FD,0xA9FD,0xA9FD,
    0xA9FD,0xA9FD,0xA9FD,0xA9FD,0xA9FD,0xA9FD,0xA9FD,0x68FD,0xA4EC,0x42E4,0x62EC,0x63EC,
    0x63E4,0x63E4,0x42E4,0xA3EC,0xE5C3,0xE150,0x4130,0xC340,0x2130,0x4382,0x05F5,0xA2EC,
    0xA2EC,0xC2EC,0xC2EC,0xC2EC,0xC2EC,0xC2EC,0xA2EC,0xC3EC,0xA2EC,0xC3F4,0x23E4,0xA2DB,
    0xC3DB,0xC3DB,0xC3DB,0xC3DB,0xE3DB,0xC2DB,0x24E4,0x6392,0x4138,0xE348,0x0028,0x8E83,
    0xFFFF,0xFFFF,0xFFFF,0xFFFF,0xFFFF,0xFFFF,0xFFFF,0xFFFF,0xFFFF,0xFFFF,0xFFFF,0xFFFF,
    0xFFFF,0xFFFF,0xFFFF,0xFFFF,0xFFFF,0xFFFF,0xFFFF,0xFFFF,0xFFFF,0xFFFF,0xFFFF,0xFFFF,
    0xFFFF,0xFFFF,0xFFFF,0xFFFF,0xFFFF,0xFFFF,0xFFFF,0xFFFF,0xFFFF,0xFFFF,0xFFFF,0xFFFF,
    0xFFFF,0xFFFF,0xFFFF,0xFFFF,0xFFFF,0xFFFF,0xFFFF,0xFFFF,0xFFFF,0xFFFF,0xFFFF,0xFFFF,
    0xDFFF,0x696A,0x4130,0xC340,0x4138,0x07BC,0x24F5,0x82EC,0xC3EC,0xA3EC,0xA3EC,0xA3EC,
    0xA3EC,0xA3EC,0xA3EC,0xA3EC,0xA3EC,0xA3EC,0xA3EC,0xA3EC,0xA3EC,0xA3EC,0xA3EC,0xA3EC,
    0xA3EC,0xA2EC,0x05F5,0x8392,0x4138,0xC348,0x8240,0xE150,0xC5C3,0xC4F4,0x62E4,0x83EC,
    0x83EC,0x83EC,0x83EC,0x62E4,0x83EC,0x27F5,0xA9FD,0xA9FD,0x89FD,0xA9FD,0xA9FD,0x89FD,
    0xA9FD,0x89FD,0xA9FD,0xA9FD,0xA9FD,0xA9FD,0xAAFD,0xAAFD,0xAAFD,0xAAFD,0xA9FD,0xAAFD,
    0xAAFD,0xAAFD,0xAAFD,0xA9FD,0xA9FD,0x89FD,0x89FD,0xA9FD,0x89FD,0x89FD,0x8AFD,0x8AFD,
    0x8AFD,0xAAFD,0x8AFD,0x8AFD,0x89FD,0xAAFD,0xAAFD,0xAAFD,0xAAFD,0xAAFD,0xAAFD,0xAAFD,
    0xAAFD,0xAAFD,0xA9FD,0xA9FD,0xA9FD,0xA9FD,0x89FD,0x89FD,0x89FD,0x89FD,0x89FD,0x89FD,
    0x89FD,0x89FD,0x89FD,0x89FD,0x89FD,0x89FD,0xA9FD,0x89FD,0xAAFD,0xAAFD,0xAAFD,0xAAFD,
    0xA9FD,0xAAFD,0xAAFD,0xAAFD,0xAAFD,0x8AFD,0xAAFD,0xAAFD,0xAAFD,0xAAFD,0x8AFD,0xAAFD,
    0x8AFD,0xAAFD,0xAAFD,0x8AFD,0xA9FD,0x89FD,0xA9FD,0xA9FD,0xA9FD,0x89FD,0xA9FD,0xA9FD,
    0x89FD,0xA9FD,0xA9FD,0xA9FD,0x89FD,0x89FD,0xA9FD,0xA9FD,0xA9FD,0xA9FD,0xA9FD,0xA9FD,
    0xA9FD,0xA9FD,0xA9FD,0x89FD,0xA9FD,0xAAFD,0x47F5,0x83EC,0x42EC,0x63EC,0x62EC,0x62EC,
    0x63EC,0x42E4,0xA3EC,0xC5C3,0xC148,0x6238,0xC340,0x2130,0x2382,0xE5F4,0xA2EC,0xA2EC,
    0xA3EC,0xA3EC,0xC2EC,0xA2EC,0xC2EC,0xC2EC,0xC2EC,0xA2EC,0xC3EC,0x43E4,0xC2DB,0xC3DB,
    0xC3DB,0xC3DB,0xC3DB,0xC3DB,0xC2DB,0x03E4,0x24B3,0x6140,0xC340,0x4138,0xC751,0xBEF7,
    0xFFFF,0xFFFF,0xFFFF,0xFFFF,0xFFFF,0xFFFF,0xFFFF,0xFFFF,0xFFFF,0xFFFF,0xFFFF,0xFFFF,
    0xFFFF,0xFFFF,0xFFFF,0xFFFF,0xFFFF,0xFFFF,0xFFFF,0xFFFF,0xFFFF,0xFFFF,0xFFFF,0xFFFF,
    0xFFFF,0xFFFF,0xFFFF,0xFFFF,0xFFFF,0xFFFF,0xFFFF,0xFFFF,0xFFFF,0xFFFF,0xFFFF,0xFFFF,
    0xFFFF,0xFFFF,0xFFFF,0xFFFF,0xFFFF,0xFFFF,0xFFFF,0xFFFF,0xFFFF,0xFFFF,0xFFFF,0xFFFF,
    0xFFFF,0x1BEF,0x0441,0x8238,0xA338,0xC148,0x86DC,0xE3F4,0xA2EC,0xC3EC,0xA3EC,0xA3EC,
    0xA3EC,0xA3EC,0xA3EC,0xA3EC,0xA3EC,0xA3EC,0xA3EC,0xA3EC,0xA3EC,0xA3EC,0xA3EC,0xA3EC,
    0xA3EC,0xA3EC,0xA2EC,0x25F5,0xA39A,0x4138,0xC348,0xA240,0xA148,0x44AB,0xC4F4,0x62E4,
    0x63EC,0x83EC,0x83EC,0x83EC,0x62EC,0x63E4,0xE6EC,0x89FD,0xA9FD,0x89FD,0x89FD,0x89FD,
    0xA9FD,0x89FD,0x89FD,0x89FD,0xA9FD,0xA9FD,0xA9FD,0xA9FD,0xAAFD,0xAAFD,0xAAFD,0xAAFD,
    0xAAFD,0xAAFD,0x89FD,0xA9FD,0x89FD,0x89FD,0x89FD,0x89FD,0xA9FD,0x89FD,0xAAFD,0xAAFD,
    0xAAFD,0xAAFD,0x8AFD,0x8AFD,0xAAFD,0xAAFD,0xAAFD,0xAAFD,0xAAFD,0xAAFD,0xAAFD,0xAAFD,
    0xAAFD,0xA9FD,0xA9FD,0xA9FD,0x89FD,0x89FD,0x89FD,0x89FD,0x89FD,0x89FD,0x89FD,0x89FD,
    0x89FD,0x89FD,0x89FD,0x89FD,0x89FD,0x89FD,0x89FD,0xA9FD,0xA9FD,0xA9FD,0xA9FD,0xAAFD,
    0xA9FD,0xA9FD,0xA9FD,0xAAFD,0xAAFD,0xAAFD,0xAAFD,0xAAFD,0xAAFD,0xAAFD,0xAAFD,0x8AFD,
    0xAAFD,0xAAFD,0xA9FD,0x89FD,0x89FD,0x89FD,0x89FD,0xA9FD,0x89FD,0x89FD,0x89FD,0xA9FD,
    0xA9FD,0xA9FD,0xA9FD,0xA9FD,0xA9FD,0xA9FD,0xA9FD,0xA9FD,0x89FD,0xA9FD,0xA9FD,0xA9FD,
    0x89FD,0x89FD,0xA9FD,0xA9FD,0xA9FD,0x06F5,0x63E4,0x63EC,0x63EC,0x63EC,0x62EC,0x63EC,
    0x42E4,0xC4F4,0x84BB,0xA140,0x8238,0xC340,0x4130,0x438A,0xE4F4,0xA2EC,0xA2EC,0xA3EC,
    0xA2EC,0xA2EC,0xA2EC,0xC2EC,0xA3EC,0xA3EC,0xA2EC,0xC3F4,0x63EC,0xC2DB,0xC3DB,0xC3DB,
    0xC3DB,0xC3DB,0xC3DB,0xC3DB,0xE3DB,0xA5C3,0xC150,0xA240,0x8240,0xA338,0xBADE,0xFFFF,
    0xFFFF,0xFFFF,0xFFFF,0xFFFF,0xFFFF,0xFFFF,0xFFFF,0xFFFF,0xFFFF,0xFFFF,0xFFFF,0xFFFF,
    0xFFFF,0xFFFF,0xFFFF,0xFFFF,0xFFFF,0xFFFF,0xFFFF,0xFFFF,0xFFFF,0xFFFF,0xFFFF,0xFFFF,
    0xFFFF,0xFFFF,0xFFFF,0xFFFF,0xFFFF,0xFFFF,0xFFFF,0xFFFF,0xFFFF,0xFFFF,0xFFFF,0xFFFF,
    0xFFFF,0xFFFF,0xFFFF,0xFFFF,0xFFFF,0xFFFF,0xFFFF,0xFFFF,0xFFFF,0xFFFF,0xFFFF,0xFFFF,
    0xFFFF,0xFFFF,0xB6C5,0x4130,0xC340,0x6238,0x6261,0x85E4,0xC3F4,0xA3EC,0xA3EC,0xC3EC,
    0xA3EC,0xA3EC,0xA3EC,0xA3EC,0xA3EC,0xA3EC,0xA3EC,0xA3EC,0xA3EC,0xA3EC,0xA3EC,0xA3EC,
    0xA3EC,0xC3EC,0xA3EC,0xA2EC,0x25F5,0xE4A2,0x6138,0xA340,0xA240,0x6138,0xA492,0xA4EC,
    0x62EC,0x62E4,0x83EC,0x83EC,0x83EC,0x83EC,0x62E4,0xC4EC,0x68FD,0xAAFD,0x89FD,0x89FD,
    0xA9FD,0xA9FD,0xA9FD,0xA9FD,0xA9FD,0x89FD,0x89FD,0xA9FD,0xA9FD,0xAAFD,0xAAFD,0x8AFD,
    0xAAFD,0xAAFD,0x89FD,0xA9FD,0xA9FD,0xA9FD,0x89FD,0x89FD,0x89FD,0xA9FD,0x89FD,0x89FD,
    0x8AFD,0x8AFD,0xAAFD,0xAAFD,0xAAFD,0xAAFD,0xAAFD,0xAAFD,0xAAFD,0xAAFD,0xAAFD,0xAAFD,
    0xA9FD,0xA9FD,0x89FD,0xA9FD,0xA9FD,0x89FD,0xA9FD,0x89FD,0x89FD,0x89FD,0x89FD,0x89FD,
    0x89FD,0x89FD,0x89FD,0x89FD,0x89FD,0x89FD,0xA9FD,0x89FD,0xA9FD,0xA9FD,0xA9FD,0xA9FD,
    0xA9FD,0xA9FD,0xA9FD,0xA9FD,0xA9FD,0xA9FD,0x8AFD,0xAAFD,0xAAFD,0xAAFD,0x89FD,0xAAFD,
    0xAAFD,0x89FD,0x89FD,0x89FD,0x89FD,0xA9FD,0xA9FD,0xA9FD,0xA9FD,0xA9FD,0xA9FD,0xA9FD,
    0xA9FD,0xA9FD,0xA9FD,0xA9FD,0xA9FD,0xA9FD,0xA9FD,0xA9FD,0xA9FD,0xA9FD,0xA9FD,0xA9FD,
    0x89FD,0x89FD,0xA9FD,0x68FD,0xA5EC,0x42E4,0x63EC,0x63EC,0x63EC,0x63EC,0x63EC,0x62EC,
    0xC4F4,0x04AB,0x8140,0x8238,0xA340,0x4130,0x8392,0xE4F4,0xA2EC,0xA2EC,0xA2EC,0xA2EC,
    0xA2EC,0xA2EC,0xA2EC,0xC2EC,0xA3EC,0xA3EC,0xC2EC,0x83EC,0xE2DB,0xC3DB,0xC3DB,0xC3DB,
    0xC3DB,0xC3DB,0xC3DB,0xC3DB,0xE5D3,0x2261,0x6238,0xC340,0x4130,0x75BD,0xFFFF,0xFFFF,
    0xFFFF,0xFFFF,0xFFFF,0xFFFF,0xFFFF,0xFFFF,0xFFFF,0xFFFF,0xFFFF,0xFFFF,0xFFFF,0xFFFF,
    0xFFFF,0xFFFF,0xFFFF,0xFFFF,0xFFFF,0xFFFF,0xFFFF,0xFFFF,0xFFFF,0xFFFF,0xFFFF,0xFFFF,
    0xFFFF,0xFFFF,0xFFFF,0xFFFF,0xFFFF,0xFFFF,0xFFFF,0xFFFF,0xFFFF,0xFFFF,0xFFFF,0xFFFF,
    0xFFFF,0xFFFF,0xFFFF,0xFFFF,0xFFFF,0xFFFF,0xFFFF,0xFFFF,0xFFFF,0xFFFF,0xFFFF,0xFFFF,
    0xFFFF,0xDFFF,0xFFFF,0x309C,0x2030,0xE348,0x6238,0xC279,0xA5EC,0xC3F4,0xA3EC,0xA3EC,
    0xA3EC,0xA3EC,0xA3EC,0xA3EC,0xA3EC,0xA3EC,0xA3EC,0xC3EC,0xA3EC,0xA3EC,0xC3EC,0xA3F4,
    0xA3EC,0xA3EC,0xC3EC,0xA3F4,0xA2EC,0x04F5,0x44B3,0x8140,0x8238,0xC340,0x4130,0x037A,
    0x85E4,0x82EC,0x62E4,0x83EC,0x83EC,0x83EC,0x83EC,0x82EC,0x83EC,0x27F5,0xAAFD,0xA9FD,
    0x89FD,0xA9FD,0xA9FD,0xA9FD,0xA9FD,0xA9FD,0xA9FD,0xA9FD,0xA9FD,0xAAFD,0xAAFD,0x89FD,
    0xA9FD,0x89FD,0xA9FD,0xA9FD,0xA9FD,0xA9FD,0x89FD,0x89FD,0x89FD,0xA9FD,0xA9FD,0xAAFD,
    0xAAFD,0xAAFD,0x8AFD,0xAAFD,0xAAFD,0xAAFD,0xAAFD,0xAAFD,0xAAFD,0xAAFD,0xAAFD,0xAAFD,
    0xA9FD,0xA9FD,0xA9FD,0xA9FD,0x89FD,0x89FD,0x89FD,0x89FD,0x89FD,0xA9FD,0x89FD,0x89FD,
    0x89FD,0x89FD,0x89FD,0x89FD,0x89FD,0x89FD,0x89FD,0xA9FD,0xA9FD,0xA9FD,0xA9FD,0xA9FD,
    0xA9FD,0xA9FD,0xA9FD,0xA9FD,0xA9FD,0xA9FD,0xAAFD,0xA9FD,0xA9FD,0xA9FD,0xA9FD,0xAAFD,
    0xA9FD,0xA9FD,0xA9FD,0xA9FD,0xA9FD,0xA9FD,0xA9FD,0xA9FD,0xA9FD,0xA9FD,0xA9FD,0xA9FD,
    0xA9FD,0xA9FD,0x89FD,0x89FD,0xA9FD,0xA9FD,0xA9FD,0xA9FD,0xA9FD,0x89FD,0x89FD,0x89FD,
    0xA9FD,0xA9FD,0x26F5,0x63E4,0x62EC,0x63EC,0x63EC,0x63EC,0x63EC,0x62EC,0xA3EC,0xC5EC,
    0x8392,0x4140,0xA340,0x8240,0x6138,0x04A3,0xE4F4,0xA2EC,0xA2EC,0xA2EC,0xA2EC,0xA2EC,
    0xA2EC,0xA2EC,0xA2EC,0xA2EC,0xA2EC,0xC2EC,0x83EC,0xE2DB,0xC3DB,0xE3DB,0xC3DB,0xC3DB,
    0xC3DB,0xC3DB,0xC2DB,0x05DC,0xA271,0x4138,0xC348,0x0028,0x1094,0xFFFF,0xDFFF,0xFFFF,
    0xFFFF,0xFFFF,0xFFFF,0xFFFF,0xFFFF,0xFFFF,0xFFFF,0xFFFF,0xFFFF,0xFFFF,0xFFFF,0xFFFF,
    0xFFFF,0xFFFF,0xFFFF,0xFFFF,0xFFFF,0xFFFF,0xFFFF,0xFFFF,0xFFFF,0xFFFF,0xFFFF,0xFFFF,
    0xFFFF,0xFFFF,0xFFFF,0xFFFF,0xFFFF,0xFFFF,0xFFFF,0xFFFF,0xFFFF,0xFFFF,0xFFFF,0xFFFF,
    0xFFFF,0xFFFF,0xFFFF,0xFFFF,0xFFFF,0xFFFF,0xFFFF,0xFFFF,0xFFFF,0xFFFF,0xFFFF,0xFFFF,
    0xFFFF,0xFFFF,0xFFFF,0xFFFF,0xEB72,0x2030,0xE348,0x6138,0x238A,0xA4EC,0xA2EC,0xA2EC,
    0xA3EC,0xA3EC,0xA2EC,0xA3EC,0xA3EC,0xA3EC,0xA3EC,0xA3EC,0xA3EC,0xA3EC,0xC3EC,0xA3EC,
    0xA3EC,0xA3EC,0xA3EC,0xC3EC,0xA3EC,0xA2EC,0x04F5,0xC5C3,0xC148,0x6238,0xC340,0x4130,
    0x4261,0xE5CB,0xC3F4,0x62E4,0x83EC,0x83EC,0x83EC,0x83EC,0x83EC,0x63E4,0xC5EC,0x68FD,
    0xAAFD,0xA9FD,0x89FD,0x89FD,0x89FD,0xA9FD,0xA9FD,0x89FD,0xA9FD,0xA9FD,0x89FD,0xAAFD,
    0xA9FD,0x89FD,0x89FD,0x89FD,0x89FD,0x89FD,0x89FD,0x89FD,0x89FD,0x89FD,0xA9FD,0xAAFD,
    0x8AFD,0x89FD,0x89FD,0x8AFD,0xAAFD,0xAAFD,0xAAFD,0xAAFD,0xAAFD,0xAAFD,0xAAFD,0xAAFD,
    0x8AFD,0x8AFD,0xA9FD,0xA9FD,0x89FD,0x89FD,0x89FD,0x89FD,0x89FD,0x89FD,0xA9FD,0xEBFD,
    0xCBFD,0xA9FD,0x89FD,0x89FD,0x89FD,0x89FD,0x89FD,0x89FD,0xA9FD,0xA9FD,0xA9FD,0xA9FD,
    0xA9FD,0xA9FD,0xA9FD,0xA9FD,0xA9FD,0xA9FD,0xA9FD,0xA9FD,0xA9FD,0xA9FD,0xA9FD,0xA9FD,
    0x89FD,0x89FD,0x89FD,0x89FD,0x89FD,0x89FD,0xA9FD,0x89FD,0x89FD,0x89FD,0x89FD,0xA9FD,
    0x89FD,0xA9FD,0xA9FD,0xA9FD,0xA9FD,0xA9FD,0xA9FD,0xA9FD,0xA9FD,0x89FD,0xA9FD,0xA9FD,
    0x68FD,0xC5EC,0x42E4,0x62E4,0x63EC,0x63EC,0x63EC,0x63EC,0x62E4,0xC3F4,0x45DC,0xC279,
    0x6140,0xC348,0x6240,0xA148,0xA4BB,0x03F5,0x82EC,0xA3EC,0xA2EC,0xA2EC,0xA2EC,0xA2EC,
    0xA2EC,0xA2EC,0xA2EC,0xA2EC,0xC3EC,0x83EC,0xE2DB,0xC3DB,0xE3DB,0xC3DB,0xC3DB,0xC3DB,
    0xC3DB,0xC2DB,0x24DC,0x238A,0x4130,0xC340,0x2030,0xCB72,0xFFFF,0xFFFF,0xFFFF,0xFFFF,
    0xFFFF,0xFFFF,0xFFFF,0xFFFF,0xFFFF,0xFFFF,0xFFFF,0xFFFF,0xFFFF,0xFFFF,0xFFFF,0xFFFF,
    0xFFFF,0xFFFF,0xFFFF,0xFFFF,0xFFFF,0xFFFF,0xFFFF,0xFFFF,0xFFFF,0xFFFF,0xFFFF,0xFFFF,
    0xFFFF,0xFFFF,0xFFFF,0xFFFF,0xFFFF,0xFFFF,0xFFFF,0xFFFF,0xFFFF,0xFFFF,0xFFFF,0xFFFF,
    0xFFFF,0xFFFF,0xFFFF,0xFFFF,0xFFFF,0xFFFF,0xFFFF,0xFFFF,0xFFFF,0xFFFF,0xFFFF,0xFFFF,
    0xFFFF,0xFFFF,0xFFFF,0xFFFF,0x9EF7,0xE759,0x4138,0xE448,0x8140,0x8392,0xA4EC,0xA2EC,
    0xA3EC,0xA3EC,0xA3EC,0xA3EC,0xA3EC,0xA3EC,0xA3EC,0xA3EC,0xA3F4,0xA3EC,0xA3EC,0xA3EC,
    0xA3EC,0xA3EC,0xC3EC,0xC3EC,0xA3EC,0xC3EC,0x82EC,0xE3F4,0x45D4,0x2159,0x4130,0xC340,
    0x6238,0xA148,0x44B3,0xC4F4,0x82EC,0x83EC,0x83EC,0x83EC,0x83EC,0x83EC,0x82EC,0x83E4,
    0x27F5,0xA9FD,0xA9FD,0x89FD,0xA9FD,0xA9FD,0x89FD,0xA9FD,0xA9FD,0xA9FD,0xA9FD,0xA9FD,
    0x89FD,0xA9FD,0xA9FD,0x89FD,0x89FD,0x89FD,0x89FD,0x89FD,0xA9FD,0xA9FD,0xA9FD,0xA9FD,
    0xAAFD,0x89FD,0x89FD,0xAAFD,0xAAFD,0xAAFD,0xAAFD,0xAAFD,0xAAFD,0xAAFD,0xAAFD,0xAAFD,
    0xAAFD,0xA9FD,0xAAFD,0xA9FD,0x89FD,0xA9FD,0x89FD,0x89FD,0x89FD,0xA9FD,0x4AED,0x247A,
    0x447A,0x4AED,0xA9FD,0x89FD,0x89FD,0x89FD,0x89FD,0x89FD,0xA9FD,0xA9FD,0xA9FD,0xA9FD,
    0xA9FD,0xA9FD,0xA9FD,0xA9FD,0xA9FD,0xA9FD,0xA9FD,0xA9FD,0xA9FD,0xA9FD,0xA9FD,0xA9FD,
    0xA9FD,0xA9FD,0xA9FD,0xA9FD,0x89FD,0xA9FD,0xA9FD,0xA9FD,0xA9FD,0xA9FD,0xA9FD,0xA9FD,
    0xA9FD,0xA9FD,0xA9FD,0xA9FD,0xA9FD,0x89FD,0xA9FD,0x89FD,0x89FD,0xA9FD,0xA9FD,0x06F5,
    0x63E4,0x42E4,0x62EC,0x62E4,0x62EC,0x63EC,0x63EC,0x62EC,0xC4F4,0xA5C3,0xE158,0x6240,
    0xC350,0x6240,0x2261,0x25D4,0xE3F4,0x82EC,0xA2EC,0xA2EC,0xA3EC,0xA2EC,0xA2EC,0xA2EC,
    0xA2EC,0xA2EC,0xA2EC,0xC2EC,0x83EC,0xE2DB,0xC3DB,0xE3DB,0xE3DB,0xE3DB,0xE3DB,0xE3DB,
    0xC3DB,0x24E4,0xA49A,0x4138,0xC340,0x4130,0xC751,0x9DF7,0xFFFF,0xFFFF,0xFFFF,0xFFFF,
    0xFFFF,0xFFFF,0xFFFF,0xFFFF,0xFFFF,0xFFFF,0xFFFF,0xFFFF,0xFFFF,0xFFFF,0xFFFF,0xFFFF,
    0xFFFF,0xFFFF,0xFFFF,0xFFFF,0xFFFF,0xFFFF,0xFFFF,0xFFFF,0xFFFF,0xFFFF,0xFFFF,0xFFFF,
    0xFFFF,0xFFFF,0xFFFF,0xFFFF,0xFFFF,0xFFFF,0xFFFF,0xFFFF,0xFFFF,0xFFFF,0xFFFF,0xFFFF,
    0xFFFF,0xFFFF,0xFFFF,0xFFFF,0xFFFF,0xFFFF,0xFFFF,0xFFFF,0xFFFF,0xFFFF,0xFFFF,0xFFFF,
    0xFFFF,0xFFFF,0xFFFF,0xFFFF,0xFFFF,0x1CE7,0x4449,0x8240,0xE348,0x6140,0x8392,0xA4EC,
    0xA2EC,0xA2EC,0xA3EC,0xA3EC,0xA3EC,0xA3EC,0xA3EC,0xC3EC,0xC3EC,0xA3F4,0xA3EC,0xC3EC,
    0xA3EC,0xA3EC,0xA3EC,0xA3EC,0xA3EC,0xA3EC,0xA3EC,0x82EC,0xC3F4,0xA5E4,0xA269,0x2130,
    0xC340,0xA340,0x6140,0x8392,0xA5EC,0xC3EC,0x82EC,0x83EC,0xA3EC,0x83EC,0x83EC,0x83EC,
    0x63E4,0xC4EC,0x48F5,0xA9FD,0xA9FD,0x89FD,0xA9FD,0xA9FD,0x89FD,0xA9FD,0xA9FD,0xA9FD,
    0xA9FD,0xA9FD,0x89FD,0x89FD,0x89FD,0x89FD,0xA9FD,0x89FD,0x89FD,0xA9FD,0xA9FD,0x89FD,
    0xAAFD,0xAAFD,0xAAFD,0xAAFD,0xAAFD,0xAAFD,0xAAFD,0xAAFD,0xAAFD,0xAAFD,0xAAFD,0xAAFD,
    0xAAFD,0xAAFD,0xAAFD,0xA9FD,0xA9FD,0x89FD,0x89FD,0x89FD,0x89FD,0x0BFE,0x269B,0x0130,
    0x2130,0x269B,0xEAFD,0x89FD,0x89FD,0x89FD,0x89FD,0xA9FD,0xA9FD,0xA9FD,0xA9FD,0xA9FD,
    0xA9FD,0xA9FD,0xA9FD,0xA9FD,0xA9FD,0xA9FD,0xA9FD,0xA9FD,0xA9FD,0xA9FD,0xA9FD,0xA9FD,
    0xA9FD,0xA9FD,0xA9FD,0xA9FD,0x89FD,0x89FD,0x89FD,0x89FD,0x89FD,0xA9FD,0xA9FD,0xA9FD,
    0xA9FD,0xA9FD,0xA9FD,0xA9FD,0xA9FD,0xA9FD,0x89FD,0xA9FD,0xA9FD,0x47F5,0xA4EC,0x42E4,
    0x62E4,0x62E4,0x62E4,0x62E4,0x62E4,0x62E4,0x82EC,0xA5EC,0xA49A,0x8148,0x8240,0xC348,
    0x4140,0xC271,0xA5E4,0xE3F4,0x82EC,0xA3EC,0xA3EC,0xA2EC,0xA2EC,0xA2EC,0xA2EC,0xA2EC,
    0xA2EC,0xA2EC,0xC2EC,0x83EC,0xE2DB,0xC3DB,0xC3DB,0xC3DB,0xC3DB,0xE3DB,0xE3DB,0xC2DB,
    0x24E4,0x04AB,0x6140,0xA340,0x6238,0x0441,0xDBE6,0xFFFF,0xFFFF,0xFFFF,0xFFFF,0xFFFF,
    0xFFFF,0xFFFF,0xFFFF,0xFFFF,0xFFFF,0xFFFF,0xFFFF,0xFFFF,0xFFFF,0xFFFF,0xFFFF,0xFFFF,
    0xFFFF,0xFFFF,0xFFFF,0xFFFF,0xFFFF,0xFFFF,0xFFFF,0xFFFF,0xFFFF,0xFFFF,0xFFFF,0xFFFF,
    0xFFFF,0xFFFF,0xFFFF,0xFFFF,0xFFFF,0xFFFF,0xFFFF,0xFFFF,0xFFFF,0xFFFF,0xFFFF,0xFFFF,
    0xFFFF,0xFFFF,0xFFFF,0xFFFF,0xFFFF,0xFFFF,0xFFFF,0xFFFF,0xFFFF,0xFFFF,0xFFFF,0xFFFF,
    0xFFFF,0xFFFF,0xFFFF,0xFFFF,0xFFFF,0xFFFF,0x59D6,0xE340,0xA248,0xC340,0x6138,0xA39A,
    0x84EC,0xA3EC,0xA2EC,0xA2EC,0xA3EC,0xA3EC,0xA3EC,0xA3EC,0xA3EC,0xA3EC,0xA3EC,0xA3EC,
    0xC3EC,0xA3EC,0xA3EC,0xA3EC,0xA3EC,0xA3EC,0xA3EC,0xA3EC,0xA2EC,0xC2EC,0xC5EC,0x638A,
    0x6138,0xA240,0xC348,0x6140,0xA271,0x25D4,0xE4F4,0x82EC,0x83EC,0x83EC,0x83EC,0x83EC,
    0x83EC,0x62EC,0x83E4,0xE5EC,0x68FD,0xA9FD,0xA9FD,0x89FD,0x89FD,0x89FD,0x89FD,0xA9FD,
    0x89FD,0x89FD,0x89FD,0x89FD,0x89FD,0x89FD,0xA9FD,0xA9FD,0xA9FD,0xA9FD,0xA9FD,0x89FD,
    0xA9FD,0xAAFD,0xAAFD,0xAAFD,0xA9FD,0xAAFD,0xAAFD,0xAAFD,0xAAFD,0xA9FD,0xAAFD,0xAAFD,
    0xA9FD,0xA9FD,0xA9FD,0xA9FD,0x89FD,0x89FD,0x89FD,0x89FD,0x89FD,0xEBFD,0xC692,0x6238,
    0x8238,0xE592,0xEAFD,0x89FD,0x89FD,0x89FD,0xA9FD,0x89FD,0x89FD,0xA9FD,0xA9FD,0xA9FD,
    0xA9FD,0xA9FD,0xA9FD,0xA9FD,0xA9FD,0xA9FD,0xA9FD,0xA9FD,0x89FD,0xA9FD,0xA9FD,0xA9FD,
    0xA9FD,0xA9FD,0x89FD,0x89FD,0x89FD,0x89FD,0x89FD,0x89FD,0x89FD,0x89FD,0x89FD,0x89FD,
    0x89FD,0xA9FD,0x89FD,0x89FD,0xA9FD,0xA9FD,0xA9FD,0x68FD,0xC5EC,0x63E4,0x62E4,0x62E4,
    0x62E4,0x62E4,0x62E4,0x62E4,0x42E4,0xA3F4,0x05D4,0xA271,0x4138,0xA348,0x8248,0x6140,
    0xA39A,0xE5F4,0xC3F4,0xA2EC,0xA3EC,0xA3EC,0xA3EC,0xA3EC,0xA3EC,0xA3EC,0xA3EC,0xA2EC,
    0xA2EC,0xC3EC,0x83EC,0xE2DB,0xC3DB,0xC3DB,0xC3DB,0xC3DB,0xE3DB,0xE3DB,0xC3DB,0x03E4,
    0x45BB,0xA148,0xA340,0x8240,0x8238,0x38CE,0xFFFF,0xFFFF,0xFFFF,0xFFFF,0xFFFF,0xFFFF,
    0xFFFF,0xFFFF,0xFFFF,0xFFFF,0xFFFF,0xFFFF,0xFFFF,0xFFFF,0xFFFF,0xFFFF,0xFFFF,0xFFFF,
    0xFFFF,0xFFFF,0xFFFF,0xFFFF,0xFFFF,0xFFFF,0xFFFF,0xFFFF,0xFFFF,0xFFFF,0xFFFF,0xFFFF,
    0xFFFF,0xFFFF,0xFFFF,0xFFFF,0xFFFF,0xFFFF,0xFFFF,0xFFFF,0xFFFF,0xFFFF,0xFFFF,0xFFFF,
    0xFFFF,0xFFFF,0xFFFF,0xFFFF,0xFFFF,0xFFFF,0xFFFF,0xFFFF,0xFFFF,0xFFFF,0xFFFF,0xFFFF,
    0xFFFF,0xFFFF,0xFFFF,0xFFFF,0xFFFF,0xDFFF,0xFFFF,0xF7CD,0x8238,0xA240,0xA340,0x6138,
    0xC3A2,0x83EC,0xA3EC,0xA3EC,0xA2EC,0xA3EC,0xA3EC,0xA3EC,0xA3EC,0xC3EC,0xC3EC,0xC3EC,
    0xC3EC,0xA3EC,0xA3EC,0xA3EC,0xA3EC,0xA3EC,0xA3EC,0xA3EC,0xA3EC,0xA3EC,0xA2EC,0xE4F4,
    0x84BB,0x0159,0x6238,0xE348,0x8240,0xC150,0x04AB,0xC5EC,0xC3F4,0x82EC,0x83EC,0x83EC,
    0x83EC,0x83EC,0x82EC,0x62E4,0x83E4,0x06ED,0x88FD,0xA9FD,0xA9FD,0x89FD,0x89FD,0x89FD,
    0x89FD,0xA9FD,0x89FD,0x89FD,0xA9FD,0xA9FD,0x89FD,0xA9FD,0xA9FD,0x89FD,0xA9FD,0xA9FD,
    0xA9FD,0xA9FD,0xA9FD,0xAAFD,0xA9FD,0xAAFD,0xAAFD,0xAAFD,0xAAFD,0xA9FD,0xA9FD,0xA9FD,
    0xA9FD,0xA9FD,0xA9FD,0xA9FD,0x89FD,0x89FD,0x89FD,0x89FD,0x69FD,0xEBFD,0xE692,0x6238,
    0x8238,0xE692,0xEAFD,0x89FD,0x89FD,0x89FD,0xA9FD,0xA9FD,0xA9FD,0xA9FD,0xA9FD,0xA9FD,
    0xA9FD,0xA9FD,0xA9FD,0xA9FD,0xA9FD,0xA9FD,0xA9FD,0xA9FD,0xA9FD,0x89FD,0xA9FD,0x89FD,
    0x89FD,0x89FD,0x89FD,0x89FD,0x89FD,0x89FD,0xA9FD,0xA9FD,0x89FD,0x89FD,0x89FD,0xA9FD,
    0xA9FD,0x89FD,0x89FD,0xA9FD,0xCAFD,0x88FD,0x06F5,0x83E4,0x62EC,0x63EC,0x63EC,0x62E4,
    0x62E4,0x62E4,0x42E4,0x82EC,0x84EC,0xE4A2,0xC148,0x6138,0xC340,0x6238,0xE158,0xA4BB,
    0x04F5,0xA2EC,0xA2EC,0xA2EC,0xC2EC,0xA3EC,0xA3EC,0xA3EC,0xA3EC,0xA2EC,0xA2EC,0xA2EC,
    0xC3EC,0x63EC,0xC2DB,0xC2DB,0xC3DB,0xC3DB,0xC3DB,0xE3DB,0xE3DB,0xC2DB,0x03E4,0x65C3,
    0xC150,0xA240,0xA348,0x6130,0x96BD,0xFFFF,0xFFFF,0xFFFF,0xFFFF,0xFFFF,0xFFFF,0xFFFF,
    0xFFFF,0xFFFF,0xFFFF,0xFFFF,0xFFFF,0xFFFF,0xFFFF,0xFFFF,0xFFFF,0xFFFF,0xFFFF,0xFFFF,
    0xFFFF,0xFFFF,0xFFFF,0xFFFF,0xFFFF,0xFFFF,0xFFFF,0xFFFF,0xFFFF,0xFFFF,0xFFFF,0xFFFF,
    0xFFFF,0xFFFF,0xFFFF,0xFFFF,0xFFFF,0xFFFF,0xFFFF,0xFFFF,0xFFFF,0xFFFF,0xFFFF,0xFFFF,
    0xFFFF,0xFFFF,0xFFFF,0xFFFF,0xFFFF,0xFFFF,0xFFFF,0xFFFF,0xFFFF,0xFFFF,0xFFFF,0xFFFF,
    0xFFFF,0xFFFF,0xFFFF,0xFFFF,0xFFFF,0xFFFF,0xDFFF,0xFFFF,0x54B5,0x4130,0xA340,0xA338,
    0x8140,0xE3AA,0x63E4,0xA3EC,0xC2EC,0xA2EC,0xC3EC,0xC3EC,0xC3EC,0xC3EC,0xA3EC,0xA3EC,
    0xC3EC,0xA3EC,0xA2EC,0xA2EC,0xA2EC,0xA3EC,0xA3EC,0xA3EC,0xA3EC,0xA3EC,0xA3EC,0x82EC,
    0xE3F4,0x86E4,0xE379,0x6138,0xC348,0xC348,0x6140,0xC271,0x25D4,0xE4F4,0x82EC,0x82E4,
    0x82EC,0x83EC,0x82EC,0x82EC,0x82EC,0x62E4,0x83E4,0x06ED,0x89FD,0xAAFD,0xA9FD,0xA9FD,
    0xA9FD,0xA9FD,0xA9FD,0x89FD,0xA9FD,0xA9FD,0x89FD,0xA9FD,0xA9FD,0xA9FD,0xA9FD,0xA9FD,
    0xA9FD,0xA9FD,0xA9FD,0xA9FD,0xA9FD,0xA9FD,0xAAFD,0xAAFD,0xA9FD,0xA9FD,0xA9FD,0xA9FD,
    0xA9FD,0xA9FD,0xA9FD,0xA9FD,0xA9FD,0x89FD,0x89FD,0x89FD,0x89FD,0xEBFD,0xE692,0x6238,
    0x8238,0xE692,0xEAFD,0x89FD,0xA9FD,0xA9FD,0xA9FD,0xA9FD,0xA9FD,0xA9FD,0xA9FD,0xA9FD,
    0xA9FD,0xA9FD,0xA9FD,0xA9FD,0xA9FD,0xA9FD,0xA9FD,0xA9FD,0xA9FD,0xA9FD,0xA9FD,0xA9FD,
    0x89FD,0x89FD,0x89FD,0x89FD,0x89FD,0x89FD,0x89FD,0x89FD,0x89FD,0xA9FD,0xA9FD,0x89FD,
    0xA9FD,0xA9FD,0xAAFD,0x89FD,0x06F5,0x83EC,0x62E4,0x62EC,0x63EC,0x63EC,0x63E4,0x62E4,
    0x62E4,0x62E4,0xA3EC,0x04D4,0xA269,0x4130,0xA238,0xA340,0x2130,0xA271,0x65DC,0x03F5,
    0x82EC,0xA2EC,0xA2EC,0xA3EC,0xA3EC,0xA3EC,0xA3EC,0xA3EC,0xA2EC,0xA2EC,0xA2EC,0xC3EC,
    0x63EC,0xC2DB,0xC3DB,0xC3DB,0xC3DB,0xC3DB,0xC3DB,0xC3DB,0xC2DB,0x03E4,0x65BB,0xC150,
    0xA240,0xC348,0x4130,0x14B5,0xFFFF,0xDFFF,0xFFFF,0xFFFF,0xFFFF,0xFFFF,0xFFFF,0xFFFF,
    0xFFFF,0xFFFF,0xFFFF,0xFFFF,0xFFFF,0xFFFF,0xFFFF,0xFFFF,0xFFFF,0xFFFF,0xFFFF,0xFFFF,
    0xFFFF,0xFFFF,0xFFFF,0xFFFF,0xFFFF,0xFFFF,0xFFFF,0xFFFF,0xFFFF,0xFFFF,0xFFFF,0xFFFF,
    0xFFFF,0xFFFF,0xFFFF,0xFFFF,0xFFFF,0xFFFF,0xFFFF,0xFFFF,0xFFFF,0xFFFF,0xFFFF,0xFFFF,
    0xFFFF,0xFFFF,0xFFFF,0xFFFF,0xFFFF,0xFFFF,0xFFFF,0xFFFF,0xFFFF,0xFFFF,0xFFFF,0xFFFF,
    0xFFFF,0xFFFF,0xFFFF,0xFFFF,0xFFFF,0xFFFF,0xFFFF,0xDFFF,0xFFFF,0xB2AC,0x2030,0xA340,
    0x8238,0x8140,0xE4AA,0x43E4,0xA3EC,0xC3EC,0xC3EC,0xC3F4,0xC3F4,0xA3EC,0xC3EC,0xA3EC,
    0xA3EC,0xA3EC,0xA2EC,0xA3EC,0xA2EC,0xA3EC,0xA3EC,0xA3EC,0xA2EC,0xA3EC,0xA3EC,0xA3EC,
    0xA2EC,0xC3F4,0x05F5,0x04A3,0xA148,0x8240,0xE348,0x8240,0xC148,0xC39A,0x85E4,0xC3F4,
    0x62E4,0x62EC,0x83EC,0x82EC,0x82EC,0x83EC,0x82EC,0x62E4,0x84E4,0x06F5,0x89FD,0xAAFD,
    0xA9FD,0xA9FD,0xA9FD,0x89FD,0x89FD,0xA9FD,0x89FD,0xA9FD,0xA9FD,0xA9FD,0xA9FD,0xA9FD,
    0xA9FD,0xA9FD,0xA9FD,0xA9FD,0xA9FD,0xA9FD,0xA9FD,0xAAFD,0xAAFD,0xA9FD,0xA9FD,0xA9FD,
    0xA9FD,0xA9FD,0xA9FD,0xA9FD,0xA9FD,0x89FD,0x89FD,0x89FD,0x89FD,0xEBFD,0xC692,0x6238,
    0x8238,0xC592,0xEAFD,0x89FD,0xA9FD,0xA9FD,0xA9FD,0xA9FD,0xA9FD,0xA9FD,0xA9FD,0xA9FD,
    0xA9FD,0xA9FD,0xA9FD,0xA9FD,0xA9FD,0xA9FD,0xA9FD,0xA9FD,0xA9FD,0xA9FD,0xA9FD,0xA9FD,
    0xA9FD,0xA9FD,0x89FD,0x89FD,0x89FD,0xA9FD,0xA9FD,0x89FD,0x89FD,0x89FD,0xA9FD,0xA9FD,
    0xA9FD,0x88FD,0x06F5,0x83EC,0x62EC,0x62EC,0x83EC,0x83EC,0x63EC,0x62EC,0x62E4,0x42E4,
    0xA2EC,0x84E4,0xC49A,0xA140,0x6230,0xC340,0x6238,0x8138,0xA39A,0xE4EC,0xC2F4,0x82EC,
    0xA3EC,0xA2EC,0xA3EC,0xA2EC,0xA2EC,0xA3EC,0xA3EC,0xA3EC,0xA2EC,0xC2EC,0xC3F4,0x63EC,
    0xC2DB,0xC3DB,0xE3DB,0xC3DB,0xC3DB,0xC3DB,0xC3DB,0xC2DB,0x03E4,0x85C3,0xE150,0xA240,
    0xC348,0x2130,0xB2A4,0xFFFF,0xDFFF,0xFFFF,0xFFFF,0xFFFF,0xFFFF,0xFFFF,0xFFFF,0xFFFF,
    0xFFFF,0xFFFF,0xFFFF,0xFFFF,0xFFFF,0xFFFF,0xFFFF,0xFFFF,0xFFFF,0xFFFF,0xFFFF,0xFFFF,
    0xFFFF,0xFFFF,0xFFFF,0xFFFF,0xFFFF,0xFFFF,0xFFFF,0xFFFF,0xFFFF,0xFFFF,0xFFFF,0xFFFF,
    0xFFFF,0xFFFF,0xFFFF,0xFFFF,0xFFFF,0xFFFF,0xFFFF,0xFFFF,0xFFFF,0xFFFF,0xFFFF,0xFFFF,
    0xFFFF,0xFFFF,0xFFFF,0xFFFF,0xFFFF,0xFFFF,0xFFFF,0xFFFF,0xFFFF,0xFFFF,0xFFFF,0xFFFF,
    0xFFFF,0xFFFF,0xFFFF,0xFFFF,0xFFFF,0xFFFF,0xFFFF,0xFFFF,0xDFFF,0xFFFF,0x719C,0x2028,
    0xC340,0xA340,0xA148,0x04AB,0x23E4,0x83EC,0xC3EC,0xC2EC,0xA3EC,0xA3EC,0xA3EC,0xA3EC,
    0xA3EC,0xA3EC,0xA3EC,0xA3EC,0xA2EC,0xA3EC,0xA3EC,0xA3EC,0xA3EC,0xA3EC,0xA3EC,0xA3EC,
    0xA3EC,0xA3EC,0xA2EC,0x04F5,0x45D4,0xA271,0x6140,0xC348,0xC240,0x4138,0x4261,0x84BB,
    0xA4EC,0x82EC,0x62E4,0x82E4,0x83EC,0x83EC,0x83EC,0x83EC,0x82EC,0x62E4,0x83E4,0x06ED,
    0x68FD,0xA9FD,0xAAFD,0xA9FD,0x89FD,0x89FD,0x89FD,0xA9FD,0xA9FD,0xA9FD,0xA9FD,0xA9FD,
    0xA9FD,0xA9FD,0xA9FD,0xA9FD,0xA9FD,0xA9FD,0xA9FD,0xA9FD,0xA9FD,0xA9FD,0xA9FD,0xA9FD,
    0x89FD,0x89FD,0xA9FD,0x89FD,0x89FD,0x89FD,0x89FD,0x89FD,0x89FD,0xEBFD,0xC58A,0x6230,
    0x8238,0xC592,0xEBFD,0xA9FD,0xA9FD,0xA9FD,0xA9FD,0xA9FD,0xA9FD,0xA9FD,0xA9FD,0xA9FD,
    0xA9FD,0xA9FD,0xA9FD,0xA9FD,0xA9FD,0xA9FD,0xA9FD,0xA9FD,0xA9FD,0xA9FD,0xA9FD,0xA9FD,
    0x89FD,0xA9FD,0x89FD,0x89FD,0xA9FD,0xA9FD,0xA9FD,0x89FD,0x89FD,0xA9FD,0xA9FD,0x68FD,
    0xE5EC,0x83E4,0x62E4,0x82EC,0x82EC,0x82EC,0x83EC,0x83EC,0x82EC,0x62E4,0x82EC,0xC4F4,
    0xA4C3,0x6261,0x4130,0xA238,0xA238,0x4130,0x4261,0xE4C3,0x03F5,0xA2EC,0xA2EC,0xA3EC,
    0xA3EC,0xC3EC,0xC3EC,0xA3EC,0xA3EC,0xA3EC,0xA3EC,0xA3EC,0xA2EC,0xC3F4,0x42E4,0xC2DB,
    0xC3DB,0xC3DB,0xC3DB,0xC3DB,0xC3DB,0xC3DB,0xC3D3,0x03DC,0x65BB,0xC150,0x8240,0xE348,
    0x2130,0x519C,0xFFFF,0xDFFF,0xFFFF,0xFFFF,0xFFFF,0xFFFF,0xFFFF,0xFFFF,0xFFFF,0xFFFF,
    0xFFFF,0xFFFF,0xFFFF,0xFFFF,0xFFFF,0xFFFF,0xFFFF,0xFFFF,0xFFFF,0xFFFF,0xFFFF,0xFFFF,
    0xFFFF,0xFFFF,0xFFFF,0xFFFF,0xFFFF,0xFFFF,0xFFFF,0xFFFF,0xFFFF,0xFFFF,0xFFFF,0xFFFF,
    0xFFFF,0xFFFF,0xFFFF,0xFFFF,0xFFFF,0xFFFF,0xFFFF,0xFFFF,0xFFFF,0xFFFF,0xFFFF,0xFFFF,
    0xFFFF,0xFFFF,0xFFFF,0xFFFF,0xFFFF,0xFFFF,0xFFFF,0xFFFF,0xFFFF,0xFFFF,0xFFFF,0xFFFF,
    0xFFFF,0xFFFF,0xFFFF,0xFFFF,0xFFFF,0xFFFF,0xFFFF,0xFFFF,0xFFFF,0xFFFF,0xFFFF,0x519C,
    0x2028,0xC348,0xA340,0xA140,0x04AB,0x23E4,0x62E4,0xC3EC,0xC2EC,0xA3EC,0xA3EC,0xA3EC,
    0xA3EC,0xA3EC,0xA3EC,0xA3EC,0xC2EC,0xA2EC,0xA3EC,0xA3EC,0xA3EC,0xA3EC,0xA3EC,0xC3EC,
    0xA3EC,0xA3EC,0xA3EC,0xA2EC,0xE3F4,0xE5F4,0x04A3,0xA148,0x6238,0xC340,0x8238,0x6138,
    0xE279,0xE4CB,0xC4EC,0x82EC,0x62E4,0x82EC,0x83EC,0x83EC,0x83EC,0x83EC,0x82EC,0x62E4,
    0x83EC,0xC5EC,0x47F5,0x89FD,0xA9FD,0xA9FD,0x89FD,0x89FD,0x89FD,0xA9FD,0x89FD,0xA9FD,
    0xA9FD,0xA9FD,0x89FD,0xA9FD,0xA9FD,0xA9FD,0xA9FD,0xA9FD,0xA9FD,0x89FD,0x89FD,0x89FD,
    0x89FD,0x89FD,0x89FD,0x89FD,0x89FD,0x89FD,0x89FD,0xA9FD,0x89FD,0xEAFD,0xC58A,0x6230,
    0x6238,0xC592,0xEAFD,0x89FD,0xA9FD,0xA9FD,0xA9FD,0xA9FD,0xA9FD,0xA9FD,0x89FD,0xA9FD,
    0xA9FD,0xA9FD,0xA9FD,0xA9FD,0xA9FD,0xA9FD,0x89FD,0xA9FD,0x89FD,0xA9FD,0xA9FD,0x89FD,
    0xA9FD,0xA9FD,0xA9FD,0x89FD,0x89FD,0x89FD,0xA9FD,0xA9FD,0x89FD,0x47F5,0xC4EC,0x62E4,
    0x62E4,0x82EC,0x82EC,0x82EC,0x82EC,0x82EC,0x83EC,0x62E4,0x82EC,0xC4F4,0x04D4,0x238A,
    0x8140,0x6238,0xC340,0x6230,0x8140,0xA39A,0xC4EC,0xC2F4,0x82EC,0xA3EC,0xA3EC,0xA2EC,
    0xA3EC,0xA3EC,0xA3EC,0xA3EC,0xA3EC,0xA3EC,0xA2EC,0xC2EC,0xA3EC,0x22E4,0xC2DB,0xE3DB,
    0xE3DB,0xE3DB,0xC3DB,0xE3DB,0xC3DB,0xC3D3,0x03DC,0x65BB,0xC148,0x8238,0xC348,0x2030,
    0x3094,0xFFFF,0xFFFF,0xFFFF,0xFFFF,0xFFFF,0xFFFF,0xFFFF,0xFFFF,0xFFFF,0xFFFF,0xFFFF,
    0xFFFF,0xFFFF,0xFFFF,0xFFFF,0xFFFF,0xFFFF,0xFFFF,0xFFFF,0xFFFF,0xFFFF,0xFFFF,0xFFFF,
    0xFFFF,0xFFFF,0xFFFF,0xFFFF,0xFFFF,0xFFFF,0xFFFF,0xFFFF,0xFFFF,0xFFFF,0xFFFF,0xFFFF,
    0xFFFF,0xFFFF,0xFFFF,0xFFFF,0xFFFF,0xFFFF,0xFFFF,0xFFFF,0xFFFF,0xFFFF,0xFFFF,0xFFFF,
    0xFFFF,0xFFFF,0xFFFF,0xFFFF,0xFFFF,0xFFFF,0xFFFF,0xFFFF,0xFFFF,0xFFFF,0xFFFF,0xFFFF,
    0xFFFF,0xFFFF,0xFFFF,0xFFFF,0xFFFF,0xFFFF,0xFFFF,0xFFFF,0xFFFF,0xFFFF,0xDFFF,0xFFFF,
    0x519C,0x4130,0xC348,0xA340,0xA140,0xE4AA,0x23E4,0x42E4,0xC3EC,0xC3EC,0xA3EC,0xC3EC,
    0xA3EC,0xA2EC,0xA3EC,0xA3EC,0xC2EC,0xA2EC,0xA2EC,0xA3EC,0xA3EC,0xA3EC,0xA3EC,0xC2EC,
    0xA3EC,0xA3EC,0xA3EC,0xA3EC,0xA2EC,0xA2EC,0x04F5,0x25CC,0xA269,0x4130,0x8238,0xC340,
    0x6238,0xA140,0x638A,0x24D4,0xC4F4,0xA2EC,0x62E4,0x82EC,0x83EC,0x82EC,0x83EC,0x83EC,
    0x83EC,0x62E4,0x62E4,0xA4EC,0x06ED,0x68F5,0xA9FD,0xA9FD,0xA9FD,0x89FD,0x89FD,0x89FD,
    0x89FD,0x89FD,0x89FD,0xA9FD,0x89FD,0x89FD,0x89FD,0x89FD,0xA9FD,0xA9FD,0x89FD,0x89FD,
    0x89FD,0x89FD,0x89FD,0x89FD,0x89FD,0x89FD,0x89FD,0xA9FD,0x89FD,0xEAFD,0xA58A,0x6230,
    0x8238,0xC592,0xEAFD,0x89FD,0xA9FD,0xA9FD,0xA9FD,0xA9FD,0xA9FD,0xA9FD,0xA9FD,0xA9FD,
    0xA9FD,0xA9FD,0xA9FD,0x89FD,0xA9FD,0x89FD,0xA9FD,0x89FD,0x89FD,0xA9FD,0xA9FD,0x89FD,
    0xA9FD,0xA9FD,0x89FD,0xA9FD,0xA9FD,0xA9FD,0x68FD,0x06ED,0x83EC,0x62E4,0x62E4,0x62E4,
    0x82E4,0x82EC,0x82EC,0x82EC,0x82EC,0x62E4,0x82EC,0xC4F4,0x65E4,0xA39A,0xC150,0x6238,
    0xC348,0x8240,0x6138,0xA269,0x05CC,0x04F5,0xA2EC,0xA2EC,0xA2EC,0xA3EC,0xA2EC,0xA3EC,
    0xA3EC,0xA3EC,0xA2EC,0xA2EC,0xA3EC,0xA2EC,0xC2F4,0xA3EC,0x02DC,0xC2DB,0xE3DB,0xE2DB,
    0xE2DB,0xE3DB,0xE3DB,0xE3DB,0xC2D3,0x04E4,0x45B3,0xC148,0x8240,0xC340,0x2030,0x1094,
    0xFFFF,0xFFFF,0xFFFF,0xFFFF,0xFFFF,0xFFFF,0xFFFF,0xFFFF,0xFFFF,0xFFFF,0xFFFF,0xFFFF,
    0xFFFF,0xFFFF,0xFFFF,0xFFFF,0xFFFF,0xFFFF,0xFFFF,0xFFFF,0xFFFF,0xFFFF,0xFFFF,0xFFFF,
    0xFFFF,0xFFFF,0xFFFF,0xFFFF,0xFFFF,0xFFFF,0xFFFF,0xFFFF,0xFFFF,0xFFFF,0xFFFF,0xFFFF,
    0xFFFF,0xFFFF,0xFFFF,0xFFFF,0xFFFF,0xFFFF,0xFFFF,0xFFFF,0xFFFF,0xFFFF,0xFFFF,0xFFFF,
    0xFFFF,0xFFFF,0xFFFF,0xFFFF,0xFFFF,0xFFFF,0xFFFF,0xFFFF,0xFFFF,0xFFFF,0xFFFF,0xFFFF,
    0xFFFF,0xFFFF,0xFFFF,0xFFFF,0xFFFF,0xFFFF,0xFFFF,0xFFFF,0xFFFF,0xFFFF,0xFFFF,0xFFFF,
    0xFFFF,0xB2A4,0x4130,0xC348,0xC340,0xA140,0xA49A,0x03E4,0x02E4,0xA3EC,0xC3EC,0xA3EC,
    0xA3EC,0xA2EC,0xA2EC,0xA2EC,0xA2EC,0xA2EC,0xA2EC,0xA2EC,0xA2EC,0xA2EC,0xA2EC,0xA2EC,
    0xA3EC,0xA2EC,0xC3EC,0xA3EC,0xA3EC,0xA3EC,0x82EC,0xC3F4,0xE4EC,0x44AB,0xE150,0x4130,
    0xA340,0xA340,0x4130,0xE148,0xA49A,0x65DC,0xE4F4,0xA3EC,0x82E4,0x82EC,0x83EC,0x83EC,
    0x83EC,0x82EC,0x82EC,0x62EC,0x62E4,0x63E4,0xA4EC,0x06F5,0x68F5,0xA9FD,0xA9FD,0xA9FD,
    0xA9FD,0x89FD,0xA9FD,0x89FD,0x89FD,0x89FD,0x89FD,0x89FD,0x89FD,0xA9FD,0x89FD,0x89FD,
    0x89FD,0x89FD,0x89FD,0x89FD,0x89FD,0x89FD,0x89FD,0x89FD,0x89FD,0xEAFD,0xC58A,0x6230,
    0x8238,0xC592,0xEAFD,0x89FD,0xA9FD,0xA9FD,0xA9FD,0xA9FD,0xA9FD,0xA9FD,0xA9FD,0xA9FD,
    0xA9FD,0xA9FD,0xA9FD,0xA9FD,0xA9FD,0x89FD,0xA9FD,0x89FD,0xA9FD,0xA9FD,0xA9FD,0xA9FD,
    0xA9FD,0xA9FD,0xA9FD,0x68FD,0x26F5,0xA4EC,0x63E4,0x62E4,0x62E4,0x82E4,0x62E4,0x62E4,
    0x62E4,0x82E4,0x62E4,0x62E4,0x82EC,0xC4F4,0x65E4,0xC3A2,0x0259,0x6140,0xA348,0xC348,
    0x6138,0x2159,0x44AB,0xE4F4,0xC2F4,0xA2EC,0xA3EC,0xA2EC,0xA3EC,0xA3EC,0xA3EC,0xA3EC,
    0xA3EC,0xC2EC,0xC2EC,0xA2EC,0xA2EC,0xC3EC,0x63EC,0xE2DB,0xC2DB,0xE3DB,0xE3DB,0xE3DB,
    0xE3DB,0xE3DB,0xE2DB,0xC2DB,0x24E4,0x04AB,0xA140,0x8240,0xA348,0x2130,0x719C,0xFFFF,
    0xFFFF,0xFFFF,0xFFFF,0xFFFF,0xFFFF,0xFFFF,0xFFFF,0xFFFF,0xFFFF,0xFFFF,0xFFFF,0xFFFF,
    0xFFFF,0xFFFF,0xFFFF,0xFFFF,0xFFFF,0xFFFF,0xFFFF,0xFFFF,0xFFFF,0xFFFF,0xFFFF,0xFFFF,
    0xFFFF,0xFFFF,0xFFFF,0xFFFF,0xFFFF,0xFFFF,0xFFFF,0xFFFF,0xFFFF,0xFFFF,0xFFFF,0xFFFF,
    0xFFFF,0xFFFF,0xFFFF,0xFFFF,0xFFFF,0xFFFF,0xFFFF,0xFFFF,0xFFFF,0xFFFF,0xFFFF,0xFFFF,
    0xFFFF,0xFFFF,0xFFFF,0xFFFF,0xFFFF,0xFFFF,0xFFFF,0xFFFF,0xFFFF,0xFFFF,0xFFFF,0xFFFF,
    0xFFFF,0xFFFF,0xFFFF,0xFFFF,0xFFFF,0xFFFF,0xFFFF,0xFFFF,0xFFFF,0xFFFF,0xFFFF,0xFFFF,
    0xDFFF,0xFFFF,0xF3AC,0x6130,0xC348,0xC348,0x6138,0x4392,0x04DC,0xE2DB,0x83EC,0xC3EC,
    0xA2EC,0xA2EC,0xA2EC,0xA2EC,0xA2EC,0xA2EC,0xA2EC,0xA2EC,0xA2EC,0xA2EC,0xA2EC,0xA2EC,
    0xA2EC,0xC2EC,0xC2EC,0xA3EC,0xC2EC,0xA2EC,0xA3EC,0xA2EC,0xA2EC,0x03F5,0x85DC,0x838A,
    0xA140,0x4130,0xA340,0xA340,0x6240,0x0259,0xA49A,0x45DC,0xE4F4,0xA3EC,0x82EC,0x82EC,
    0x83EC,0x82EC,0x62EC,0x83EC,0x83EC,0x62EC,0x62E4,0x62E4,0x83E4,0xC4EC,0x06F5,0x48F5,
    0x89FD,0xA9FD,0xA9FD,0xA9FD,0xA9FD,0xA9FD,0x89FD,0x89FD,0xA9FD,0xA9FD,0xA9FD,0x89FD,
    0x89FD,0x89FD,0x89FD,0x89FD,0x89FD,0x89FD,0x89FD,0x89FD,0x89FD,0xEAFD,0xC592,0x6238,
    0x8238,0xC592,0xEAFD,0x89FD,0x89FD,0x89FD,0xA9FD,0xA9FD,0xA9FD,0xA9FD,0xA9FD,0xA9FD,
    0xA9FD,0xA9FD,0xA9FD,0xA9FD,0x89FD,0x89FD,0x89FD,0xA9FD,0xA9FD,0xA9FD,0xA9FD,0x89FD,
    0x68F5,0x06F5,0xA4EC,0x83E4,0x62E4,0x62E4,0x83EC,0x82EC,0x62E4,0x62E4,0x62E4,0x62E4,
    0x62E4,0x62E4,0x82EC,0xC4F4,0x44DC,0xA49A,0x2259,0x6240,0xA340,0xC348,0x6240,0xE150,
    0xC39A,0xA5E4,0x03F5,0xA2EC,0xA3EC,0xA3EC,0xA3EC,0xA3EC,0xA3EC,0xA3EC,0xA3EC,0xA3EC,
    0xA3EC,0xA2EC,0xA2EC,0xC2EC,0xC3EC,0x42E4,0xC2DB,0xC3DB,0xE3DB,0xE2DB,0xE2DB,0xE3DB,
    0xE3DB,0xC3DB,0xC2DB,0x24E4,0xC4A2,0x8140,0xA340,0xA340,0x4130,0xB2A4,0xFFFF,0xFFFF,
    0xFFFF,0xFFFF,0xFFFF,0xFFFF,0xFFFF,0xFFFF,0xFFFF,0xFFFF,0xFFFF,0xFFFF,0xFFFF,0xFFFF,
    0xFFFF,0xFFFF,0xFFFF,0xFFFF,0xFFFF,0xFFFF,0xFFFF,0xFFFF,0xFFFF,0xFFFF,0xFFFF,0xFFFF,
    0xFFFF,0xFFFF,0xFFFF,0xFFFF,0xFFFF,0xFFFF,0xFFFF,0xFFFF,0xFFFF,0xFFFF,0xFFFF,0xFFFF,
    0xFFFF,0xFFFF,0xFFFF,0xFFFF,0xFFFF,0xFFFF,0xFFFF,0xFFFF,0xFFFF,0xFFFF,0xFFFF,0xFFFF,
    0xFFFF,0xFFFF,0xFFFF,0xFFFF,0xFFFF,0xFFFF,0xFFFF,0xFFFF,0xFFFF,0xFFFF,0xFFFF,0xFFFF,
    0xFFFF,0xFFFF,0xFFFF,0xFFFF,0xFFFF,0xFFFF,0xFFFF,0xFFFF,0xFFFF,0xFFFF,0xFFFF,0xFFFF,
    0xFFFF,0xDFFF,0xFFFF,0x34B5,0x8130,0xA240,0xC340,0x6138,0x0382,0xE4DB,0xC2DB,0x42E4,
    0xA3EC,0xA2EC,0xA2EC,0xA2EC,0xA2EC,0xC2EC,0xA2EC,0xC2EC,0xA2EC,0xC2EC,0xC2EC,0xC2EC,
    0xC2EC,0xA2EC,0xA2EC,0xA2EC,0xA2EC,0xA2EC,0xA2EC,0xA2EC,0xA3EC,0xA2EC,0xA2EC,0xE4F4,
    0x44D4,0x438A,0xA140,0x6238,0xC348,0xA348,0x6140,0xE158,0x8392,0x25D4,0xC4EC,0xC3EC,
    0x82E4,0x62E4,0x82E4,0x63EC,0x83EC,0x63E4,0x83EC,0x83EC,0x83EC,0x62E4,0x62E4,0x83E4,
    0xA4EC,0xE5EC,0x26F5,0x68F5,0x89FD,0xA9FD,0xA9FD,0xA9FD,0xA9FD,0xA9FD,0xA9FD,0xA9FD,
    0x89FD,0x89FD,0x89FD,0x89FD,0x89FD,0x89FD,0x89FD,0x89FD,0x89FD,0xEAFD,0xC592,0x6238,
    0x8238,0xC592,0xEAFD,0x88FD,0x89FD,0x89FD,0xA9FD,0xA9FD,0xA9FD,0x89FD,0xA9FD,0x89FD,
    0x89FD,0x89FD,0xA9FD,0xA9FD,0xA9FD,0xA9FD,0xA9FD,0x89FD,0x68FD,0x26F5,0xE5EC,0x84EC,
    0x63E4,0x62E4,0x62EC,0x62EC,0x83EC,0x83EC,0x83EC,0x82EC,0x62E4,0x62E4,0x62E4,0x62E4,
    0xA2EC,0xA4EC,0xE4CB,0x638A,0xE150,0x6138,0xA340,0xC348,0x6240,0xC148,0x8392,0x65DC,
    0x04FD,0xC2F4,0xA2EC,0xA2EC,0xA3EC,0xA3EC,0xA3EC,0xA3EC,0xA3EC,0xA3EC,0xA2EC,0xA3EC,
    0xA2EC,0xA2EC,0xC2EC,0xA3EC,0x22E4,0xC2DB,0xC3DB,0xE3DB,0xE3DB,0xE3DB,0xE3DB,0xE3DB,
    0xC3DB,0xE2DB,0x25E4,0x4392,0x6140,0xC348,0x8240,0x6230,0x34B5,0xFFFF,0xDFFF,0xFFFF,
    0xFFFF,0xFFFF,0xFFFF,0xFFFF,0xFFFF,0xFFFF,0xFFFF,0xFFFF,0xFFFF,0xFFFF,0xFFFF,0xFFFF,
    0xFFFF,0xFFFF,0xFFFF,0xFFFF,0xFFFF,0xFFFF,0xFFFF,0xFFFF,0xFFFF,0xFFFF,0xFFFF,0xFFFF,
    0xFFFF,0xFFFF,0xFFFF,0xFFFF,0xFFFF,0xFFFF,0xFFFF,0xFFFF,0xFFFF,0xFFFF,0xFFFF,0xFFFF,
    0xFFFF,0xFFFF,0xFFFF,0xFFFF,0xFFFF,0xFFFF,0xFFFF,0xFFFF,0xFFFF,0xFFFF,0xFFFF,0xFFFF,
    0xFFFF,0xFFFF,0xFFFF,0xFFFF,0xFFFF,0xFFFF,0xFFFF,0xFFFF,0xFFFF,0xFFFF,0xFFFF,0xFFFF,
    0xFFFF,0xFFFF,0xFFFF,0xFFFF,0xFFFF,0xFFFF,0xFFFF,0xFFFF,0xFFFF,0xFFFF,0xFFFF,0xFFFF,
    0xFFFF,0xFFFF,0xDFFF,0xFFFF,0x96BD,0xC338,0x6238,0xE348,0x6138,0xA271,0xE4D3,0xE2DB,
    0x02DC,0xA3EC,0xC2EC,0xA2EC,0xA2EC,0xA2EC,0xA2EC,0xA2EC,0xC2EC,0xC2EC,0xC2EC,0xC2EC,
    0xC2EC,0xA2EC,0xA2EC,0xA2EC,0xA2EC,0xA2EC,0xC2EC,0xA2EC,0xA2EC,0xA2EC,0xA2EC,0xA2EC,
    0xC2F4,0x04F5,0x25D4,0x438A,0xA148,0x6240,0xC348,0xC348,0x6140,0xC148,0x0282,0x84BB,
    0x84E4,0xC3F4,0x82EC,0x62E4,0x62E4,0x82E4,0x83EC,0x83EC,0x83EC,0x83EC,0x83EC,0x83EC,
    0x83EC,0x62EC,0x62EC,0x83E4,0x84EC,0xC5EC,0x06F5,0x47F5,0x68FD,0x88FD,0xA9FD,0xA9FD,
    0xA9FD,0xA9FD,0xA9FD,0xA9FD,0xA9FD,0xA9FD,0x89FD,0x89FD,0x88FD,0x0BFE,0xC592,0x6240,
    0x8240,0xC592,0xEAFD,0x88FD,0x89FD,0xA9FD,0xA9FD,0xA9FD,0xA9FD,0xA9FD,0xAAFD,0xAAFD,
    0xAAFD,0xA9FD,0x88FD,0x68FD,0x47F5,0x06F5,0xC5EC,0x83E4,0x63E4,0x62E4,0x62E4,0x62E4,
    0x82EC,0x83EC,0x83EC,0x82EC,0x83EC,0x83EC,0x63EC,0x62E4,0x62E4,0x82EC,0xA3EC,0x84E4,
    0x84BB,0xE279,0x8140,0x4130,0x8238,0xA340,0x6238,0xA148,0x238A,0x45D4,0x04FD,0xC2F4,
    0xA2EC,0xA3EC,0xC3EC,0xA3EC,0xA3EC,0xA3EC,0xA3EC,0xA3EC,0xA3EC,0xA2EC,0xA3EC,0xA2EC,
    0xA2EC,0xC3EC,0x63EC,0xE2DB,0xC3DB,0xE3DB,0xE3DB,0xC3DB,0xE2DB,0xE3DB,0xE3DB,0xC2DB,
    0xE3E3,0xE5DB,0xE279,0x6138,0xC348,0x8240,0xA340,0xB6BD,0xFFFF,0xFFFF,0xFFFF,0xFFFF,
    0xFFFF,0xFFFF,0xFFFF,0xFFFF,0xFFFF,0xFFFF,0xFFFF,0xFFFF,0xFFFF,0xFFFF,0xFFFF,0xFFFF,
    0xFFFF,0xFFFF,0xFFFF,0xFFFF,0xFFFF,0xFFFF,0xFFFF,0xFFFF,0xFFFF,0xFFFF,0xFFFF,0xFFFF,
    0xFFFF,0xFFFF,0xFFFF,0xFFFF,0xFFFF,0xFFFF,0xFFFF,0xFFFF,0xFFFF,0xFFFF,0xFFFF,0xFFFF,
    0xFFFF,0xFFFF,0xFFFF,0xFFFF,0xFFFF,0xFFFF,0xFFFF,0xFFFF,0xFFFF,0xFFFF,0xFFFF,0xFFFF,
    0xFFFF,0xFFFF,0xFFFF,0xFFFF,0xFFFF,0xFFFF,0xFFFF,0xFFFF,0xFFFF,0xFFFF,0xFFFF,0xFFFF,
    0xFFFF,0xFFFF,0xFFFF,0xFFFF,0xFFFF,0xFFFF,0xFFFF,0xFFFF,0xFFFF,0xFFFF,0xFFFF,0xFFFF,
    0xFFFF,0xFFFF,0xFFFF,0xDFFF,0xFFFF,0x79D6,0x4549,0x4138,0xE348,0x6230,0x2259,0x84C3,
    0x03E4,0xC2DB,0x63E4,0xC3EC,0xC2EC,0xA2EC,0xA3EC,0xA3EC,0xA2EC,0xA2EC,0xC2EC,0xC2EC,
    0xC2EC,0xA2EC,0xA2EC,0xC2EC,0xA2EC,0xA2EC,0xA2EC,0xA2EC,0xA2EC,0xA2EC,0xA2EC,0xA2EC,
    0xA2EC,0xA2EC,0xE3F4,0x04F5,0x25D4,0x438A,0xC150,0x8140,0xC340,0xC340,0x8238,0x6138,
    0x6261,0xA39A,0x04CC,0xA4EC,0xC3F4,0x82EC,0x82E4,0x83E4,0x83EC,0x83EC,0x83EC,0x83EC,
    0x83EC,0x83EC,0x83EC,0x82EC,0x62EC,0x62EC,0x62EC,0x62E4,0x83E4,0x83EC,0xA4EC,0xE5EC,
    0x06F5,0x26F5,0x47F5,0x68F5,0x68F5,0x88FD,0x68FD,0x88FD,0x88FD,0x0AFE,0xE8BB,0x6040,
    0x6140,0xE8B3,0x0AFE,0x89FD,0x89FD,0x89FD,0x89FD,0x88F5,0x68F5,0x47F5,0x27F5,0x06F5,
    0xE5EC,0xC4EC,0xA3EC,0x83EC,0x63E4,0x62E4,0x62E4,0x62EC,0x62EC,0x82EC,0x83EC,0x82EC,
    0x82E4,0x82EC,0x82EC,0x82EC,0x82E4,0x62E4,0x82EC,0xC3F4,0xC4EC,0x24D4,0xE39A,0x6261,
    0x6138,0x4128,0xA238,0xA338,0x4130,0x8140,0x0382,0x05CC,0x04F5,0xC3F4,0xA2EC,0xA2EC,
    0xA3EC,0xA3EC,0xA3EC,0xA3EC,0xA2EC,0xA3EC,0xA3EC,0xA2EC,0xA2EC,0xA2EC,0xA2EC,0xC2EC,
    0xA3EC,0x42E4,0xC2DB,0xC2DB,0xE3DB,0xC3DB,0xC3DB,0xC3DB,0xC2DB,0xE2DB,0xC2DB,0x03E4,
    0xC5CB,0x6269,0x6138,0xE348,0x4138,0x2449,0x38CE,0xFFFF,0xDFFF,0xFFFF,0xFFFF,0xFFFF,
    0xFFFF,0xFFFF,0xFFFF,0xFFFF,0xFFFF,0xFFFF,0xFFFF,0xFFFF,0xFFFF,0xFFFF,0xFFFF,0xFFFF,
    0xFFFF,0xFFFF,0xFFFF,0xFFFF,0xFFFF,0xFFFF,0xFFFF,0xFFFF,0xFFFF,0xFFFF,0xFFFF,0xFFFF,
    0xFFFF,0xFFFF,0xFFFF,0xFFFF,0xFFFF,0xFFFF,0xFFFF,0xFFFF,0xFFFF,0xFFFF,0xFFFF,0xFFFF,
    0xFFFF,0xFFFF,0xFFFF,0xFFFF,0xFFFF,0xFFFF,0xFFFF,0xFFFF,0xFFFF,0xFFFF,0xFFFF,0xFFFF,
    0xFFFF,0xFFFF,0xFFFF,0xFFFF,0xFFFF,0xFFFF,0xFFFF,0xFFFF,0xFFFF,0xFFFF,0xFFFF,0xFFFF,
    0xFFFF,0xFFFF,0xFFFF,0xFFFF,0xFFFF,0xFFFF,0xFFFF,0xFFFF,0xFFFF,0xFFFF,0xFFFF,0xFFFF,
    0xFFFF,0xFFFF,0xFFFF,0xFFFF,0xDFFF,0xFFFF,0x1CE7,0x085A,0x2030,0xE340,0x8238,0xC148,
    0x24B3,0x23E4,0xC2DB,0x22E4,0xA3EC,0xC3EC,0xA3EC,0xA3EC,0xA2EC,0xA2EC,0xA2EC,0xA2EC,
    0xA2EC,0xA2EC,0xA2EC,0xA2EC,0xA2EC,0xA2EC,0xA2EC,0xA2EC,0xA2EC,0xA2EC,0xA2EC,0xA2EC,
    0xA3EC,0xA3EC,0xA3EC,0xA2EC,0xE3F4,0x05F5,0x45DC,0xA39A,0xE150,0x6238,0x8238,0xA340,
    0x8238,0x6138,0xA148,0xC271,0x24AB,0x45DC,0xC4EC,0xC3F4,0xA2EC,0x82EC,0x62E4,0x83EC,
    0x83EC,0x83EC,0x83EC,0x83EC,0x82EC,0x83EC,0x83EC,0x82EC,0x82EC,0x82EC,0x62EC,0x83EC,
    0x63EC,0x63EC,0x83E4,0x83EC,0x83EC,0xA4EC,0xA4EC,0xC4EC,0xC4EC,0xE5EC,0x06ED,0xA4C3,
    0x64BB,0xE6EC,0xC5EC,0xA4EC,0xA4EC,0xA4EC,0xA4E4,0x83E4,0x83E4,0x63E4,0x63E4,0x63E4,
    0x63EC,0x63EC,0x62EC,0x83EC,0x83EC,0x83EC,0x82EC,0x82EC,0x62EC,0x82E4,0x62E4,0x62E4,
    0x62E4,0x62E4,0x62E4,0xA2EC,0xC3F4,0xC4F4,0x65E4,0x64B3,0x0382,0xC150,0x6138,0x8238,
    0xC340,0x8238,0x4130,0xC148,0x4382,0x04CC,0xE4F4,0xC3F4,0x82EC,0xA2EC,0xA3EC,0xA3EC,
    0xA3EC,0xA3EC,0xA3EC,0xA2EC,0xA3EC,0xA2EC,0xA2EC,0xA2EC,0xA2EC,0xA2EC,0xC2EC,0x82EC,
    0x02DC,0xC2DB,0xE2DB,0xE3DB,0xC2DB,0xC3DB,0xE3DB,0xE3DB,0xC3DB,0xC2DB,0x24E4,0x65BB,
    0xE158,0x8240,0xE348,0x2030,0xE759,0xFBE6,0xFFFF,0xDFFF,0xFFFF,0xFFFF,0xFFFF,0xFFFF,
    0xFFFF,0xFFFF,0xFFFF,0xFFFF,0xFFFF,0xFFFF,0xFFFF,0xFFFF,0xFFFF,0xFFFF,0xFFFF,0xFFFF,
    0xFFFF,0xFFFF,0xFFFF,0xFFFF,0xFFFF,0xFFFF,0xFFFF,0xFFFF,0xFFFF,0xFFFF,0xFFFF,0xFFFF,
    0xFFFF,0xFFFF,0xFFFF,0xFFFF,0xFFFF,0xFFFF,0xFFFF,0xFFFF,0xFFFF,0xFFFF,0xFFFF,0xFFFF,
    0xFFFF,0xFFFF,0xFFFF,0xFFFF,0xFFFF,0xFFFF,0xFFFF,0xFFFF,0xFFFF,0xFFFF,0xFFFF,0xFFFF,
    0xFFFF,0xFFFF,0xFFFF,0xFFFF,0xFFFF,0xFFFF,0xFFFF,0xFFFF,0xFFFF,0xFFFF,0xFFFF,0xFFFF,
    0xFFFF,0xFFFF,0xFFFF,0xFFFF,0xFFFF,0xFFFF,0xFFFF,0xFFFF,0xFFFF,0xFFFF,0xFFFF,0xFFFF,
    0xFFFF,0xFFFF,0xFFFF,0xFFFF,0xFFFF,0xDFFF,0xFFFF,0x9EF7,0xCB72,0x2030,0xC348,0xA340,
    0x8140,0x6392,0x24E4,0xE2E3,0xE2DB,0x63EC,0xC3EC,0xC2EC,0xA2EC,0xA2EC,0xA2EC,0xA2EC,
    0xA2EC,0xA2EC,0xA2EC,0xA2EC,0xA2EC,0xA2EC,0xA2EC,0xA2EC,0xA2EC,0xA2EC,0xA2EC,0xA2EC,
    0xA2EC,0xA3EC,0xA3EC,0xA3EC,0xA3EC,0xA2EC,0xC3F4,0x04F5,0x65DC,0xC39A,0x2259,0x6138,
    0x6238,0xA340,0xA340,0x8238,0x6140,0x0251,0x0382,0x44B3,0x25D4,0xC4EC,0xE4F4,0xA3F4,
    0x82EC,0x62EC,0x62EC,0x62E4,0x62EC,0x63EC,0x82EC,0x83EC,0x82EC,0x83EC,0x83EC,0x83EC,
    0x83EC,0x83EC,0x83EC,0x83EC,0x83EC,0x82EC,0x83EC,0x83EC,0x83EC,0x83EC,0x83EC,0xC4F4,
    0xC4F4,0x82EC,0x83EC,0x82EC,0x83EC,0x62EC,0x62E4,0x83E4,0x83E4,0x83E4,0x83EC,0x83EC,
    0x83EC,0x83EC,0x83EC,0x83EC,0x83EC,0x83EC,0x82EC,0x82EC,0x62E4,0x62E4,0x62E4,0x62E4,
    0xA3EC,0xC3F4,0xA4EC,0x45DC,0x44B3,0x0382,0x0259,0x6140,0x6240,0xA340,0xA340,0x6238,
    0x6138,0x2259,0xC39A,0x65DC,0xE4F4,0xC2F4,0x82EC,0xA2EC,0xA2EC,0xA3EC,0xA3EC,0xA3EC,
    0xA3EC,0xA3EC,0xA3EC,0xC2EC,0xC2EC,0xA2EC,0xC2EC,0xA2EC,0xA2EC,0xA3EC,0x42E4,0xC2DB,
    0xC2DB,0xE3DB,0xE3DB,0xE3DB,0xE3DB,0xE3DB,0xE3DB,0xC2DB,0xE2DB,0x24DC,0x8392,0x8140,
    0xA240,0xC348,0x2030,0xEB72,0x9EF7,0xFFFF,0xDFFF,0xFFFF,0xFFFF,0xFFFF,0xFFFF,0xFFFF,
    0xFFFF,0xFFFF,0xFFFF,0xFFFF,0xFFFF,0xFFFF,0xFFFF,0xFFFF,0xFFFF,0xFFFF,0xFFFF,0xFFFF,
    0xFFFF,0xFFFF,0xFFFF,0xFFFF,0xFFFF,0xFFFF,0xFFFF,0xFFFF,0xFFFF,0xFFFF,0xFFFF,0xFFFF,
    0xFFFF,0xFFFF,0xFFFF,0xFFFF,0xFFFF,0xFFFF,0xFFFF,0xFFFF,0xFFFF,0xFFFF,0xFFFF,0xFFFF,
    0xFFFF,0xFFFF,0xFFFF,0xFFFF,0xFFFF,0xFFFF,0xFFFF,0xFFFF,0xFFFF,0xFFFF,0xFFFF,0xFFFF,
    0xFFFF,0xFFFF,0xFFFF,0xFFFF,0xFFFF,0xFFFF,0xFFFF,0xFFFF,0xFFFF,0xFFFF,0xFFFF,0xFFFF,
    0xFFFF,0xFFFF,0xFFFF,0xFFFF,0xFFFF,0xFFFF,0xFFFF,0xFFFF,0xFFFF,0xFFFF,0xFFFF,0xFFFF,
    0xFFFF,0xFFFF,0xFFFF,0xFFFF,0xFFFF,0xFFFF,0xFFFF,0xFFFF,0xFFFF,0xEF93,0x4130,0xA240,
    0xC348,0x8240,0xA279,0xC4D3,0x03E4,0xC2DB,0x22E4,0x83EC,0xC3EC,0xA2EC,0xA2EC,0xA2EC,
    0xA2EC,0xA2EC,0xA2EC,0xA2EC,0xA2EC,0xA2EC,0xA2EC,0xA2EC,0xA2EC,0xA2EC,0xC2EC,0xA2EC,
    0xA3EC,0xA3EC,0xA3EC,0xA3EC,0xA3EC,0xA3EC,0xA2EC,0x82EC,0xC2EC,0xE3F4,0xA4EC,0xA4BB,
    0x037A,0xC148,0x6138,0x8238,0xC340,0xC340,0x8240,0x8140,0xE150,0xA271,0xA49A,0xA4C3,
    0x64DC,0xA4EC,0xC4F4,0xA3F4,0x82EC,0x82EC,0x62EC,0x62EC,0x83EC,0x83EC,0x83EC,0x83EC,
    0x83EC,0x83EC,0x83EC,0x82E4,0x83E4,0x83EC,0x83EC,0x83EC,0x83EC,0xA3EC,0xA3EC,0x82EC,
    0x83EC,0xA3EC,0xA3EC,0x83EC,0x83EC,0x83EC,0x83E4,0x83E4,0x83E4,0x83E4,0x83E4,0x83E4,
    0x83EC,0x83EC,0x83EC,0x83EC,0x63EC,0x62EC,0x82EC,0xA3EC,0xC3F4,0xC3F4,0xC4EC,0x64DC,
    0xA4C3,0xA49A,0xA271,0xC148,0x6138,0x6238,0xA340,0xC348,0x8240,0x6138,0xE150,0x2382,
    0xA4BB,0xC5EC,0xE3FC,0xC2F4,0x82EC,0xA2EC,0xA2EC,0xA2EC,0xA2EC,0xA3EC,0xA3EC,0xA3EC,
    0xA3EC,0xA3EC,0xA2EC,0xC2EC,0xC2EC,0xA2EC,0xA2EC,0xC2EC,0x83EC,0x02E4,0xC2DB,0xC3DB,
    0xE3DB,0xC2DB,0xE3DB,0xC3DB,0xC2DB,0xC3DB,0xC2DB,0x03DC,0xC5D3,0xC379,0x4138,0xC340,
    0xA240,0x4130,0x1094,0xFFFF,0xFFFF,0xFFFF,0xFFFF,0xFFFF,0xFFFF,0xFFFF,0xFFFF,0xFFFF,
    0xFFFF,0xFFFF,0xFFFF,0xFFFF,0xFFFF,0xFFFF,0xFFFF,0xFFFF,0xFFFF,0xFFFF,0xFFFF,0xFFFF,
    0xFFFF,0xFFFF,0xFFFF,0xFFFF,0xFFFF,0xFFFF,0xFFFF,0xFFFF,0xFFFF,0xFFFF,0xFFFF,0xFFFF,
    0xFFFF,0xFFFF,0xFFFF,0xFFFF,0xFFFF,0xFFFF,0xFFFF,0xFFFF,0xFFFF,0xFFFF,0xFFFF,0xFFFF,
    0xFFFF,0xFFFF,0xFFFF,0xFFFF,0xFFFF,0xFFFF,0xFFFF,0xFFFF,0xFFFF,0xFFFF,0xFFFF,0xFFFF,
    0xFFFF,0xFFFF,0xFFFF,0xFFFF,0xFFFF,0xFFFF,0xFFFF,0xFFFF,0xFFFF,0xFFFF,0xFFFF,0xFFFF,
    0xFFFF,0xFFFF,0xFFFF,0xFFFF,0xFFFF,0xFFFF,0xFFFF,0xFFFF,0xFFFF,0xFFFF,0xFFFF,0xFFFF,
    0xFFFF,0xFFFF,0xFFFF,0xFFFF,0xFFFF,0xFFFF,0xFFFF,0xFFFF,0xFFFF,0xFFFF,0x54B5,0xC340,
    0x6140,0x0451,0x8240,0x0259,0x24B3,0x24E4,0xC2DB,0xC2DB,0x43E4,0xA3EC,0xC3EC,0xA2EC,
    0xA2EC,0xA2EC,0xA2EC,0xA2EC,0xA2EC,0xA2EC,0xA2EC,0xA2EC,0xA2EC,0xA3EC,0xA3EC,0xA3EC,
    0xA3EC,0xA3EC,0xA3EC,0xA2EC,0xA3EC,0xA3EC,0xA3EC,0xA3EC,0xA3EC,0xA2EC,0xA2EC,0xE3F4,
    0xE4F4,0x64DC,0x24AB,0xC271,0xC148,0x6138,0x8240,0xC340,0xA340,0x8238,0x6138,0x8140,
    0xE150,0xA371,0xA392,0x84BB,0x25D4,0xA5EC,0xC4F4,0xC4F4,0xC3F4,0xA3EC,0x82EC,0x82EC,
    0x62EC,0x82E4,0x82EC,0x82E4,0x82E4,0x83E4,0x83E4,0x83E4,0x82E4,0x83EC,0x83EC,0x83EC,
    0x83EC,0x83EC,0x83EC,0x83EC,0x83EC,0x83E4,0x83E4,0x63E4,0x62E4,0x62E4,0x62E4,0x62E4,
    0x62EC,0x82EC,0xA2EC,0xC3F4,0xC4F4,0xC4F4,0xA5EC,0x45DC,0xC4C3,0xE3A2,0xE379,0x0259,
    0x8140,0x6238,0x6238,0xA338,0xA340,0x6238,0x4138,0xA148,0xA271,0x24AB,0x84E4,0x04FD,
    0xE3FC,0xA2F4,0x82EC,0xA3EC,0xA2EC,0xA2EC,0xA3EC,0xA2EC,0xA2EC,0xA3EC,0xA3EC,0xA3EC,
    0xA3EC,0xA3EC,0xA2EC,0xA2EC,0xA2EC,0xC2EC,0xA3EC,0x22E4,0xC2DB,0xC3DB,0xE3DB,0xC3DB,
    0xC3DB,0xC3DB,0xC3DB,0xC3DB,0xC3DB,0xC2DB,0x24E4,0x44BB,0x0159,0x4130,0xC348,0x4138,
    0xC338,0x75BD,0xFFFF,0xFFFF,0xFFFF,0xFFFF,0xFFFF,0xFFFF,0xFFFF,0xFFFF,0xFFFF,0xFFFF,
    0xFFFF,0xFFFF,0xFFFF,0xFFFF,0xFFFF,0xFFFF,0xFFFF,0xFFFF,0xFFFF,0xFFFF,0xFFFF,0xFFFF,
    0xFFFF,0xFFFF,0xFFFF,0xFFFF,0xFFFF,0xFFFF,0xFFFF,0xFFFF,0xFFFF,0xFFFF,0xFFFF,0xFFFF,
    0xFFFF,0xFFFF,0xFFFF,0xFFFF,0xFFFF,0xFFFF,0xFFFF,0xFFFF,0xFFFF,0xFFFF,0xFFFF,0xFFFF,
    0xFFFF,0xFFFF,0xFFFF,0xFFFF,0xFFFF,0xFFFF,0xFFFF,0xFFFF,0xFFFF,0xFFFF,0xFFFF,0xFFFF,
    0xFFFF,0xFFFF,0xFFFF,0xFFFF,0xFFFF,0xFFFF,0xFFFF,0xFFFF,0xFFFF,0xFFFF,0xFFFF,0xFFFF,
    0xFFFF,0xFFFF,0xFFFF,0xFFFF,0xFFFF,0xFFFF,0xFFFF,0xFFFF,0xFFFF,0xFFFF,0xFFFF,0xFFFF,
    0xFFFF,0xFFFF,0xFFFF,0xFFFF,0xFFFF,0xFFFF,0xFFFF,0xFFFF,0xFFFF,0xDFFF,0xFFFF,0xBADE,
    0x0862,0x4138,0xE348,0xC340,0xA148,0x4392,0x04DC,0xE3E3,0xA2D3,0x02DC,0x63E4,0xA3EC,
    0xA2EC,0xA2EC,0xA2EC,0xA2EC,0xA2EC,0xA2EC,0xA2EC,0xA2EC,0xA2EC,0xA2EC,0xA3EC,0xA2EC,
    0xA3EC,0xA2EC,0xA2EC,0xA2EC,0xA2EC,0xA2EC,0xA2EC,0xC2EC,0xA2EC,0xA2EC,0xA2EC,0xA2EC,
    0xA2EC,0xC2F4,0xE3FC,0xE4F4,0x45D4,0x24AB,0xE279,0xC150,0x6138,0x6238,0x8338,0xA340,
    0xA340,0x8238,0x6238,0x8140,0xE250,0x8269,0x238A,0xE4A2,0x84BB,0x04D4,0x65E4,0xA4EC,
    0xC4F4,0xE4F4,0xE4F4,0xC4F4,0xC3F4,0xA3EC,0xA3EC,0x83EC,0x82EC,0x83EC,0x83EC,0x83EC,
    0x83EC,0x83EC,0x83EC,0x83EC,0xA3EC,0xA3EC,0xA3EC,0xC4F4,0xC4F4,0xC4F4,0xC4F4,0xC4F4,
    0xA4EC,0x64E4,0x04CC,0x85BB,0x04A3,0x438A,0x8271,0xE258,0xA140,0x6238,0x8238,0xA340,
    0xA340,0x8238,0x6238,0x6138,0xC148,0xA271,0xE3A2,0x24D4,0xE4F4,0x03FD,0xC2F4,0xA2EC,
    0xA2EC,0xA2EC,0xA2EC,0xA3EC,0xA2EC,0xA3EC,0xA3EC,0xA3EC,0xA3EC,0xA3EC,0xA3EC,0xA3EC,
    0xA2EC,0xA2EC,0xA2EC,0xC2EC,0xA3F4,0x63E4,0xE2DB,0xC2DB,0xE3DB,0xE3DB,0xE3DB,0xE3DB,
    0xE3DB,0xE3DB,0xE3DB,0xC2DB,0xE3DB,0x05DC,0x6392,0x6140,0x8238,0xC340,0x0028,0xE759,
    0xBADE,0xFFFF,0xFFFF,0xFFFF,0xFFFF,0xFFFF,0xFFFF,0xFFFF,0xFFFF,0xFFFF,0xFFFF,0xFFFF,
    0xFFFF,0xFFFF,0xFFFF,0xFFFF,0xFFFF,0xFFFF,0xFFFF,0xFFFF,0xFFFF,0xFFFF,0xFFFF,0xFFFF,
    0xFFFF,0xFFFF,0xFFFF,0xFFFF,0xFFFF,0xFFFF,0xFFFF,0xFFFF,0xFFFF,0xFFFF,0xFFFF,0xFFFF,
    0xFFFF,0xFFFF,0xFFFF,0xFFFF,0xFFFF,0xFFFF,0xFFFF,0xFFFF,0xFFFF,0xFFFF,0xFFFF,0xFFFF,
    0xFFFF,0xFFFF,0xFFFF,0xFFFF,0xFFFF,0xFFFF,0xFFFF,0xFFFF,0xFFFF,0xFFFF,0xFFFF,0xFFFF,
    0xFFFF,0xFFFF,0xFFFF,0xFFFF,0xFFFF,0xFFFF,0xFFFF,0xFFFF,0xFFFF,0xFFFF,0xFFFF,0xFFFF,
    0xFFFF,0xFFFF,0xFFFF,0xFFFF,0xFFFF,0xFFFF,0xFFFF,0xFFFF,0xFFFF,0xFFFF,0xFFFF,0xFFFF,
    0xFFFF,0xFFFF,0xFFFF,0xFFFF,0xFFFF,0xFFFF,0xFFFF,0xFFFF,0xFFFF,0xFFFF,0xDFFF,0xFFFF,
    0xDFFF,0xAE8B,0x4130,0xA240,0xE348,0x6138,0x6269,0x84C3,0x24E4,0xC2DB,0xC2DB,0x22DC,
    0x83EC,0xC2EC,0xC2EC,0xA2EC,0xA2EC,0xA2EC,0xA2EC,0xA2EC,0xC3EC,0xA2EC,0xA2EC,0xA2EC,
    0xA2EC,0xA2EC,0xA2EC,0xA2EC,0xA2EC,0xA2EC,0xA2EC,0xA2EC,0xA2EC,0xA2EC,0xA2EC,0xA2EC,
    0xA2EC,0xA2EC,0xA2EC,0xA2EC,0xC2F4,0x03FD,0xE5F4,0x65DC,0x64B3,0x2382,0x2259,0x8140,
    0x6238,0x8238,0xA338,0xC340,0xC340,0xA340,0x8240,0x8240,0x8140,0xC148,0x2259,0x8269,
    0x037A,0x638A,0xC49A,0x24AB,0x84BB,0xE5C3,0x05CC,0x25D4,0x65DC,0x65E4,0x85E4,0x85E4,
    0x85E4,0x85E4,0x65DC,0x45DC,0x25D4,0x05D4,0xC5CB,0x84BB,0x24AB,0xC49A,0x648A,0xE379,
    0x8269,0x2251,0xC140,0x8138,0x6238,0x8238,0xA340,0xC340,0xC340,0xA340,0x6238,0x8238,
    0xA148,0x2259,0x4382,0x44AB,0x45D4,0xE5EC,0xE3F4,0xC2F4,0xA2EC,0x82EC,0xA2EC,0xA3EC,
    0xA3F4,0xA2EC,0xA2EC,0xA2EC,0xA2EC,0xA2EC,0xA2EC,0xA2EC,0xA2EC,0xA2EC,0xA3EC,0xA3EC,
    0xA2EC,0xC2EC,0xC3EC,0x63EC,0x02DC,0xC2DB,0xC3DB,0xC3DB,0xC3DB,0xE3DB,0xE2DB,0xE3DB,
    0xE3DB,0xC3DB,0xC2DB,0x04E4,0x64C3,0x6269,0x4138,0xA340,0x8240,0x2130,0x8E83,0xBEFF,
    0xFFFF,0xDFFF,0xFFFF,0xFFFF,0xFFFF,0xFFFF,0xFFFF,0xFFFF,0xFFFF,0xFFFF,0xFFFF,0xFFFF,
    0xFFFF,0xFFFF,0xFFFF,0xFFFF,0xFFFF,0xFFFF,0xFFFF,0xFFFF,0xFFFF,0xFFFF,0xFFFF,0xFFFF,
    0xFFFF,0xFFFF,0xFFFF,0xFFFF,0xFFFF,0xFFFF,0xFFFF,0xFFFF,0xFFFF,0xFFFF,0xFFFF,0xFFFF,
    0xFFFF,0xFFFF,0xFFFF,0xFFFF,0xFFFF,0xFFFF,0xFFFF,0xFFFF,0xFFFF,0xFFFF,0xFFFF,0xFFFF,
    0xFFFF,0xFFFF,0xFFFF,0xFFFF,0xFFFF,0xFFFF,0xFFFF,0xFFFF,0xFFFF,0xFFFF,0xFFFF,0xFFFF,
    0xFFFF,0xFFFF,0xFFFF,0xFFFF,0xFFFF,0xFFFF,0xFFFF,0xFFFF,0xFFFF,0xFFFF,0xFFFF,0xFFFF,
    0xFFFF,0xFFFF,0xFFFF,0xFFFF,0xFFFF,0xFFFF,0xFFFF,0xFFFF,0xFFFF,0xFFFF,0xFFFF,0xFFFF,
    0xFFFF,0xFFFF,0xFFFF,0xFFFF,0xFFFF,0xFFFF,0xFFFF,0xFFFF,0xFFFF,0xFFFF,0xFFFF,0xDFFF,
    0xFFFF,0xFFFF,0x75BD,0xE440,0x4138,0xE448,0x8238,0xA148,0x6392,0x04DC,0xE3DB,0xA2D3,
    0xE2DB,0x22E4,0x83EC,0xC3EC,0xA2EC,0xA2EC,0xA2EC,0xA2EC,0xA2EC,0xA2EC,0xC2EC,0xA2EC,
    0xA2EC,0xA2EC,0xA2EC,0xA2EC,0xA2EC,0xA2EC,0xA2EC,0xA2EC,0xA2EC,0xA2EC,0xA2EC,0xA2EC,
    0xC2EC,0xA2EC,0xA2EC,0xA3EC,0xA2EC,0xA2EC,0xA2EC,0xC3F4,0xE3F4,0xE4F4,0xA4E4,0xE4CB,
    0x24AB,0x4382,0x6269,0xE250,0x8240,0x8238,0x8340,0xA340,0xA340,0xA340,0xA340,0xA338,
    0x8238,0x8238,0x8238,0x8138,0x8240,0xA240,0xC248,0xE150,0x0151,0x0259,0x2259,0x2259,
    0x2261,0x0259,0x0259,0xE258,0xC250,0xC250,0xA248,0xA240,0x8138,0x8238,0x8238,0x8238,
    0x8338,0xA338,0xA338,0xA338,0x8338,0x8238,0x6238,0x8240,0xC248,0x6261,0x4382,0x24AB,
    0x05CC,0xA5EC,0x04F5,0xE3F4,0xC2F4,0x82EC,0xA2EC,0xA3EC,0xA3EC,0xA2EC,0xA2EC,0xA2EC,
    0xA2EC,0xA2EC,0xA2EC,0xA2EC,0xA2EC,0xA2EC,0xA2EC,0xA2EC,0xA2EC,0xA2EC,0xA2EC,0xA2EC,
    0xC3EC,0x83EC,0x22E4,0xC2DB,0xC2DB,0xC3DB,0xE3DB,0xE3DB,0xE3DB,0xC2DB,0xE3DB,0xE3DB,
    0xC2DB,0x03E4,0x04DC,0x839A,0xA148,0x8240,0xC348,0x2130,0x0441,0x75BD,0xFFFF,0xFFFF,
    0xFFFF,0xFFFF,0xFFFF,0xFFFF,0xFFFF,0xFFFF,0xFFFF,0xFFFF,0xFFFF,0xFFFF,0xFFFF,0xFFFF,
    0xFFFF,0xFFFF,0xFFFF,0xFFFF,0xFFFF,0xFFFF,0xFFFF,0xFFFF,0xFFFF,0xFFFF,0xFFFF,0xFFFF,
    0xFFFF,0xFFFF,0xFFFF,0xFFFF,0xFFFF,0xFFFF,0xFFFF,0xFFFF,0xFFFF,0xFFFF,0xFFFF,0xFFFF,
    0xFFFF,0xFFFF,0xFFFF,0xFFFF,0xFFFF,0xFFFF,0xFFFF,0xFFFF,0xFFFF,0xFFFF,0xFFFF,0xFFFF,
    0xFFFF,0xFFFF,0xFFFF,0xFFFF,0xFFFF,0xFFFF,0xFFFF,0xFFFF,0xFFFF,0xFFFF,0xFFFF,0xFFFF,
    0xFFFF,0xFFFF,0xFFFF,0xFFFF,0xFFFF,0xFFFF,0xFFFF,0xFFFF,0xFFFF,0xFFFF,0xFFFF,0xFFFF,
    0xFFFF,0xFFFF,0xFFFF,0xFFFF,0xFFFF,0xFFFF,0xFFFF,0xFFFF,0xFFFF,0xFFFF,0xFFFF,0xFFFF,
    0xFFFF,0xFFFF,0xFFFF,0xFFFF,0xFFFF,0xFFFF,0xFFFF,0xFFFF,0xFFFF,0xFFFF,0xFFFF,0xFFFF,
    0xFFFF,0xDFFF,0xFFFF,0xFBE6,0x6962,0x0028,0xA340,0xA340,0x4130,0x6261,0x44BB,0x24E4,
    0xC2DB,0xC2DB,0xE2DB,0x42E4,0xA3EC,0xC3EC,0xA3EC,0xA2EC,0xA2EC,0xA2EC,0xA2EC,0xA2EC,
    0xA2EC,0xA2EC,0xA2EC,0xA2EC,0xA2EC,0xA2EC,0xA2EC,0xA2EC,0xA2EC,0xA2EC,0xA2EC,0xA2EC,
    0xC3EC,0xC3EC,0xA3EC,0xA3EC,0xA3EC,0xC3EC,0xA3EC,0xA3EC,0xA2EC,0xA2EC,0xA2F4,0xE3F4,
    0xE3FC,0x04FD,0xC5EC,0x65DC,0xA4C3,0xE3A2,0x2282,0x6269,0xE150,0xA140,0x6138,0x6138,
    0x6238,0x6238,0x8238,0x8238,0xA238,0xA340,0xA340,0xA340,0xA340,0xA340,0xA340,0xA340,
    0xA340,0xA340,0xA340,0xA340,0xA340,0xA340,0xA340,0xA340,0xA240,0x8238,0x6238,0x6238,
    0x6138,0x6238,0x8138,0xE148,0x6261,0xE279,0xC39A,0x84BB,0x45DC,0xE5EC,0x05F5,0x04FD,
    0xE3F4,0xC2F4,0xA2EC,0xA2EC,0xA3EC,0xA3EC,0xA3EC,0xA2EC,0xA3EC,0xA3EC,0xA3EC,0xA2EC,
    0xA2EC,0xA2EC,0xA2EC,0xA2EC,0xA2EC,0xA2EC,0xA2EC,0xA2EC,0xA2EC,0xA2EC,0xC3EC,0x83EC,
    0x22E4,0xC2DB,0xC2DB,0xC3DB,0xE3DB,0xE3DB,0xE3DB,0xE3DB,0xE3DB,0xE3DB,0xC2DB,0xE2DB,
    0x24E4,0x64C3,0x6269,0x4138,0xA340,0xA240,0x2030,0x696A,0xFBE6,0xFFFF,0xDFFF,0xFFFF,
    0xFFFF,0xFFFF,0xFFFF,0xFFFF,0xFFFF,0xFFFF,0xFFFF,0xFFFF,0xFFFF,0xFFFF,0xFFFF,0xFFFF,
    0xFFFF,0xFFFF,0xFFFF,0xFFFF,0xFFFF,0xFFFF,0xFFFF,0xFFFF,0xFFFF,0xFFFF,0xFFFF,0xFFFF,
    0xFFFF,0xFFFF,0xFFFF,0xFFFF,0xFFFF,0xFFFF,0xFFFF,0xFFFF,0xFFFF,0xFFFF,0xFFFF,0xFFFF,
    0xFFFF,0xFFFF,0xFFFF,0xFFFF,0xFFFF,0xFFFF,0xFFFF,0xFFFF,0xFFFF,0xFFFF,0xFFFF,0xFFFF,
    0xFFFF,0xFFFF,0xFFFF,0xFFFF,0xFFFF,0xFFFF,0xFFFF,0xFFFF,0xFFFF,0xFFFF,0xFFFF,0xFFFF,
    0xFFFF,0xFFFF,0xFFFF,0xFFFF,0xFFFF,0xFFFF,0xFFFF,0xFFFF,0xFFFF,0xFFFF,0xFFFF,0xFFFF,
    0xFFFF,0xFFFF,0xFFFF,0xFFFF,0xFFFF,0xFFFF,0xFFFF,0xFFFF,0xFFFF,0xFFFF,0xFFFF,0xFFFF,
    0xFFFF,0xFFFF,0xFFFF,0xFFFF,0xFFFF,0xFFFF,0xFFFF,0xFFFF,0xFFFF,0xFFFF,0xFFFF,0xFFFF,
    0xFFFF,0xFFFF,0xDFFF,0xFFFF,0xFFFF,0x519C,0xA238,0x4130,0xC340,0x6238,0x8140,0x238A,
    0xC4D3,0x03E4,0xC2DB,0xC2DB,0xE2DB,0x42E4,0xA3EC,0xC3EC,0xC2EC,0xA2EC,0xA2EC,0xA2EC,
    0xA2EC,0xA2EC,0xA2EC,0xA2EC,0xA2EC,0xA2EC,0xA2EC,0xA2EC,0xA2EC,0xA2EC,0xA2EC,0xA2EC,
    0xA2EC,0xA3EC,0xA3EC,0xA3EC,0xA3EC,0xA3EC,0xA3EC,0xA3EC,0xA3EC,0xA3EC,0xA3EC,0xA3EC,
    0x82EC,0x82EC,0xA2EC,0xC2F4,0xE3F4,0xE3FC,0xE4F4,0xC4EC,0x64DC,0x04CC,0x84B3,0x03A3,
    0x8392,0x037A,0xA269,0x4261,0x0259,0xE250,0xC248,0xC148,0xA148,0xA140,0x8140,0x8140,
    0xA140,0xA140,0xA148,0xA148,0xC248,0xE250,0xE250,0x2259,0x6261,0xA271,0x0382,0x8392,
    0xE3A2,0x84B3,0xE4CB,0x64DC,0xC4EC,0xE4F4,0x03F5,0xE3FC,0xC2F4,0xA2F4,0xA2EC,0xA2EC,
    0xA2EC,0xA2EC,0xA2EC,0xA3EC,0xA3EC,0xA3EC,0xA3EC,0xA3EC,0xA3EC,0xA3EC,0xA3EC,0xA2EC,
    0xA2EC,0xA2EC,0xC2EC,0xA2EC,0xA2EC,0xA2EC,0xA2EC,0xC2EC,0xA2EC,0x83EC,0x22E4,0xC2DB,
    0xC2DB,0xE3DB,0xE3DB,0xC3DB,0xC3DB,0xE3DB,0xE3DB,0xE3DB,0xC3DB,0xC2DB,0x03E4,0xE5DB,
    0x4392,0xA148,0x8240,0xC348,0x2130,0xC338,0x92A4,0xFFFF,0xFFFF,0xDFFF,0xFFFF,0xFFFF,
    0xFFFF,0xFFFF,0xFFFF,0xFFFF,0xFFFF,0xFFFF,0xFFFF,0xFFFF,0xFFFF,0xFFFF,0xFFFF,0xFFFF,
    0xFFFF,0xFFFF,0xFFFF,0xFFFF,0xFFFF,0xFFFF,0xFFFF,0xFFFF,0xFFFF,0xFFFF,0xFFFF,0xFFFF,
    0xFFFF,0xFFFF,0xFFFF,0xFFFF,0xFFFF,0xFFFF,0xFFFF,0xFFFF,0xFFFF,0xFFFF,0xFFFF,0xFFFF,
    0xFFFF,0xFFFF,0xFFFF,0xFFFF,0xFFFF,0xFFFF,0xFFFF,0xFFFF,0xFFFF,0xFFFF,0xFFFF,0xFFFF,
    0xFFFF,0xFFFF,0xFFFF,0xFFFF,0xFFFF,0xFFFF,0xFFFF,0xFFFF,0xFFFF,0xFFFF,0xFFFF,0xFFFF,
    0xFFFF,0xFFFF,0xFFFF,0xFFFF,0xFFFF,0xFFFF,0xFFFF,0xFFFF,0xFFFF,0xFFFF,0xFFFF,0xFFFF,
    0xFFFF,0xFFFF,0xFFFF,0xFFFF,0xFFFF,0xFFFF,0xFFFF,0xFFFF,0xFFFF,0xFFFF,0xFFFF,0xFFFF,
    0xFFFF,0xFFFF,0xFFFF,0xFFFF,0xFFFF,0xFFFF,0xFFFF,0xFFFF,0xFFFF,0xFFFF,0xFFFF,0xFFFF,
    0xFFFF,0xFFFF,0xFFFF,0xFFFF,0xFFFF,0xFFFF,0x79DE,0x496A,0x2028,0x8240,0xC340,0x6138,
    0x2259,0xE4AA,0x04E4,0x03E4,0xC2DB,0xC2DB,0xE2DB,0x43E4,0x83EC,0xC3EC,0xC2EC,0xA2EC,
    0xA2EC,0xA2EC,0xA2EC,0xA2EC,0xA2EC,0xA2EC,0xA2EC,0xA2EC,0xA2EC,0xA2EC,0xA2EC,0xA2EC,
    0xA3EC,0xA3EC,0xA3EC,0xA3EC,0xA3EC,0xA3EC,0xA3EC,0xA3EC,0xA3EC,0xA3EC,0xA3EC,0xA3EC,
    0xA3EC,0xA3EC,0xA3EC,0xA3EC,0x82EC,0x82EC,0x82EC,0xA2EC,0xC2F4,0xC2F4,0xE3F4,0x03FD,
    0x03FD,0xE4F4,0xE4F4,0xA4EC,0x84E4,0x44DC,0x24D4,0x04CC,0xE4CB,0xC4C3,0xA4C3,0xA4C3,
    0xA4C3,0xC4C3,0xC4CB,0xE4CB,0x24D4,0x44DC,0x64E4,0x84E4,0xC4EC,0xE4F4,0xE4F4,0x04FD,
    0x03FD,0xE3FC,0xC2F4,0xC2F4,0xA2EC,0xA2EC,0x82EC,0xA2EC,0xA2EC,0xA2EC,0xA2F4,0xA2F4,
    0xA3EC,0xA3F4,0xA3EC,0xA3EC,0xA3EC,0xA3EC,0xA3EC,0xA3EC,0xA3EC,0xA3EC,0xA2EC,0xA2EC,
    0xA2EC,0xA2EC,0xA2EC,0xA2EC,0xA2EC,0xC2EC,0xC3EC,0x83EC,0x22E4,0xE2DB,0xC2DB,0xC3DB,
    0xE3DB,0xE3DB,0xC3DB,0xC3DB,0xC3DB,0xC3DB,0xC3DB,0xC3DB,0xE3E3,0x04DC,0xE4AA,0x2261,
    0x6240,0xC348,0xA240,0x2130,0x8A6A,0xDADE,0xFFFF,0xFFFF,0xFFFF,0xFFFF,0xFFFF,0xFFFF,
    0xFFFF,0xFFFF,0xFFFF,0xFFFF,0xFFFF,0xFFFF,0xFFFF,0xFFFF,0xFFFF,0xFFFF,0xFFFF,0xFFFF,
    0xFFFF,0xFFFF,0xFFFF,0xFFFF,0xFFFF,0xFFFF,0xFFFF,0xFFFF,0xFFFF,0xFFFF,0xFFFF,0xFFFF,
    0xFFFF,0xFFFF,0xFFFF,0xFFFF,0xFFFF,0xFFFF,0xFFFF,0xFFFF,0xFFFF,0xFFFF,0xFFFF,0xFFFF,
    0xFFFF,0xFFFF,0xFFFF,0xFFFF,0xFFFF,0xFFFF,0xFFFF,0xFFFF,0xFFFF,0xFFFF,0xFFFF,0xFFFF,
    0xFFFF,0xFFFF,0xFFFF,0xFFFF,0xFFFF,0xFFFF,0xFFFF,0xFFFF,0xFFFF,0xFFFF,0xFFFF,0xFFFF,
    0xFFFF,0xFFFF,0xFFFF,0xFFFF,0xFFFF,0xFFFF,0xFFFF,0xFFFF,0xFFFF,0xFFFF,0xFFFF,0xFFFF,
    0xFFFF,0xFFFF,0xFFFF,0xFFFF,0xFFFF,0xFFFF,0xFFFF,0xFFFF,0xFFFF,0xFFFF,0xFFFF,0xFFFF,
    0xFFFF,0xFFFF,0xFFFF,0xFFFF,0xFFFF,0xFFFF,0xFFFF,0xFFFF,0xFFFF,0xFFFF,0xFFFF,0xFFFF,
    0xFFFF,0xFFFF,0xFFFF,0xFFFF,0xFFFF,0xFFFF,0xFFFF,0xFFFF,0xB2A4,0xE338,0x2030,0xC348,
    0xA340,0x8140,0xA271,0x64C3,0x24E4,0x03E4,0xC2DB,0xC2DB,0xE2DB,0x22E4,0x83EC,0xC3EC,
    0xC2EC,0xA2EC,0xA2EC,0xA2EC,0xA2EC,0xA2EC,0xA2EC,0xA2EC,0xA2EC,0xA2EC,0xA3EC,0xA3EC,
    0xA3EC,0xA3EC,0xA3EC,0xA3EC,0xA3EC,0xA3EC,0xA3EC,0xA3EC,0xA3EC,0xA3EC,0xA3EC,0xA3EC,
    0xA3EC,0xA3EC,0xA3EC,0xA3EC,0xA3EC,0xA3EC,0xA3EC,0xA2EC,0xA2EC,0xA2EC,0xA2EC,0xA2EC,
    0xA2EC,0xA2EC,0xA2EC,0xC2EC,0xC2F4,0xC2F4,0xC2F4,0xC3F4,0xC3F4,0xE3F4,0xE3F4,0xE3F4,
    0xE3F4,0xE3F4,0xE3F4,0xC3F4,0xC3F4,0xC2F4,0xC2F4,0xC2F4,0xC2F4,0xA2EC,0xA2EC,0xA2EC,
    0xA2EC,0xA2EC,0xA2EC,0xA2EC,0xA2EC,0xA2EC,0xA2EC,0xA2EC,0xA2EC,0xA2EC,0xA3F4,0xA3EC,
    0xA3EC,0xA3EC,0xA3EC,0xA3EC,0xA3EC,0xA3EC,0xA3EC,0xA3EC,0xA3EC,0xA2EC,0xA2EC,0xA2EC,
    0xA2EC,0xA2EC,0xA2EC,0xC3EC,0xC3EC,0x83EC,0x22E4,0xE2DB,0xC2DB,0xE3DB,0xE3DB,0xE3DB,
    0xE3DB,0xC3DB,0xE3DB,0xC3DB,0xC3DB,0xC3D3,0xE3DB,0x24E4,0x64C3,0xA271,0x6140,0xA340,
    0xC348,0x2130,0x0441,0xF3AC,0xFFFF,0xFFFF,0xFFFF,0xFFFF,0xFFFF,0xFFFF,0xFFFF,0xFFFF,
    0xFFFF,0xFFFF,0xFFFF,0xFFFF,0xFFFF,0xFFFF,0xFFFF,0xFFFF,0xFFFF,0xFFFF,0xFFFF,0xFFFF,
    0xFFFF,0xFFFF,0xFFFF,0xFFFF,0xFFFF,0xFFFF,0xFFFF,0xFFFF,0xFFFF,0xFFFF,0xFFFF,0xFFFF,
    0xFFFF,0xFFFF,0xFFFF,0xFFFF,0xFFFF,0xFFFF,0xFFFF,0xFFFF,0xFFFF,0xFFFF,0xFFFF,0xFFFF,
    0xFFFF,0xFFFF,0xFFFF,0xFFFF,0xFFFF,0xFFFF,0xFFFF,0xFFFF,0xFFFF,0xFFFF,0xFFFF,0xFFFF,
    0xFFFF,0xFFFF,0xFFFF,0xFFFF,0xFFFF,0xFFFF,0xFFFF,0xFFFF,0xFFFF,0xFFFF,0xFFFF,0xFFFF,
    0xFFFF,0xFFFF,0xFFFF,0xFFFF,0xFFFF,0xFFFF,0xFFFF,0xFFFF,0xFFFF,0xFFFF,0xFFFF,0xFFFF,
    0xFFFF,0xFFFF,0xFFFF,0xFFFF,0xFFFF,0xFFFF,0xFFFF,0xFFFF,0xFFFF,0xFFFF,0xFFFF,0xFFFF,
    0xFFFF,0xFFFF,0xFFFF,0xFFFF,0xFFFF,0xFFFF,0xFFFF,0xFFFF,0xFFFF,0xFFFF,0xFFFF,0xFFFF,
    0xFFFF,0xFFFF,0xFFFF,0xFFFF,0xFFFF,0xFFFF,0xFFFF,0xFFFF,0xFFFF,0xDBE6,0xCB72,0x4130,
    0x8240,0xE448,0xA340,0xA148,0x0382,0xA4CB,0x24EC,0xE2E3,0xC2DB,0xC2DB,0xC2DB,0x02DC,
    0x42E4,0xA3EC,0xC3EC,0xA2EC,0xA2EC,0xA2EC,0xA2EC,0xA2EC,0xA2EC,0xA3EC,0xA3EC,0xA3EC,
    0xA3EC,0xA3EC,0xA3EC,0xA3EC,0xA3EC,0xA3EC,0xA3EC,0xA3EC,0xA3EC,0xA3EC,0xA3EC,0xA3EC,
    0xA3EC,0xA3EC,0xA3EC,0xA2EC,0xA2EC,0xA3EC,0xA3EC,0xA2EC,0xA2EC,0xA2EC,0xA2EC,0xA3EC,
    0xC2EC,0xA3EC,0xC3EC,0xC3EC,0xA2EC,0xA2EC,0xA2EC,0xA2EC,0xA2EC,0xA2EC,0xA2EC,0xA2EC,
    0xA2EC,0xA2EC,0xA2EC,0xA2EC,0xA2EC,0xA2EC,0xA2EC,0xC2EC,0xC2EC,0xC2EC,0xA2EC,0xC2EC,
    0xA2EC,0xC2EC,0xA2EC,0xA2EC,0xA2EC,0xA2EC,0xC2EC,0xA2EC,0xA2EC,0xA2EC,0xA3EC,0xA2EC,
    0xA3EC,0xA3EC,0xA3EC,0xA3EC,0xA3EC,0xA3EC,0xA3EC,0xA2EC,0xA2EC,0xA2EC,0xA2EC,0xA2EC,
    0xA2EC,0xC3EC,0xA3EC,0x63E4,0x02DC,0xE2DB,0xC2DB,0xE3DB,0xE3DB,0xE3DB,0xE3DB,0xE3DB,
    0xC3DB,0xC3DB,0xC3DB,0xC2DB,0xE3DB,0x04E4,0xA5CB,0x238A,0xA148,0x8240,0xE348,0x8240,
    0x6238,0x2C7B,0x1CE7,0xFFFF,0xFFFF,0xFFFF,0xFFFF,0xFFFF,0xFFFF,0xFFFF,0xFFFF,0xFFFF,
    0xFFFF,0xFFFF,0xFFFF,0xFFFF,0xFFFF,0xFFFF,0xFFFF,0xFFFF,0xFFFF,0xFFFF,0xFFFF,0xFFFF,
    0xFFFF,0xFFFF,0xFFFF,0xFFFF,0xFFFF,0xFFFF,0xFFFF,0xFFFF,0xFFFF,0xFFFF,0xFFFF,0xFFFF,
    0xFFFF,0xFFFF,0xFFFF,0xFFFF,0xFFFF,0xFFFF,0xFFFF,0xFFFF,0xFFFF,0xFFFF,0xFFFF,0xFFFF,
    0xFFFF,0xFFFF,0xFFFF,0xFFFF,0xFFFF,0xFFFF,0xFFFF,0xFFFF,0xFFFF,0xFFFF,0xFFFF,0xFFFF,
    0xFFFF,0xFFFF,0xFFFF,0xFFFF,0xFFFF,0xFFFF,0xFFFF,0xFFFF,0xFFFF,0xFFFF,0xFFFF,0xFFFF,
    0xFFFF,0xFFFF,0xFFFF,0xFFFF,0xFFFF,0xFFFF,0xFFFF,0xFFFF,0xFFFF,0xFFFF,0xFFFF,0xFFFF,
    0xFFFF,0xFFFF,0xFFFF,0xFFFF,0xFFFF,0xFFFF,0xFFFF,0xFFFF,0xFFFF,0xFFFF,0xFFFF,0xFFFF,
    0xFFFF,0xFFFF,0xFFFF,0xFFFF,0xFFFF,0xFFFF,0xFFFF,0xFFFF,0xFFFF,0xFFFF,0xFFFF,0xFFFF,
    0xFFFF,0xFFFF,0xFFFF,0xFFFF,0xFFFF,0xFFFF,0xFFFF,0xFFFF,0xDFFF,0xFFFF,0xFFFF,0xB6BD,
    0xC759,0x4130,0xA240,0xC348,0x8240,0xC250,0x4392,0xA4CB,0x03E4,0xE2DB,0xC2DB,0xC2DB,
    0xC2DB,0xE2DB,0x22E4,0x83EC,0xA3EC,0xC2EC,0xC2EC,0xC2EC,0xA2EC,0xA3EC,0xA2EC,0xA2EC,
    0xA2EC,0xA3EC,0xA3EC,0xA3EC,0xA3EC,0xA3EC,0xA3EC,0xA3EC,0xA3EC,0xA3EC,0xA3EC,0xA3EC,
    0xA3EC,0xA2EC,0xA2EC,0xA2EC,0xA2EC,0xA2EC,0xA2EC,0xA3EC,0xA3EC,0xA3EC,0xA3EC,0xA2EC,
    0xA2EC,0xA2EC,0xA2EC,0xA2EC,0xA2EC,0xA2EC,0xA2EC,0xA2EC,0xA2EC,0xA2EC,0xA2EC,0xA3EC,
    0xA3EC,0xA2EC,0xA2EC,0xA2EC,0xA2EC,0xA2EC,0xA2EC,0xA2EC,0xA2EC,0xA2EC,0xA2EC,0xA2EC,
    0xC2EC,0xA2EC,0xA2EC,0xC2EC,0xA2EC,0xA2EC,0xA2EC,0xA2EC,0xA2EC,0xA2EC,0xA2EC,0xA2EC,
    0xA2EC,0xA2EC,0xA2EC,0xA2EC,0xA3EC,0xA3EC,0xA2EC,0xA2EC,0xA2EC,0xA2EC,0xA2EC,0xA3EC,
    0x83EC,0x42E4,0xE2DB,0xC2DB,0xC3DB,0xE3DB,0xE3DB,0xE3DB,0xE3DB,0xE3DB,0xE3DB,0xC3DB,
    0xC3DB,0xC2DB,0xE3DB,0x04DC,0xA4CB,0x438A,0xC250,0x6238,0xC340,0x8240,0x2130,0xC759,
    0xD6C5,0xFFFF,0xFFFF,0xFFFF,0xFFFF,0xFFFF,0xFFFF,0xFFFF,0xFFFF,0xFFFF,0xFFFF,0xFFFF,
    0xFFFF,0xFFFF,0xFFFF,0xFFFF,0xFFFF,0xFFFF,0xFFFF,0xFFFF,0xFFFF,0xFFFF,0xFFFF,0xFFFF,
    0xFFFF,0xFFFF,0xFFFF,0xFFFF,0xFFFF,0xFFFF,0xFFFF,0xFFFF,0xFFFF,0xFFFF,0xFFFF,0xFFFF,
    0xFFFF,0xFFFF,0xFFFF,0xFFFF,0xFFFF,0xFFFF,0xFFFF,0xFFFF,0xFFFF,0xFFFF,0xFFFF,0xFFFF,
    0xFFFF,0xFFFF,0xFFFF,0xFFFF,0xFFFF,0xFFFF,0xFFFF,0xFFFF,0xFFFF,0xFFFF,0xFFFF,0xFFFF,
    0xFFFF,0xFFFF,0xFFFF,0xFFFF,0xFFFF,0xFFFF,0xFFFF,0xFFFF,0xFFFF,0xFFFF,0xFFFF,0xFFFF,
    0xFFFF,0xFFFF,0xFFFF,0xFFFF,0xFFFF,0xFFFF,0xFFFF,0xFFFF,0xFFFF,0xFFFF,0xFFFF,0xFFFF,
    0xFFFF,0xFFFF,0xFFFF,0xFFFF,0xFFFF,0xFFFF,0xFFFF,0xFFFF,0xFFFF,0xFFFF,0xFFFF,0xFFFF,
    0xFFFF,0xFFFF,0xFFFF,0xFFFF,0xFFFF,0xFFFF,0xFFFF,0xFFFF,0xFFFF,0xFFFF,0xFFFF,0xFFFF,
    0xFFFF,0xFFFF,0xFFFF,0xFFFF,0xFFFF,0xFFFF,0xFFFF,0xFFFF,0xFFFF,0xFFFF,0xFFFF,0xFFFF,
    0xBEFF,0xD3AC,0x4549,0x4130,0xC348,0xC348,0x6238,0xC148,0x438A,0x84CB,0x03DC,0xE2DB,
    0xC2DB,0xC2D3,0xC2DB,0xE2DB,0x02DC,0x63E4,0xA3EC,0xC3EC,0xC3EC,0xC2EC,0xA2EC,0xA2EC,
    0xA3EC,0xA3EC,0xA3EC,0xA3EC,0xA3EC,0xA3EC,0xA3EC,0xA3EC,0xA3EC,0xA3EC,0xA3EC,0xA3EC,
    0xA3EC,0xA2EC,0xA2EC,0xC2EC,0xA2EC,0xA2EC,0xA3EC,0xA3EC,0xA3EC,0xA3EC,0xA3EC,0xA3EC,
    0xA2EC,0xA2EC,0xA2EC,0xA2EC,0xA2EC,0xA2EC,0xA2EC,0xA2EC,0xC2EC,0xA2EC,0xA2EC,0xA2EC,
    0xA2EC,0xA2EC,0xA2EC,0xA2EC,0xA2EC,0xA2EC,0xA2EC,0xA2EC,0xA2EC,0xA2EC,0xA2EC,0xA2EC,
    0xA2EC,0xA2EC,0xC2EC,0xC2EC,0xA2EC,0xA2EC,0xA2EC,0xA2EC,0xA2EC,0xA2EC,0xA2EC,0xA2EC,
    0xA2EC,0xA2EC,0xA2EC,0xA2EC,0xA2EC,0xA2EC,0xC2EC,0xC2F4,0xC3EC,0xA2EC,0x42E4,0x02DC,
    0xC2DB,0xC2DB,0xC2DB,0xE2DB,0xE3DB,0xE3DB,0xE3DB,0xE3DB,0xE3DB,0xE3DB,0xC3DB,0xC2DB,
    0xE2DB,0x24E4,0xA4CB,0x4392,0xC148,0x6130,0xC340,0xA340,0x2130,0x4549,0xD3AC,0xBEFF,
    0xFFFF,0xFFFF,0xFFFF,0xFFFF,0xFFFF,0xFFFF,0xFFFF,0xFFFF,0xFFFF,0xFFFF,0xFFFF,0xFFFF,
    0xFFFF,0xFFFF,0xFFFF,0xFFFF,0xFFFF,0xFFFF,0xFFFF,0xFFFF,0xFFFF,0xFFFF,0xFFFF,0xFFFF,
    0xFFFF,0xFFFF,0xFFFF,0xFFFF,0xFFFF,0xFFFF,0xFFFF,0xFFFF,0xFFFF,0xFFFF,0xFFFF,0xFFFF,
    0xFFFF,0xFFFF,0xFFFF,0xFFFF,0xFFFF,0xFFFF,0xFFFF,0xFFFF,0xFFFF,0xFFFF,0xFFFF,0xFFFF,
    0xFFFF,0xFFFF,0xFFFF,0xFFFF,0xFFFF,0xFFFF,0xFFFF,0xFFFF,0xFFFF,0xFFFF,0xFFFF,0xFFFF,
    0xFFFF,0xFFFF,0xFFFF,0xFFFF,0xFFFF,0xFFFF,0xFFFF,0xFFFF,0xFFFF,0xFFFF,0xFFFF,0xFFFF,
    0xFFFF,0xFFFF,0xFFFF,0xFFFF,0xFFFF,0xFFFF,0xFFFF,0xFFFF,0xFFFF,0xFFFF,0xFFFF,0xFFFF,
    0xFFFF,0xFFFF,0xFFFF,0xFFFF,0xFFFF,0xFFFF,0xFFFF,0xFFFF,0xFFFF,0xFFFF,0xFFFF,0xFFFF,
    0xFFFF,0xFFFF,0xFFFF,0xFFFF,0xFFFF,0xFFFF,0xFFFF,0xFFFF,0xFFFF,0xFFFF,0xFFFF,0xFFFF,
    0xFFFF,0xFFFF,0xFFFF,0xFFFF,0xFFFF,0xFFFF,0xFFFF,0xFFFF,0xFFFF,0xFFFF,0xFFFF,0xFFFF,
    0xFFFF,0xFFFF,0x5DEF,0xEF93,0xE340,0x4130,0xA340,0xA340,0x4130,0xC148,0x2382,0x84C3,
    0x04DC,0xE2DB,0xC2DB,0xC2DB,0xC3DB,0xE2DB,0xE2DB,0x22E4,0x63E4,0x83EC,0xA3EC,0xC3EC,
    0xC2EC,0xA2EC,0xA2EC,0xA3EC,0xA3EC,0xA3EC,0xA3EC,0xA3EC,0xA3EC,0xC3EC,0xC3EC,0xA3EC,
    0xA3EC,0xA3EC,0xA2EC,0xA2EC,0xA2EC,0xA2EC,0xA3EC,0xA3EC,0xA3EC,0xA3EC,0xA3EC,0xA3EC,
    0xA3EC,0xA2EC,0xA2EC,0xA2EC,0xA2EC,0xA2EC,0xA2EC,0xA2EC,0xA2EC,0xA2EC,0xA2EC,0xA2EC,
    0xA2EC,0xA2EC,0xA2EC,0xA2EC,0xA2EC,0xA2EC,0xA2EC,0xA2EC,0xA2EC,0xA2EC,0xA2EC,0xA2EC,
    0xC2EC,0xC2EC,0xC2EC,0xC2EC,0xC2EC,0xA2EC,0xA2EC,0xA2EC,0xA2EC,0xA2EC,0xA2EC,0xA3EC,
    0xA2EC,0xA2EC,0xA2EC,0xC3F4,0xC2F4,0xA3EC,0x83EC,0x42E4,0x02E4,0xE2DB,0xC2DB,0xC2DB,
    0xE3DB,0xE3DB,0xE3DB,0xE3DB,0xE3DB,0xE3DB,0xE3DB,0xE3DB,0xC3DB,0xC3DB,0x03E4,0x24E4,
    0xA4CB,0x4392,0xE150,0x6138,0xA340,0xA340,0x2030,0xE338,0xEF93,0x5DEF,0xFFFF,0xFFFF,
    0xFFFF,0xFFFF,0xFFFF,0xFFFF,0xFFFF,0xFFFF,0xFFFF,0xFFFF,0xFFFF,0xFFFF,0xFFFF,0xFFFF,
    0xFFFF,0xFFFF,0xFFFF,0xFFFF,0xFFFF,0xFFFF,0xFFFF,0xFFFF,0xFFFF,0xFFFF,0xFFFF,0xFFFF,
    0xFFFF,0xFFFF,0xFFFF,0xFFFF,0xFFFF,0xFFFF,0xFFFF,0xFFFF,0xFFFF,0xFFFF,0xFFFF,0xFFFF,
    0xFFFF,0xFFFF,0xFFFF,0xFFFF,0xFFFF,0xFFFF,0xFFFF,0xFFFF,0xFFFF,0xFFFF,0xFFFF,0xFFFF,
    0xFFFF,0xFFFF,0xFFFF,0xFFFF,0xFFFF,0xFFFF,0xFFFF,0xFFFF,0xFFFF,0xFFFF,0xFFFF,0xFFFF,
    0xFFFF,0xFFFF,0xFFFF,0xFFFF,0xFFFF,0xFFFF,0xFFFF,0xFFFF,0xFFFF,0xFFFF,0xFFFF,0xFFFF,
    0xFFFF,0xFFFF,0xFFFF,0xFFFF,0xFFFF,0xFFFF,0xFFFF,0xFFFF,0xFFFF,0xFFFF,0xFFFF,0xFFFF,
    0xFFFF,0xFFFF,0xFFFF,0xFFFF,0xFFFF,0xFFFF,0xFFFF,0xFFFF,0xFFFF,0xFFFF,0xFFFF,0xFFFF,
    0xFFFF,0xFFFF,0xFFFF,0xFFFF,0xFFFF,0xFFFF,0xFFFF,0xFFFF,0xFFFF,0xFFFF,0xFFFF,0xFFFF,
    0xFFFF,0xFFFF,0xFFFF,0xFFFF,0xFFFF,0xFFFF,0xFFFF,0xFFFF,0xFFFF,0xFFFF,0xFFFF,0xFFFF,
    0xFFFF,0xDFFF,0xFFFF,0xFFFF,0xFBE6,0x8E83,0xC338,0x2130,0xA340,0xA340,0x6130,0xA148,
    0xE379,0x44BB,0x04DC,0x03E4,0xE2DB,0xC2DB,0xE3DB,0xE3DB,0xC2DB,0xE2DB,0x02E4,0x42E4,
    0x83EC,0xA3EC,0xC3EC,0xC3EC,0xC2EC,0xA2EC,0xA2EC,0xA2EC,0xA2EC,0xA3EC,0xA3EC,0xA3EC,
    0xA3EC,0xA3EC,0xA2EC,0xA3EC,0xA3EC,0xA3EC,0xA2EC,0xA3EC,0xA3EC,0xA3EC,0xA3EC,0xA3EC,
    0xA3EC,0xA3EC,0xA2EC,0xA2EC,0xA2EC,0xA2EC,0xA2EC,0xA2EC,0xA2EC,0xA2EC,0xA2EC,0xA2EC,
    0xA2EC,0xA2EC,0xA2EC,0xA2EC,0xA2EC,0xA2EC,0xA2EC,0xA2EC,0xA2EC,0xA2EC,0xA2EC,0xA2EC,
    0xC2EC,0xC2EC,0xC2EC,0xC2EC,0xA2EC,0xA2EC,0xA2EC,0xA2EC,0xA2EC,0xA2EC,0xA2EC,0xA2EC,
    0xC3EC,0xA3EC,0xA3EC,0x83EC,0x42E4,0x02DC,0xE2DB,0xC2DB,0xE2DB,0xE3DB,0xE3DB,0xE3DB,
    0xE3DB,0xE3DB,0xE3DB,0xE3DB,0xC3DB,0xC3DB,0xC3DB,0xE2DB,0x03E4,0x04E4,0x64C3,0x038A,
    0xC150,0x6240,0xC340,0xA340,0x2130,0xA338,0x6E83,0xFBE6,0xFFFF,0xFFFF,0xDFFF,0xFFFF,
    0xFFFF,0xFFFF,0xFFFF,0xFFFF,0xFFFF,0xFFFF,0xFFFF,0xFFFF,0xFFFF,0xFFFF,0xFFFF,0xFFFF,
    0xFFFF,0xFFFF,0xFFFF,0xFFFF,0xFFFF,0xFFFF,0xFFFF,0xFFFF,0xFFFF,0xFFFF,0xFFFF,0xFFFF,
    0xFFFF,0xFFFF,0xFFFF,0xFFFF,0xFFFF,0xFFFF,0xFFFF,0xFFFF,0xFFFF,0xFFFF,0xFFFF,0xFFFF,
    0xFFFF,0xFFFF,0xFFFF,0xFFFF,0xFFFF,0xFFFF,0xFFFF,0xFFFF,0xFFFF,0xFFFF,0xFFFF,0xFFFF,
    0xFFFF,0xFFFF,0xFFFF,0xFFFF,0xFFFF,0xFFFF,0xFFFF,0xFFFF,0xFFFF,0xFFFF,0xFFFF,0xFFFF,
    0xFFFF,0xFFFF,0xFFFF,0xFFFF,0xFFFF,0xFFFF,0xFFFF,0xFFFF,0xFFFF,0xFFFF,0xFFFF,0xFFFF,
    0xFFFF,0xFFFF,0xFFFF,0xFFFF,0xFFFF,0xFFFF,0xFFFF,0xFFFF,0xFFFF,0xFFFF,0xFFFF,0xFFFF,
    0xFFFF,0xFFFF,0xFFFF,0xFFFF,0xFFFF,0xFFFF,0xFFFF,0xFFFF,0xFFFF,0xFFFF,0xFFFF,0xFFFF,
    0xFFFF,0xFFFF,0xFFFF,0xFFFF,0xFFFF,0xFFFF,0xFFFF,0xFFFF,0xFFFF,0xFFFF,0xFFFF,0xFFFF,
    0xFFFF,0xFFFF,0xFFFF,0xFFFF,0xFFFF,0xFFFF,0xFFFF,0xFFFF,0xFFFF,0xFFFF,0xFFFF,0xFFFF,
    0xFFFF,0xFFFF,0xFFFF,0xDFFF,0xFFFF,0xFFFF,0xDADE,0x4D7B,0xA238,0x2028,0x8238,0xA338,
    0x6230,0xA140,0xA271,0x04AB,0x04DC,0x24E4,0x02E4,0xE2DB,0xC3DB,0xC3DB,0xC2DB,0xC2DB,
    0xC2DB,0xE2DB,0x22E4,0x63E4,0xA3EC,0xA3EC,0xC3EC,0xC3EC,0xC2EC,0xC2EC,0xA2EC,0xA2EC,
    0xA2EC,0xA3EC,0xA3EC,0xA3EC,0xA3EC,0xA2EC,0xC3EC,0xA3EC,0xA3EC,0xC3EC,0xA3EC,0xA3EC,
    0xA2EC,0xA3EC,0xA3EC,0xA2EC,0xA3EC,0xA2EC,0xA2EC,0xA2EC,0xA2EC,0xA2EC,0xA2EC,0xA2EC,
    0xA2EC,0xA2EC,0xA2EC,0xA2EC,0xA2EC,0xA2EC,0xA2EC,0xC2EC,0xA2EC,0xA2EC,0xC2EC,0xA2EC,
    0xA2EC,0xA2EC,0xA2EC,0xA2EC,0xA2EC,0xA2EC,0xA2EC,0xC2EC,0xC3EC,0xC3EC,0xA3EC,0xA3EC,
    0x63E4,0x22DC,0xE2DB,0xC2DB,0xC2DB,0xC2DB,0xE2DB,0xE3DB,0xE2DB,0xE3DB,0xE3DB,0xE3DB,
    0xE3DB,0xE2DB,0xE2DB,0xC2DB,0xC2DB,0xE3DB,0x24E4,0xE4DB,0x04B3,0xA279,0xA148,0x6238,
    0xC348,0xA240,0x2130,0xC340,0x6D83,0xDBDE,0xFFFF,0xFFFF,0xDFFF,0xFFFF,0xFFFF,0xFFFF,
    0xFFFF,0xFFFF,0xFFFF,0xFFFF,0xFFFF,0xFFFF,0xFFFF,0xFFFF,0xFFFF,0xFFFF,0xFFFF,0xFFFF,
    0xFFFF,0xFFFF,0xFFFF,0xFFFF,0xFFFF,0xFFFF,0xFFFF,0xFFFF,0xFFFF,0xFFFF,0xFFFF,0xFFFF,
    0xFFFF,0xFFFF,0xFFFF,0xFFFF,0xFFFF,0xFFFF,0xFFFF,0xFFFF,0xFFFF,0xFFFF,0xFFFF,0xFFFF,
    0xFFFF,0xFFFF,0xFFFF,0xFFFF,0xFFFF,0xFFFF,0xFFFF,0xFFFF,0xFFFF,0xFFFF,0xFFFF,0xFFFF,
    0xFFFF,0xFFFF,0xFFFF,0xFFFF,0xFFFF,0xFFFF,0xFFFF,0xFFFF,0xFFFF,0xFFFF,0xFFFF,0xFFFF,
    0xFFFF,0xFFFF,0xFFFF,0xFFFF,0xFFFF,0xFFFF,0xFFFF,0xFFFF,0xFFFF,0xFFFF,0xFFFF,0xFFFF,
    0xFFFF,0xFFFF,0xFFFF,0xFFFF,0xFFFF,0xFFFF,0xFFFF,0xFFFF,0xFFFF,0xFFFF,0xFFFF,0xFFFF,
    0xFFFF,0xFFFF,0xFFFF,0xFFFF,0xFFFF,0xFFFF,0xFFFF,0xFFFF,0xFFFF,0xFFFF,0xFFFF,0xFFFF,
    0xFFFF,0xFFFF,0xFFFF,0xFFFF,0xFFFF,0xFFFF,0xFFFF,0xFFFF,0xFFFF,0xFFFF,0xFFFF,0xFFFF,
    0xFFFF,0xFFFF,0xFFFF,0xFFFF,0xFFFF,0xFFFF,0xFFFF,0xFFFF,0xFFFF,0xFFFF,0xFFFF,0xFFFF,
    0xFFFF,0xFFFF,0xFFFF,0xFFFF,0xFFFF,0xFFFF,0xFFFF,0xFFFF,0x9ADE,0x6D83,0xC338,0x2028,
    0xA240,0xE348,0xA240,0xA240,0x4261,0x839A,0xA4CB,0x24E4,0x23E4,0x02DC,0xC2DB,0xC2DB,
    0xE3DB,0xC3DB,0xC2DB,0xC2DB,0xE2DB,0x02DC,0x22E4,0x63E4,0x83EC,0xA3EC,0xA3EC,0xC3EC,
    0xC3EC,0xC2EC,0xC2EC,0xA2EC,0xA2EC,0xA2EC,0xA3EC,0xA3EC,0xA3EC,0xA3EC,0xA3EC,0xA3EC,
    0xA3EC,0xC3EC,0xA3EC,0xA3EC,0xA3EC,0xA3EC,0xA2EC,0xA2EC,0xA2EC,0xA2EC,0xA2EC,0xA2EC,
    0xA2EC,0xC2EC,0xA2EC,0xA2EC,0xA2EC,0xA2EC,0xA2EC,0xA2EC,0xA2EC,0xC2EC,0xC2EC,0xA2EC,
    0xC2EC,0xC2EC,0xC2EC,0xC3EC,0xC3EC,0xC3EC,0xA3EC,0xA3EC,0x63E4,0x23E4,0x02DC,0xE2DB,
    0xC2D3,0xC2D3,0xC3DB,0xE3DB,0xE3DB,0xE3DB,0xE3DB,0xE3DB,0xE3DB,0xE3DB,0xE3DB,0xE3DB,
    0xC2DB,0xC2DB,0xE3DB,0x03E4,0x04DC,0x84C3,0x6392,0x4261,0x8240,0x8240,0xC348,0xA240,
    0x4138,0xE340,0x8E8B,0xBADE,0xFFFF,0xFFFF,0xFFFF,0xFFFF,0xFFFF,0xFFFF,0xFFFF,0xFFFF,
    0xFFFF,0xFFFF,0xFFFF,0xFFFF,0xFFFF,0xFFFF,0xFFFF,0xFFFF,0xFFFF,0xFFFF,0xFFFF,0xFFFF,
    0xFFFF,0xFFFF,0xFFFF,0xFFFF,0xFFFF,0xFFFF,0xFFFF,0xFFFF,0xFFFF,0xFFFF,0xFFFF,0xFFFF,
    0xFFFF,0xFFFF,0xFFFF,0xFFFF,0xFFFF,0xFFFF,0xFFFF,0xFFFF,0xFFFF,0xFFFF,0xFFFF,0xFFFF,
    0xFFFF,0xFFFF,0xFFFF,0xFFFF,0xFFFF,0xFFFF,0xFFFF,0xFFFF,0xFFFF,0xFFFF,0xFFFF,0xFFFF,
    0xFFFF,0xFFFF,0xFFFF,0xFFFF,0xFFFF,0xFFFF,0xFFFF,0xFFFF,0xFFFF,0xFFFF,0xFFFF,0xFFFF,
    0xFFFF,0xFFFF,0xFFFF,0xFFFF,0xFFFF,0xFFFF,0xFFFF,0xFFFF,0xFFFF,0xFFFF,0xFFFF,0xFFFF,
    0xFFFF,0xFFFF,0xFFFF,0xFFFF,0xFFFF,0xFFFF,0xFFFF,0xFFFF,0xFFFF,0xFFFF,0xFFFF,0xFFFF,
    0xFFFF,0xFFFF,0xFFFF,0xFFFF,0xFFFF,0xFFFF,0xFFFF,0xFFFF,0xFFFF,0xFFFF,0xFFFF,0xFFFF,
    0xFFFF,0xFFFF,0xFFFF,0xFFFF,0xFFFF,0xFFFF,0xFFFF,0xFFFF,0xFFFF,0xFFFF,0xFFFF,0xFFFF,
    0xFFFF,0xFFFF,0xFFFF,0xFFFF,0xFFFF,0xFFFF,0xFFFF,0xFFFF,0xFFFF,0xFFFF,0xFFFF,0xFFFF,
    0xFFFF,0xFFFF,0xFFFF,0xFFFF,0xFFFF,0xFFFF,0xFFFF,0xFFFF,0xFFFF,0xFFFF,0xDBE6,0xCF8B,
    0x4549,0x2130,0x6238,0xE348,0xA340,0x8238,0xC248,0xA271,0xC4A2,0xA4CB,0x04E4,0x03E4,
    0xE2DB,0xC2DB,0xC2DB,0xE3DB,0xE3DB,0xC3DB,0xC2DB,0xC2DB,0xC2DB,0xE2DB,0x02DC,0x22E4,
    0x42E4,0x63E4,0x83EC,0xA3EC,0xC3EC,0xC3EC,0xC3EC,0xC3EC,0xC3EC,0xC3EC,0xC2EC,0xC2EC,
    0xC3EC,0xA2EC,0xA2EC,0xA2EC,0xA3EC,0xA2EC,0xA2EC,0xA2EC,0xA2EC,0xA2EC,0xA2EC,0xA2EC,
    0xA2EC,0xA2EC,0xA2EC,0xC2EC,0xA2EC,0xC2EC,0xC2EC,0xC2EC,0xC2EC,0xC3EC,0xC2EC,0xC3EC,
    0xC3EC,0xA3EC,0x83EC,0x63E4,0x42E4,0x22E4,0x02DC,0xE2DB,0xC2DB,0xC3DB,0xC3DB,0xC3DB,
    0xC3DB,0xC3DB,0xC3DB,0xE3DB,0xC3DB,0xE3DB,0xE3DB,0xE2DB,0xE3DB,0xC3DB,0xC2DB,0xE2DB,
    0x03E4,0x24E4,0xC4D3,0xE4AA,0xA279,0xA148,0x6238,0xA340,0xC340,0x6238,0x4130,0x4549,
    0xEF93,0xFBE6,0xFFFF,0xFFFF,0xFFFF,0xFFFF,0xFFFF,0xFFFF,0xFFFF,0xFFFF,0xFFFF,0xFFFF,
    0xFFFF,0xFFFF,0xFFFF,0xFFFF,0xFFFF,0xFFFF,0xFFFF,0xFFFF,0xFFFF,0xFFFF,0xFFFF,0xFFFF,
    0xFFFF,0xFFFF,0xFFFF,0xFFFF,0xFFFF,0xFFFF,0xFFFF,0xFFFF,0xFFFF,0xFFFF,0xFFFF,0xFFFF,
    0xFFFF,0xFFFF,0xFFFF,0xFFFF,0xFFFF,0xFFFF,0xFFFF,0xFFFF,0xFFFF,0xFFFF,0xFFFF,0xFFFF,
    0xFFFF,0xFFFF,0xFFFF,0xFFFF,0xFFFF,0xFFFF,0xFFFF,0xFFFF,0xFFFF,0xFFFF,0xFFFF,0xFFFF,
    0xFFFF,0xFFFF,0xFFFF,0xFFFF,0xFFFF,0xFFFF,0xFFFF,0xFFFF,0xFFFF,0xFFFF,0xFFFF,0xFFFF,
    0xFFFF,0xFFFF,0xFFFF,0xFFFF,0xFFFF,0xFFFF,0xFFFF,0xFFFF,0xFFFF,0xFFFF,0xFFFF,0xFFFF,
    0xFFFF,0xFFFF,0xFFFF,0xFFFF,0xFFFF,0xFFFF,0xFFFF,0xFFFF,0xFFFF,0xFFFF,0xFFFF,0xFFFF,
    0xFFFF,0xFFFF,0xFFFF,0xFFFF,0xFFFF,0xFFFF,0xFFFF,0xFFFF,0xFFFF,0xFFFF,0xFFFF,0xFFFF,
    0xFFFF,0xFFFF,0xFFFF,0xFFFF,0xFFFF,0xFFFF,0xFFFF,0xFFFF,0xFFFF,0xFFFF,0xFFFF,0xFFFF,
    0xFFFF,0xFFFF,0xFFFF,0xFFFF,0xFFFF,0xFFFF,0xFFFF,0xFFFF,0xFFFF,0xFFFF,0xFFFF,0xFFFF,
    0xFFFF,0xFFFF,0xFFFF,0xFFFF,0xFFFF,0xFFFF,0xFFFF,0xFFFF,0xFFFF,0xFFFF,0xFFFF,0xFFFF,
    0x7DEF,0x14AD,0x2862,0x8238,0x4138,0xA240,0xC340,0xA338,0x6138,0xE150,0xC379,0xE4AA,
    0xC4D3,0x24E4,0x03E4,0xE2DB,0xE2DB,0xC2DB,0xE3DB,0xE2DB,0xC3DB,0xC2DB,0xC2D3,0xC2D3,
    0xC2D3,0xC2D3,0xE2DB,0x02DC,0x03DC,0x22DC,0x42E4,0x63E4,0x83E4,0x83EC,0xA3EC,0xA3EC,
    0xA3EC,0xA3EC,0xA3EC,0xA3EC,0xC3EC,0xC3EC,0xC3EC,0xC3EC,0xA3EC,0xC3EC,0xC3EC,0xC3EC,
    0xA2EC,0xA2EC,0xA3EC,0xA2EC,0xA3EC,0xA3EC,0x83EC,0x82EC,0x62E4,0x63E4,0x22E4,0x22E4,
    0x02DC,0xE2DB,0xE2DB,0xE2DB,0xE2DB,0xE3DB,0xE3DB,0xE2DB,0xE3DB,0xE3DB,0xE3DB,0xE3DB,
    0xE3DB,0xE3DB,0xE3DB,0xE3D3,0xC3D3,0xC3D3,0xC2D3,0xE2DB,0x02E4,0x23E4,0x24E4,0xE4D3,
    0x04B3,0x0382,0x0259,0x8140,0x8240,0xA340,0xA240,0x4130,0x6130,0x2862,0x14B5,0x7DEF,
    0xFFFF,0xFFFF,0xFFFF,0xFFFF,0xFFFF,0xFFFF,0xFFFF,0xFFFF,0xFFFF,0xFFFF,0xFFFF,0xFFFF,
    0xFFFF,0xFFFF,0xFFFF,0xFFFF,0xFFFF,0xFFFF,0xFFFF,0xFFFF,0xFFFF,0xFFFF,0xFFFF,0xFFFF,
    0xFFFF,0xFFFF,0xFFFF,0xFFFF,0xFFFF,0xFFFF,0xFFFF,0xFFFF,0xFFFF,0xFFFF,0xFFFF,0xFFFF,
    0xFFFF,0xFFFF,0xFFFF,0xFFFF,0xFFFF,0xFFFF,0xFFFF,0xFFFF,0xFFFF,0xFFFF,0xFFFF,0xFFFF,
    0xFFFF,0xFFFF,0xFFFF,0xFFFF,0xFFFF,0xFFFF,0xFFFF,0xFFFF,0xFFFF,0xFFFF,0xFFFF,0xFFFF,
    0xFFFF,0xFFFF,0xFFFF,0xFFFF,0xFFFF,0xFFFF,0xFFFF,0xFFFF,0xFFFF,0xFFFF,0xFFFF,0xFFFF,
    0xFFFF,0xFFFF,0xFFFF,0xFFFF,0xFFFF,0xFFFF,0xFFFF,0xFFFF,0xFFFF,0xFFFF,0xFFFF,0xFFFF,
    0xFFFF,0xFFFF,0xFFFF,0xFFFF,0xFFFF,0xFFFF,0xFFFF,0xFFFF,0xFFFF,0xFFFF,0xFFFF,0xFFFF,
    0xFFFF,0xFFFF,0xFFFF,0xFFFF,0xFFFF,0xFFFF,0xFFFF,0xFFFF,0xFFFF,0xFFFF,0xFFFF,0xFFFF,
    0xFFFF,0xFFFF,0xFFFF,0xFFFF,0xFFFF,0xFFFF,0xFFFF,0xFFFF,0xFFFF,0xFFFF,0xFFFF,0xFFFF,
    0xFFFF,0xFFFF,0xFFFF,0xFFFF,0xFFFF,0xFFFF,0xFFFF,0xFFFF,0xFFFF,0xFFFF,0xFFFF,0xFFFF,
    0xFFFF,0xFFFF,0xFFFF,0xFFFF,0xFFFF,0xFFFF,0xFFFF,0xFFFF,0xFFFF,0xFFFF,0xFFFF,0xFFFF,
    0xFFFF,0xFFFF,0xFFFF,0x38CE,0x8D83,0x4449,0x4130,0x4138,0xA240,0xC340,0x8240,0x8140,
    0x0259,0xE379,0xE3AA,0xA4CB,0x04DC,0x23E4,0x03E4,0xE2DB,0xC2D3,0xC2D3,0xC2D3,0xC2D3,
    0xC3DB,0xE3DB,0xC3D3,0xC2DB,0xC2D3,0xE2D3,0xE2DB,0xE2DB,0xE2DB,0xE2DB,0xE2DB,0xE2DB,
    0x02DC,0x02DC,0x02DC,0x02DC,0x02DC,0x02DC,0x02DC,0x02DC,0x02DC,0x02DC,0x02DC,0x02DC,
    0x02DC,0x02DC,0x02DC,0xE2DB,0xE2DB,0xE2DB,0xE2DB,0xE2DB,0xE2DB,0xC2DB,0xE2DB,0xE3DB,
    0xE3DB,0xE3DB,0xE3DB,0xE3DB,0xE3DB,0xE3DB,0xE3DB,0xE3DB,0xE3DB,0xE2DB,0xE3DB,0xE3DB,
    0xC3DB,0xC3D3,0xC3D3,0xC3D3,0xE3DB,0x03DC,0x03DC,0x04DC,0x84CB,0xE3AA,0xE381,0x0259,
    0xA140,0x8240,0xC340,0xA240,0x4138,0x4130,0x2441,0x4D83,0x18CE,0xFFFF,0xFFFF,0xFFFF,
    0xFFFF,0xFFFF,0xFFFF,0xFFFF,0xFFFF,0xFFFF,0xFFFF,0xFFFF,0xFFFF,0xFFFF,0xFFFF,0xFFFF,
    0xFFFF,0xFFFF,0xFFFF,0xFFFF,0xFFFF,0xFFFF,0xFFFF,0xFFFF,0xFFFF,0xFFFF,0xFFFF,0xFFFF,
    0xFFFF,0xFFFF,0xFFFF,0xFFFF,0xFFFF,0xFFFF,0xFFFF,0xFFFF,0xFFFF,0xFFFF,0xFFFF,0xFFFF,
    0xFFFF,0xFFFF,0xFFFF,0xFFFF,0xFFFF,0xFFFF,0xFFFF,0xFFFF,0xFFFF,0xFFFF,0xFFFF,0xFFFF,
    0xFFFF,0xFFFF,0xFFFF,0xFFFF,0xFFFF,0xFFFF,0xFFFF,0xFFFF,0xFFFF,0xFFFF,0xFFFF,0xFFFF,
    0xFFFF,0xFFFF,0xFFFF,0xFFFF,0xFFFF,0xFFFF,0xFFFF,0xFFFF,0xFFFF,0xFFFF,0xFFFF,0xFFFF,
    0xFFFF,0xFFFF,0xFFFF,0xFFFF,0xFFFF,0xFFFF,0xFFFF,0xFFFF,0xFFFF,0xFFFF,0xFFFF,0xFFFF,
    0xFFFF,0xFFFF,0xFFFF,0xFFFF,0xFFFF,0xFFFF,0xFFFF,0xFFFF,0xFFFF,0xFFFF,0xFFFF,0xFFFF,
    0xFFFF,0xFFFF,0xFFFF,0xFFFF,0xFFFF,0xFFFF,0xFFFF,0xFFFF,0xFFFF,0xFFFF,0xFFFF,0xFFFF,
    0xFFFF,0xFFFF,0xFFFF,0xFFFF,0xFFFF,0xFFFF,0xFFFF,0xFFFF,0xFFFF,0xFFFF,0xFFFF,0xFFFF,
    0xFFFF,0xFFFF,0xFFFF,0xFFFF,0xFFFF,0xFFFF,0xFFFF,0xFFFF,0xFFFF,0xFFFF,0xFFFF,0xFFFF,
    0xFFFF,0xFFFF,0xFFFF,0xFFFF,0xFFFF,0xFFFF,0xFFFF,0xFFFF,0xFFFF,0xFFFF,0xFFFF,0xFFFF,
    0xFFFF,0xFFFF,0xFFFF,0xFFFF,0xFFFF,0x7DEF,0x54B5,0xCB72,0xE340,0x4130,0x6138,0xA348,
    0xC348,0xA248,0xA240,0xE250,0x8271,0x6392,0x24B3,0xA4CB,0xE4DB,0x03DC,0xE3DB,0xC2DB,
    0xC2D3,0xC2D3,0xC2D3,0xC2D3,0xC2D3,0xE3DB,0xE3DB,0xE3DB,0xE3DB,0xE3DB,0xE3DB,0xE3DB,
    0xE3DB,0xE3DB,0xE3DB,0xE3DB,0xC2DB,0xC2DB,0xC2DB,0xC2DB,0xC2DB,0xE2DB,0xC2D3,0xC2D3,
    0xC2DB,0xC2DB,0xC2DB,0xC3DB,0xC3DB,0xC3DB,0xE3DB,0xE3DB,0xE3DB,0xE3DB,0xE3DB,0xE3DB,
    0xE3DB,0xE3DB,0xE3DB,0xE3DB,0xE3DB,0xE3DB,0xE3DB,0xE3DB,0xC3DB,0xC2DB,0xC2DB,0xC2DB,
    0xE3DB,0x03DC,0x03DC,0x04DC,0xA4CB,0x24B3,0x438A,0x6269,0xC148,0x8238,0x8238,0xC340,
    0xC348,0x6138,0x4130,0xE340,0xCB72,0x34B5,0x5DEF,0xFFFF,0xFFFF,0xFFFF,0xFFFF,0xFFFF,
    0xFFFF,0xFFFF,0xFFFF,0xFFFF,0xFFFF,0xFFFF,0xFFFF,0xFFFF,0xFFFF,0xFFFF,0xFFFF,0xFFFF,
    0xFFFF,0xFFFF,0xFFFF,0xFFFF,0xFFFF,0xFFFF,0xFFFF,0xFFFF,0xFFFF,0xFFFF,0xFFFF,0xFFFF,
    0xFFFF,0xFFFF,0xFFFF,0xFFFF,0xFFFF,0xFFFF,0xFFFF,0xFFFF,0xFFFF,0xFFFF,0xFFFF,0xFFFF,
    0xFFFF,0xFFFF,0xFFFF,0xFFFF,0xFFFF,0xFFFF,0xFFFF,0xFFFF,0xFFFF,0xFFFF,0xFFFF,0xFFFF,
    0xFFFF,0xFFFF,0xFFFF,0xFFFF,0xFFFF,0xFFFF,0xFFFF,0xFFFF,0xFFFF,0xFFFF,0xFFFF,0xFFFF,
    0xFFFF,0xFFFF,0xFFFF,0xFFFF,0xFFFF,0xFFFF,0xFFFF,0xFFFF,0xFFFF,0xFFFF,0xFFFF,0xFFFF,
    0xFFFF,0xFFFF,0xFFFF,0xFFFF,0xFFFF,0xFFFF,0xFFFF,0xFFFF,0xFFFF,0xFFFF,0xFFFF,0xFFFF,
    0xFFFF,0xFFFF,0xFFFF,0xFFFF,0xFFFF,0xFFFF,0xFFFF,0xFFFF,0xFFFF,0xFFFF,0xFFFF,0xFFFF,
    0xFFFF,0xFFFF,0xFFFF,0xFFFF,0xFFFF,0xFFFF,0xFFFF,0xFFFF,0xFFFF,0xFFFF,0xFFFF,0xFFFF,
    0xFFFF,0xFFFF,0xFFFF,0xFFFF,0xFFFF,0xFFFF,0xFFFF,0xFFFF,0xFFFF,0xFFFF,0xFFFF,0xFFFF,
    0xFFFF,0xFFFF,0xFFFF,0xFFFF,0xFFFF,0xFFFF,0xFFFF,0xFFFF,0xFFFF,0xFFFF,0xFFFF,0xFFFF,
    0xFFFF,0xFFFF,0xFFFF,0xFFFF,0xFFFF,0xFFFF,0xFFFF,0xFFFF,0xFFFF,0xFFFF,0xFFFF,0xFFFF,
    0xFFFF,0xFFFF,0xFFFF,0xFFFF,0xFFFF,0xFFFF,0xFFFF,0xFFFF,0x1CE7,0xF3AC,0xAA6A,0xE340,
    0x4138,0x4138,0xA240,0xC348,0xA340,0x8238,0x8138,0xE250,0x8269,0x438A,0x04AB,0x84C3,
    0xE4D3,0x24DC,0x23E4,0x03E4,0x03DC,0xE2DB,0xE2DB,0xE2DB,0xE2DB,0xE3DB,0xE3DB,0xE3DB,
    0xE3DB,0xE3DB,0xE3DB,0xE3DB,0xE2DB,0xE3DB,0xE3DB,0xE3DB,0xE2DB,0xE2DB,0xE2DB,0xE2DB,
    0xE3DB,0xE2DB,0xE2DB,0xC3DB,0xE3DB,0xE2DB,0xE3DB,0xE2DB,0xE3DB,0xE3DB,0xE3DB,0xE3DB,
    0xE3DB,0xE3DB,0xE2DB,0xC2DB,0xC2DB,0xE2DB,0xE2DB,0xE3E3,0x03E4,0x23E4,0x24E4,0x24DC,
    0xC4CB,0x24B3,0x6392,0x8269,0xE150,0x8138,0x6238,0x8238,0xA338,0x8238,0x4130,0x2130,
    0xE348,0x8A72,0xF3AC,0x1CE7,0xFFFF,0xFFFF,0xFFFF,0xFFFF,0xFFFF,0xFFFF,0xFFFF,0xFFFF,
    0xFFFF,0xFFFF,0xFFFF,0xFFFF,0xFFFF,0xFFFF,0xFFFF,0xFFFF,0xFFFF,0xFFFF,0xFFFF,0xFFFF,
    0xFFFF,0xFFFF,0xFFFF,0xFFFF,0xFFFF,0xFFFF,0xFFFF,0xFFFF,0xFFFF,0xFFFF,0xFFFF,0xFFFF,
    0xFFFF,0xFFFF,0xFFFF,0xFFFF,0xFFFF,0xFFFF,0xFFFF,0xFFFF,0xFFFF,0xFFFF,0xFFFF,0xFFFF,
    0xFFFF,0xFFFF,0xFFFF,0xFFFF,0xFFFF,0xFFFF,0xFFFF,0xFFFF,0xFFFF,0xFFFF,0xFFFF,0xFFFF,
    0xFFFF,0xFFFF,0xFFFF,0xFFFF,0xFFFF,0xFFFF,0xFFFF,0xFFFF,0xFFFF,0xFFFF,0xFFFF,0xFFFF,
    0xFFFF,0xFFFF,0xFFFF,0xFFFF,0xFFFF,0xFFFF,0xFFFF,0xFFFF,0xFFFF,0xFFFF,0xFFFF,0xFFFF,
    0xFFFF,0xFFFF,0xFFFF,0xFFFF,0xFFFF,0xFFFF,0xFFFF,0xFFFF,0xFFFF,0xFFFF,0xFFFF,0xFFFF,
    0xFFFF,0xFFFF,0xFFFF,0xFFFF,0xFFFF,0xFFFF,0xFFFF,0xFFFF,0xFFFF,0xFFFF,0xFFFF,0xFFFF,
    0xFFFF,0xFFFF,0xFFFF,0xFFFF,0xFFFF,0xFFFF,0xFFFF,0xFFFF,0xFFFF,0xFFFF,0xFFFF,0xFFFF,
    0xFFFF,0xFFFF,0xFFFF,0xFFFF,0xFFFF,0xFFFF,0xFFFF,0xFFFF,0xFFFF,0xFFFF,0xFFFF,0xFFFF,
    0xFFFF,0xFFFF,0xFFFF,0xFFFF,0xFFFF,0xFFFF,0xFFFF,0xFFFF,0xFFFF,0xFFFF,0xFFFF,0xFFFF,
    0xFFFF,0xFFFF,0xFFFF,0xFFFF,0xFFFF,0xFFFF,0xFFFF,0xFFFF,0xFFFF,0xFFFF,0xFFFF,0xFFFF,
    0xFFFF,0xFFFF,0xFFFF,0xFFFF,0xFFFF,0xFFFF,0xFFFF,0xFFFF,0xFFFF,0xFFFF,0xFFFF,0x1CE7,
    0x34B5,0x0C7B,0x4549,0x4130,0x4130,0x6238,0xA338,0xA338,0x8238,0x8238,0xA240,0xE248,
    0x6261,0x0382,0xA39A,0x44BB,0xC4CB,0x05DC,0x24E4,0x24E4,0x23E4,0x23E4,0x03E4,0x02E4,
    0x02DC,0xE2DB,0xE2DB,0xE2DB,0xE2DB,0xE2DB,0xE2DB,0xE2DB,0xE2DB,0xE2DB,0xE2DB,0xE2DB,
    0xE2DB,0xE2DB,0xE2DB,0xE2DB,0xC2DB,0xE2DB,0xC2DB,0xC2DB,0xE2DB,0xE2DB,0xE2DB,0xE2DB,
    0x03E4,0x03E4,0x23E4,0x23E4,0x44E4,0x24E4,0x25DC,0xE5D3,0x64C3,0xC3AA,0x238A,0x8271,
    0x0151,0xA240,0x8238,0xA238,0xA338,0xA338,0x8238,0x2130,0x4130,0x2441,0xCB72,0xF3AC,
    0xDBE6,0xFFFF,0xFFFF,0xFFFF,0xFFFF,0xFFFF,0xFFFF,0xFFFF,0xFFFF,0xFFFF,0xFFFF,0xFFFF,
    0xFFFF,0xFFFF,0xFFFF,0xFFFF,0xFFFF,0xFFFF,0xFFFF,0xFFFF,0xFFFF,0xFFFF,0xFFFF,0xFFFF,
    0xFFFF,0xFFFF,0xFFFF,0xFFFF,0xFFFF,0xFFFF,0xFFFF,0xFFFF,0xFFFF,0xFFFF,0xFFFF,0xFFFF,
    0xFFFF,0xFFFF,0xFFFF,0xFFFF,0xFFFF,0xFFFF,0xFFFF,0xFFFF,0xFFFF,0xFFFF,0xFFFF,0xFFFF,
    0xFFFF,0xFFFF,0xFFFF,0xFFFF,0xFFFF,0xFFFF,0xFFFF,0xFFFF,0xFFFF,0xFFFF,0xFFFF,0xFFFF,
    0xFFFF,0xFFFF,0xFFFF,0xFFFF,0xFFFF,0xFFFF,0xFFFF,0xFFFF,0xFFFF,0xFFFF,0xFFFF,0xFFFF,
    0xFFFF,0xFFFF,0xFFFF,0xFFFF,0xFFFF,0xFFFF,0xFFFF,0xFFFF,0xFFFF,0xFFFF,0xFFFF,0xFFFF,
    0xFFFF,0xFFFF,0xFFFF,0xFFFF,0xFFFF,0xFFFF,0xFFFF,0xFFFF,0xFFFF,0xFFFF,0xFFFF,0xFFFF,
    0xFFFF,0xFFFF,0xFFFF,0xFFFF,0xFFFF,0xFFFF,0xFFFF,0xFFFF,0xFFFF,0xFFFF,0xFFFF,0xFFFF,
    0xFFFF,0xFFFF,0xFFFF,0xFFFF,0xFFFF,0xFFFF,0xFFFF,0xFFFF,0xFFFF,0xFFFF,0xFFFF,0xFFFF,
    0xFFFF,0xFFFF,0xFFFF,0xFFFF,0xFFFF,0xFFFF,0xFFFF,0xFFFF,0xFFFF,0xFFFF,0xFFFF,0xFFFF,
    0xFFFF,0xFFFF,0xFFFF,0xFFFF,0xFFFF,0xFFFF,0xFFFF,0xFFFF,0xFFFF,0xFFFF,0xFFFF,0xFFFF,
    0xFFFF,0xFFFF,0xFFFF,0xFFFF,0xFFFF,0xFFFF,0xFFFF,0xFFFF,0xFFFF,0xFFFF,0xFFFF,0xFFFF,
    0xFFFF,0xFFFF,0xFFFF,0xFFFF,0xFFFF,0xFFFF,0xFFFF,0xFFFF,0xFFFF,0xFFFF,0xFFFF,0xFFFF,
    0xFFFF,0xFFFF,0x7DF7,0xB6C5,0xAE8B,0xE759,0xA338,0x2130,0x2030,0x6138,0x8238,0xA240,
    0xA338,0x8240,0x8240,0xA248,0xE250,0x2261,0xA271,0x038A,0x839A,0xE4AA,0x44BB,0x84C3,
    0xA4CB,0xE4D3,0x04DC,0x04DC,0x23E4,0x23E4,0x23E4,0x23E4,0x23E4,0x23E4,0x23E4,0x23E4,
    0x23E4,0x23E4,0x23E4,0x23E4,0x23E4,0x23E4,0x23E4,0x24E4,0x24DC,0x04DC,0xE4DB,0xC4D3,
    0xA4CB,0x64BB,0x04B3,0xA3A2,0x238A,0xC279,0x6269,0xE258,0xA248,0x8240,0x8240,0xA340,
    0xC340,0xA340,0x8238,0x2130,0x2130,0xA338,0xE759,0x8E8B,0x96BD,0x5DEF,0xFFFF,0xFFFF,
    0xFFFF,0xFFFF,0xDFFF,0xFFFF,0xFFFF,0xFFFF,0xFFFF,0xFFFF,0xFFFF,0xFFFF,0xFFFF,0xFFFF,
    0xFFFF,0xFFFF,0xFFFF,0xFFFF,0xFFFF,0xFFFF,0xFFFF,0xFFFF,0xFFFF,0xFFFF,0xFFFF,0xFFFF,
    0xFFFF,0xFFFF,0xFFFF,0xFFFF,0xFFFF,0xFFFF,0xFFFF,0xFFFF,0xFFFF,0xFFFF,0xFFFF,0xFFFF,
    0xFFFF,0xFFFF,0xFFFF,0xFFFF,0xFFFF,0xFFFF,0xFFFF,0xFFFF,0xFFFF,0xFFFF,0xFFFF,0xFFFF,
    0xFFFF,0xFFFF,0xFFFF,0xFFFF,0xFFFF,0xFFFF,0xFFFF,0xFFFF,0xFFFF,0xFFFF,0xFFFF,0xFFFF,
    0xFFFF,0xFFFF,0xFFFF,0xFFFF,0xFFFF,0xFFFF,0xFFFF,0xFFFF,0xFFFF,0xFFFF,0xFFFF,0xFFFF,
    0xFFFF,0xFFFF,0xFFFF,0xFFFF,0xFFFF,0xFFFF,0xFFFF,0xFFFF,0xFFFF,0xFFFF,0xFFFF,0xFFFF,
    0xFFFF,0xFFFF,0xFFFF,0xFFFF,0xFFFF,0xFFFF,0xFFFF,0xFFFF,0xFFFF,0xFFFF,0xFFFF,0xFFFF,
    0xFFFF,0xFFFF,0xFFFF,0xFFFF,0xFFFF,0xFFFF,0xFFFF,0xFFFF,0xFFFF,0xFFFF,0xFFFF,0xFFFF,
    0xFFFF,0xFFFF,0xFFFF,0xFFFF,0xFFFF,0xFFFF,0xFFFF,0xFFFF,0xFFFF,0xFFFF,0xFFFF,0xFFFF,
    0xFFFF,0xFFFF,0xFFFF,0xFFFF,0xFFFF,0xFFFF,0xFFFF,0xFFFF,0xFFFF,0xFFFF,0xFFFF,0xFFFF,
    0xFFFF,0xFFFF,0xFFFF,0xFFFF,0xFFFF,0xFFFF,0xFFFF,0xFFFF,0xFFFF,0xFFFF,0xFFFF,0xFFFF,
    0xFFFF,0xFFFF,0xFFFF,0xFFFF,0xFFFF,0xFFFF,0xFFFF,0xFFFF,0xFFFF,0xFFFF,0xFFFF,0xFFFF,
    0xFFFF,0xFFFF,0xFFFF,0xFFFF,0xFFFF,0xFFFF,0xFFFF,0xFFFF,0xFFFF,0xFFFF,0xFFFF,0xFFFF,
    0xFFFF,0xDFFF,0xFFFF,0xFFFF,0xFFFF,0xFFFF,0xDBE6,0x54B5,0x8E8B,0x0862,0xE340,0x6130,
    0x4130,0x4138,0x8240,0xA240,0xA348,0xC340,0xA340,0xA240,0x8240,0x8240,0x8240,0xA148,
    0xE250,0x0259,0x4261,0x8269,0xC271,0xE379,0x238A,0x438A,0x6392,0x839A,0xA39A,0xA3A2,
    0xC3A2,0xA39A,0xA39A,0x8392,0x6392,0x238A,0x0382,0xC279,0x8271,0x4261,0x2259,0xE250,
    0xC148,0xA140,0x8240,0x8240,0x8240,0xA340,0xA340,0xA340,0xA240,0x8240,0x4138,0x4130,
    0x6238,0x0441,0x0862,0xAE8B,0x55B5,0xDBE6,0xFFFF,0xFFFF,0xFFFF,0xFFFF,0xFFFF,0xFFFF,
    0xFFFF,0xFFFF,0xFFFF,0xFFFF,0xFFFF,0xFFFF,0xFFFF,0xFFFF,0xFFFF,0xFFFF,0xFFFF,0xFFFF,
    0xFFFF,0xFFFF,0xFFFF,0xFFFF,0xFFFF,0xFFFF,0xFFFF,0xFFFF,0xFFFF,0xFFFF,0xFFFF,0xFFFF,
    0xFFFF,0xFFFF,0xFFFF,0xFFFF,0xFFFF,0xFFFF,0xFFFF,0xFFFF,0xFFFF,0xFFFF,0xFFFF,0xFFFF,
    0xFFFF,0xFFFF,0xFFFF,0xFFFF,0xFFFF,0xFFFF,0xFFFF,0xFFFF,0xFFFF,0xFFFF,0xFFFF,0xFFFF,
    0xFFFF,0xFFFF,0xFFFF,0xFFFF,0xFFFF,0xFFFF,0xFFFF,0xFFFF,0xFFFF,0xFFFF,0xFFFF,0xFFFF,
    0xFFFF,0xFFFF,0xFFFF,0xFFFF,0xFFFF,0xFFFF,0xFFFF,0xFFFF,0xFFFF,0xFFFF,0xFFFF,0xFFFF,
    0xFFFF,0xFFFF,0xFFFF,0xFFFF,0xFFFF,0xFFFF,0xFFFF,0xFFFF,0xFFFF,0xFFFF,0xFFFF,0xFFFF,
    0xFFFF,0xFFFF,0xFFFF,0xFFFF,0xFFFF,0xFFFF,0xFFFF,0xFFFF,0xFFFF,0xFFFF,0xFFFF,0xFFFF,
    0xFFFF,0xFFFF,0xFFFF,0xFFFF,0xFFFF,0xFFFF,0xFFFF,0xFFFF,0xFFFF,0xFFFF,0xFFFF,0xFFFF,
    0xFFFF,0xFFFF,0xFFFF,0xFFFF,0xFFFF,0xFFFF,0xFFFF,0xFFFF,0xFFFF,0xFFFF,0xFFFF,0xFFFF,
    0xFFFF,0xFFFF,0xFFFF,0xFFFF,0xFFFF,0xFFFF,0xFFFF,0xFFFF,0xFFFF,0xFFFF,0xFFFF,0xFFFF,
    0xFFFF,0xFFFF,0xFFFF,0xFFFF,0xFFFF,0xFFFF,0xFFFF,0xFFFF,0xFFFF,0xFFFF,0xFFFF,0xFFFF,
    0xFFFF,0xFFFF,0xFFFF,0xFFFF,0xFFFF,0xFFFF,0xFFFF,0xFFFF,0xFFFF,0xFFFF,0xFFFF,0xFFFF,
    0xFFFF,0xFFFF,0xFFFF,0xFFFF,0xFFFF,0xFFFF,0xFFFF,0xFFFF,0xFFFF,0xFFFF,0xFFFF,0xFFFF,
    0xFFFF,0xFFFF,0xFFFF,0xFFFF,0xFFFF,0xFFFF,0xFFFF,0xFFFF,0xFFFF,0xFFFF,0x3CEF,0x17CE,
    0xB2A4,0x4D83,0x2862,0x4449,0xA238,0x4138,0x4138,0x6138,0x6238,0x8240,0xA340,0xA340,
    0xA340,0xA338,0xA338,0x8338,0x8338,0x8238,0x8238,0x8238,0x8238,0x8238,0x8240,0x8240,
    0x8240,0x8238,0x8238,0x8238,0x8238,0x8238,0x8238,0x8238,0x8338,0xA338,0xA340,0xA340,
    0xA340,0x8340,0x8240,0x6238,0x6138,0x4130,0x4138,0xA238,0x2449,0x0862,0x4D83,0xB2A4,
    0xF7CD,0x1CE7,0xFFFF,0xFFFF,0xFFFF,0xFFFF,0xFFFF,0xFFFF,0xFFFF,0xFFFF,0xFFFF,0xFFFF,
    0xFFFF,0xFFFF,0xFFFF,0xFFFF,0xFFFF,0xFFFF,0xFFFF,0xFFFF,0xFFFF,0xFFFF,0xFFFF,0xFFFF,
    0xFFFF,0xFFFF,0xFFFF,0xFFFF,0xFFFF,0xFFFF,0xFFFF,0xFFFF,0xFFFF,0xFFFF,0xFFFF,0xFFFF,
    0xFFFF,0xFFFF,0xFFFF,0xFFFF,0xFFFF,0xFFFF,0xFFFF,0xFFFF,0xFFFF,0xFFFF,0xFFFF,0xFFFF,
    0xFFFF,0xFFFF,0xFFFF,0xFFFF,0xFFFF,0xFFFF,0xFFFF,0xFFFF,0xFFFF,0xFFFF,0xFFFF,0xFFFF,
    0xFFFF,0xFFFF,0xFFFF,0xFFFF,0xFFFF,0xFFFF,0xFFFF,0xFFFF,0xFFFF,0xFFFF,0xFFFF,0xFFFF,
    0xFFFF,0xFFFF,0xFFFF,0xFFFF,0xFFFF,0xFFFF,0xFFFF,0xFFFF,0xFFFF,0xFFFF,0xFFFF,0xFFFF,
    0xFFFF,0xFFFF,0xFFFF,0xFFFF,0xFFFF,0xFFFF,0xFFFF,0xFFFF,0xFFFF,0xFFFF,0xFFFF,0xFFFF,
    0xFFFF,0xFFFF,0xFFFF,0xFFFF,0xFFFF,0xFFFF,0xFFFF,0xFFFF,0xFFFF,0xFFFF,0xFFFF,0xFFFF,
    0xFFFF,0xFFFF,0xFFFF,0xFFFF,0xFFFF,0xFFFF,0xFFFF,0xFFFF,0xFFFF,0xFFFF,0xFFFF,0xFFFF,
    0xFFFF,0xFFFF,0xFFFF,0xFFFF,0xFFFF,0xFFFF,0xFFFF,0xFFFF,0xFFFF,0xFFFF,0xFFFF,0xFFFF,
    0xFFFF,0xFFFF,0xFFFF,0xFFFF,0xFFFF,0xFFFF,0xFFFF,0xFFFF,0xFFFF,0xFFFF,0xFFFF,0xFFFF,
    0xFFFF,0xFFFF,0xFFFF,0xFFFF,0xFFFF,0xFFFF,0xFFFF,0xFFFF,0xFFFF,0xFFFF,0xFFFF,0xFFFF,
    0xFFFF,0xFFFF,0xFFFF,0xFFFF,0xFFFF,0xFFFF,0xFFFF,0xFFFF,0xFFFF,0xFFFF,0xFFFF,0xFFFF,
    0xFFFF,0xFFFF,0xFFFF,0xFFFF,0xFFFF,0xFFFF,0xFFFF,0xFFFF,0xFFFF,0xFFFF,0xFFFF,0xFFFF,
    0xFFFF,0xFFFF,0xFFFF,0xFFFF,0xFFFF,0xFFFF,0xFFFF,0xDFFF,0xDFFF,0xFFFF,0xFFFF,0xFFFF,
    0xFFFF,0xFFFF,0xFFFF,0x7DEF,0x79D6,0x55BD,0x309C,0x0C7B,0x2862,0x8651,0x0441,0xA238,
    0x6238,0x4130,0x2130,0x2130,0x2130,0x2130,0x4130,0x4138,0x4138,0x6138,0x6138,0x6138,
    0x6138,0x6138,0x4138,0x4138,0x4130,0x4130,0x2130,0x2130,0x2130,0x2130,0x2130,0x6130,
    0xA238,0xE440,0x8651,0x4962,0x0C7B,0x309C,0x55BD,0x59D6,0x5DEF,0xFFFF,0xFFFF,0xFFFF,
    0xFFFF,0xFFFF,0xFFFF,0xFFFF,0xDFFF,0xFFFF,0xFFFF,0xFFFF,0xFFFF,0xFFFF,0xFFFF,0xFFFF,
    0xFFFF,0xFFFF,0xFFFF,0xFFFF,0xFFFF,0xFFFF,0xFFFF,0xFFFF,0xFFFF,0xFFFF,0xFFFF,0xFFFF,
    0xFFFF,0xFFFF,0xFFFF,0xFFFF,0xFFFF,0xFFFF,0xFFFF,0xFFFF,0xFFFF,0xFFFF,0xFFFF,0xFFFF,
    0xFFFF,0xFFFF,0xFFFF,0xFFFF,0xFFFF,0xFFFF,0xFFFF,0xFFFF,0xFFFF,0xFFFF,0xFFFF,0xFFFF,
    0xFFFF,0xFFFF,0xFFFF,0xFFFF,0xFFFF,0xFFFF,0xFFFF,0xFFFF,0xFFFF,0xFFFF,0xFFFF,0xFFFF,
    0xFFFF,0xFFFF,0xFFFF,0xFFFF,0xFFFF,0xFFFF,0xFFFF,0xFFFF,0xFFFF,0xFFFF,0xFFFF,0xFFFF,
    0xFFFF,0xFFFF,0xFFFF,0xFFFF,0xFFFF,0xFFFF,0xFFFF,0xFFFF,0xFFFF,0xFFFF,0xFFFF,0xFFFF,
    0xFFFF,0xFFFF,0xFFFF,0xFFFF,0xFFFF,0xFFFF,0xFFFF,0xFFFF,0xFFFF,0xFFFF,0xFFFF,0xFFFF,
    0xFFFF,0xFFFF,0xFFFF,0xFFFF,0xFFFF,0xFFFF,0xFFFF,0xFFFF,0xFFFF,0xFFFF,0xFFFF,0xFFFF,
    0xFFFF,0xFFFF,0xFFFF,0xFFFF,0xFFFF,0xFFFF,0xFFFF,0xFFFF,0xFFFF,0xFFFF,0xFFFF,0xFFFF,
    0xFFFF,0xFFFF,0xFFFF,0xFFFF,0xFFFF,0xFFFF,0xFFFF,0xFFFF,0xFFFF,0xFFFF,0xFFFF,0xFFFF,
    0xFFFF,0xFFFF,0xFFFF,0xFFFF,0xFFFF,0xFFFF,0xFFFF,0xFFFF,0xFFFF,0xFFFF,0xFFFF,0xFFFF,
    0xFFFF,0xFFFF,0xFFFF,0xFFFF,0xFFFF,0xFFFF,0xFFFF,0xFFFF,0xFFFF,0xFFFF,0xFFFF,0xFFFF,
    0xFFFF,0xFFFF,0xFFFF,0xFFFF,0xFFFF,0xFFFF,0xFFFF,0xFFFF,0xFFFF,0xFFFF,0xFFFF,0xFFFF,
    0xFFFF,0xFFFF,0xFFFF,0xFFFF,0xFFFF,0xFFFF,0xFFFF,0xFFFF,0xFFFF,0xFFFF,0xFFFF,0xFFFF,
    0xFFFF,0xFFFF,0xFFFF,0xFFFF,0xFFFF,0xFFFF,0xFFFF,0xFFFF,0xFFFF,0xFFFF,0xFFFF,0xFFFF,
    0xFFFF,0xFFFF,0xFFFF,0xFFFF,0xFFFF,0xFFFF,0xFFFF,0xFFFF,0xFFFF,0xBEF7,0x3CEF,0xDBE6,
    0x38D6,0xB6C5,0x14B5,0xB2A4,0x309C,0xCF93,0x8D8B,0x2C7B,0xEB72,0xCA72,0xAA72,0x8A72,
    0x8A72,0xAA72,0xAA72,0xCB72,0x0C7B,0x4D83,0xAE8B,0x109C,0x71A4,0xF3AC,0x55BD,0x17CE,
    0xBADE,0x3CEF,0xBEF7,0xFFFF,0xFFFF,0xFFFF,0xFFFF,0xFFFF,0xFFFF,0xFFFF,0xFFFF,0xDFFF,
    0xFFFF,0xFFFF,0xFFFF,0xFFFF,0xFFFF,0xFFFF,0xFFFF,0xFFFF,0xFFFF,0xFFFF,0xFFFF,0xFFFF,
    0xFFFF,0xFFFF,0xFFFF,0xFFFF,0xFFFF,0xFFFF,0xFFFF,0xFFFF,0xFFFF,0xFFFF,0xFFFF,0xFFFF,
    0xFFFF,0xFFFF,0xFFFF,0xFFFF,0xFFFF,0xFFFF,0xFFFF,0xFFFF,0xFFFF,0xFFFF,0xFFFF,0xFFFF,
    0xFFFF,0xFFFF,0xFFFF,0xFFFF,0xFFFF,0xFFFF,0xFFFF,0xFFFF,0xFFFF,0xFFFF,0xFFFF,0xFFFF,
    0xFFFF,0xFFFF,0xFFFF,0xFFFF,0xFFFF,0xFFFF,0xFFFF,0xFFFF,0xFFFF,0xFFFF,0xFFFF,0xFFFF,
    0xFFFF,0xFFFF,0xFFFF,0xFFFF,0xFFFF,0xFFFF,0xFFFF,0xFFFF,0xFFFF,0xFFFF,0xFFFF,0xFFFF,
    0xFFFF,0xFFFF,0xFFFF,0xFFFF,0xFFFF,0xFFFF,0xFFFF,0xFFFF,0xFFFF,0xFFFF,0xFFFF,0xFFFF,
    0xFFFF,0xFFFF,0xFFFF,0xFFFF,0xFFFF,0xFFFF,0xFFFF,0xFFFF,0xFFFF,0xFFFF,0xFFFF,0xFFFF,
    0xFFFF,0xFFFF,0xFFFF,0xFFFF,0xFFFF,0xFFFF,0xFFFF,0xFFFF,0xFFFF,0xFFFF,0xFFFF,0xFFFF,
    0xFFFF,0xFFFF,0xFFFF,0xFFFF,0xFFFF,0xFFFF,0xFFFF,0xFFFF,0xFFFF,0xFFFF,0xFFFF,0xFFFF,
    0xFFFF,0xFFFF,0xFFFF,0xFFFF,0xFFFF,0xFFFF,0xFFFF,0xFFFF,0xFFFF,0xFFFF,0xFFFF,0xFFFF,
    0xFFFF,0xFFFF,0xFFFF,0xFFFF,0xFFFF,0xFFFF,0xFFFF,0xFFFF,0xFFFF,0xFFFF,0xFFFF,0xFFFF,
    0xFFFF,0xFFFF,0xFFFF,0xFFFF,0xFFFF,0xFFFF,0xFFFF,0xFFFF,0xFFFF,0xFFFF,0xFFFF,0xFFFF,
    0xFFFF,0xFFFF,0xFFFF,0xFFFF,0xFFFF,0xFFFF,0xFFFF,0xFFFF,0xFFFF,0xFFFF,0xFFFF,0xFFFF,
    0xFFFF,0xFFFF,0xFFFF,0xFFFF,0xFFFF,0xFFFF,0xFFFF,0xFFFF,0xFFFF,0xFFFF,0xFFFF,0xFFFF,
    0xFFFF,0xFFFF,0xFFFF,0xFFFF,0xFFFF,0xFFFF,0xFFFF,0xFFFF,0xFFFF,0xFFFF,0xFFFF,0xFFFF,
    0xFFFF,0xFFFF,0xFFFF,0xFFFF,0xFFFF,0xDFFF,0xDFFF,0xDFFF,0xFFFF,0xFFFF,0xFFFF,0xFFFF,
    0xFFFF,0xFFFF,0xFFFF,0xFFFF,0xFFFF,0xFFFF,0xFFFF,0xFFFF,0xFFFF,0xFFFF,0xFFFF,0xFFFF,
    0xFFFF,0xFFFF,0xFFFF,0xFFFF,0xFFFF,0xFFFF,0xFFFF,0xFFFF,0xFFFF,0xFFFF,0xFFFF,0xFFFF,
    0xFFFF,0xFFFF,0xFFFF,0xFFFF,0xFFFF,0xDFFF,0xFFFF,0xFFFF,0xFFFF,0xFFFF,0xFFFF,0xFFFF,
    0xFFFF,0xFFFF,0xFFFF,0xFFFF,0xFFFF,0xFFFF,0xFFFF,0xFFFF,0xFFFF,0xFFFF,0xFFFF,0xFFFF,
    0xFFFF,0xFFFF,0xFFFF,0xFFFF,0xFFFF,0xFFFF,0xFFFF,0xFFFF,0xFFFF,0xFFFF,0xFFFF,0xFFFF,
    0xFFFF,0xFFFF,0xFFFF,0xFFFF,0xFFFF,0xFFFF,0xFFFF,0xFFFF,0xFFFF,0xFFFF,0xFFFF,0xFFFF,
    0xFFFF,0xFFFF,0xFFFF,0xFFFF,0xFFFF,0xFFFF,0xFFFF,0xFFFF,0xFFFF,0xFFFF,0xFFFF,0xFFFF,
    0xFFFF,0xFFFF,0xFFFF,0xFFFF,0xFFFF,0xFFFF,0xFFFF,0xFFFF,0xFFFF,0xFFFF,0xFFFF,0xFFFF,
    0xFFFF,0xFFFF,0xFFFF,0xFFFF,0xFFFF,0xFFFF,0xFFFF,0xFFFF,0xFFFF,0xFFFF,0xFFFF,0xFFFF,
    0xFFFF,0xFFFF,0xFFFF,0xFFFF,0xFFFF,0xFFFF,0xFFFF,0xFFFF,0xFFFF,0xFFFF,0xFFFF,0xFFFF,
    0xFFFF,0xFFFF,0xFFFF,0xFFFF,0xFFFF,0xFFFF,0xFFFF,0xFFFF,0xFFFF,0xFFFF,0xFFFF,0xFFFF,
};

